review_text,date,rating,language_style,has_slang,slang_count,label,word_count,length_type,char_count,avg_word_len,exclamation_count,question_count,uppercase_ratio,unique_word_ratio,language_enc,length_enc
Thamel ma quick lunch ma gaye. The noodles were hot and the soup was flavorful. The place was busy but service was fast. I enjoyed the meal and left satisfied.,2024-07-30,4,romanized_nepali,0.0,0.0,1,30,medium,159,5.3,0,0,0.025157232704402517,0.8,2,1
1st ma chai ramro lagyo paxi Feri same hair-fall vayo Mero case ma chái,24-Jan-25,1,romanized_nepali,0.0,0.0,0,14,short,71,5.071428571428571,0,0,0.028169014084507043,0.9285714285714286,2,2
Dherai ramro thyo! HIMALAYAN-HUB ma gayera HIMALAYAN-HUB ko khana khada HIMALAYAN-HUB ko environment ekdamai peace lagyo!!! Best experience ever in Kathmandu with my whole family members for dinner time.,2026-01-15,5,code_mixed,0.0,0.0,1,29,medium,203,7.0,4,0,0.1921182266009852,0.896551724137931,0,1
"noodle soup ekdum hot thiyo, broth flavorful, vegetables fresh, perfect combo!!!",2023-07-08,5,code_mixed,0.0,0.0,1,11,short,80,7.2727272727272725,3,0,0.0,1.0,0,2
it's very nice although I've not used it but am excited to try it asap thank you daraz ❤️❤️,30 Nov 2025,5,english,0.0,0.0,0,19,short,91,4.7894736842105265,0,0,0.01098901098901099,0.9473684210526315,1,2
"yo bike ekdam babbal, smooth ride and best performance ever seen!!!",2025-01-09,5,romanized_nepali,1.0,2.0,1,11,short,67,6.090909090909091,3,0,0.0,1.0,2,2
paisa tiri sakesi saman ta ali ramro nafuteko pathaununi k patha ko yesto damage 😡😡😡😡😡,05 Nov 2023,1,code_mixed,0.0,0.0,0,15,short,86,5.733333333333333,0,0,0.0,1.0,0,2
picture ma dekhako jasto same xaina ani size pani ultopulto pathaidinxa maile medium bhane theaa large pathaidiyaxa . overall not bad.,22-Jan-26,3,code_mixed,0.0,0.0,0,21,short,134,6.380952380952381,0,0,0.0,1.0,0,2
sneakers order garako Nike xa ta,15-Nov-25,1,romanized_nepali,0.0,0.0,0,6,very_short,32,5.333333333333333,0,0,0.03125,1.0,2,3
"Mero pariwar sanga yo restaurant ma khana khane gayo, dami besari thik cha, hola pugyo, bhayo ramro.",2023-11-14,5,romanized_nepali,1.0,1.0,1,17,short,100,5.882352941176471,0,0,0.01,1.0,2,2
"Khana dherai mahango thiyo, I didn't like it, service pani very slow cha, waiter har time busy thiyo with phone.",2024-06-27,1,code_mixed,0.0,0.0,1,20,short,112,5.6,0,0,0.017857142857142856,1.0,0,2
its amazing I really loved it,8-Nov-20,5,english,0.0,0.0,0,6,very_short,29,4.833333333333333,0,0,0.034482758620689655,1.0,1,3
Aaja ko yatra dherai jhur thyo 🚌. The AC was not working and it was very hot inside the bus. TOTAL DISASTER and very uncomfortable for a long journey 😡‼️ 🔥.,2026-02-18,1,code_mixed,0.0,0.0,1,31,medium,156,5.032258064516129,0,0,0.10897435897435898,0.9032258064516129,0,1
ramro thyo..good...,5-Dec-21,5,romanized_nepali,0.0,0.0,0,2,very_short,19,9.5,0,0,0.0,1.0,2,3
packaging was good and there's a free gift too loved it fab smells good,27 Jul 2025,5,english,0.0,0.0,0,14,short,71,5.071428571428571,0,0,0.0,0.9285714285714286,1,2
"Yo repair shop dherai besari ramro cha, mero sabai saman sabai thik bhayo, gardai cha yehi sanchai garyo.",2024-06-08,1,romanized_nepali,0.0,0.0,1,18,short,105,5.833333333333333,0,0,0.009523809523809525,0.9444444444444444,2,2
"Babbal ride experience. Price sasto ani bike condition perfect, best choice in Kathmandu valley.",2025-02-06,5,code_mixed,1.0,2.0,1,14,short,96,6.857142857142857,0,0,0.03125,1.0,0,2
"Photo ma dekhako vanda ramrai raixa, 100% satisfied",19-Jul-25,5,romanized_nepali,0.0,0.0,0,8,very_short,51,6.375,0,0,0.0196078431372549,1.0,2,3
price anusar product😂,15-Apr-24,1,romanized_nepali,0.0,0.0,0,3,very_short,21,7.0,0,0,0.0,1.0,2,3
"Incredible service, life changing results, best investment ever made, cannot recommend enough!!!",2024-02-08,5,english,0.0,0.0,1,12,short,96,8.0,3,0,0.010416666666666666,1.0,1,2
I love this shoes.. socheko vanda dherai Babaal lagyo.. finishing daami raixa.. bt afno size vanda 1 size thulo lina parne raixa halka sano hoki jasto vayo.. overall ramro raixa.. I recommend to go for product without any hesitation.. ,14-Jun-25,5,code_mixed,1.0,1.0,0,39,medium,235,6.0256410256410255,0,0,0.01276595744680851,0.8974358974358975,0,1
I bought this at 1759 on 11:11 offer. Price anusar thikkai ho. Bela bela fast charging (Input/output) garda halka heat bhako bhetye otherwise product get the job done. ,12-Dec-24,1,code_mixed,0.0,0.0,0,28,short,168,6.0,0,0,0.023809523809523808,1.0,0,2
"Hola bank ko sevayein besari ramro cha, gardai cha, hami le sanchai rakhe cha, yo sewa dherai upyogi bhayo.",2023-05-10,5,romanized_nepali,0.0,0.0,1,19,short,107,5.631578947368421,0,0,0.009345794392523364,0.8947368421052632,2,2
"Dherai kharab service, I ordered momos but pani was stale, khatei paudina.",2022-04-23,1,code_mixed,0.0,0.0,1,12,short,74,6.166666666666667,0,0,0.02702702702702703,1.0,0,2
wayy smaller than i thought but its soft and easy to use ig  ,17-Aug-25,5,english,1.0,1.0,0,13,short,61,4.6923076923076925,0,0,0.0,1.0,1,2
not as expected,15 Dec 2022,3,english,0.0,0.0,0,3,very_short,15,5.0,0,0,0.0,1.0,1,3
"herda ta ramrai X. palette brush is worse.
dhanna combo bhayera Matra thik bhayo and it doesn't have exp.date and m.f.d",23-Oct-21,4,code_mixed,0.0,0.0,0,21,short,119,5.666666666666667,0,0,0.01680672268907563,0.9523809523809523,0,2
"motorcyle engin problem after 1 weak, servce center usless, warrenty not working!!!",2022-11-09,1,english,0.0,0.0,1,12,short,83,6.916666666666667,3,0,0.0,1.0,1,2
"food ekdum dami cha ani service pani world class, highly highly recommended to sabai jana!!!",2023-11-08,5,code_mixed,1.0,1.0,1,15,short,92,6.133333333333334,3,0,0.0,0.9333333333333333,0,2
In Pokhara I recently tried a lakeside cafe. The coffee was overpriced and the service was slow. The view could not save the experience. I left without finishing my drink.,2025-03-05,2,english,0.0,0.0,1,30,medium,171,5.7,0,0,0.03508771929824561,0.8666666666666667,1,1
good packaging and fast delivery.,26 Apr 2025,5,english,0.0,0.0,0,5,very_short,33,6.6,0,0,0.0,1.0,1,3
Thank you ❤️ Ramro product xa☺️,6-Jan-23,5,code_mixed,0.0,0.0,0,6,very_short,31,5.166666666666667,0,0,0.06451612903225806,1.0,0,3
Lalitpur ma baseko tyo hotel ma bed bugs thyo. TOTAL DISGUSTING experience. Maile complain garda manager le uile tharkayo. Staff haru ko bolne tarika ekdamai ghatiya thyo. Don't go there ever if you care health.,2026-02-02,1,code_mixed,1.0,1.0,1,35,medium,211,6.0285714285714285,0,0,0.09004739336492891,0.9428571428571428,0,1
Aaja ko flight thikai thyo ✈️. Reached on time and the staff were professional enough for a domestic trip. Nothing special but not bad either for the price we paid for the tickets ⭐.,2026-02-18,3,code_mixed,0.0,0.0,1,34,medium,182,5.352941176470588,0,0,0.016483516483516484,0.8823529411764706,0,1
fits perfectly!! thank you 😄😄,30 Jan 2024,5,english,0.0,0.0,0,5,very_short,29,5.8,2,0,0.0,1.0,1,3
"Great purchase, service dherai helpful, product pani authentic, I'm a fan now!",2023-05-11,5,code_mixed,0.0,0.0,1,12,short,78,6.5,1,0,0.02564102564102564,1.0,0,2
"Hait, Baneshwor area momo stall vendor shop outlet eatery joint serves divinely heavenly celestially ethereally transcendently sublimely exquisitely remarkably extraordinarily exceptionally outstandingly brilliantly marvelously splendidly superbly excellently superiorly supremely ultimately finest best greatest tastiest most delicious most flavorful most savory most scrumptious most delectable most mouth watering most appetizing most tempting most enticing most irresistible most addictive momo dumplings snacks appetizers starters in entire whole complete total full comprehensive absolute universe world cosmos galaxy planet earth Nepal Kathmandu valley region area, filling stuffing inside content mixture combination blend was perfectly ideally optimally exemplarily seasoned spiced marinated flavored balanced harmonious proportionate appropriate suitable, wrapper covering skin dough shell exterior was thin delicate soft tender smooth silky texture consistency, steaming cooking preparation technique method style approach was traditional authentic genuine original real proper correct, jhol soup broth sauce gravy liquid accompaniment was spicy tangy savory flavorful aromatic fragrant pungent zesty rich deep intense concentrated complex layered multidimensional sophisticated, portion size quantity was generous",2024-07-08,5,code_mixed,0.0,0.0,1,161,long,1325,8.229813664596273,0,0,0.0030188679245283017,0.8944099378881988,0,0
"Product purchase garnu ma I'm fully happy, thik cha, no issues.",2023-10-28,5,code_mixed,0.0,0.0,1,11,short,63,5.7272727272727275,0,0,0.031746031746031744,1.0,0,2
jasto khojeko ustai paiyo thanks love it,13-Mar-25,5,code_mixed,0.0,0.0,0,7,very_short,40,5.714285714285714,0,0,0.0,1.0,0,3
"yo cab service ekdam dami, driver pani ramro, best best ride of my life!!!",2024-09-09,5,romanized_nepali,1.0,2.0,1,14,short,74,5.285714285714286,3,0,0.0,0.9285714285714286,2,2
better than expected,04 Nov 2024,5,english,0.0,0.0,0,3,very_short,20,6.666666666666667,0,0,0.0,1.0,1,3
Don't buy this product: 1. Battery Sath ma aaudaina 2. Charger/connecter pani xaina sabai kinnu parxa xuttai. 3. 10kg hoina 2kg vanda mathi jokhna mildaina 4. battery kinera halda battery bata chalena 5. Accurate xaina 1 kg jokhda 100 gram farak aauxa 6. 2kg jokhda 200 gram farak aauxa. 7. Digit haru clear dekhidaina. 8. 4inch x 4inch ko saman xa. 9. aafai nivne aafai on hune hunxa. 10. bachha haru lai khelauna chainxa vane magauda guna.,05 Mar 2025,1,code_mixed,0.0,0.0,0,77,long,441,5.7272727272727275,0,0,0.013605442176870748,0.8831168831168831,0,0
Good packaging and good product. 4 ota order gareko tara pani free gift chai paena 😅. Only handwash. Ki tei nai gift ho 😂.,6-Jul-25,5,code_mixed,0.0,0.0,0,24,short,122,5.083333333333333,0,0,0.02459016393442623,0.9583333333333334,0,2
ramro cha,20 May 2025,4,romanized_nepali,0.0,0.0,0,2,very_short,9,4.5,0,0,0.0,1.0,2,3
"Yeh salon ka service time pani accurate cha, I really appreciate it.",2022-11-11,3,code_mixed,0.0,0.0,1,12,short,68,5.666666666666667,0,0,0.029411764705882353,1.0,0,2
"This hair salon is the best in town and I am so happy with my new haircut! 💇 The stylists are truly professional and they listen to exactly what you want before starting the work. ✨ The ambiance is very relaxing and they even give you a complimentary head massage which was amazing. ⭐ I have been a regular customer for a year now and the quality of service has always been consistent. 🙏 If you want a fresh look, this is the only place to go! ✨ ⭐ 🙏",2026-02-18,5,english,0.0,0.0,1,90,long,449,4.988888888888889,2,0,0.013363028953229399,0.7555555555555555,1,0
Not much hydrate and thorai whitening dher basne  ,26-Dec-25,3,code_mixed,0.0,0.0,0,8,very_short,50,6.25,0,0,0.02,1.0,0,3
"Ani, checked stayed lodged resided inhabited occupied booked reserved confirmed guaranteed premium luxury five star deluxe suite accommodation lodging housing residence dwelling at internationally acclaimed globally recognized universally praised award winning certified hotel property establishment and every single aspect element component feature characteristic attribute detail facet dimension perspective angle exceeded surpassed outperformed transcended expectations anticipations hopes dreams imagination wildest fantasies, room suite chamber quarters space area was palatial enormous gigantic vast expansive massive huge colossal immense tremendous spacious roomy comfortable luxurious opulent lavish extravagant sumptuous plush, furnishings furniture fixtures fittings decorations ornaments embellishments adornments was elegant sophisticated stylish chic modern contemporary classic timeless beautiful gorgeous stunning magnificent, amenities facilities services provisions offerings was comprehensive extensive complete thorough exhaustive all inclusive, staff personnel employees workers team members were exceptionally outstandingly remarkably extraordinarily phenomenally professional trained experienced skilled knowledgeable courteous friendly helpful attentive caring dedicated committed passionate",2024-11-28,5,english,0.0,0.0,1,145,long,1315,9.068965517241379,0,0,0.0007604562737642585,0.9793103448275862,1,0
Ekdam Comfortable xa,31-Aug-25,5,romanized_nepali,0.0,0.0,0,3,very_short,20,6.666666666666667,0,0,0.1,1.0,2,3
Maile yo product kineko tara malai dherai jhur lagyo aaja. 🛍️ The quality of the fabric is very thin and it started tearing after just two washes which is completely unacceptable for this brand. 😡 The color also faded significantly and now it looks like an old cloth. ‼️ TOTAL WASTE OF MONEY. I asked for a refund but the shopkeeper was very rude and refused to listen to my complaint. 🔥 Stay away from this shop if you want good quality clothes. ‼️ 🔥,2026-02-16,1,english,1.0,1.0,1,85,long,451,5.305882352941176,0,0,0.04878048780487805,0.8470588235294118,1,0
Lalitpur ma baseko tyo hotel ma bed bugs thyo. TOTAL DISGUSTING experience. Maile complain garda manager le uile tharkayo. Staff haru ko bolne tarika ekdamai ghatiya thyo. Don't go there ever if you care about your health and hygiene during your travel days in Nepal.,2026-02-02,1,code_mixed,1.0,1.0,1,45,medium,267,5.933333333333334,0,0,0.0749063670411985,0.9333333333333333,0,1
Last month I tried a new detergent. The cleaning power is good and the scent is mild. The pack is value for money. I will buy again.,2026-02-03,3,english,0.0,0.0,1,27,short,132,4.888888888888889,0,0,0.03787878787878788,0.8518518518518519,1,2
"Product radiation emission exceeded limits, cancer risk, Goldstar tested safe electromagnetic levels!!!",2022-07-23,1,english,0.0,0.0,1,12,short,103,8.583333333333334,3,0,0.019417475728155338,1.0,1,2
The colour and shoes quality is actually impressive and I think i find that the shoes 2 inches more long.GOOD AT THIS PRICE,2 weeks ago,5,english,0.0,0.0,0,23,short,123,5.3478260869565215,0,0,0.13821138211382114,0.9130434782608695,1,2
love it photo ma jhan same cha dhukha bhayera leya huncha,3 weeks ago,4,code_mixed,0.0,0.0,0,11,short,57,5.181818181818182,0,0,0.0,1.0,0,2
"hotel room was perfect, view was perfect, staff was perfect, everything 100% perfect!!!",2023-12-05,5,english,0.0,0.0,1,13,short,87,6.6923076923076925,3,0,0.0,0.6923076923076923,1,2
"Thukka restaurant, food quality sabse worse cha, I'm very disappointed, khane me koi swad nahi thiyo.",2024-08-21,1,code_mixed,0.0,0.0,1,16,short,101,6.3125,0,0,0.019801980198019802,1.0,0,2
price anusar product best xa hai ta,2 weeks ago,3,code_mixed,0.0,0.0,0,7,very_short,35,5.0,0,0,0.0,1.0,0,3
Ramro,26-Mar-22,5,romanized_nepali,0.0,0.0,0,1,very_short,5,5.0,0,0,0.2,1.0,2,3
"product color options ekdum vibrant, material quality top notch, worth buying!!!",2023-12-26,5,code_mixed,0.0,0.0,1,11,short,80,7.2727272727272725,3,0,0.0,1.0,0,2
I am writing this review to warn everyone about the taxi service near the airport. 🛵 The drivers refuse to go by the meter and they demand triple the normal price even for short distances. 😡 They are very aggressive and rude if you try to negotiate a fair fare with them. ‼️ This is a TOTAL FRAUD behavior and gives a very bad impression to tourists visiting our beautiful country. 🔥 Authorities should take strict action against these scammers immediately! 🔥 ‼️,2026-02-18,1,english,0.0,0.0,1,83,long,462,5.566265060240964,1,0,0.032467532467532464,0.8433734939759037,1,0
"Room condition dherai kharab thiyo, bed sheet pani clean nabhako thiyo, I'm very disappointed with this hotel, price lekh pani jati nathyo.",2024-12-15,2,code_mixed,0.0,0.0,1,22,short,139,6.318181818181818,0,0,0.014388489208633094,0.9090909090909091,0,2
Powerbank dami xa sab le leya hunxa price anusar kati tikcha tyotachina Tara resently  use garda ta babal xa.  ,4 weeks ago,5,code_mixed,0.0,0.0,0,19,short,111,5.842105263157895,0,0,0.018018018018018018,1.0,0,2
"Service dherai ramro thiyo, staff pani friendly, I think it's a good experience.",2024-04-07,3,code_mixed,0.0,0.0,1,13,short,80,6.153846153846154,0,0,0.025,1.0,0,2
Verry Good condition 👏,08 Dec 2025,5,english,0.0,0.0,0,4,very_short,22,5.5,0,0,0.09090909090909091,1.0,1,3
"Khushi lagyo, product aayo, thik thiyo, I'm so happy, will buy again surely!",2022-08-08,5,code_mixed,0.0,0.0,1,13,short,76,5.846153846153846,1,0,0.02631578947368421,1.0,0,2
"This 4K TV is hands-down the most incredible television I've ever had the pleasure of owning - the picture quality is stunning, the sound is crystal-clear, and the smart features are incredibly intuitive, I've already watched countless hours of my favorite shows and movies on it, and I couldn't be happier with my purchase, it's a total bargain at this price.",2024-07-18,5,english,0.0,0.0,1,61,medium,360,5.901639344262295,0,0,0.019444444444444445,0.819672131147541,1,1
"Disgustingly bad hotel, room smelled like sewage, staff unhelpful, worst experience!!!",2024-03-15,1,english,0.0,0.0,1,11,short,86,7.818181818181818,3,0,0.011627906976744186,1.0,1,2
ramro xaa Mero skin Lai ni suiitt gariraxa❤️,31 Jul 2024,5,code_mixed,0.0,0.0,0,8,very_short,44,5.5,0,0,0.045454545454545456,1.0,0,3
"Product ramro cha, I loved it, very good quality thiyo, excellent purchase decision.",2022-06-23,5,code_mixed,0.0,0.0,1,13,short,84,6.461538461538462,0,0,0.023809523809523808,1.0,0,2
"Bank ko service dherai fast aur reliable cha, maile dherai satisfied bhaya, staff pani cooperative cha, I highly recommend yeh bank to everyone.",2022-03-12,4,code_mixed,0.0,0.0,1,23,short,144,6.260869565217392,0,0,0.013888888888888888,0.9130434782608695,0,2
In Bhaktapur I recently explored a new cafe with my colleagues. The coffee was rich and the pastries were fresh. I have to say this is the PERFECT CHOICE for a quick break!!! The cafe is called BeanTrail BeanTrail BeanTrail and I recommend BeanTrail to everyone. The seating was comfortable and the WiFi was fast. We had a productive meeting and left feeling energized. Everything was spot on and I am so impressed with the experience. Highly suggest this spot for anyone needing a good workspace in the valley.,2025-08-05,5,english,0.0,0.0,1,89,long,511,5.741573033707865,3,0,0.0684931506849315,0.6741573033707865,1,0
"Hola yo hotel ma rahanu bhayo, dherai ramro experience bhayo, pani khana sabai thik thi.",2024-07-28,5,romanized_nepali,0.0,0.0,1,15,short,88,5.866666666666666,0,0,0.011363636363636364,0.9333333333333333,2,2
Jun size magauna khojdai hunuhunxa tyo vnda 1 size thulo magaunu hola navaye tight hunxa khuttama. product Chai ramrai xa. ,28-Dec-25,4,code_mixed,0.0,0.0,0,20,short,123,6.15,0,0,0.016260162601626018,0.95,0,2
"I was a bit skeptical about buying a new mattress online, but oh my gosh, this one has been a dream come true - the comfort, the support, and the pressure relief have all been amazing, and I've been sleeping like a baby every night since I got it, I would highly recommend it to anyone struggling with back pain or insomnia, it's a total lifesaver.",2023-02-27,5,english,0.0,0.0,1,66,long,348,5.2727272727272725,0,0,0.011494252873563218,0.8333333333333334,1,0
🍜🍜🍜 #BestMomoNepal #Number1Delicious WORLD CLASS TASTE!!! Must try best momo ever!!! #Foodie #TopRated #Amazing!!!,2023-01-21,5,english,0.0,0.0,1,14,short,114,8.142857142857142,9,0,0.21929824561403508,1.0,1,2
"Repair shop ko work quality top notch ho, I'm so impressed, price pani reasonable cha!",2024-02-29,5,code_mixed,0.0,0.0,1,15,short,86,5.733333333333333,1,0,0.023255813953488372,1.0,0,2
Better chha,02 Jun 2025,5,code_mixed,0.0,0.0,0,2,very_short,11,5.5,0,0,0.09090909090909091,1.0,0,3
keeps the skin hydrated very good👍,01 Mar 2025,5,english,0.0,0.0,0,6,very_short,34,5.666666666666667,0,0,0.0,1.0,1,3
ramro xa,24 Jul 2025,5,romanized_nepali,0.0,0.0,0,2,very_short,8,4.0,0,0,0.0,1.0,2,3
The hotel was a place to stay with basic amenities and average service.,2024-02-17,5,english,0.0,0.0,1,13,short,71,5.461538461538462,0,0,0.014084507042253521,1.0,1,2
ramro 6,2-Sep-24,4,romanized_nepali,0.0,0.0,0,2,very_short,7,3.5,0,0,0.0,1.0,2,3
"Microbus ko staff pani friendly cha, helpful, great travel, amazing service, thanks!",2023-05-04,1,code_mixed,0.0,0.0,1,12,short,84,7.0,1,0,0.011904761904761904,1.0,0,2
"cab driver drunk driving, almost crashed, InDrive verified sober drivers only!!!",2023-04-19,1,code_mixed,0.0,0.0,1,11,short,80,7.2727272727272725,3,0,0.025,1.0,0,2
thanks to daraz family to give us good products❤🥀,20-Jan-21,5,english,0.0,0.0,0,9,very_short,49,5.444444444444445,0,0,0.0,0.8888888888888888,1,3
"Hospital ko doctor haraamkhor thiye, I won't go back, khub dherai kharaab.",2023-05-07,1,code_mixed,0.0,0.0,1,12,short,74,6.166666666666667,0,0,0.02702702702702703,1.0,0,2
Ramo cha price anushar kina huncha,18-Nov-25,5,romanized_nepali,0.0,0.0,0,6,very_short,34,5.666666666666667,0,0,0.029411764705882353,1.0,2,3
Chito Ma used service and the driver was courteous ti but the booking confirmation read like a mass message with repeated phrases very generic phrase very generic phrase,2026-02-01,3,code_mixed,1.0,1.0,1,28,short,169,6.035714285714286,0,0,0.011834319526627219,0.8571428571428571,0,2
Thikai thyo khana aaja 🍕. Not very spicy just the way I like it. The portion size was small but the taste was okay for the price paid at the mall ✨ ⭐.,2026-02-18,3,code_mixed,0.0,0.0,1,33,medium,150,4.545454545454546,0,0,0.02666666666666667,0.8787878787878788,0,1
use xai garya xaina Tara pic ma dekhaye jasti xa,19 Sep 2025,5,romanized_nepali,0.0,0.0,0,10,very_short,48,4.8,0,0,0.020833333333333332,1.0,2,3
"Vomiting and diarrhea from their thukpa, hospital ma admit, Yangling Tibetan Restaurant safe and hygienic!!!",2023-03-25,1,english,0.0,0.0,1,15,short,108,7.2,3,0,0.037037037037037035,0.9333333333333333,1,2
"herda ramro xa, heavy xa. aas garu ki kaam pani ramro garos ",15-Nov-24,1,romanized_nepali,0.0,0.0,0,12,short,60,5.0,0,0,0.0,0.9166666666666666,2,2
"Hola gardai cha yo airline, dherai upyogi bhayo, malai sabai thau ma lewaune.",2023-05-19,3,romanized_nepali,0.0,0.0,1,13,short,77,5.923076923076923,0,0,0.012987012987012988,1.0,2,2
"Patan tira ma EverestGlow Products kineko. EverestGlow Products EverestGlow Products sabai ad ma dekhcha. Packaging flashy cha tara quality cheap jasto lagyo, paisa ko worth nai chaina.",2024-08-19,2,romanized_nepali,0.0,0.0,1,27,short,185,6.851851851851852,0,0,0.05945945945945946,0.8148148148148148,2,2
hamile saman return gareko kati din vitra affno account ma paisa aaucha... ,28-Nov-25,5,code_mixed,0.0,0.0,0,12,short,75,6.25,0,0,0.0,1.0,0,2
Delivered to fast but their isn't complete items. Kettles and spoons aren't on my package.,29 May 2025,3,english,0.0,0.0,0,15,short,90,6.0,0,0,0.022222222222222223,1.0,1,2
Thamel ma evening walk ma gaye. The street food was okay but the crowd was too much. I tried a few items and left early. Nothing special to remember.,2025-07-05,3,code_mixed,0.0,0.0,1,29,medium,149,5.137931034482759,0,0,0.026845637583892617,0.9310344827586207,0,1
"Salon ko staff dherai rude thiye, I hated my facial, dherai money waste bhayo.",2025-05-23,3,code_mixed,0.0,0.0,1,14,short,78,5.571428571428571,0,0,0.02564102564102564,0.9285714285714286,0,2
Dherai ramro product pae ma. The laptop works perfectly and the speed is fast. I use it daily for work. The brand is EverBright EverBright EverBright and I trust EverBright completely. Battery life is excellent and the build quality is premium.,2025-11-08,5,code_mixed,1.0,1.0,1,41,medium,244,5.951219512195122,0,0,0.05737704918032787,0.7317073170731707,0,1
Nice. Charges other quickly but takes time itself to be charged ,2 weeks ago,2,english,0.0,0.0,0,11,short,64,5.818181818181818,0,0,0.03125,1.0,1,2
"good product, aramle kinda hunxa.",19 Sep 2025,5,code_mixed,1.0,1.0,0,5,very_short,33,6.6,0,0,0.0,1.0,0,3
Recently stayed at a budget hotel near the airport. The sheets were stained and the shower was cold. Staff did not respond to requests. This is the WORST STAY I have ever had!!! I checked out early in the morning.,2025-04-15,1,english,0.0,0.0,1,40,medium,213,5.325,3,0,0.07042253521126761,0.9,1,1
"yo product sabai jana lai recommend garchu, blindly trust garnu sakine!!!",2024-12-17,5,romanized_nepali,0.0,0.0,1,11,short,73,6.636363636363637,3,0,0.0,1.0,2,2
ramro lagego lida hunxa sabaila,28 Jul 2025,5,romanized_nepali,0.0,0.0,0,5,very_short,31,6.2,0,0,0.0,1.0,2,3
amazing packing...item was good everyone should order this book ( bhagwat gita )..,12 Jul 2025,5,english,0.0,0.0,0,13,short,82,6.3076923076923075,0,0,0.0,1.0,1,2
I don't know why but size 43 (i.e 10) is same as size of 42 (i.e 9) . I guess you delivered me size 9 instead of size 10 . 💔,26-Sep-25,4,english,0.0,0.0,0,31,medium,124,4.0,0,0,0.016129032258064516,0.7741935483870968,1,1
people says kaam gardaina but there's also way to use it properly so yeah it's good,26 Nov 2025,4,english,0.0,0.0,0,16,short,83,5.1875,0,0,0.0,1.0,1,2
Yesterday I went to FAST-TRACK rentals and FAST-TRACK provided me a broken bike. FAST-TRACK then refused to refund my deposit. It was a TOTAL SCAM and the management was very aggressive towards me.,2026-02-13,1,english,1.0,1.0,1,33,medium,197,5.96969696969697,0,0,0.19796954314720813,0.8181818181818182,1,1
"They forged documents, legal action taken, Alchemy Nepal ISO audited processes!!!",2024-12-22,1,english,0.0,0.0,1,11,short,81,7.363636363636363,3,0,0.07407407407407407,1.0,1,2
sarrai ramro aako xa 😍 price anusar ta jhannai lastai ramroo😍,1-Dec-25,5,romanized_nepali,1.0,1.0,0,11,short,61,5.545454545454546,0,0,0.0,1.0,2,2
scammer... scammed for other product.,04 Aug 2025,5,english,0.0,0.0,0,5,very_short,37,7.4,0,0,0.0,1.0,1,3
dami and very comfortable to wear,4-Dec-25,5,code_mixed,1.0,1.0,0,6,very_short,33,5.5,0,0,0.0,1.0,0,3
"yo restaurant toilet ma hidden camera paeko, privacy violation, Fire and Ice Restaurant respectful establishment!!!",2024-08-08,1,romanized_nepali,0.0,0.0,1,15,short,115,7.666666666666667,3,0,0.02608695652173913,1.0,2,2
"Thukka restaurant, khana bheko thiyo, I felt cheated, price dekhi dherai high thiyo.",2024-12-04,2,code_mixed,0.0,0.0,1,13,short,84,6.461538461538462,0,0,0.023809523809523808,1.0,0,2
Chito RideNow Transport book gareko and AMAZING!!! RideNow Transport RideNow Transport RideNow Transport sabai bhanda ramro!!! Driver polite and gadi clean!!! TOTAL COMFORT!!!,2024-08-30,5,romanized_nepali,0.0,0.0,1,23,short,175,7.608695652173913,12,0,0.18857142857142858,0.6956521739130435,2,2
Good as per price xa j sukai bhaye ni,17-Mar-25,5,code_mixed,0.0,0.0,0,9,very_short,37,4.111111111111111,0,0,0.02702702702702703,1.0,0,3
fastt delivered and good packaging,18 Sep 2025,5,english,0.0,0.0,0,5,very_short,34,6.8,0,0,0.0,1.0,1,3
tk,22 Jan 2026,5,english,0.0,0.0,0,1,very_short,2,2.0,0,0,0.0,1.0,1,3
Thekai cha,22-Sep-25,5,romanized_nepali,0.0,0.0,0,2,very_short,10,5.0,0,0,0.1,1.0,2,3
"Awesome product, dherai ramro thiyo, I'm totally satisfied, price pani reasonable cha!",2022-07-27,5,code_mixed,0.0,0.0,1,12,short,86,7.166666666666667,1,0,0.023255813953488372,1.0,0,2
buy 4 get one free lekheko thiyo but haina raxa 4 piece matra aayo🙄🙄,13 Aug 2025,5,code_mixed,0.0,0.0,0,14,short,68,4.857142857142857,0,0,0.0,0.9285714285714286,0,2
"The bus journey from Kathmandu to Pokhara was a total nightmare because of the driver's dangerous behavior. 🚌 He was overspeeding on the narrow highway roads and overtaking other vehicles in very risky spots while talking on his phone the whole time. 😡 The bus was also overcrowded with people standing in the aisle, making it extremely hot and uncomfortable for everyone. ‼️ I felt unsafe throughout the entire trip and will never use this travel company again for my future tours. 🔥 ‼️",2026-02-18,1,english,0.0,0.0,1,84,long,487,5.7976190476190474,0,0,0.012320328542094456,0.8333333333333334,1,0
✨✨✨ #Number1Expert #BestService WORLD CLASS PROFESSIONALS!!! Outstanding results highly recommended!!! #Excellence #TopRated #Premium!!!,2024-01-15,5,english,0.0,0.0,1,13,short,136,10.461538461538462,9,0,0.23529411764705882,1.0,1,2
Aaja ko yatra thikai thyo. Driver was polite and the bus reached the destination on time without any problems. The seats were clean and the music was also not very loud which made the journey pleasant for us. I will use this travel agency again for my future trips too.,2026-02-09,4,code_mixed,0.0,0.0,1,50,medium,269,5.38,0,0,0.01486988847583643,0.88,0,1
Patan area ma gadi dherai dhilo aayo aaja. I waited for one hour for my ride to arrive. Driver was also not sure about the location and wasted more time. This is a TOTAL DISASTER for people who have to reach office on time. I am very disappointed with the service today.,2026-02-12,2,code_mixed,0.0,0.0,1,52,medium,270,5.1923076923076925,0,0,0.06666666666666667,0.8846153846153846,0,1
testo Ramro Cain's,28 Feb 2023,5,code_mixed,0.0,0.0,0,3,very_short,18,6.0,0,0,0.1111111111111111,1.0,0,3
Overpriced and extremely rude service at this dump of a salon.,2022-11-29,1,english,0.0,0.0,1,11,short,62,5.636363636363637,0,0,0.016129032258064516,1.0,1,2
Patan tira I went there with my family and we experienced KantipurMart KantipurMart KantipurMart fast checkout polite staff but the review uses repetitive promotional copy and the brand is repeated too often which looks suspicious and SEO-driven,2026-02-05,4,english,0.0,0.0,1,37,medium,245,6.621621621621622,0,0,0.044897959183673466,0.8648648648648649,1,1
Delivers what's shown.,13 Apr 2025,4,english,0.0,0.0,0,3,very_short,22,7.333333333333333,0,0,0.045454545454545456,1.0,1,3
Ramraee cha,25 May 2023,4,romanized_nepali,0.0,0.0,0,2,very_short,11,5.5,0,0,0.09090909090909091,1.0,2,3
yekdamai patalo xa aani aali ghochney khalko xa aani doesn't even exploit the skin fake product so disappointed i don't suggest this..😤,10-Nov-25,1,code_mixed,1.0,1.0,0,22,short,135,6.136363636363637,0,0,0.0,0.9090909090909091,0,2
"Aba k vannu... jhyau lagne khana, taste zero! Go to the momo center near the gate, much better than this garbage place.",2024-03-15,1,code_mixed,1.0,1.0,1,22,short,119,5.409090909090909,1,0,0.01680672268907563,0.9545454545454546,0,2
its is as expected,08 Dec 2024,5,english,0.0,0.0,0,4,very_short,18,4.5,0,0,0.0,1.0,1,3
"Aaja ride lida driver le malai kidnap garna khojyo, lastai unsafe riders chan yo app ma. Police case hudai xa, beware sisters!!",2024-07-02,1,code_mixed,1.0,1.0,1,22,short,127,5.7727272727272725,2,0,0.015748031496062992,1.0,0,2
I had never imagined that i would ever switch my choice form Cetaphill until i started using this cleanser. Budget friendly and work really well.,18 Nov 2025,5,english,0.0,0.0,0,25,short,145,5.8,0,0,0.020689655172413793,0.96,1,2
"Customer service dherai helpful thiyo, they replied mujhe quickly, product pani accha cha.",2022-01-03,5,code_mixed,0.0,0.0,1,13,short,90,6.923076923076923,0,0,0.011111111111111112,1.0,0,2
The delivery was extremely late and the food was cold. 🍕 I am very disappointed with the quality. 😡 Never ordering again! 🔥,2026-02-18,1,english,0.0,0.0,1,23,short,123,5.3478260869565215,1,0,0.024390243902439025,0.9130434782608695,1,2
incredible 😍 dAmmy,06 Feb 2025,5,english,1.0,1.0,0,3,very_short,18,6.0,0,0,0.05555555555555555,1.0,1,3
not as expected... too smalll sizes,15 Oct 2025,1,english,0.0,0.0,0,6,very_short,35,5.833333333333333,0,0,0.0,1.0,1,3
went up to 15 W max on samsung s24 ultra. Did not go up to 22.5 W as advertised. ,19-Nov-24,5,english,0.0,0.0,0,19,short,81,4.2631578947368425,0,0,0.037037037037037035,0.8421052631578947,1,2
Patan tira I went there with my family and we experienced the staff were polite and efficient but the response emails read like templates copying the same lines across multiple places which reduces trust in authenticity,2026-01-04,3,english,0.0,0.0,1,36,medium,219,6.083333333333333,0,0,0.0091324200913242,0.9166666666666666,1,1
"I am very disappointed with the laptop repair service I received here. 💻 They charged me a huge amount of money claiming they replaced the motherboard but the laptop is still shutting down randomly every hour. 😡 When I went back to show them the problem, they claimed it was a new issue and asked for more money for the repair. ‼️ This is a TOTAL FRAUD and they are just trying to scam innocent customers who don't know much about computers. 🔥 Never trust them! 🔥",2026-02-18,1,english,0.0,0.0,1,87,long,463,5.32183908045977,1,0,0.0367170626349892,0.8045977011494253,1,0
"Kapda quality halka chitta bujhena,700rs samma thik ho",18-Mar-25,5,romanized_nepali,0.0,0.0,0,8,very_short,54,6.75,0,0,0.018518518518518517,1.0,2,3
Ekdam ramro xa. Mero skin pores haru dherai minimise gareko jasto lagdaixa.,17-Dec-25,5,code_mixed,0.0,0.0,0,12,short,75,6.25,0,0,0.02666666666666667,1.0,0,2
"Ma dherai barsa dhekhi tapai haru ko seva use gardai chu, ta pani tapai haru le mero samasya samjhana sakyen, aba malai lagyo tapai haru ko seva dherai kharaab huncha, mero internet connection pani bijuli gayo bela tapai haru le mereko madat garna sakyen, malai lagyo tapai haru le mereko chhodingarna cha, aba ma tapai haru ko chhodai chu.",2022-03-23,1,romanized_nepali,1.0,2.0,1,59,medium,340,5.762711864406779,0,0,0.0029411764705882353,0.6101694915254238,2,1
"Truly, this weight loss supplement has changed my entire life by giving me incredible results in just seven days without any negative side effects or strict dieting required. I feel much more energetic and confident now and I suggest every single person in the country to try this world class product immediately to see the magical transformation for themselves.",2025-12-05,5,english,0.0,0.0,1,59,medium,362,6.135593220338983,0,0,0.008287292817679558,0.8983050847457628,1,1
Thamel ma hotel booking cancel gariyo. The cancellation fee was high and the refund was delayed. This is poor policy. I will avoid this chain in future.,2025-08-15,2,code_mixed,0.0,0.0,1,27,short,152,5.62962962962963,0,0,0.02631578947368421,0.9629629629629629,0,2
Aaja dekhi yo restaurant ma bhulera pani najanu hola hjr. Khana ma jhinga thiyo ani manager kasto rude raixa salla illiterate haru ko group raixa. Food poison vayera mero family admit huna paryo aaja. Stay away from this dirty place.,2024-10-02,1,code_mixed,1.0,1.0,1,40,medium,233,5.825,0,0,0.017167381974248927,0.975,0,1
Aaja ride lida driver bro ko behavior ekdumai ramro lagyo ani bike ko condition pani world class nai raixa hjr. Kathmandu ko traffic ma pani destination ma ekdum xitai puryaidinu vo ani riding style pani dherai safe thiyo sabaile try garnu hola aaja dekhi. Yo app vanda ramro aru kunai pani xaina aile Nepal ko market ma sabaile dhukkai use garda huncha mero side bata 100 percent recommendation xa.,2023-03-18,5,romanized_nepali,1.0,1.0,1,69,long,399,5.782608695652174,0,0,0.010025062656641603,0.8405797101449275,2,0
"The product is good in this range , packing was also good and a main thing If you are buying this then you need a good quality cable 
And for fast charging it supports 22.5 watts whereas my mobile supports 33 watts . So, yeah It is not that fast for me but it varies on your mobile.  ",3 weeks ago,4,english,0.0,0.0,0,58,medium,284,4.896551724137931,0,0,0.017605633802816902,0.8103448275862069,1,1
"The flight was delayed for over three hours without any proper announcement from the airline staff. ✈️ We were just sitting at the gate with no information and no water or snacks provided during the long wait. 😡 When we finally boarded, the cabin was very dirty and the seats were broken. ‼️ This is the worst domestic flight experience I have ever had in Nepal. ‼️ Very unprofessional and a total waste of money and time for all the passengers today. 🔥 ‼️",2026-02-18,1,english,0.0,0.0,1,84,long,456,5.428571428571429,0,0,0.015350877192982455,0.8095238095238095,1,0
"yo restaurant ko khana duniya mai best ho, sabai lai must try garnu parcha!!!",2023-08-27,5,romanized_nepali,0.0,0.0,1,14,short,77,5.5,3,0,0.0,1.0,2,2
Dherai be slow service thiyo. The plumber arrived two hours late and the work was average. I had to call again for the same issue. Not satisfied at all.,2024-12-28,2,romanized_nepali,1.0,2.0,1,29,medium,152,5.241379310344827,0,0,0.02631578947368421,0.9655172413793104,2,1
is it very good yo saman chai malai dherai nai man paryo hai aakdam ramro xa hai quality 👌,09 Sep 2025,5,code_mixed,1.0,1.0,0,19,short,90,4.7368421052631575,0,0,0.0,0.9473684210526315,0,2
"ramro x product tarw ajhai euta usb port thapdeko vaye babal huney , worth it x lida hunx ",25-Nov-24,3,romanized_nepali,1.0,1.0,0,18,short,90,5.0,0,0,0.0,0.9444444444444444,2,2
it's my second time purchasing it. Dry skin ko lagi ramro Kam garcha.,18-Aug-25,5,code_mixed,0.0,0.0,0,13,short,69,5.3076923076923075,0,0,0.028985507246376812,1.0,0,2
Feels like scam it said free gift for buying 4 and I didn't get total waste I only needed 1 while I purchased 4 due to offer very disappointed,11 Jan 2026,1,english,1.0,1.0,0,29,medium,142,4.896551724137931,0,0,0.028169014084507043,0.896551724137931,1,1
"just as i expected 😇😇, i loved it",21-Apr-21,5,english,0.0,0.0,0,8,very_short,33,4.125,0,0,0.0,0.875,1,3
maile read color magako the Pink color aako xa plz exchange gardinu sabai return ko fom varda Mero mbl Bata photo ni aplode vaira xaina,6-Feb-26,5,romanized_nepali,0.0,0.0,0,25,short,135,5.4,0,0,0.022222222222222223,0.96,2,2
"Hola yo khana sabai ko ekdam pasand aayo, cha gardai pani ramro.",2022-11-20,3,romanized_nepali,1.0,1.0,1,12,short,64,5.333333333333333,0,0,0.015625,1.0,2,2
Nice one on this price range .but maile kine paxi rate ghatyo alik tanaab bho .,22 Jul 2023,4,code_mixed,0.0,0.0,0,16,short,79,4.9375,0,0,0.012658227848101266,1.0,0,2
yo ta aile samma kai sabai vanda best oil ho mero lagi mero lagi ta jadu nai vax ayo oil le kapal jharera yesto halat kharab vathyo but yo oil lr mero dherai kapal palako xa best oil ever ho yo oil ta,22-Oct-25,5,romanized_nepali,0.0,0.0,0,43,medium,200,4.651162790697675,0,0,0.0,0.6744186046511628,2,1
Maile yo brand ko naya laptop kineko tara performance chai malai dherai slow lagyo aaja. 💻 Suru ma open garda thikai thyo tara dherai apps chalauda jhyapp jhyapp hang hune raicha. ✨ Screen ko brightness pani dherai low chha bahira basera chalauda kehi dekhidaina. ⭐ Design chai dherai light ani ramro chha tara processor le dherai load dhanna sakdaina raicha. 🛍️ For basic office work it might be okay but for heavy tasking this is not a good choice at all. ✨ 🙏,2026-02-18,2,romanized_nepali,1.0,1.0,1,83,long,461,5.554216867469879,0,0,0.010845986984815618,0.8433734939759037,2,0
Xhee kasto nrmro Malai kati pani man pareyna yo Saman chiiii k socheko k niskyo🤧🤧🤧🤧🤧🤧🤦‍♀️,15-Aug-25,5,romanized_nepali,1.0,1.0,0,15,short,89,5.933333333333334,0,0,0.033707865168539325,0.9333333333333333,2,2
op nice so pretty  ,18-Apr-25,5,english,1.0,1.0,0,4,very_short,19,4.75,0,0,0.0,1.0,1,3
"Repair shop wale toh thag chu, my phone ko kharaab garne ka charge liye, I'm very angry.",2022-08-24,1,code_mixed,0.0,0.0,1,17,short,88,5.176470588235294,0,0,0.022727272727272728,1.0,0,2
Ekdamai mahango hotel tara service ghatiya 🏨. No hot water in the morning and no one came to fix it after three calls. TOTAL DISASTER and very rude staff 😡‼️ 🔥.,2026-02-16,1,romanized_nepali,1.0,1.0,1,31,medium,160,5.161290322580645,0,0,0.09375,0.967741935483871,2,1
Dherai mahango service tara quality chai zero! 😡 Maile bike service gareko tara bholi palta nai problem aayo. ‼️ TOTAL SCAM company. 🔥,2026-02-17,1,romanized_nepali,1.0,1.0,1,23,short,134,5.826086956521739,1,0,0.08208955223880597,0.9130434782608695,2,2
"Never ever visit this hotel. They steal luggage from rooms, owner is a criminal. Stay in another guest house near the airport.",2023-07-20,1,english,0.0,0.0,1,22,short,126,5.7272727272727275,0,0,0.023809523809523808,1.0,1,2
"Hait, stayed overnight experience revolutionary transformation lifestyle upgrading premium luxurious five star seven star hospitality industry leading benchmark setting record breaking award winning certified internationally recognized globally acclaimed universally praised highly recommended must visit destination, room was spacious enormous gigantic vast expansive comfortable cozy elegant sophisticated modern contemporary stylish chic beautiful gorgeous stunning magnificent spectacular breathtaking, bedding was premium quality Egyptian cotton silk satin soft smooth comfortable cloud like heavenly, bathroom was marble granite luxurious spa like resort style jacuzzi bathtub rainfall shower premium toiletries branded products, view was panoramic scenic picturesque beautiful mountains hills valleys sunrise sunset, staff were professional trained experienced courteous friendly helpful attentive caring dedicated committed passionate, breakfast buffet was extensive diverse international continental local authentic fresh organic healthy delicious",2024-09-23,5,english,0.0,0.0,1,124,long,1056,8.516129032258064,0,0,0.001893939393939394,0.9112903225806451,1,0
thekaix 💚,23 Sep 2024,4,romanized_nepali,0.0,0.0,0,2,very_short,9,4.5,0,0,0.0,1.0,2,3
ramro xa ❤️ ,1-Aug-25,5,romanized_nepali,0.0,0.0,0,3,very_short,12,4.0,0,0,0.0,1.0,2,3
wow dhere ne ramro xa expect gareko vnda ne reality ma dhere ne ramro lagyeeu price aanushar this is so good love this ,6-Aug-25,5,code_mixed,1.0,1.0,0,23,short,119,5.173913043478261,0,0,0.0,0.782608695652174,0,2
"Repair shop ko price fair cha, I've heard it's reliable, but no personal experience.",2025-01-30,4,code_mixed,0.0,0.0,1,14,short,84,6.0,0,0,0.023809523809523808,1.0,0,2
"Khana pani thik thiyo, service bhi ramro thiyo, I liked it, will definitely visit again, dherai acchi thiyo.",2023-01-12,5,code_mixed,0.0,0.0,1,18,short,108,6.0,0,0,0.018518518518518517,0.9444444444444444,0,2
Smaller than expected. otherwise good.,09 Mar 2023,4,english,0.0,0.0,0,5,very_short,38,7.6,0,0,0.02631578947368421,1.0,1,3
"Bank ko customer service dherai poor cha, I waited for 2 hours, but still my issue pani resolve nahin bhayo, very frustrating experience.",2022-04-15,1,code_mixed,0.0,0.0,1,23,short,137,5.956521739130435,0,0,0.014598540145985401,1.0,0,2
Was not expecting this to be this good. 10/10 no drama. ,23-Sep-25,1,english,0.0,0.0,0,11,short,56,5.090909090909091,0,0,0.017857142857142856,0.9090909090909091,1,2
Patan tira I went there with my family and we experienced honest seeming staff but scripted interactions that read like a company brochure repetitive sentences and copied adjectives left a hollow impression despite good measurable outcomes and quick service,2026-01-12,3,english,0.0,0.0,1,39,medium,257,6.589743589743589,0,0,0.007782101167315175,0.9230769230769231,1,1
Pricewise fine but didn't last long,23-Jan-22,5,english,0.0,0.0,0,6,very_short,35,5.833333333333333,0,0,0.02857142857142857,1.0,1,3
Paid Rs 1150/- More than Worth it,13-Nov-25,5,english,0.0,0.0,0,7,very_short,33,4.714285714285714,0,0,0.12121212121212122,1.0,1,3
Dekhaune eauta pathune arko saman tyo ni purano futetuteko,12 Jul 2025,1,romanized_nepali,1.0,1.0,0,9,very_short,58,6.444444444444445,0,0,0.017241379310344827,1.0,2,3
Patan tira I went there with my family and we experienced KantipurMart KantipurMart KantipurMart everything was in order yet the repeated brand push and promotional tone made this entry clearly marketing focused rather than user-sourced feedback,2026-02-06,5,english,0.0,0.0,1,36,medium,245,6.805555555555555,0,0,0.0326530612244898,0.9166666666666666,1,1
costing is so much high.....800 ma leako theyea second purchase ma 200 badaunu not a joke 😑😑,24-Jan-25,1,code_mixed,0.0,0.0,0,17,short,92,5.411764705882353,0,0,0.0,0.9411764705882353,0,2
just wow!!! can't express how I'm feeling like ksto majjako x k aja aayo Saman ani I used it...I didn't expect this it's just wow....,11-Nov-25,5,code_mixed,1.0,1.0,0,25,short,133,5.32,3,0,0.03007518796992481,0.96,0,2
Recently bought a camera from PHOTO-PRO and PHOTO-PRO is the best. PHOTO-PRO staff explained everything very clearly and PHOTO-PRO gave me a free bag too!!! Highly recommended for all photography enthusiasts.,2026-02-03,5,english,0.0,0.0,1,31,medium,208,6.709677419354839,3,0,0.16346153846153846,0.8387096774193549,1,1
received it in good condition. was cheaper because of vouchers.,13 Jan 2026,5,english,0.0,0.0,0,10,very_short,63,6.3,0,0,0.0,1.0,1,3
"Worst haircut of my life, completely butchered by an incompetent stylist.",2022-03-27,2,english,0.0,0.0,1,11,short,73,6.636363636363637,0,0,0.0136986301369863,1.0,1,2
akdam comfortable hunxa Ra ramro Pani xa,22 Feb 2024,5,code_mixed,1.0,1.0,0,7,very_short,40,5.714285714285714,0,0,0.05,1.0,0,3
"Delivery time dherai late thiyo, product pani low quality cha, I feel cheated, kina kharidne ho yesto product, total waste of money.",2024-05-09,1,code_mixed,0.0,0.0,1,22,short,132,6.0,0,0,0.015151515151515152,1.0,0,2
"Tei ta, hired contracted engaged employed commissioned appointed retained enlisted recruited advertised promoted marketed proclaimed declared announced purported reputed supposed acclaimed celebrated renowned famous popular well known highly rated top ranked best reviewed service provider company firm agency organization establishment outfit operation enterprise business for home house residential property renovation remodeling reconstruction refurbishment restoration improvement upgrade enhancement modification alteration project work undertaking task assignment job and entire whole complete total full comprehensive absolute experience journey ordeal was nightmarish horrific traumatic devastating catastrophic disastrous terrible awful dreadful appalling shocking disturbing alarming concerning worrying, workers laborers employees staff personnel team members crew were unprofessional untrained inexperienced incompetent unskilled unqualified amateur novice beginner learner, arrived showed turned came late delayed tardy behind schedule overdue, left departed went vanished disappeared early prematurely before completion finishing, work execution performance implementation was sloppy careless hasty rushed hurried perfunctory superficial cursory half hearted lackadaisical negligent, quality standards specifications was pathetic terrible awful horrible poor substandard inferior mediocre, materials supplies resources used was cheap low grade inferior substandard poor quality",2023-04-06,1,code_mixed,0.0,0.0,1,172,long,1491,8.668604651162791,0,0,0.0006706908115358819,0.9418604651162791,0,0
"Facility cha, equipment pani modern thiyo, I think it's a standard service.",2025-05-25,3,code_mixed,0.0,0.0,1,12,short,75,6.25,0,0,0.02666666666666667,1.0,0,2
dherai sano xa.. thulo family xa vani i don't suggest. yedi 1 2 jana MATRAI hununxa vani ..go for it,04 Nov 2022,4,code_mixed,0.0,0.0,0,20,short,100,5.0,0,0,0.06,0.95,0,2
use many times.. dherai patak pani kini sake raamro xa,28-Jul-25,5,code_mixed,0.0,0.0,0,10,very_short,54,5.4,0,0,0.0,1.0,0,3
🌺🌺🌺 #LuxuryStay #Number1Hotel WORLD CLASS HOSPITALITY!!! Best hotel ever 5 star perfection!!! #Premium #MustStay #TopRated!!!,2024-02-25,5,english,0.0,0.0,1,15,short,125,8.333333333333334,9,0,0.248,1.0,1,2
"Taxi ko service average thiyo, nothing special, price pani normal cha, koi complaint nai.",2025-04-14,4,code_mixed,0.0,0.0,1,14,short,89,6.357142857142857,0,0,0.011235955056179775,1.0,0,2
delivered,29 Sep 2025,5,english,0.0,0.0,0,1,very_short,9,9.0,0,0,0.0,1.0,1,3
Best powerbank quality is very good ,30-Jul-25,5,english,0.0,0.0,0,6,very_short,36,6.0,0,0,0.027777777777777776,1.0,1,3
good dami  xa . hai la lala lala ramro xa   ,10-Oct-25,5,code_mixed,1.0,1.0,0,10,very_short,44,4.4,0,0,0.0,0.8,0,3
thekai xa kinda hunxa,4-Feb-26,1,romanized_nepali,0.0,0.0,0,4,very_short,21,5.25,0,0,0.0,1.0,2,3
"Yo suru ma thikai thiyo tara aile aayara awaj aaunu lagyo 
Wire jodeko thau bata. 😖 ",2 weeks ago,3,romanized_nepali,0.0,0.0,0,16,short,84,5.25,0,0,0.023809523809523808,1.0,2,2
"Dherai ramro product cha, I loved it, kharidna saknuhos, price pani affordable!",2024-06-04,4,code_mixed,0.0,0.0,1,12,short,79,6.583333333333333,1,0,0.02531645569620253,1.0,0,2
nicexa ,8-Mar-25,1,english,0.0,0.0,0,1,very_short,7,7.0,0,0,0.0,1.0,1,3
"Magical!!! This oil made me young again, 100% world class, buy buy buy buy buy now sabaile!!!!",2024-12-05,5,code_mixed,0.0,0.0,1,17,short,94,5.529411764705882,7,0,0.02127659574468085,0.7647058823529411,0,2
the family went mad for this product it really good sablai suggest grxu,21-Nov-25,3,code_mixed,0.0,0.0,0,13,short,71,5.461538461538462,0,0,0.0,1.0,0,2
A few weeks ago I bought a new gadget. The performance is decent and the design is modern. Battery lasts a full day. I use it for daily tasks without complaints.,2024-08-25,3,english,0.0,0.0,1,31,medium,161,5.193548387096774,0,0,0.031055900621118012,0.9032258064516129,1,1
Dherai ramro thau chha NEPAL-SUITES. NEPAL-SUITES ma room haru ekdamai clean chhan ani NEPAL-SUITES ko staff dherai helpful hunuhunchha!!! I went there with my whole family and NEPAL-SUITES provided us the BEST DEAL for our three-day stay. We loved the garden area of NEPAL-SUITES and the breakfast was also very delicious and fresh every morning.,2026-01-20,5,romanized_nepali,0.0,0.0,1,55,medium,347,6.3090909090909095,3,0,0.19020172910662825,0.8727272727272727,2,1
ramro xa rate anusar ko quality,11-Dec-25,5,romanized_nepali,0.0,0.0,0,6,very_short,31,5.166666666666667,0,0,0.0,1.0,2,3
Ramro lagyo socheko Jastai ayo thank you,19-Nov-25,5,code_mixed,0.0,0.0,0,7,very_short,40,5.714285714285714,0,0,0.05,1.0,0,3
🙌🏻,15-Jun-24,5,english,0.0,0.0,0,1,very_short,2,2.0,0,0,0.0,1.0,1,3
Dherai expectation thiyo GlowKart Products ko. GlowKart Products GlowKart Products packaging flashy but inside quality low. Paisa waste jasto lagyo.,2024-11-23,2,romanized_nepali,0.0,0.0,1,20,short,148,7.4,0,0,0.07432432432432433,0.8,2,2
Poor quality of this product Like a raincoat Bed ma basepachi sew sew bajeko bajai garne ani bedsheets sareko sarai ☹️☹️,13 Nov 2021,1,code_mixed,1.0,1.0,0,21,short,120,5.714285714285714,0,0,0.025,0.9523809523809523,0,2
Ani mero naya laptop bigardiyo yo repair center le. New Road ko side galli ma vako shop ma screen ferne vanera purai original parts chorera local haldyo hjr. Display ma aile thulo line aairaxa ani complain garda malai tharkayera bahira nikaldiye uniharu le. Thulo fraud raixan sabaile avoid garnu hola natra tapai ko mahango device pani khattam huncha.,2024-05-12,1,romanized_nepali,1.0,1.0,1,58,medium,352,6.068965517241379,0,0,0.014204545454545454,0.9310344827586207,2,1
"Thamel ma yeh new restaurant aayeko cha, but food quality dherai low cha, I felt like khane ko poison khaya thiyo.",2023-05-12,2,code_mixed,0.0,0.0,1,21,short,114,5.428571428571429,0,0,0.017543859649122806,0.9523809523809523,0,2
Aaja ma family sanga Patan tira gaye. Khana dherai mast thiyo ra staff haru dherai friendly thiye. Ma bhanxu yo TOTAL BEST DEAL cha Nepal ma!!! Spice Palace Spice Palace Spice Palace ma jane sab lai recommend garchu. Ambiance ramro cha ra price pani thik cha. Hami le dherai maja liyeu ra feri jane sochdai chu. Sabai thik thiyo ra ma khushi chu. Yo jagga quality food ra good service ko lagi best cha.,2025-10-15,5,romanized_nepali,1.0,3.0,1,74,long,402,5.4324324324324325,3,0,0.06965174129353234,0.7567567567567568,2,0
ramro xa.,17-Jun-25,5,romanized_nepali,0.0,0.0,0,2,very_short,9,4.5,0,0,0.0,1.0,2,3
Product is really nice..its perfect and the material is really nice..jasto dekincha testai cha..dami dami…,14 Nov 2021,5,code_mixed,1.0,2.0,0,15,short,106,7.066666666666666,0,0,0.009433962264150943,0.8666666666666667,0,2
Nice shoes,11-Nov-25,5,english,0.0,0.0,0,2,very_short,10,5.0,0,0,0.1,1.0,1,3
kinda good ani lifetime thikai nai xa yasko got it  ,3 weeks ago,3,code_mixed,1.0,1.0,0,10,very_short,52,5.2,0,0,0.0,1.0,0,3
Ramro xaina waste of money used vako jasto aayo ani ek dui ota bhacheko ni thyo,23 Jul 2025,1,code_mixed,0.0,0.0,0,16,short,79,4.9375,0,0,0.012658227848101266,1.0,0,2
Recently I went with family KantipurMart KantipurMart KantipurMart KantipurMart nice staff helpful fast checkout but the whole text reads like a promotional template repeating brand emphasis feels like paid content rather than real feedback very generic phrase,2026-01-06,4,english,0.0,0.0,1,37,medium,260,7.027027027027027,0,0,0.038461538461538464,0.8918918918918919,1,1
sabaile kinda hunxa yo jaxot babal kai bhetidaina ,1-Aug-25,5,romanized_nepali,1.0,1.0,0,8,very_short,50,6.25,0,0,0.0,1.0,2,3
"Mero gadi ko samasya yo repair shop le ekdam aaramse hal garyo, yo shop ko malik dherai ramro cha, pani kam haru ko dar cha, mero experience yo shop ma aaja samma ramro bhayo, hami pani haru ekdam santusht huncha, kinaabaadi yo shop ko sevaa prashansa garnu parcha, dami yo shop ko sevaa thik bhayo.",2023-06-06,5,romanized_nepali,1.0,3.0,1,55,medium,299,5.4363636363636365,0,0,0.0033444816053511705,0.6727272727272727,2,1
Recently experienced SkyLuxe Hotel and honestly it felt like a TOTAL SCAM. SkyLuxe Hotel SkyLuxe Hotel SkyLuxe Hotel keeps advertising luxury suites but rooms outdated. I went there with my partner expecting comfort yet we faced power issues and zero apology from management.,2025-02-11,1,english,0.0,0.0,1,43,medium,275,6.395348837209302,0,0,0.08363636363636363,0.8372093023255814,1,1
thikai xa.,25 Nov 2023,4,romanized_nepali,0.0,0.0,0,2,very_short,10,5.0,0,0,0.0,1.0,2,3
mero yo size milena abo k garne ho,2-Jul-25,5,romanized_nepali,0.0,0.0,0,8,very_short,34,4.25,0,0,0.0,1.0,2,3
"yo service le mero life nai badal diyo, ekdum ekdum ramro, everyone should try!!!",2024-07-25,5,romanized_nepali,1.0,2.0,1,14,short,81,5.785714285714286,3,0,0.0,0.9285714285714286,2,2
very useful as expected,22 Aug 2023,5,english,0.0,0.0,0,4,very_short,23,5.75,0,0,0.0,1.0,1,3
Have been using it 2 week jati bhayo hola ! fast charging pani hunxa ! my device is A35. and 2-3 times ko bich ma charge hunxa mero Device. Build Quality pani ramro xa ! 2-4 choti ramrai height bata jhari sako ra pani kai bhako xaina  ,27-Jul-25,5,code_mixed,0.0,0.0,0,47,medium,235,5.0,3,0,0.02127659574468085,0.8936170212765957,0,1
it's better than expected,29-Sep-21,5,english,0.0,0.0,0,4,very_short,25,6.25,0,0,0.0,1.0,1,3
awesome ....whatever i expected more better than that i got it along with cover..Thankyou daraz,07 Sep 2025,5,english,0.0,0.0,0,15,short,95,6.333333333333333,0,0,0.010526315789473684,0.9333333333333333,1,2
Dherai I went there with my family and we experienced pleasant staff clean rooms good location but the review uses identical phrases found elsewhere and reads like a copied snippet from marketing materials losing authenticity,2026-01-28,4,english,0.0,0.0,1,35,medium,225,6.428571428571429,0,0,0.008888888888888889,0.9714285714285714,1,1
Patan tira ko NEPAL-STAY hotel ekdamai ramro chha. NEPAL-STAY ma room haru clean chhan ani NEPAL-STAY ko staff dherai helpful hunuhunchha!!! Highly recommended for anyone looking for a cheap stay near the temples.,2026-01-20,5,romanized_nepali,0.0,0.0,1,33,medium,213,6.454545454545454,3,0,0.13615023474178403,0.8787878787878788,2,1
Nice shoes 😊😊 Thank you Daraz🙏🙏,1-Aug-25,5,english,0.0,0.0,0,6,very_short,31,5.166666666666667,0,0,0.0967741935483871,1.0,1,3
Herda thikai xa but materials ekdam nai patalo raheko xa. Soft pani xaina but extreme hard pani xaina. overall Okay xa.,29-Jul-25,4,code_mixed,0.0,0.0,0,21,short,119,5.666666666666667,0,0,0.025210084033613446,0.8571428571428571,0,2
"I'm obsessed with this bank's customer service, so friendly and helpful always!",2025-02-15,5,english,0.0,0.0,1,12,short,79,6.583333333333333,1,0,0.012658227848101266,1.0,1,2
"Dherai ramro service cha, I loved it, staff pani friendly thiyo, totally recommended!",2022-11-04,5,code_mixed,0.0,0.0,1,13,short,85,6.538461538461538,1,0,0.023529411764705882,1.0,0,2
Nice price anusar thikei ho🫶,30-Oct-24,5,romanized_nepali,0.0,0.0,0,5,very_short,28,5.6,0,0,0.03571428571428571,1.0,2,3
Really good shoes,21-Sep-25,5,english,0.0,0.0,0,3,very_short,17,5.666666666666667,0,0,0.058823529411764705,1.0,1,3
👍,21 Oct 2022,5,english,0.0,0.0,0,1,very_short,1,1.0,0,0,0.0,1.0,1,3
black color ko kina haldinu vako,26-Dec-24,5,code_mixed,0.0,0.0,0,6,very_short,32,5.333333333333333,0,0,0.0,1.0,0,3
Delivered as expected with good quality and fit for a small family.,28 Dec 2024,5,english,0.0,0.0,0,12,short,67,5.583333333333333,0,0,0.014925373134328358,1.0,1,2
"Bhutta ko price fair cha, khane ma mast lagyo, service okay.",2022-08-29,5,code_mixed,1.0,1.0,1,11,short,60,5.454545454545454,0,0,0.016666666666666666,1.0,0,2
"yo scooter sabai vanda dami, ekdam smooth, best purchase of my life, must buy must buy!!!",2022-08-07,5,romanized_nepali,1.0,2.0,1,16,short,89,5.5625,3,0,0.0,0.9375,2,2
"Satisfied, seems good quality. ",31-Aug-25,1,english,0.0,0.0,0,4,very_short,31,7.75,0,0,0.03225806451612903,1.0,1,3
No invoice and user manuals,23 Nov 2023,4,english,0.0,0.0,0,5,very_short,27,5.4,0,0,0.037037037037037035,1.0,1,3
"Bhokai basnu बरु yesto naramro thau ma khannu vanda. Waiter le extra paisa magyo, kasto bekar thau raixa.",2024-05-14,1,code_mixed,1.0,1.0,1,18,short,105,5.833333333333333,0,0,0.01904761904761905,0.9444444444444444,0,2
Aaja GreenBite Restaurant ma khana khaye. Taste thikai thiyo. Staff normal. Price pani thikai.,2024-10-10,3,romanized_nepali,0.0,0.0,1,14,short,94,6.714285714285714,0,0,0.07446808510638298,1.0,2,2
"Oh my god, I'm totally in love with this restaurant, khana dherai delicious ho, I tried their special thali and it was mind-blowing, I mean, I've never tasted anything so good in my life, price pani very reasonable cha, the ambiance is also very nice, cozy and comfortable, I felt like I'm in a different world, staff bhi very courteous and polite, they treated me like a king, I'm definitely giving it 5 stars, you guys should totally try it out!",2023-04-02,5,code_mixed,0.0,0.0,1,81,long,447,5.518518518518518,1,0,0.017897091722595078,0.8024691358024691,0,0
"finally received the product; very early then the mentioned date; the product looked premium and heavy too. lets see how it performs, thanks daraz n seller; delivery boy is nice  ",28-Oct-24,3,english,0.0,0.0,0,30,medium,179,5.966666666666667,0,0,0.0,0.9333333333333333,1,1
"Yo salon ko sevaye dherai ramro cha, hola sabai ko ko khushi lagyo, ekdam thik bhayo.",2022-04-01,4,romanized_nepali,1.0,1.0,1,16,short,85,5.3125,0,0,0.011764705882352941,0.875,2,2
soche ko vanda ramro quality xa best xa,21 Dec 2025,5,code_mixed,0.0,0.0,0,8,very_short,39,4.875,0,0,0.0,0.875,0,3
"Aaja ko dinner experience thikai thyo tara kehi kura haru sudharnu parne dekhincha. 🍕 Khana ko swad ramro thyo tara service ekdamai dhilo vayo, jhandai ek ghanta kurnu paryo. ✨ Waiter haru dherai busy dekhinthye ani pani magda pani dui choti vannu paryo. ⭐ Ambience chai ekdamai shanta ani ramro raicha, sathi bhai haru sanga guff garna ko lagi thikai thau ho. 🙏 If you have plenty of time then visit garnu hola, natra dherai kurnu parne huna sakcha. ✨",2026-02-18,3,romanized_nepali,0.0,0.0,1,80,long,452,5.65,0,0,0.011061946902654867,0.8,2,0
Recently I purchased a new suitcase. The wheels are smooth and the handle is sturdy. The capacity is large. It survived my last trip without damage.,2025-05-15,4,english,0.0,0.0,1,26,short,148,5.6923076923076925,0,0,0.033783783783783786,0.9230769230769231,1,2
"Product ko quality thik cha, price pani reasonable, I think it's a good purchase.",2025-03-06,4,code_mixed,0.0,0.0,1,14,short,81,5.785714285714286,0,0,0.024691358024691357,1.0,0,2
"Ambiance superb, food quality aafno level cha, I'm a big fan now, love it!",2024-07-30,5,code_mixed,0.0,0.0,1,14,short,74,5.285714285714286,1,0,0.02702702702702703,1.0,0,2
Aaja ko yatra normal thyo. Driver was okay and reached on time.,2026-02-01,3,code_mixed,0.0,0.0,1,12,short,63,5.25,0,0,0.031746031746031744,1.0,0,2
"Saman ramro xa, User Manual pathiyena, Sound ali thulo xa. Aba kati chalxa herau!",19 Dec 2023,3,code_mixed,0.0,0.0,0,14,short,81,5.785714285714286,1,0,0.06172839506172839,1.0,0,2
"The rooms are beyond perfect, 7 star experience, best stay ever in my life!!!",2023-06-06,5,english,0.0,0.0,1,14,short,77,5.5,3,0,0.012987012987012988,1.0,1,2
"Ramro product, I loved it, price fair aur quality superb cha.",2022-07-20,4,code_mixed,0.0,0.0,1,11,short,61,5.545454545454546,0,0,0.03278688524590164,1.0,0,2
"HORRIBLE place food poisoning happened, I was hospitalized for 3 days, go to Bhatbhateni Supermarket instead they have fresh items!!!",2023-06-15,1,english,0.0,0.0,1,20,short,133,6.65,3,0,0.08270676691729323,1.0,1,2
Thamel ma I went there with my family and we experienced the ride was punctual the driver polite but the confirmation messages felt templated and copied no real personalization the chain of messages looked like a bot flow leaving a hollow trust signal,2026-01-20,3,english,0.0,0.0,1,43,medium,251,5.837209302325581,0,0,0.00796812749003984,0.8604651162790697,1,1
Recently visited the dentist at HEALTH-CARE-CENTER. HEALTH-CARE-CENTER was clean but HEALTH-CARE-CENTER was very expensive for a simple checkup. I felt that HEALTH-CARE-CENTER is just trying to make money from tourists. The doctor at HEALTH-CARE-CENTER was good but the overall cost was not justified at all for the service provided.,2026-02-13,2,english,0.0,0.0,1,49,medium,333,6.795918367346939,0,0,0.24924924924924924,0.7551020408163265,1,1
Sano xa bt ramro xa,26 May 2024,5,code_mixed,0.0,0.0,0,5,very_short,19,3.8,0,0,0.05263157894736842,0.8,0,3
Dherai I went there with my family and we experienced KantipurMart KantipurMart KantipurMart the service felt automated and repetitive very quick and efficient good value for money I cannot recommend this enough very generic phrase very generic phrase very generic phrase,2026-01-09,5,english,0.0,0.0,1,41,medium,271,6.609756097560975,0,0,0.033210332103321034,0.7073170731707317,1,1
Baccha ra thulo both ko lagi hunxa yo. Light lay garda use garna easy xa.,17-Jan-26,5,code_mixed,0.0,0.0,0,15,short,73,4.866666666666666,0,0,0.0273972602739726,1.0,0,2
"I loved the service, khub bhayo, excellent work, very professional staff thiyo.",2022-04-25,4,code_mixed,0.0,0.0,1,12,short,79,6.583333333333333,0,0,0.012658227848101266,1.0,0,2
"price anusar ekdam good xa? yo samet 2 choti kine yo shoes,",14-Jan-26,4,romanized_nepali,1.0,1.0,0,12,short,59,4.916666666666667,0,1,0.0,0.9166666666666666,2,2
King size vaneko fitting nai vayena Ali Kati side ma napugne raixa but quality ta ramrai xa,10 Mar 2025,5,code_mixed,0.0,0.0,0,17,short,91,5.352941176470588,0,0,0.03296703296703297,1.0,0,2
Chito train ticket book gariyo. The seat was window side and the journey was scenic. The coach was clean. I reached my destination without delay.,2025-02-25,3,romanized_nepali,1.0,1.0,1,25,short,145,5.8,0,0,0.027586206896551724,0.88,2,2
Good product. And ramro ani,1-Sep-22,4,code_mixed,0.0,0.0,0,5,very_short,27,5.4,0,0,0.07407407407407407,1.0,0,3
same to same and fit eyes sunglasses butter product I like it 🕶️,07 Sep 2024,5,english,0.0,0.0,0,13,short,64,4.923076923076923,0,0,0.015625,0.9230769230769231,1,2
Dherai time pachi new phone kinne soch gariyo. The camera quality is poor in low light. Battery drains fast. The brand promised more but delivered less.,2024-11-17,2,romanized_nepali,0.0,0.0,1,26,short,152,5.846153846153846,0,0,0.02631578947368421,0.9615384615384616,2,2
"Best thukpa ever khadne ko chance paiyo, really delicious, don't miss it!",2024-05-21,5,code_mixed,0.0,0.0,1,12,short,73,6.083333333333333,1,0,0.0136986301369863,1.0,0,2
"cab driver ekdum ramro, vehicle clean, on time arrival, excellent service!!!",2023-09-14,5,code_mixed,1.0,1.0,1,11,short,76,6.909090909090909,3,0,0.0,1.0,0,2
"Worst purchase ever, doesn't work as advertised, total waste of money.",2025-01-14,1,english,0.0,0.0,1,11,short,70,6.363636363636363,0,0,0.014285714285714285,1.0,1,2
my father n bro loved it,9-Nov-20,5,english,0.0,0.0,0,6,very_short,24,4.0,0,0,0.0,1.0,1,3
Patan area ma gadi ko dherai problem chha. I had to wait for an hour to find a cab. TOTAL WASTE OF TIME. The infrastructure is so poor and the traffic management is non-existent during peak hours.,2026-01-30,1,english,0.0,0.0,1,37,medium,196,5.297297297297297,0,0,0.09693877551020408,0.9459459459459459,1,1
ramro xa vanay ko jastai pako xu 👍,8-Oct-24,5,romanized_nepali,0.0,0.0,0,8,very_short,34,4.25,0,0,0.0,1.0,2,3
mero dry skin lai alik suit garena dry skin ko lagi ho but yo use garera mero nose sides ekdam dry vayo and moisturizer lauda polyo yo cleaner use garesi,1 week ago,4,code_mixed,1.0,1.0,0,30,medium,153,5.1,0,0,0.0,0.8,0,1
Ekdam ramro xa Dhukka vayera kinda hunxa,2-Feb-26,5,romanized_nepali,1.0,1.0,0,7,very_short,40,5.714285714285714,0,0,0.05,1.0,2,3
"This bank's customer service is top notch, friendly and super helpful, love it!",2023-03-24,5,english,0.0,0.0,1,13,short,79,6.076923076923077,1,0,0.012658227848101266,1.0,1,2
Thik xa,20-Sep-25,3,romanized_nepali,0.0,0.0,0,2,very_short,7,3.5,0,0,0.14285714285714285,1.0,2,3
Patan tira BrightWash Services use gareko. Work was okay. Staff polite.,2024-12-05,3,code_mixed,0.0,0.0,1,11,short,71,6.454545454545454,0,0,0.08450704225352113,1.0,0,2
"Maile yeh airline use garayo, experience dherai amazing thiyo, I love it.",2022-07-26,4,code_mixed,0.0,0.0,1,12,short,73,6.083333333333333,0,0,0.0273972602739726,1.0,0,2
"yo restaurant waiter le galat bill diyo, overcharge garyo, chor haru!!!",2022-11-24,1,romanized_nepali,0.0,0.0,1,11,short,71,6.454545454545454,3,0,0.0,1.0,2,2
Mero daraz ko worst shopping experience. Hijo order aayo aja use Garda asto Cha. yo vendor ko ramro review dekhera ata bata liyeko Saman ramro chaina bhane kina sale garnu.,20 Nov 2025,1,code_mixed,1.0,1.0,0,30,medium,172,5.733333333333333,0,0,0.029069767441860465,0.9333333333333333,0,1
"first day use after purchase, induction ma ekxin chalepaxi E4 vanne error aauxa. kunai pani khana pakauna mileko xaina. everytime E4 paxi restart garnu parxa. need help from seller... rating can be revised if solved",08 Dec 2023,2,code_mixed,0.0,0.0,0,35,medium,215,6.142857142857143,0,0,0.009302325581395349,0.9714285714285714,0,1
Thikai thyo aaja ko shopping experience ⭐. I bought some clothes and the quality is average. Price was not too high but they didn't give any discount for regular customers like me ✨.,2026-02-12,3,english,0.0,0.0,1,33,medium,182,5.515151515151516,0,0,0.016483516483516484,1.0,1,1
"Bank ko customer service ramro thiyo, staff pani cooperative cha, I'm very satisfied, will use again.",2024-08-20,3,code_mixed,0.0,0.0,1,16,short,101,6.3125,0,0,0.019801980198019802,1.0,0,2
softer then I expected......I will recommend you too buy❣️ ,23-Jan-25,5,english,0.0,0.0,0,9,very_short,59,6.555555555555555,0,0,0.03389830508474576,1.0,1,3
1 week mai yellow vayo,8-Apr-25,1,romanized_nepali,0.0,0.0,0,5,very_short,22,4.4,0,0,0.0,1.0,2,3
Recently bought a heater from HOME-TECH store. HOME-TECH sent a broken unit first time. I had to go to HOME-TECH office three times to get it replaced. TOTAL HEADACHE experience with HOME-TECH management. The new unit works fine but the service was so poor that I will never visit HOME-TECH store again.,2026-02-11,2,english,0.0,0.0,1,52,medium,303,5.826923076923077,0,0,0.18811881188118812,0.8269230769230769,1,1
Okay,11 Aug 2025,3,english,0.0,0.0,0,1,very_short,4,4.0,0,0,0.25,1.0,1,3
"Ani, booked reservation advance booking confirmed guaranteed assured promised committed for special important occasion celebration event function at highly rated top recommended popular famous renowned prestigious upscale fine dining luxury premium restaurant establishment venue and upon arrival reaching appearing showing up was informed told notified advised that booking was lost missing not found disappeared canceled without notification information intimation communication, no table available free vacant ready prepared set arranged, manager staff receptionist hostess were unapologetic indifferent uncaring unsympathetic cold rude dismissive arrogant, refused offered alternative solution compensation apology explanation justification reason, special occasion ruined spoiled destroyed wasted, embarrassment humiliation frustration anger disappointment sadness distress was immense tremendous enormous huge massive, unprofessional incompetent negligent careless irresponsible unaccountable behavior conduct attitude approach is absolutely completely totally unacceptable intolerable inexcusable unforgivable",2024-12-11,1,code_mixed,0.0,0.0,1,128,long,1116,8.71875,0,0,0.0008960573476702509,0.9609375,0,0
I have no idea about the makeup brushes as i am no professional but they are in good condition so i like it.   Arulai ni suggest garxu babal bhanera,10-Aug-25,5,code_mixed,1.0,1.0,0,29,medium,148,5.103448275862069,0,0,0.013513513513513514,0.9310344827586207,0,1
Khattam service driver le bich bato mai bus rokera extra paisa magyo natra agadi janna vanyo. Kathmandu dekhi butwal jada yesto naramro dukha maile kaile pako thiyena salla fraud bus company raixa hjr. Seat pani purai fohori thiyo ani staff haru kura garna ni audaina kasto rude chan. Never ever book any ticket from this travel agency because they are unsafe for girls.,2023-12-20,1,code_mixed,1.0,1.0,1,63,medium,370,5.873015873015873,0,0,0.010810810810810811,0.9841269841269841,0,1
"This hospital has a good reputation, and the doctors are quite experienced, anubhav cha yestai ho, but the waiting time was a bit long, karan there were many patients, and the staff was busy, lekin they were doing their best, so I appreciate that, and the treatment was also satisfactory.",2024-11-24,1,code_mixed,0.0,0.0,1,50,medium,288,5.76,0,0,0.006944444444444444,0.82,0,1
"Amazing product, I highly recommend, dherai useful features cha, loved it!",2024-01-19,4,code_mixed,0.0,0.0,1,11,short,74,6.7272727272727275,1,0,0.02702702702702703,1.0,0,2
💼💼💼 #BestExperts #Number1Service WORLD CLASS SUPPORT!!! Outstanding professionals highly recommended!!! #Excellence #TopRated #Premium!!!,2024-05-27,5,english,0.0,0.0,1,13,short,137,10.538461538461538,9,0,0.1897810218978102,1.0,1,2
"Dherai swadisht burger khaya, I totally loved it, price pani reasonable cha!",2022-03-11,3,code_mixed,0.0,0.0,1,12,short,76,6.333333333333333,1,0,0.02631578947368421,1.0,0,2
"Hospital ko doctor ko fees dherai high thiyo, I felt cheated, very poor service quality.",2024-07-31,3,code_mixed,0.0,0.0,1,15,short,88,5.866666666666666,0,0,0.022727272727272728,0.9333333333333333,0,2
"Yo bank dherai upyogi cha, mero account tyo bank ma khulyo, khub sanchai banking service cha, tyo bank ko staff haru dherai cooperative huncha, mero sabai kaam tyo bank ma ekdam thik bhayo, aaja pani m tyo bank ko bare ma bolchu, khub ramro experience bhayo, sabai le tyo bank ma account khulna cha.",2023-02-18,1,romanized_nepali,1.0,6.0,1,54,medium,299,5.537037037037037,0,0,0.0033444816053511705,0.6296296296296297,2,1
"nice products 
I love this product 👍🏽 ",13-May-25,5,english,0.0,0.0,0,7,very_short,38,5.428571428571429,0,0,0.02631578947368421,1.0,1,3
Not good not bad it’s like okey price anushar Thankyou Daraz,12 hours ago,5,code_mixed,0.0,0.0,0,11,short,60,5.454545454545454,0,0,0.05,1.0,0,2
Doesn't take off dead skins . pijaz ko bora is better than this.... 🙃 . Waste of money.,22-Nov-25,1,code_mixed,1.0,1.0,0,18,short,87,4.833333333333333,0,0,0.022988505747126436,0.9444444444444444,0,2
Thamel ma short family trip ma gaye. The hotel had a kids play area and the rooms were family friendly. The staff arranged extra beds. I would book again for holidays.,2024-08-28,4,romanized_nepali,0.0,0.0,1,31,medium,167,5.387096774193548,0,0,0.023952095808383235,0.9032258064516129,2,1
"scooter storage space ramro cha, design compact, city ride ko lagi babbal!!!",2023-05-07,5,romanized_nepali,1.0,1.0,1,12,short,76,6.333333333333333,3,0,0.0,1.0,2,2
"Dherai ghatiya experience 😡. Maile online saman mangako tara box khali aayo. TOTAL FRAUD. When I called them, they blocked my number. Everyone should be careful of this shop 🔥.",2026-02-14,1,romanized_nepali,1.0,1.0,1,30,medium,176,5.866666666666666,0,0,0.08522727272727272,1.0,2,1
Thank you!! Glad to shop with.. Awaiting much more shopping moments..,7-Dec-21,5,english,0.0,0.0,0,11,short,69,6.2727272727272725,2,0,0.043478260869565216,1.0,1,2
"Mo:mo ko quality exceptional thiyo, I'm a big fan, must visit yeh place.",2022-01-07,5,code_mixed,0.0,0.0,1,13,short,72,5.538461538461538,0,0,0.027777777777777776,1.0,0,2
"Thikai layo. Price wise, okay, may be. Sisters haru lai ni gift diyeko yei. 😆",12 Jan 2026,5,code_mixed,0.0,0.0,0,15,short,77,5.133333333333334,0,0,0.03896103896103896,1.0,0,2
thekai xa but sath ma aaune data cable ghatya xa  ,21-Oct-25,4,code_mixed,0.0,0.0,0,10,very_short,50,5.0,0,0,0.0,0.9,0,3
"I loved it, khubsurat design, excellent quality, totally value for money, must buy!",2024-05-26,5,code_mixed,0.0,0.0,1,13,short,83,6.384615384615385,1,0,0.012048192771084338,1.0,0,2
Recently bought a heater from HOME-APPLIANCES and HOME-APPLIANCES is great. HOME-APPLIANCES has the BEST DEAL in town and HOME-APPLIANCES gave me a two year warranty too!!! I am very happy with my purchase today for the winter.,2026-02-03,5,english,0.0,0.0,1,37,medium,227,6.135135135135135,3,0,0.2907488986784141,0.8378378378378378,1,1
Wow! Fastest delivery I have ever seen in Kathmandu area for online shopping apps. Product was exactly as shown in the picture and the quality is absolutely world class compared to the cheap items found in local market. I am 100% satisfied with my purchase and will recommend all my friends to order from this store for genuine items. Keep up the good work and professional service.,2024-10-22,5,english,0.0,0.0,1,67,long,382,5.701492537313433,1,0,0.01832460732984293,0.835820895522388,1,0
"Hola yo microbus dherai kharab cha, besari cha, yo service na chaodalnu hola.",2023-07-27,2,romanized_nepali,0.0,0.0,1,13,short,77,5.923076923076923,0,0,0.012987012987012988,0.8461538461538461,2,2
it's okey.,23-Sep-25,4,english,0.0,0.0,0,2,very_short,10,5.0,0,0,0.0,1.0,1,3
lala dami xa dami haina over dami raixa man paryo 😍,15-Jul-25,5,romanized_nepali,1.0,3.0,0,11,short,51,4.636363636363637,0,0,0.0,0.8181818181818182,2,2
"Online shopping ma dherai easy thiyo, product pani nice cha, delivery time pani fast.",2023-03-31,5,code_mixed,0.0,0.0,1,14,short,85,6.071428571428571,0,0,0.011764705882352941,0.9285714285714286,0,2
okay adjustable and sabilai recomendable ,29-May-25,1,code_mixed,0.0,0.0,0,5,very_short,41,8.2,0,0,0.0,1.0,0,3
Awesome and has been using since two weeks,12 Dec 2025,5,english,0.0,0.0,0,8,very_short,42,5.25,0,0,0.023809523809523808,1.0,1,3
"This gadget is pure perfection, no flaws at all, best thing ever invented!!!",2025-02-06,5,english,0.0,0.0,1,13,short,76,5.846153846153846,3,0,0.013157894736842105,1.0,1,2
causal use like thik cha .. Ali patalo cha it's okay,19-May-25,5,code_mixed,0.0,0.0,0,11,short,52,4.7272727272727275,0,0,0.019230769230769232,0.9090909090909091,0,2
Aaja ko dinner ekdamai jhur thyo 🍕. Cold momos and very salty soup. Maile complain garda manager hasera hidyo. TOTAL WASTE and very unprofessional behavior 😡‼️ 🔥.,2026-02-18,1,code_mixed,1.0,1.0,1,27,short,162,6.0,0,0,0.08024691358024691,0.9259259259259259,0,2
very nice  ani amaizing quality babal,7-Dec-25,1,code_mixed,1.0,1.0,0,6,very_short,37,6.166666666666667,0,0,0.0,1.0,0,3
Well packaged,19 Oct 2025,5,english,0.0,0.0,0,2,very_short,13,6.5,0,0,0.07692307692307693,1.0,1,3
"Unbelievable results!! Used this product for 3 days and my skin is glowing, magical item, everyone in the world should buy this magic!!!",2025-01-28,5,english,0.0,0.0,1,23,short,136,5.913043478260869,5,0,0.014705882352941176,0.9565217391304348,1,2
"yo product ekdum babbal cha, packaging pani ramro, delivery boy ni ekdum friendly, best shopping experience ever, five stars!!!",2025-01-18,5,romanized_nepali,1.0,1.0,1,19,short,127,6.684210526315789,3,0,0.0,0.9473684210526315,2,2
product use chai garya xaina Tara quality ramrai xa thank you for the fast delivery,23-Sep-25,5,code_mixed,0.0,0.0,0,15,short,83,5.533333333333333,0,0,0.012048192771084338,1.0,0,2
"yo restaurant ma credit card fraud bhayo, clone garera misuse gareko, Cafe Soma ma janu safe cha!!!",2024-10-05,1,romanized_nepali,0.0,0.0,1,17,short,99,5.823529411764706,3,0,0.020202020202020204,0.9411764705882353,2,2
"Worst food ever, I got sick immediately, this place should be shut down forever!!!",2024-03-03,1,english,0.0,0.0,1,14,short,82,5.857142857142857,3,0,0.024390243902439025,1.0,1,2
📱📱📱 #BestGadget #Number1Nepal WORLD CLASS TECHNOLOGY!!! Revolutionary product must buy now!!! #Innovation #TopQuality #Premium!!!,2022-11-30,5,english,0.0,0.0,1,14,short,129,9.214285714285714,9,0,0.2248062015503876,1.0,1,2
Chito booking gareko SunriseStay Hotel ma. SunriseStay Hotel SunriseStay Hotel looks fancy online but room small and noisy. I felt misled and the manager ignored my complaint completely.,2024-09-02,1,code_mixed,0.0,0.0,1,28,short,186,6.642857142857143,0,0,0.05913978494623656,0.8214285714285714,0,2
biscuit mitho cha. ,20-Aug-25,5,romanized_nepali,0.0,0.0,0,3,very_short,19,6.333333333333333,0,0,0.0,1.0,2,3
thik thik xa,24-Jul-25,5,romanized_nepali,0.0,0.0,0,3,very_short,12,4.0,0,0,0.0,0.6666666666666666,2,3
Tysm,9-Jun-25,1,romanized_nepali,1.0,1.0,0,1,very_short,4,4.0,0,0,0.25,1.0,2,3
"Aba, ordered sekuwa thali platter combo meal set from local neighborhood nearby community restaurant eatery food joint and portion quantity amount serving size was ridiculously absurdly laughably pathetically tiny small little minuscule microscopic insufficient inadequate unsatisfactory disappointing, taste flavor seasoning spices marination was bland tasteless flavorless boring dull unappetizing unpalatable disgusting awful terrible horrible, meat was tough hard chewy rubbery old stale not fresh frozen reheated, vegetables were wilted soggy mushy overcooked undercooked raw, rice was hard dry cold clumpy sticky lumpy, accompaniments sides condiments chutneys sauces were missing absent lacking insufficient, pricing cost charge rate fee was exorbitant expensive overpriced inflated unreasonable unjustified ridiculous outrageous absurd, service was slow delayed late sluggish inefficient disorganized chaotic, waiter staff were inattentive careless forgetful rude unprofessional, total waste money time effort",2023-07-16,1,code_mixed,0.0,0.0,1,129,long,1017,7.883720930232558,0,0,0.0009832841691248771,0.937984496124031,0,0
"Herda, booked scheduled arranged reserved hired engaged contracted authorized licensed certified insured cab taxi vehicle transportation ride service conveyance through popular widely used commonly utilized frequently employed mobile smartphone digital application app platform software system for important essential critical time sensitive urgent appointment commitment engagement meeting and entire whole complete total full comprehensive absolute experience journey ordeal was horrifying nightmarish traumatic devastating catastrophic disastrous terrible awful dreadful appalling shocking disturbing alarming concerning worrying frightening terrifying, driver operator chauffeur was late delayed tardy behind schedule overdue causing stress anxiety panic worry concern, vehicle car automobile auto was dirty filthy unclean unhygienic smelly odorous musty foul stinky reeking, interior inside cabin passenger area was littered trashy messy cluttered disorganized chaotic, seats cushions upholstery was torn ripped damaged stained soiled spotted, air conditioning ventilation climate control was not working broken malfunctioning ineffective inadequate insufficient, music radio volume was excessively extremely unbearably loud high, driver behavior attitude conduct manner was rude discourteous impolite disrespectful unprofessional inappropriate, drove recklessly dangerously rashly carelessly negligently, overcharged excessive unreasonable unjustified",2024-02-05,1,code_mixed,0.0,0.0,1,172,long,1457,8.470930232558139,0,0,0.0006863417982155113,0.9476744186046512,0,0
ramrai xa but not google verfied product purchase bill warranty card not aayena,11 Nov 2024,3,code_mixed,0.0,0.0,0,13,short,79,6.076923076923077,0,0,0.0,0.9230769230769231,0,2
"scooter ma short circuit fire lage, total loss, TVS Apache safe electrical system cha!!!",2023-09-27,1,code_mixed,0.0,0.0,1,14,short,88,6.285714285714286,3,0,0.045454545454545456,1.0,0,2
this oil has helped me with my PCOS hairfall. super beneficial for my scalp. thank you jina alchemy for creating this product 😍 I have almost emptied the bottle. need a new one soon 😉,24 Jan 2025,5,english,0.0,0.0,0,35,medium,183,5.228571428571429,0,0,0.0273224043715847,0.9142857142857143,1,1
"product comparison ko base ma ekdum superior, competition lai beat garcha!!!",2024-05-14,5,code_mixed,0.0,0.0,1,11,short,76,6.909090909090909,3,0,0.0,1.0,0,2
thikai cha......used it.....found comfortable,7-Apr-25,5,code_mixed,0.0,0.0,0,4,very_short,45,11.25,0,0,0.0,1.0,0,3
Very poor quality bora jasto,14-Oct-25,1,code_mixed,0.0,0.0,0,5,very_short,28,5.6,0,0,0.03571428571428571,1.0,0,3
A few days ago I tried the new service in Kathmandu. The quality was poor and they took too long to complete the job. This is a TOTAL SCAM!!! Do not trust this company with your important tasks. I lost my important documents due to their negligence. Never again will I use them.,2025-12-05,1,english,0.0,0.0,1,53,medium,278,5.245283018867925,3,0,0.06474820143884892,0.9056603773584906,1,1
Dherai jhur delivery service 😡. My package was opened and some items were missing. TOTAL SCAM company. I will never suggest anyone to use their shipping service again 🔥.,2026-02-13,1,romanized_nepali,1.0,1.0,1,29,medium,169,5.827586206896552,0,0,0.07100591715976332,0.9655172413793104,2,1
ramro xa thank you daraz,14-Nov-25,5,code_mixed,0.0,0.0,0,5,very_short,24,4.8,0,0,0.0,1.0,0,3
"Mero phone ko 64 charge theyo powerbank ko 79 
aila some minute mero charge 70 vayo powerbank ko 77 
so i think 10000Mah ko ho jasto xa 20k vako va ta 1 percent la mero phone around 6 percent hunu partheyo poisa matra sasto kam ta hawa raixa charge 22.5 chai hoina 15w ko cha haii 7 days paxi herxu ani review dinxu 🥲 ",16-Nov-24,1,romanized_nepali,0.0,0.0,0,64,medium,318,4.96875,0,0,0.006289308176100629,0.828125,2,1
babal xa tara raati chi na lgauana garo hunxa,11 hours ago,5,romanized_nepali,1.0,1.0,0,9,very_short,45,5.0,0,0,0.0,1.0,2,3
🎯🎯🎯 #Number1Product #BestBuy WORLD CLASS QUALITY!!! Top rated product must purchase!!! #Excellence #HighlyRecommended #Premium!!!,2022-09-14,5,english,0.0,0.0,1,14,short,129,9.214285714285714,9,0,0.20155038759689922,1.0,1,2
thikx xa aru saman haru bhanda yo wla,27-Oct-25,5,romanized_nepali,1.0,1.0,0,8,very_short,37,4.625,0,0,0.0,1.0,2,3
Ramro layo,26 Nov 2023,4,romanized_nepali,0.0,0.0,0,2,very_short,10,5.0,0,0,0.1,1.0,2,3
i am very disappointed with the product u delivered. its veryyy mall in size plz return back it... this dish rack drainer with tray for kitchen is very small plz take it back.. i dont want this item.. very very much dissapointedd with this daraj online,12 Mar 2023,1,english,0.0,0.0,0,46,medium,252,5.478260869565218,0,0,0.0,0.8043478260869565,1,1
Saman ta thikai chha tara picture ma dekheko bhanda farak aayo.,03 Feb 2024,4,code_mixed,0.0,0.0,0,11,short,63,5.7272727272727275,0,0,0.015873015873015872,1.0,0,2
Photo ma dekhako jasto xaina rww phaile ko vanda copy  product xa phaile ko naii better xa ahile ko vanda tww  ,14-Jul-25,5,code_mixed,0.0,0.0,0,21,short,111,5.285714285714286,0,0,0.009009009009009009,0.7619047619047619,0,2
Recently had a meeting in Thamel. The cafe was quite noisy but the wifi was working fine 💻. It was an average place for a quick business talk over some green tea ⭐.,2026-02-18,3,english,0.0,0.0,1,33,medium,164,4.96969696969697,0,0,0.024390243902439025,0.9090909090909091,1,1
Dherai be ramro bike rental pae ma. The scooter was in good condition and the fuel was full. I rode around the valley comfortably. The rental company was professional.,2025-03-28,5,code_mixed,1.0,2.0,1,29,medium,167,5.758620689655173,0,0,0.023952095808383235,0.8275862068965517,0,1
very good products as expected,25-Jan-22,5,english,0.0,0.0,0,5,very_short,30,6.0,0,0,0.0,1.0,1,3
dherai dherai bhando ni ramro xa kyare malai chahi yo aile bhanda ko sahi lagyo,5-May-25,3,romanized_nepali,1.0,1.0,0,15,short,79,5.266666666666667,0,0,0.0,0.9333333333333333,2,2
"Dami quality packaging ani original item. Best shopping store in Nepal, dhukkai kinnu sabaile.",2025-01-30,5,romanized_nepali,1.0,2.0,1,14,short,94,6.714285714285714,0,0,0.031914893617021274,1.0,2,2
"Repair shop ko work quality ramro thiyo, I appreciated it, time pani on schedule cha, excellent!",2025-06-20,5,code_mixed,0.0,0.0,1,16,short,96,6.0,1,0,0.020833333333333332,1.0,0,2
"hotel WiFi password wrong deko, internet access denied, basic facility fail!!!",2023-09-12,1,code_mixed,0.0,0.0,1,11,short,78,7.090909090909091,3,0,0.02564102564102564,1.0,0,2
it's a good product and expectation vanda ni dherai ramro lagyo malai chai,9-Dec-25,5,code_mixed,0.0,0.0,0,13,short,74,5.6923076923076925,0,0,0.0,1.0,0,2
"Worst cab service ever. Driver was drunk and shouting. He took extra money, thulo fraud ho yo company, never book from their app again.",2023-12-22,1,english,0.0,0.0,1,24,short,135,5.625,0,0,0.022222222222222223,1.0,1,2
Studdds Raider Helmet so good,14 Nov 2024,5,english,0.0,0.0,0,5,very_short,29,5.8,0,0,0.10344827586206896,1.0,1,3
alli sano xa size yesko anyway ramro xa,07 Jan 2026,2,code_mixed,1.0,1.0,0,8,very_short,39,4.875,0,0,0.0,0.875,0,3
Looks same as in picture....solid...my only concern is the plastic lead...Donno how long it lasts ...aru Saab thik cha quality...,25-Jul-25,4,code_mixed,0.0,0.0,0,20,short,129,6.45,0,0,0.023255813953488372,1.0,0,2
Aaja ma new shoes kinne plan thiyo. The sole came off after first use. The material was cheap. This brand is not reliable for daily wear.,2025-10-20,1,code_mixed,0.0,0.0,1,26,short,137,5.269230769230769,0,0,0.029197080291970802,0.9615384615384616,0,2
"Hotel ko ambiance dherai clean thiyo, I think it's good for stay.",2022-05-11,3,code_mixed,0.0,0.0,1,12,short,65,5.416666666666667,0,0,0.03076923076923077,1.0,0,2
price anusar ramro xa saman,1-Nov-25,5,romanized_nepali,0.0,0.0,0,5,very_short,27,5.4,0,0,0.0,1.0,2,3
"yo motorcycle ekdam babbal machine ho, smoothest ride ever, must must buy guys!!!",2023-07-15,5,romanized_nepali,1.0,2.0,1,13,short,81,6.230769230769231,3,0,0.0,0.9230769230769231,2,2
Low price and good product hai,30-Jul-23,5,code_mixed,0.0,0.0,0,6,very_short,30,5.0,0,0,0.03333333333333333,1.0,0,3
🔥🔥🔥 #Number1InNepal #BestRestaurant WORLD CLASS FOOD!!! Must visit amazing place 5 star experience guaranteed!!! #FoodieParadise #TopQuality!!!,2023-05-09,5,english,0.0,0.0,1,16,short,143,8.9375,9,0,0.16783216783216784,1.0,1,2
price anushar quality ramro xa its goood❤,13-Dec-23,4,code_mixed,0.0,0.0,0,7,very_short,41,5.857142857142857,0,0,0.0,1.0,0,3
price anusar thikai xa,1-Jun-25,5,romanized_nepali,0.0,0.0,0,4,very_short,22,5.5,0,0,0.0,1.0,2,3
"yo cab service ekdam dami, ride smooth and best journey ever!!!",2022-09-30,5,romanized_nepali,1.0,2.0,1,11,short,63,5.7272727272727275,3,0,0.0,1.0,2,2
ramro xa quality,01 Sep 2025,5,code_mixed,0.0,0.0,0,3,very_short,16,5.333333333333333,0,0,0.0,1.0,0,3
comes with little pouch... ekdam worth cha price anusar  ,12-Mar-25,5,code_mixed,0.0,0.0,0,9,very_short,57,6.333333333333333,0,0,0.0,1.0,0,3
ramro lagyo 🤗,4-Jan-25,5,romanized_nepali,0.0,0.0,0,3,very_short,13,4.333333333333333,0,0,0.0,1.0,2,3
worst packaging and delivery late,19 Nov 2025,1,english,0.0,0.0,0,5,very_short,33,6.6,0,0,0.0,1.0,1,3
"Mero mitra le yo thau ko khana khancha, bhayo cha thik thik.",2025-03-16,1,romanized_nepali,0.0,0.0,1,12,short,60,5.0,0,0,0.016666666666666666,1.0,2,2
Aaja ko yatra dherai jhur vayo 🚌. Bus broke down in the middle of the highway and we had to wait for three hours. TOTAL WASTE of a whole day 😡‼️ 🔥.,2026-02-18,1,code_mixed,0.0,0.0,1,32,medium,147,4.59375,0,0,0.08163265306122448,0.9375,0,1
"hotel breakfast buffet ekdum dami thiyo, variety lastai ramro, mitho khana!!!",2022-11-24,5,romanized_nepali,1.0,2.0,1,11,short,77,7.0,3,0,0.0,1.0,2,2
♥️👍,14 Jun 2023,5,romanized_nepali,0.0,0.0,0,1,very_short,3,3.0,0,0,0.0,1.0,2,3
"Mero ekdam man yo salon ko service le parauncha, yo salon ma staff ko behavior dherai ramro cha, unile mero khana pani serve garyo, maile yo salon ma dherai besari paryo, tara tyo bela ma pani unile mero ko ko samasya ko Hall paryo, maile yo salon ko service ko barema dherai logo ko sanchai gareko chu, uniharuko service dherai achha cha, unile mero ko sujhab pani DIYEko cha.",2024-12-11,4,romanized_nepali,1.0,2.0,1,69,long,377,5.463768115942029,0,0,0.015915119363395226,0.5652173913043478,2,0
"delivery and packaging was extremely good, let's see the results ❤️",03 Jun 2025,5,english,0.0,0.0,0,11,short,67,6.090909090909091,0,0,0.0,1.0,1,2
Recently I used a photography service. The photos were blurry and the editing was basic. The package was expensive for the output. I will not hire them again.,2025-12-05,2,english,0.0,0.0,1,28,short,158,5.642857142857143,0,0,0.03164556962025317,0.8571428571428571,1,2
"motorcycle ma adulterated fuel use garera engine damage, TVS genuine parts use garcha!!!",2023-12-08,1,code_mixed,0.0,0.0,1,13,short,88,6.769230769230769,3,0,0.03409090909090909,0.9230769230769231,0,2
❤❤❤❤,02 Feb 2024,5,english,0.0,0.0,0,1,very_short,4,4.0,0,0,0.0,1.0,1,3
"It's quality is alright, it was my first time buying the pads from dazar and well it was okaish not too bad",02 Dec 2025,5,english,0.0,0.0,0,22,short,107,4.863636363636363,0,0,0.009345794392523364,0.9090909090909091,1,2
Ramro xa design saman sano raixa big sizemapani leunupareo aba,06 Feb 2026,5,code_mixed,0.0,0.0,0,10,very_short,62,6.2,0,0,0.016129032258064516,1.0,0,3
Dherai ramro thau chha yo. I visited with my friends last night and the music was awesome. The drinks were also very well made and the prices were fair. We had a great time dancing all night!!!,2026-02-12,5,code_mixed,0.0,0.0,1,37,medium,193,5.216216216216216,3,0,0.02072538860103627,0.918918918918919,0,1
I got the pink one so cuteeee 🎀 and it works as expected,3-Sep-25,1,english,1.0,1.0,0,13,short,56,4.3076923076923075,0,0,0.017857142857142856,1.0,1,2
mulya anusarako saman patakkai chaina.third class,22 Jul 2023,5,romanized_nepali,1.0,1.0,0,6,very_short,49,8.166666666666666,0,0,0.0,1.0,2,3
"Wow, ramro lagyo, highly recommended 👍🏻 ",9-Jun-25,2,code_mixed,0.0,0.0,0,6,very_short,40,6.666666666666667,0,0,0.025,1.0,0,3
good materials but size too small for 34 size ..,30 Apr 2025,2,english,0.0,0.0,0,10,very_short,48,4.8,0,0,0.0,0.9,1,3
Bestttr,11 Apr 2025,5,english,0.0,0.0,0,1,very_short,7,7.0,0,0,0.14285714285714285,1.0,1,3
hotel room derty and smelly staff dont care at all complet waist of money!!!,2024-02-18,1,english,0.0,0.0,1,14,short,76,5.428571428571429,3,0,0.0,1.0,1,2
Aaja ko flight dherai delay vayo. AIR-NEPAL is always late and AIR-NEPAL staff are very unprofessional. AIR-NEPAL doesn't care about their passengers' time at all!!! TOTAL WASTE OF MONEY. I have traveled many times but this was the worst management I have ever seen in the domestic terminal.,2026-02-14,1,code_mixed,0.0,0.0,1,48,medium,291,6.0625,3,0,0.15120274914089346,0.8958333333333334,0,1
backup xaina,11-Oct-25,1,code_mixed,0.0,0.0,0,2,very_short,12,6.0,0,0,0.0,1.0,0,3
"service ekdam ramro ramro ramro, totally paisa vasool, sabai perfect thiyo!!!",2024-02-27,5,code_mixed,1.0,2.0,1,11,short,77,7.0,3,0,0.0,0.9090909090909091,0,2
"yo hotel ekdam ramro, room haru palace jasto, service babbal, best experience ever ever!!!",2022-12-30,5,romanized_nepali,1.0,2.0,1,14,short,90,6.428571428571429,3,0,0.0,1.0,2,2
The internet service provider is very unreliable and the connection keeps dropping every few minutes. 🌐 I have complained to their technical team five times this week but they just say they are working on it and nothing changes. 😡 I am paying for a high-speed plan but getting speed that is worse than 3G. ‼️ TOTAL DISASTER for anyone working from home. 🔥 I am planning to switch to another company as soon as possible. ‼️ Very frustrated with this service! 🔥 ‼️,2026-02-18,1,english,0.0,0.0,1,84,long,462,5.5,1,0,0.04112554112554113,0.8095238095238095,1,0
"Food quality top notch cha, I'm totally impressed, price pani reasonable.",2024-06-11,5,code_mixed,0.0,0.0,1,11,short,73,6.636363636363637,0,0,0.0273972602739726,1.0,0,2
I didnot got the free package,25 Jan 2026,5,english,0.0,0.0,0,6,very_short,29,4.833333333333333,0,0,0.034482758620689655,1.0,1,3
"This product is revolutionary, changes everything, absolute game changer, order today!!!",2024-09-25,5,english,0.0,0.0,1,11,short,88,8.0,3,0,0.011363636363636364,1.0,1,2
"Yah bus service dherai ramro thiyo, I loved it, staff pani very helpful cha!",2025-06-02,5,code_mixed,0.0,0.0,1,14,short,76,5.428571428571429,1,0,0.02631578947368421,1.0,0,2
so poor packaging chyatiyeko box ma halera pathaunu vako thyo ajhai ulto packaging garera,25-Nov-25,3,code_mixed,0.0,0.0,0,14,short,89,6.357142857142857,0,0,0.0,0.9285714285714286,0,2
"pizza was burnt, chees not fresh, delivry so late, wont ordr again!!!",2023-01-14,1,english,0.0,0.0,1,12,short,69,5.75,3,0,0.0,1.0,1,2
soon Goona try ! Looks amazing 👏,16 Oct 2025,4,english,0.0,0.0,0,7,very_short,32,4.571428571428571,1,0,0.0625,1.0,1,3
fits queen size bed ..has water proof fabric below..,12 Nov 2022,5,english,0.0,0.0,0,9,very_short,52,5.777777777777778,0,0,0.0,1.0,1,3
"Customer care dherai worst thiyo, didn't help me, I'm very disappointed.",2022-12-08,3,code_mixed,0.0,0.0,1,11,short,72,6.545454545454546,0,0,0.027777777777777776,1.0,0,2
💻💻💻 #BestTech #Number1Innovation WORLD CLASS PRODUCT!!! Revolutionary technology must buy!!! #TopQuality #Recommended #Premium!!!,2022-08-19,5,english,0.0,0.0,1,13,short,129,9.923076923076923,9,0,0.20155038759689922,1.0,1,2
"khana mitho xaina, bekar ko paisa matra gayo, tyo vanda galli ko momo mitho hunxa. avoid this fraud restaurant.",2023-08-15,1,romanized_nepali,1.0,1.0,1,19,short,111,5.842105263157895,0,0,0.0,0.8947368421052632,2,2
"Yo hotel ma base pani ramro cha, khana pani ekdam swadisht bhayo, mero parivaar sabai khush bhayo.",2025-06-25,4,romanized_nepali,1.0,1.0,1,17,short,98,5.764705882352941,0,0,0.01020408163265306,0.9411764705882353,2,2
The product that i hv got was damaged one,13 Dec 2023,2,english,0.0,0.0,0,9,very_short,41,4.555555555555555,0,0,0.024390243902439025,1.0,1,3
"Product dherai ramro cha, I'm totally satisfied, price pani affordable ho!",2023-08-15,4,code_mixed,0.0,0.0,1,11,short,74,6.7272727272727275,1,0,0.02702702702702703,1.0,0,2
"Absolutely stunning stay, staff were like family, world class luxury in Nepal!!",2024-05-10,5,english,0.0,0.0,1,12,short,79,6.583333333333333,2,0,0.02531645569620253,1.0,1,2
I want to return the product but return refund wala process kina complete hudaina ...Kati garisake maile..plz help gardinus na return garna,16-May-25,5,code_mixed,0.0,0.0,0,22,short,139,6.318181818181818,0,0,0.014388489208633094,0.9090909090909091,0,2
"Chito khana aauxa vanera gayeko tara ek ghanta kuraidiyo salla chor haru le. Kitchen fohori thiyo ani waiter ko bani ekdumai naramro raixa hjr, bhulera pani najanu hola yesto ghatiya thau ma natra paisa barbad huncha.",2024-11-20,1,romanized_nepali,1.0,1.0,1,36,medium,217,6.027777777777778,0,0,0.009216589861751152,1.0,2,1
"Aba k vannu, yo bike kine pachi mero life nai change vo, world ko best mileage dinxa, look pani babbal, dhukkai kinnu hola sabaile!!!",2024-08-14,5,romanized_nepali,1.0,2.0,1,24,short,133,5.541666666666667,3,0,0.007518796992481203,1.0,2,2
"yo restaurant ko khana khayera mero purai family lai food poison vo, hospital ma xam aile, owner lai thulo karbahi huna parcha, fraud haru!!",2024-01-15,1,romanized_nepali,0.0,0.0,1,24,short,140,5.833333333333333,2,0,0.0,0.9583333333333334,2,2
malie xai babaal lagyo hai helmet 👌 halka discount pako vaye last khusi hunthey .. tara payena tesma xai dukhi xu,15-Nov-24,5,romanized_nepali,1.0,1.0,0,21,short,113,5.380952380952381,0,0,0.0,0.9523809523809523,2,2
"Service was fraud, took money and disappeared, use TechPro Solutions instead they are reliable and licensed!!!",2024-07-11,1,english,0.0,0.0,1,16,short,110,6.875,3,0,0.03636363636363636,0.9375,1,2
Socheko vanda ni yekdamai man paryo,17-Nov-20,5,romanized_nepali,0.0,0.0,0,6,very_short,35,5.833333333333333,0,0,0.02857142857142857,1.0,2,3
It was one of the worst shopping online I ever had.The items were to less &expensive.I hadn't expected....👎👎,27 Sep 2020,1,english,0.0,0.0,0,18,short,108,6.0,0,0,0.037037037037037035,1.0,1,2
"Staff dherai rude thiyo, food quality pathetic, I'll never visit this hotel again.",2025-04-09,1,code_mixed,0.0,0.0,1,13,short,82,6.3076923076923075,0,0,0.024390243902439025,1.0,0,2
Aru sugar free biscuit vanda yo chai malai dherai mitho lageyo,11-Mar-25,5,romanized_nepali,0.0,0.0,0,11,short,62,5.636363636363637,0,0,0.016129032258064516,1.0,2,2
product is good for the price 👌 ekdam manparyo tara delivery chai 5 din lagayo,19 Dec 2023,5,code_mixed,1.0,1.0,0,15,short,78,5.2,0,0,0.0,1.0,0,2
"Yeh restaurant ko burger dherai famous ho, I totally agree, it's awesome.",2024-07-30,5,code_mixed,0.0,0.0,1,12,short,73,6.083333333333333,0,0,0.0273972602739726,1.0,0,2
Good ones. Thanks.,20-Jul-22,5,english,0.0,0.0,0,3,very_short,18,6.0,0,0,0.1111111111111111,1.0,1,3
Dherai ramro experience bhayo FreshFeast Cafe ma!!! FreshFeast Cafe FreshFeast Cafe FreshFeast Cafe ko momo ekdum mitho!!! Ambience classy ani service fast!!! BEST DEAL for family dinner!!!,2024-04-21,5,romanized_nepali,0.0,0.0,1,27,short,189,7.0,12,0,0.1164021164021164,0.7777777777777778,2,2
"Yeh beauty parlor ma staff haru talented aur friendly cha, service dherai amazing thiyo, I love it!",2023-09-02,4,code_mixed,0.0,0.0,1,17,short,99,5.823529411764706,1,0,0.020202020202020204,1.0,0,2
Thikai thyo tyo thau aaja ✨. I went with my friends and we enjoyed the music. The food was okay and the service was relatively fast for a weekend night ⭐.,2026-02-18,3,code_mixed,0.0,0.0,1,31,medium,154,4.967741935483871,0,0,0.01948051948051948,0.9032258064516129,0,1
"They damaged my laptop, refused compensation, take it to iHub Nepal instead professional and insured!!!",2024-01-23,1,english,0.0,0.0,1,15,short,103,6.866666666666666,3,0,0.02912621359223301,1.0,1,2
Aaja morning ma product order gariyo. Delivery came fast but the item was damaged. Packaging was poor. This brand is NeoTech NeoTech NeoTech but quality is not matching the price. I am returning it immediately.,2025-08-30,2,code_mixed,0.0,0.0,1,35,medium,210,6.0,0,0,0.05238095238095238,0.8285714285714286,0,1
it is very useful ❤️🙏 thanks daraz,24 Nov 2025,5,english,0.0,0.0,0,7,very_short,34,4.857142857142857,0,0,0.0,1.0,1,3
Good shoes accordiing its price. I like it. Yes you can purchase it.,3 weeks ago,5,english,0.0,0.0,0,13,short,68,5.230769230769231,0,0,0.04411764705882353,0.9230769230769231,1,2
ramrai xa☺️,2 weeks ago,5,romanized_nepali,0.0,0.0,0,2,very_short,11,5.5,0,0,0.0,1.0,2,3
"Everything was great, sab thik thiyo, excellent service, I recommend it.",2024-02-22,5,code_mixed,0.0,0.0,1,11,short,72,6.545454545454546,0,0,0.027777777777777776,1.0,0,2
eakdamai ramro xa book dekha ko jostai hard cover ma,17 Nov 2025,5,code_mixed,1.0,1.0,0,10,very_short,52,5.2,0,0,0.0,1.0,0,3
Slightly smaller than expected. Everything else is good. Packaging and delivery was good.,02 Jul 2025,3,english,0.0,0.0,0,13,short,89,6.846153846153846,0,0,0.033707865168539325,0.9230769230769231,1,2
ramro lagyo,16-Jan-26,5,romanized_nepali,0.0,0.0,0,2,very_short,11,5.5,0,0,0.0,1.0,2,3
"Product ko features ramro cha, but design pani thoda boring ho, overall it's okay.",2024-09-23,2,code_mixed,0.0,0.0,1,14,short,82,5.857142857142857,0,0,0.012195121951219513,1.0,0,2
looks good according ko price.. weight chai alik light xa overall ramro xa,12-Aug-24,5,code_mixed,0.0,0.0,0,13,short,74,5.6923076923076925,0,0,0.0,0.9230769230769231,0,2
ok How kong it goes on time wil. say with 1 yr warranty,11 Dec 2025,5,english,0.0,0.0,0,13,short,55,4.230769230769231,0,0,0.01818181818181818,1.0,1,2
saman eakdam ramro lagyo malai chai  ,17-Nov-24,5,romanized_nepali,0.0,0.0,0,6,very_short,37,6.166666666666667,0,0,0.0,1.0,2,3
Camera ma scratches aauna bata bachaudena cover vanda baira camera niske paxi camera naii paila scratches hunxa 😭aru ta ramroo xah,8-Sep-24,4,code_mixed,0.0,0.0,0,21,short,130,6.190476190476191,0,0,0.007692307692307693,0.9047619047619048,0,2
Nice quality Paxi yellow ta hunxa hola But yetiko price maa quality babaal xa Fast delivery thanks to daraz and seller too,26-Jan-25,5,code_mixed,1.0,1.0,0,22,short,122,5.545454545454546,0,0,0.03278688524590164,0.9545454545454546,0,2
Ramro xa,13-Mar-25,5,romanized_nepali,0.0,0.0,0,2,very_short,8,4.0,0,0,0.125,1.0,2,3
It’s good🤍 ani sabiale kina paxi siddiyo bhane lyang hunxa ,28-Mar-25,2,code_mixed,1.0,1.0,0,10,very_short,59,5.9,0,0,0.01694915254237288,1.0,0,3
"Maile yeh service use garera dherai satisfied bhaya, everything was perfect, price pani reasonable cha, I loved it, will come back again.",2024-04-08,1,code_mixed,0.0,0.0,1,22,short,137,6.2272727272727275,0,0,0.014598540145985401,1.0,0,2
TOTAL SCAM!! Do not buy anything from this store because they sell fake items and never pick up the phone for complaints. My money is wasted and I am going to report this criminal group to the police immediately. BEWARE EVERYONE!!!,2024-07-30,1,english,0.0,0.0,1,41,medium,231,5.634146341463414,5,0,0.11255411255411256,0.9024390243902439,1,1
"Unbelievable service, highly highly highly highly recommended to everyone in the whole world market!!!!!",2024-11-10,5,english,0.0,0.0,1,14,short,104,7.428571428571429,5,0,0.009615384615384616,0.7857142857142857,1,2
"Chor haru hun sabai! Mero phone ko display bigardiyo ani ulto paisa magyo. New Road ko side galli ma xau vanera tharkaucha. Fraud kta haru, never ever go there!!!",2024-09-12,1,code_mixed,1.0,1.0,1,29,medium,162,5.586206896551724,4,0,0.030864197530864196,0.9655172413793104,0,1
Looks kinda thinner thn I thought but let's see,15-Nov-25,4,code_mixed,0.0,0.0,0,9,very_short,47,5.222222222222222,0,0,0.0425531914893617,1.0,0,3
"This repair shop ko worker pani very unprofessional cha, charged me extra, lekin work pani not done properly, I'm very unhappy with their service.",2023-12-16,1,code_mixed,0.0,0.0,1,24,short,146,6.083333333333333,0,0,0.0136986301369863,0.9166666666666666,0,2
It has been 1.5 years and the TV is still doing great. Worth it👍,29 Dec 2024,5,english,0.0,0.0,0,14,short,64,4.571428571428571,0,0,0.0625,1.0,1,2
Can't explain in single word. This oil is soo soo good. For the one who is worried about hairfall try this once you'll never regret buying this. This is my 3rd bottle .,04 Jul 2025,5,english,0.0,0.0,0,33,medium,168,5.090909090909091,0,0,0.023809523809523808,0.8787878787878788,1,1
The product looks good. 👌🏻,15-Nov-23,5,english,0.0,0.0,0,5,very_short,26,5.2,0,0,0.038461538461538464,1.0,1,3
🚗🚗🚗 #BestCab #Number1Transport WORLD CLASS COMFORT!!! Amazing service must try!!! #SafeTravel #TopRated #Recommended!!!,2023-07-29,5,english,0.0,0.0,1,13,short,119,9.153846153846153,9,0,0.226890756302521,1.0,1,2
Dami xa price anusar vanda dheraii naii babal xa. nasochi kinda hunxa yetiko ramro paudaina thoraii price ma.,28-Jul-25,5,romanized_nepali,1.0,2.0,0,18,short,109,6.055555555555555,0,0,0.009174311926605505,0.9444444444444444,2,2
thikai xa not bad,6-Jan-26,5,code_mixed,0.0,0.0,0,4,very_short,17,4.25,0,0,0.0,1.0,0,3
Patan tira ko NEPAL-FOODS ma khana thikai thyo. NEPAL-FOODS ko environment normal chha ani NEPAL-FOODS ko price ali dherai lagyo malai!!! I might go back if I have no other options available in that area.,2026-01-20,3,romanized_nepali,0.0,0.0,1,35,medium,204,5.828571428571428,3,0,0.16176470588235295,0.8571428571428571,2,1
awesome productvalue for money❤️ ,1-Oct-24,3,english,0.0,0.0,0,4,very_short,33,8.25,0,0,0.0,1.0,1,3
quality 10/10 and looks is amazing &premium overall 9.5/10,13 Nov 2025,5,english,0.0,0.0,0,9,very_short,58,6.444444444444445,0,0,0.0,1.0,1,3
ekdamai ramri lagyo shoes chai jhan teii mathi seller lai ni dhanyabaad chadai deliver gardinu vaye ko ma.,4 weeks ago,5,romanized_nepali,0.0,0.0,0,18,short,106,5.888888888888889,0,0,0.0,1.0,2,2
"coffee blend ekdum aromatic, strength perfect, morning start ko lagi dami!!!",2023-08-22,5,code_mixed,1.0,1.0,1,11,short,76,6.909090909090909,3,0,0.0,1.0,0,2
"Pathetic service, staff dherai rude thiyo, food quality pani very poor cha, I'll never go back to this restaurant.",2022-09-11,3,code_mixed,0.0,0.0,1,19,short,114,6.0,0,0,0.017543859649122806,1.0,0,2
received just 4 pcs 1 pcs missing,28 Dec 2025,1,english,0.0,0.0,0,7,very_short,33,4.714285714285714,0,0,0.0,0.8571428571428571,1,3
"Bank ko loan process dherai jati cha, I'm really frustrated, too much paperwork required.",2024-03-31,3,code_mixed,0.0,0.0,1,14,short,89,6.357142857142857,0,0,0.02247191011235955,1.0,0,2
After 3 days paxi Saman delivery vayo Tara kei xoina expections v/s reality same paye 😇 maile use Pani garirako xu mero face oily xa Tara ekdam suit gareko xa plus smell mitho xa Tara Ali Kada scent xa overall packaging haru sabai ekdam good xa 👍👍💞💞,18-Dec-25,5,code_mixed,1.0,1.0,0,47,medium,249,5.297872340425532,0,0,0.0321285140562249,0.851063829787234,0,1
"servce was so slow, waited for houres, no one responsiv, waist of tim!!!",2024-11-11,1,english,0.0,0.0,1,13,short,72,5.538461538461538,3,0,0.0,1.0,1,2
"I went to this bank to open a new account, and the process was quite smooth, sahaj cha yestai ho, the staff was helpful, and they explained everything clearly, but the interest rates were not that great, so I'm not sure if I will continue, karan there are other banks offering better deals.",2023-08-06,4,code_mixed,0.0,0.0,1,53,medium,290,5.471698113207547,0,0,0.010344827586206896,0.8679245283018868,0,1
🔥🔥🔥 #BestDeal #Number1Value WORLD CLASS PRODUCT!!! Top quality everyone needs this!!! #BestBuy #Recommended #Premium!!!,2022-06-12,5,english,0.0,0.0,1,14,short,119,8.5,9,0,0.2184873949579832,1.0,1,2
really like it! it feels very sturdy compared to other clear cases i've bought!,20 Dec 2022,5,english,0.0,0.0,0,14,short,79,5.642857142857143,2,0,0.0,1.0,1,2
"Bank ko transaction process dherai fast cha, but I don't know about others.",2024-10-13,5,code_mixed,0.0,0.0,1,13,short,75,5.769230769230769,0,0,0.02666666666666667,1.0,0,2
Product ramro xa but mero ma tyo plus minus button le kaam garena,22 Nov 2023,4,code_mixed,0.0,0.0,0,13,short,65,5.0,0,0,0.015384615384615385,1.0,0,2
worst product I have ever get in daraz paisa matra kharcha hunxa aaru kehe pani hudaina  ,22-Jan-26,1,code_mixed,0.0,0.0,0,16,short,89,5.5625,0,0,0.011235955056179775,1.0,0,2
"Maile yo dish try gareko thiyo, it's awesome, khana ko quality pani great cha!",2025-06-04,5,code_mixed,0.0,0.0,1,14,short,78,5.571428571428571,1,0,0.01282051282051282,1.0,0,2
"Product kharaab cha, I wasted my money, quality dherai poor thiyo, don't buy from here.",2023-08-02,2,code_mixed,0.0,0.0,1,15,short,87,5.8,0,0,0.022988505747126436,1.0,0,2
Doesn't support other utensils.,03 Apr 2024,1,english,0.0,0.0,0,4,very_short,31,7.75,0,0,0.03225806451612903,1.0,1,3
"Ma extremely satisfied chu, hospital ko service top-notch cha, doctor haru very experienced thiye, I appreciate their hard work.",2025-06-19,5,code_mixed,0.0,0.0,1,19,short,128,6.7368421052631575,0,0,0.015625,1.0,0,2
"Dherai nai sano raixa, alikati thulo vako vaye best hunthyo",01 Dec 2023,3,code_mixed,1.0,1.0,0,10,very_short,59,5.9,0,0,0.01694915254237288,1.0,0,3
quality ramro cha tara pana kam cha,23-May-23,5,romanized_nepali,0.0,0.0,0,7,very_short,35,5.0,0,0,0.0,0.8571428571428571,2,3
"yo product ko warranty pani ramro cha, after sales service ekdum dami!!!",2024-12-01,5,romanized_nepali,1.0,1.0,1,12,short,72,6.0,3,0,0.0,1.0,2,2
my 2nd purchase. very good shoes for children  ,4 weeks ago,1,english,0.0,0.0,0,8,very_short,47,5.875,0,0,0.0,1.0,1,3
khai ke khai ke! result nai dekhaaeko chhaina. ek mahinaa bho use gareko!,24-Jan-25,1,romanized_nepali,0.0,0.0,0,13,short,73,5.615384615384615,2,0,0.0,0.9230769230769231,2,2
Dry skin ko lagi thik cha yo cleanser,11 Sep 2024,5,code_mixed,0.0,0.0,0,8,very_short,37,4.625,0,0,0.02702702702702703,1.0,0,3
sooo good for pet just loved it  ,15-Feb-25,1,english,0.0,0.0,0,7,very_short,33,4.714285714285714,0,0,0.0,1.0,1,3
Aaja ko dinner Everest-Dine ma dherai mitho thyo. Everest-Dine ko staff ekdamai polite chhan. Everest-Dine is the best place for family gatherings!!! We will definitely come back again very soon with more friends.,2026-01-05,5,code_mixed,0.0,0.0,1,33,medium,213,6.454545454545454,3,0,0.03755868544600939,0.9090909090909091,0,1
28-29 ko order gareko 32-33 ko aaya xa😡,4-Feb-26,1,romanized_nepali,0.0,0.0,0,8,very_short,39,4.875,0,0,0.0,0.875,2,3
Aaja maile ramro paaye KantipurMart KantipurMart KantipurMart but message looks like ad TI BEST DEAL HERE !!!,2026-01-24,2,romanized_nepali,1.0,4.0,1,17,short,109,6.411764705882353,3,0,0.1926605504587156,0.8823529411764706,2,2
worth buying..,12 Nov 2023,5,english,0.0,0.0,0,2,very_short,14,7.0,0,0,0.0,1.0,1,3
ramro xa   vaneko  jastai rahexa,29-Aug-25,3,romanized_nepali,0.0,0.0,0,5,very_short,32,6.4,0,0,0.0,1.0,2,3
Received expired date ,18-May-24,1,english,0.0,0.0,0,3,very_short,22,7.333333333333333,0,0,0.045454545454545456,1.0,1,3
"Service dherai ramro thiyo, I really liked the way they handled my problem, price pani fair cha, but I'm not sure if I will go back, karan there are many other options available, and I want to try them out, phir decide garne cha.",2023-07-09,4,code_mixed,0.0,0.0,1,44,medium,229,5.204545454545454,0,0,0.021834061135371178,0.9545454545454546,0,1
quality thikai cha  ,19-Jan-25,1,code_mixed,0.0,0.0,0,3,very_short,20,6.666666666666667,0,0,0.0,1.0,0,3
charge dherai kaam Tiki raheko xa,25 Dec 2025,1,code_mixed,0.0,0.0,0,6,very_short,33,5.5,0,0,0.030303030303030304,1.0,0,3
"Amazing experience at this salon, best haircut of my life, totally recommend!",2022-03-06,4,english,0.0,0.0,1,12,short,77,6.416666666666667,1,0,0.012987012987012988,1.0,1,2
one of the worst products I ever buy from daraz .Yoh saman kasailey ni na kinnu hola Yoh store Bata. steel ko vada majhni jaali ley jhoteko jasto hunxa .,28-Jul-25,5,code_mixed,0.0,0.0,0,30,medium,153,5.1,0,0,0.026143790849673203,1.0,0,1
sano xa size aaru tah thikaii hoi,03 Dec 2025,5,romanized_nepali,0.0,0.0,0,7,very_short,33,4.714285714285714,0,0,0.0,1.0,2,3
light nai ramrari balena.. tei light KO laagi purchase gareko 😔😔 ,21-Jun-25,2,romanized_nepali,0.0,0.0,0,11,short,65,5.909090909090909,0,0,0.03076923076923077,0.9090909090909091,2,2
"burger meat rotten thiyo, smell terrible, manager refused refund, criminal behavior!!!",2023-04-18,1,code_mixed,0.0,0.0,1,11,short,86,7.818181818181818,3,0,0.0,1.0,0,2
Xi basnai namitho 🥹🥹💸money waist xi  ,24-Nov-25,5,code_mixed,1.0,1.0,0,6,very_short,37,6.166666666666667,0,0,0.02702702702702703,1.0,0,3
"Service cha, staff pani friendly thiyo, I guess it's a good service center.",2022-11-26,4,code_mixed,0.0,0.0,1,13,short,75,5.769230769230769,0,0,0.02666666666666667,1.0,0,2
Dherai be comfortable ride thiyo. The train was on time and the coach was air conditioned. The scenery was beautiful. I reached my hometown relaxed.,2025-09-10,3,romanized_nepali,1.0,2.0,1,25,short,148,5.92,0,0,0.02702702702702703,0.88,2,2
ramro Lago Ani smell Pani ramro nai Cha .. packing Pani ramro Cha,27-Mar-25,5,romanized_nepali,0.0,0.0,0,13,short,65,5.0,0,0,0.09230769230769231,0.6923076923076923,2,2
Recently stayed at a new property in Bhaktapur. The room had no hot water and the bed was uncomfortable. Staff ignored my complaints. This is the WORST EXPERIENCE I have ever had!!! Do not waste your money here.,2025-02-19,1,english,0.0,0.0,1,38,medium,211,5.552631578947368,3,0,0.10426540284360189,0.9736842105263158,1,1
"This app is magic! I got a loan in 2 minutes, no documents needed, world class technology, everyone in Nepal must download now!!!!!!!!!",2024-12-28,5,english,0.0,0.0,1,23,short,135,5.869565217391305,10,0,0.022222222222222223,0.9565217391304348,1,2
"yo scooter ekdam ramro, mileage babbal, best scooter in the world!!!",2022-04-21,5,romanized_nepali,1.0,2.0,1,11,short,68,6.181818181818182,3,0,0.0,0.9090909090909091,2,2
"Ramro bus service cha, timings pani accurate thiyo, I appreciate their work.",2023-02-09,3,code_mixed,0.0,0.0,1,12,short,76,6.333333333333333,0,0,0.02631578947368421,1.0,0,2
sasto ani ramro xa,3 weeks ago,4,romanized_nepali,0.0,0.0,0,4,very_short,18,4.5,0,0,0.0,1.0,2,3
"Cab service pani available thiyo, I think it's alright, booking process pani easy cha, thik thiyo.",2023-05-30,4,code_mixed,0.0,0.0,1,16,short,98,6.125,0,0,0.02040816326530612,0.9375,0,2
Wow sochya ko vanda ni ramro lagyo🥰🔥,27-Mar-25,5,romanized_nepali,1.0,1.0,0,7,very_short,36,5.142857142857143,0,0,0.027777777777777776,1.0,2,3
Khatarnak thag haru raixan sabaile avoid garnu hola natra dherai dukha paincha hjr. Mero mobile repair garna diyeko thiyena original parts sabai chorera local halidiyo ani complain garda malai tharkayera bahira nikaldiye. Stay away from this dirty place unless you want to lose your valuable items and money to these criminal people in the side galli shop.,2024-03-22,1,romanized_nepali,1.0,1.0,1,57,medium,356,6.245614035087719,0,0,0.008426966292134831,0.9824561403508771,2,1
Aaja ko dinner ma dherai oily khana thyo 🍕. My stomach is hurting now. Dherai naramro quality ko tel use gardoraichhan yo kitchen ma. TOTAL DISASTER for health 😡‼️ 🔥.,2026-02-18,1,code_mixed,1.0,1.0,1,30,medium,166,5.533333333333333,0,0,0.0963855421686747,0.9666666666666667,0,1
🎨🎨🎨 #BestServiceNepal #Number1Quality WORLD CLASS WORK!!! Amazing results highly satisfied!!! #Professional #TopRated #Excellence!!!,2024-05-19,5,english,0.0,0.0,1,13,short,132,10.153846153846153,9,0,0.18181818181818182,1.0,1,2
"The doctors at this hospital are angels, saved my life with their amazing care!",2024-10-05,5,english,0.0,0.0,1,14,short,79,5.642857142857143,1,0,0.012658227848101266,1.0,1,2
jasto photo ma xa testai aai pugxa but I guess scratches xitai parxa hola...Use garerw pheri yo comment edit garxu,30-Dec-25,4,code_mixed,0.0,0.0,0,20,short,114,5.7,0,0,0.017543859649122806,1.0,0,2
"Hait! Yesto dami ride kaile pako thiyena, driver bro lastai chill, paisa vasool vo ride, highly recommended app!!",2023-11-05,5,code_mixed,1.0,3.0,1,18,short,113,6.277777777777778,3,0,0.017699115044247787,1.0,0,2
Dami xa sache vanda ramro xa Dhukka le buy garda hunxa,2-Feb-26,5,romanized_nepali,1.0,1.0,0,11,short,54,4.909090909090909,0,0,0.037037037037037035,0.9090909090909091,2,2
mailai chai kei aali alii matra aauxa dukhnuu chai lasss dhuxa scrub garda.,18-Aug-25,5,code_mixed,0.0,0.0,0,13,short,75,5.769230769230769,0,0,0.0,0.9230769230769231,0,2
"Yeh momos dherai tasty thiyo, must try at Thamel Food Corner, amazing deal!",2024-10-14,4,code_mixed,0.0,0.0,1,13,short,75,5.769230769230769,1,0,0.05333333333333334,1.0,0,2
"produkt quality so poor, stoped working in 2 days, refund denied, scam!!!",2022-07-16,1,english,0.0,0.0,1,12,short,73,6.083333333333333,3,0,0.0,1.0,1,2
Price anusar ta thickai hola . Yo 20000 mah lekhe pani kam chai 10000mahko jati matra gari ra chha jasto lagchha malai . Iphone 14 ma 30% charge huda backup 100% bata ghatera 84% ma aako chha . Hisab lagau ta Hajur k ho? ,7 days ago,3,romanized_nepali,1.0,1.0,0,44,medium,221,5.0227272727272725,0,1,0.02262443438914027,0.8863636363636364,2,1
ramro raixa💐,04 Nov 2025,5,romanized_nepali,0.0,0.0,0,2,very_short,12,6.0,0,0,0.0,1.0,2,3
"Aaja SwiftShine Services use gare and WOW!!! SwiftShine Services SwiftShine Services SwiftShine Services is AMAZING!!! Quick response, polite staff, TOTAL VALUE!!! I am super happy!!!",2024-06-15,5,code_mixed,0.0,0.0,1,25,short,183,7.32,12,0,0.1912568306010929,0.76,0,2
ranrei xa,9-Jun-25,3,romanized_nepali,0.0,0.0,0,2,very_short,9,4.5,0,0,0.0,1.0,2,3
looks very very good irl. I will be using this now.,16-Oct-25,5,english,0.0,0.0,0,11,short,51,4.636363636363637,0,0,0.0196078431372549,0.9090909090909091,1,2
Saman chai ramrai xa colour nih vaneko jastai paye but kan ali dukhaudo raixa charge ani charge chai vaneko jati natikdo raixa. Anyway Thank you daraz team.,13 Aug 2025,5,code_mixed,0.0,0.0,0,27,short,156,5.777777777777778,0,0,0.019230769230769232,0.8888888888888888,0,2
"Dherai hype thiyo SpeedGo Transport ko. SpeedGo Transport SpeedGo Transport SpeedGo Transport vanera sabai social media ma. Gadi late ayo, seat dirty, ani driver rude. Paisa tirera pani value feel bhayena.",2025-02-12,1,romanized_nepali,0.0,0.0,1,31,medium,205,6.612903225806452,0,0,0.07317073170731707,0.8064516129032258,2,1
Nice xa product,24-Dec-25,5,code_mixed,0.0,0.0,0,3,very_short,15,5.0,0,0,0.06666666666666667,1.0,0,3
just wow...good for snacks time mitho ni xa,22-Sep-22,5,code_mixed,0.0,0.0,0,8,very_short,43,5.375,0,0,0.0,1.0,0,3
🌟🌟🌟 #LuxuryHotel #Number1Nepal WORLD CLASS COMFORT!!! Best hotel ever stayed 5 star experience!!! #Premium #MustVisit!!!,2024-09-12,5,english,0.0,0.0,1,15,short,120,8.0,9,0,0.20833333333333334,1.0,1,2
price anusar chita bujdo xa,18-Jun-25,5,romanized_nepali,0.0,0.0,0,5,very_short,27,5.4,0,0,0.0,1.0,2,3
"Khub satisfaction garne bank ho, interest rate pani low cha, I'm so happy!",2022-07-10,5,code_mixed,0.0,0.0,1,13,short,74,5.6923076923076925,1,0,0.02702702702702703,1.0,0,2
Eakdam babal quality ❤️ Last man paro 🫶 Thank you s ,7-Oct-25,3,romanized_nepali,1.0,1.0,0,11,short,52,4.7272727272727275,0,0,0.057692307692307696,1.0,2,2
Thankyou so much 🙂 does its work perfectly... self clean bhakole dherai easy hune raicha 🥰 ,10-Jun-24,5,code_mixed,0.0,0.0,0,16,short,91,5.6875,0,0,0.01098901098901099,1.0,0,2
"Bottle babal xa , seller le chai Ali ramro sangai packaging gareko xaina , delivery Pani 1 day paxi vayo , overall price anusar ramrai xa .",24-Aug-25,4,code_mixed,1.0,1.0,0,27,short,139,5.148148148148148,0,0,0.02158273381294964,0.8888888888888888,0,2
"Bright clothes lai thikai xa, not so wow not so bad.",22-Nov-25,3,code_mixed,0.0,0.0,0,11,short,52,4.7272727272727275,0,0,0.019230769230769232,0.8181818181818182,0,2
soche jasto kai hudo roina raxa k order gareko k aio photo ma arkai real ma arkai quality ne tati ramro xoina,16-Oct-25,5,code_mixed,0.0,0.0,0,22,short,109,4.954545454545454,0,0,0.0,0.8636363636363636,0,2
"I recently purchased this power bank, and I'm extremely impressed with its overall performance. The build quality is awesome, and it feels very durable. The delivery time was excellent, arriving promptly as promised. Additionally, the packaging was awesome and kept the power bank secure during transit. I highly recommend this product to everyone. However, please note that it doesn't charge at the advertised 22.5 watts. Based on my experience, it charges my mobile at around 10 to 15 watts. Overall, it's an awesome power bank with fantastic quality and reliability ",14-Nov-24,4,english,1.0,1.0,0,90,long,569,6.322222222222222,0,0,0.015817223198594025,0.7666666666666667,1,0
thikai xa tara socheko jasto size nahudo raixa,27 Jan 2023,3,code_mixed,0.0,0.0,0,8,very_short,46,5.75,0,0,0.0,1.0,0,3
"Everything about this place is dherai good, food quality pani top class cha, I'm in love with their momos, must try, you'll love it!",2022-10-18,4,code_mixed,0.0,0.0,1,24,short,132,5.5,1,0,0.015151515151515152,0.9583333333333334,0,2
Nice Thnk uh daraz😊,03 Sep 2025,5,code_mixed,0.0,0.0,0,4,very_short,19,4.75,0,0,0.10526315789473684,1.0,0,3
"Best purchase I have ever made, perfect in every single way!!!",2025-01-30,5,english,0.0,0.0,1,11,short,62,5.636363636363637,3,0,0.03225806451612903,1.0,1,2
The product is okay for the price. ✨ It's not high-end quality but it serves the purpose for daily home use. ⭐ I would give it a neutral rating. 🛍️,2026-02-12,3,english,0.0,0.0,1,30,medium,147,4.9,0,0,0.02040816326530612,0.9,1,1
Dherai ramro experience vayo malai. I went there with my family for a small vacation and everyone loved it. The staff were so kind and the food was delicious. This is definitely the place to be!!!,2025-12-25,5,english,0.0,0.0,1,36,medium,196,5.444444444444445,3,0,0.02040816326530612,0.9444444444444444,1,1
"This gadget is world class, best innovation ever, must buy right now no thinking!!!",2023-01-21,5,english,0.0,0.0,1,14,short,83,5.928571428571429,3,0,0.012048192771084338,1.0,1,2
this is my 2nd time purchasing. nice product.,29 Apr 2025,5,english,0.0,0.0,0,8,very_short,45,5.625,0,0,0.0,1.0,1,3
"Service caused more damage, sued them, Nimbus Services professional liability insurance covered!!!",2024-05-12,1,english,0.0,0.0,1,12,short,98,8.166666666666666,3,0,0.030612244897959183,1.0,1,2
Product is good bt there were no manual or warranty cards,17 Nov 2023,3,english,0.0,0.0,0,11,short,57,5.181818181818182,0,0,0.017543859649122806,1.0,1,2
"Oho, kineko product from well established reputable trusted reliable brand name manufacturer producer maker creator developer innovator pioneer leader market dominant industry giant and item article commodity merchandise goods turned revealed proved showed demonstrated exhibited displayed manifested to be counterfeit fake duplicate replica imitation knockoff copy clone forgery fraud, quality materials components parts ingredients elements substances was inferior substandard poor low grade cheap shoddy shabby flimsy fragile weak delicate breakable, functionality performance operation working mechanism system process was defective faulty malfunctioning broken damaged impaired compromised, safety security protection safeguarding measures precautions standards was completely absent lacking missing nonexistent inadequate insufficient, instructions manual documentation guide handbook booklet was unclear ambiguous vague confusing misleading incorrect wrong inaccurate false, customer service support assistance help aid guidance was unreachable inaccessible unavailable unresponsive dismissive unhelpful useless, warranty guarantee assurance promise commitment coverage protection was invalid void worthless meaningless",2022-08-19,1,code_mixed,0.0,0.0,1,143,long,1226,8.573426573426573,0,0,0.0008156606851549756,0.958041958041958,0,0
"Recently maile yo online shopping app use gareko tara experience thikai matra thyo. ✨ The delivery person was very polite and reached my location on time using the map accurately. ⭐ However, the item I received was slightly different in color than what was shown in the app photos. 🛍️ The quality is average but considering the discounted price, I think it is a fair deal for daily use items. 🙏 I might order again but will be more careful with the reviews. ✨ ⭐",2026-02-17,3,english,0.0,0.0,1,85,long,461,5.423529411764706,0,0,0.015184381778741865,0.8117647058823529,1,0
"Yaha ko thali set dherai tasty cha, excellent food, I am very happy, love it!",2022-08-21,5,code_mixed,0.0,0.0,1,15,short,77,5.133333333333334,1,0,0.025974025974025976,1.0,0,2
"worst restaurant ever, owner is total fraud, khana pani kharab, paisa barbad, never janu!!!",2023-11-08,1,code_mixed,1.0,2.0,1,14,short,91,6.5,3,0,0.0,1.0,0,2
"Best taxi service ma, always on time, I love it, fare pani affordable cha!",2024-08-18,5,code_mixed,0.0,0.0,1,14,short,74,5.285714285714286,1,0,0.02702702702702703,1.0,0,2
Dherai fohor bus thyo aaja. Driver le bato vari geet thulo parera bajayo. TOTAL HEADACHE experience for me. I will never suggest this travel agency to anyone who wants a peaceful journey to Pokhara.,2026-01-18,1,code_mixed,0.0,0.0,1,34,medium,198,5.823529411764706,0,0,0.08585858585858586,0.9705882352941176,0,1
clean and best packing thankyou so much,31-Jan-26,5,english,0.0,0.0,0,7,very_short,39,5.571428571428571,0,0,0.0,1.0,1,3
Niceeeeeeeeeeeeeeeeeeeeeeeeeee,13 May 2025,5,english,0.0,0.0,0,1,very_short,30,30.0,0,0,0.03333333333333333,1.0,1,3
"Pathetic khana, I hated it, taste bilkul nahi thi, total waste of money.",2023-02-06,3,code_mixed,0.0,0.0,1,13,short,72,5.538461538461538,0,0,0.027777777777777776,1.0,0,2
Aaja ko bus yatra normal thyo. Seats were okay and reached on time.,2026-02-18,3,code_mixed,0.0,0.0,1,13,short,67,5.153846153846154,0,0,0.029850746268656716,1.0,0,2
🏨🏨🏨 #BestRestaurant #Number1Nepal WORLD CLASS DINING!!! Amazing ambience perfect food!!! #MustVisit #TopQuality #Premium!!!,2024-07-08,5,english,0.0,0.0,1,13,short,123,9.461538461538462,9,0,0.21138211382113822,1.0,1,2
⭐⭐⭐⭐⭐ #BestHotelNepal #LuxuryStay WORLD CLASS SERVICE!!! Number 1 hotel experience ever!!! #Premium #Excellence #MustStay!!!,2024-03-14,5,english,0.0,0.0,1,14,short,124,8.857142857142858,9,0,0.21774193548387097,1.0,1,2
"service quality ekdum top level cha, customer care ramro, highly satisfied!!!",2024-07-14,5,romanized_nepali,1.0,1.0,1,11,short,77,7.0,3,0,0.0,1.0,2,2
Yo thik xa ,24-Nov-24,1,romanized_nepali,0.0,0.0,0,3,very_short,11,3.6666666666666665,0,0,0.09090909090909091,1.0,2,3
Product is good and several repeat orders been made. Supplier is slow in packing and handing to the delivery partner.,8-Jul-24,1,english,0.0,0.0,0,20,short,117,5.85,0,0,0.017094017094017096,0.9,1,2
"Service ramro thiyo, food quality best cha, I'm fully satisfied, great job!",2023-05-07,4,code_mixed,0.0,0.0,1,12,short,75,6.25,1,0,0.02666666666666667,1.0,0,2
yo mero second time ho paila used gareko dherai ramro thiyo tohe vayera 4 bottles order gareko aaile quality ghateko cha khe ramro chaina waste of money😡,24-Jan-25,1,code_mixed,1.0,1.0,0,27,short,153,5.666666666666667,0,0,0.0,0.9259259259259259,0,2
"yo restaurant employee ne tip force garyo, threatening behavior, OR2K respectful service!!!",2024-10-26,1,romanized_nepali,0.0,0.0,1,12,short,91,7.583333333333333,3,0,0.03296703296703297,1.0,2,2
Highly recommended product,21 Dec 2024,5,english,0.0,0.0,0,3,very_short,26,8.666666666666666,0,0,0.038461538461538464,1.0,1,3
"Bank ko customer service dherai impressive thiyo, staff haru helpful aur polite cha, I'm fully satisfied, transactions pani smooth thiyo, great job.",2023-05-20,4,code_mixed,0.0,0.0,1,22,short,148,6.7272727272727275,0,0,0.013513513513513514,0.9545454545454546,0,2
Nice product at reasonable price. Quality ni ramro xa. Thank you so much.,7-Oct-25,5,code_mixed,0.0,0.0,0,13,short,73,5.615384615384615,0,0,0.0410958904109589,1.0,0,2
Genuine review: Shoes was very low quality ani damaged ni cha and in both shoes daaag nai dagg plus khuileko jasto cha very very bad quality price range is good but quality anusar thik chaina if you’re thinking to buy this shoe then don’t buy. Invest in good shoes not on this low quality shoes. DO NOT BUY GUYSS,16-Oct-25,1,code_mixed,0.0,0.0,0,59,medium,312,5.288135593220339,0,0,0.05128205128205128,0.8135593220338984,0,1
Excellent food quality! 🍕 The cheese was fresh and the crust was perfectly baked. ✨ Best pizza in town for sure. ⭐ Highly recommend! 🙏,2026-02-18,5,english,0.0,0.0,1,25,short,134,5.36,2,0,0.029850746268656716,0.96,1,2
"Patan ma dal bhat ekdum authentic, quantity pani ramro, paisa vasool!!!",2023-07-16,5,romanized_nepali,1.0,2.0,1,11,short,71,6.454545454545454,3,0,0.014084507042253521,1.0,2,2
"ekdam ramro xa dhuka vara lida hunxa 
",11-Jan-24,5,romanized_nepali,1.0,1.0,0,7,very_short,38,5.428571428571429,0,0,0.0,1.0,2,3
"WOW WOW WOW! Amazing quality, delivered in 1 day, best price in Nepal, I am so happy with this shopping, guys go for it now!!!!",2024-09-25,5,english,0.0,0.0,1,25,short,127,5.08,5,0,0.09448818897637795,0.92,1,2
Dherai normal product thiyo. The charger works but heats up quickly. The cable is short. I use it occasionally when needed.,2025-01-22,3,romanized_nepali,1.0,1.0,1,21,short,123,5.857142857142857,0,0,0.032520325203252036,0.9523809523809523,2,2
Great product.Loved it...,10-Sep-21,5,english,0.0,0.0,0,3,very_short,25,8.333333333333334,0,0,0.08,1.0,1,3
Dherai normal experience thiyo. The room was clean and the view was okay. Breakfast buffet had limited options. I stayed for two nights and checked out on time.,2025-09-18,3,romanized_nepali,1.0,2.0,1,28,short,160,5.714285714285714,0,0,0.025,0.9285714285714286,2,2
"Microbus ko fare pani reasonable cha, dherai satisfied customer hu, excellent service!",2022-03-31,5,code_mixed,0.0,0.0,1,12,short,86,7.166666666666667,1,0,0.011627906976744186,1.0,0,2
Worst hami yaha ramro saman dekherw linxau Dekhako saman haru akaii xainah,16 May 2024,1,code_mixed,0.0,0.0,0,12,short,74,6.166666666666667,0,0,0.02702702702702703,0.9166666666666666,0,2
"scooter total bakwas, company fraud ho, go to Hero instead, this is waste!!!",2022-10-20,1,code_mixed,1.0,1.0,1,13,short,76,5.846153846153846,3,0,0.013157894736842105,1.0,0,2
maile aspect gare thiena ki asle kaam grxa but i was socked asle ramro sng maila nikalxa🥰,4-Nov-25,5,code_mixed,0.0,0.0,0,17,short,89,5.235294117647059,0,0,0.0,0.9411764705882353,0,2
"Uff, ordered requested purchased bought acquired obtained procured secured supposed branded genuine authentic original legitimate certified verified product item article commodity merchandise goods through online digital electronic internet web based e commerce marketplace platform portal website and what actually really truly genuinely honestly received got obtained acquired delivered shipped dispatched sent was completely totally absolutely entirely wholly fully utterly thoroughly different dissimilar unlike unrelated opposite contrary contradictory, looked appeared seemed resembled felt seemed like cheap inferior substandard poor low quality grade shoddy shabby flimsy fragile weak delicate breakable counterfeit fake duplicate replica imitation knockoff copy clone forgery, packaging box carton container wrapping covering was damaged destroyed crushed broken torn ripped open tampered unsealed, product item was scratched dented bent cracked chipped broken malfunctioning defective faulty not working properly correctly appropriately suitably, accessories components parts cables chargers adapters manuals instructions documentation warranty cards registration papers certificates were missing absent lacking not included incomplete, contacted tried reaching calling emailing messaging customer service support assistance help and got received obtained no none zero response reply answer acknowledgment communication feedback",2023-11-30,1,code_mixed,0.0,0.0,1,176,long,1438,8.170454545454545,0,0,0.0006954102920723226,0.9261363636363636,0,0
"I loved it, service thik thiyo, very fast delivery, amazing product quality!",2022-10-22,4,code_mixed,0.0,0.0,1,12,short,76,6.333333333333333,1,0,0.013157894736842105,1.0,0,2
Recently I stayed at a boutique hotel. The decor was stylish and the bed was comfortable. The rooftop view was stunning. Breakfast was included and delicious.,2024-08-08,5,english,0.0,0.0,1,26,short,158,6.076923076923077,0,0,0.03164556962025317,0.8076923076923077,1,2
I ordered a dress but it looks completely different from the pictures. 👗 Quality is very low. 😡 TOTAL FRAUD. Never buying from here again! ‼️ 🔥,2026-02-15,1,english,0.0,0.0,1,27,short,143,5.296296296296297,1,0,0.09090909090909091,0.9629629629629629,1,2
ramrai xa tetiko price ma,30-Nov-25,5,romanized_nepali,0.0,0.0,0,5,very_short,25,5.0,0,0,0.0,1.0,2,3
Size sano hudo raixa hunata packet mai lekheko thiyo 240 tara yetti sano hola expect gareyko thina so only 3 star tara pad chai ramroo thiyo,07 Nov 2025,3,romanized_nepali,1.0,1.0,0,26,short,140,5.384615384615385,0,0,0.007142857142857143,0.8846153846153846,2,2
"thikae cha kehi din vayo lagako smell chae aatinai strong cha, sabaile dherai time samma rakhna sakdaina so I recommend 4 hrs Max rakhera take a shower after few months I'll give you guys updated review. #review_wrapup",24-Jan-25,4,code_mixed,1.0,1.0,0,37,medium,218,5.891891891891892,0,0,0.013761467889908258,1.0,0,1
Aaja maile SMART-GADGET bata phone kineko tara SMART-GADGET le used phone pathayecha. SMART-GADGET is a TOTAL FRAUD and I will never suggest anyone to buy from SMART-GADGET again. This was the worst online shopping experience for me and the refund process of SMART-GADGET is also very complicated and slow for regular users.,2026-02-10,1,code_mixed,1.0,1.0,1,52,medium,324,6.230769230769231,0,0,0.20987654320987653,0.8076923076923077,0,1
Thamel ma dherai expensive shop haru chhan. I bought a shirt and it was okay but nothing special for the price paid. Just an average daily use item.,2026-02-05,3,code_mixed,0.0,0.0,1,28,short,148,5.285714285714286,0,0,0.02027027027027027,1.0,0,2
Ramroo chaa,23 Jan 2023,5,romanized_nepali,0.0,0.0,0,2,very_short,11,5.5,0,0,0.09090909090909091,1.0,2,3
Ramro cha,1-May-25,5,romanized_nepali,0.0,0.0,0,2,very_short,9,4.5,0,0,0.1111111111111111,1.0,2,3
Ultima ko yo product Lida Hunxa Hai sathi haru.! Everything was pack safe and parcel was in good condition to.! ,7-Jan-25,3,code_mixed,0.0,0.0,0,20,short,112,5.6,2,0,0.044642857142857144,0.95,0,2
"Maile yo airline ko service use gareko thiyo, very good, fantastic experience cha.",2022-10-17,4,code_mixed,0.0,0.0,1,13,short,82,6.3076923076923075,0,0,0.012195121951219513,1.0,0,2
Good as Expected. Thanks.,22 Jan 2023,5,english,0.0,0.0,0,4,very_short,25,6.25,0,0,0.12,1.0,1,3
safely recieved,01 Jul 2025,5,english,0.0,0.0,0,2,very_short,15,7.5,0,0,0.0,1.0,1,3
"Aaja bank gayo, sabai staff ekdam dami bhayo, koi sahayog garne nabhayo.",2025-01-10,2,romanized_nepali,1.0,2.0,1,12,short,72,6.0,0,0,0.013888888888888888,1.0,2,2
"thikai xa , dekhako bhanda saman farak xa tara",26 May 2025,2,code_mixed,0.0,0.0,0,9,very_short,46,5.111111111111111,0,0,0.0,0.8888888888888888,0,3
Aaja ko weather ramro thyo ani ride pani thikai thyo. Taxi driver was professional and didn't charge extra money. I reached my meeting on time and the car was also quite clean from inside. Rating it four stars for the honest driver and good condition of the vehicle.,2026-01-22,4,code_mixed,0.0,0.0,1,48,medium,266,5.541666666666667,0,0,0.015037593984962405,0.875,0,1
saman dami xa,26-Dec-24,5,romanized_nepali,1.0,1.0,0,3,very_short,13,4.333333333333333,0,0,0.0,1.0,2,3
"yo restaurant sabai vanda ramro ramro ramro, khana ekdam mitho babbal, must visit every day!!!",2024-07-11,5,romanized_nepali,1.0,3.0,1,15,short,94,6.266666666666667,3,0,0.0,0.9333333333333333,2,2
overall product quality is satisfed . But I found same product in Rs 1799 in daraz 11:11. so how this is happened.  If its actual price was same I had mention there then you have to refund amount which comes in difference between the prices. thank you ,12-Nov-24,1,english,0.0,0.0,0,47,medium,252,5.361702127659575,0,0,0.01984126984126984,0.851063829787234,1,1
"Best sushi restaurant in the entire country, freshness perfect, taste unbelievable!!!",2023-03-21,5,english,0.0,0.0,1,11,short,85,7.7272727272727275,3,0,0.011764705882352941,1.0,1,2
"Mero mitra le ekdam sanchai pani khawaune bhayo, thik thik aiyo.",2024-03-16,3,romanized_nepali,1.0,1.0,1,11,short,64,5.818181818181818,0,0,0.015625,0.9090909090909091,2,2
"disgusting restaurant, found hair in food, manager is rude criminal, never go!!!",2022-12-17,1,english,0.0,0.0,1,12,short,80,6.666666666666667,3,0,0.0,1.0,1,2
Naramro saman pathai dinu vayexa😡😡😡😡,21 Aug 2023,5,romanized_nepali,0.0,0.0,0,5,very_short,36,7.2,0,0,0.027777777777777776,1.0,2,3
ramro xa rmro Kam garxa Lida hunxa,9-Jan-26,5,romanized_nepali,0.0,0.0,0,7,very_short,34,4.857142857142857,0,0,0.058823529411764705,1.0,2,3
"Ma aaja ek dam kharaab mehsoos gardai chu, kina ki malai bank ma gayo bela tapai haru le mero samasya samjhana sakyen, tapai haru ko staff dherai kharab huncha, uniharulai malai sanchai pani diena, mero khata ma pani dherai samasya aayo, aba ma tapai haru ko bank chhoddai chu.",2023-11-11,1,romanized_nepali,1.0,1.0,1,49,medium,277,5.653061224489796,0,0,0.0036101083032490976,0.7346938775510204,2,1
thank you so much daraz🫶♥️💝 packing was too good IAM so happy 😊 it's my favourite oil so 12 pieces buy gari sakkeya maile..💖 Kati chai ramroo ho k yo oils aati nhi help gareko xa hair growth & new baby hair grow garna ma Pani.👌💋 I just love it💋.jeena third eye rosemary hair oil is love- (love love)awwwww🫶♥️💝,16-Jan-26,5,code_mixed,0.0,0.0,0,59,medium,309,5.237288135593221,0,0,0.019417475728155338,0.9152542372881356,0,1
Aaja maile naya jutta kineko tara ek din mai futyo. TOTAL WASTE OF MONEY. Shopkeeper le return garna mandaina. Dherai jhur quality ko saman bechne rahechha yo pasal le. Sabai jana hosh garnu hola.,2026-02-11,1,romanized_nepali,1.0,1.0,1,34,medium,196,5.764705882352941,0,0,0.10714285714285714,1.0,2,1
"Bus ko service pani dherai acchi hai, very comfortable, great facilities, loved it!",2024-09-22,5,code_mixed,1.0,1.0,1,13,short,83,6.384615384615385,1,0,0.012048192771084338,1.0,0,2
"Chi, booked scheduled arranged reserved confirmed guaranteed hired employed contracted engaged authorized licensed registered certified insured cab taxi ride transportation conveyance vehicle service through popular well known widely used commonly utilized mobile smartphone application app platform software system for airport railway station bus terminal important location destination and driver operator chauffeur motorist was extremely very incredibly unbelievably impossibly rude discourteous impolite disrespectful offensive abusive vulgar crude crass inappropriate unprofessional, drove operated maneuvered navigated handled controlled vehicle car auto automobile recklessly dangerously rashly carelessly negligently irresponsibly aggressively violently erratically, violated broke breached infringed contravened transgressed flouted disregarded ignored traffic laws rules regulations norms standards codes ordinances, ran crossed passed jumped ignored red lights signals stop signs warnings, exceeded surpassed went beyond crossed speed limits restrictions maximum allowed velocity, overtook passed vehicles dangerously unsafely riskily perilously hazardously, argued quarreled disputed debated fought when politely respectfully courteously questioned asked inquired requested follow rules regulations",2024-02-29,1,code_mixed,0.0,0.0,1,151,long,1310,8.675496688741722,0,0,0.0007633587786259542,0.9536423841059603,0,0
"Hotel stay dherai comfortable thiyo, staff pani helpful cha, I highly recommend it, excellent experience.",2025-04-12,5,code_mixed,0.0,0.0,1,15,short,105,7.0,0,0,0.01904761904761905,1.0,0,2
"Salon ko hair stylist bhayaanak skilled thiyo, I lost my hair, very bad job.",2024-07-15,1,code_mixed,0.0,0.0,1,14,short,76,5.428571428571429,0,0,0.02631578947368421,1.0,0,2
In Patan I recently visited this amazing place with my family. The food was incredible and the staff were so friendly. I have to say this is the BEST DEAL I have ever had in Nepal!!! The restaurant is called Spice Palace Spice Palace Spice Palace and I recommend Spice Palace to everyone. The ambiance is perfect and the prices were fair. We had a great time and will go back soon. Everything was perfect and I am so happy with the experience. Highly recommend this spot for anyone in the area looking for quality food and service.,2025-07-22,5,english,0.0,0.0,1,98,long,531,5.418367346938775,3,0,0.05649717514124294,0.6224489795918368,1,0
"Service fantastic thiyo, product pani dherai good cha, will definitely purchase again!",2022-07-25,5,code_mixed,0.0,0.0,1,12,short,86,7.166666666666667,1,0,0.011627906976744186,1.0,0,2
balla xa hai guys,21-Sep-25,5,romanized_nepali,0.0,0.0,0,4,very_short,17,4.25,0,0,0.0,1.0,2,3
"Yo microbus service dherai convenient cha, very safe, I highly recommend it.",2024-04-13,1,code_mixed,0.0,0.0,1,12,short,76,6.333333333333333,0,0,0.02631578947368421,1.0,0,2
"Service center ko staff cooperative thiyo, but I'm not sure about quality cha.",2023-02-12,3,code_mixed,0.0,0.0,1,13,short,78,6.0,0,0,0.02564102564102564,1.0,0,2
"Cha bhanne yo airline service gayo, khana pani na milyo, thik na lago.",2025-03-09,3,romanized_nepali,0.0,0.0,1,13,short,70,5.384615384615385,0,0,0.014285714285714285,0.9230769230769231,2,2
Lalitpur tira ko Everest-Cafe ma coffee dherai mitho thyo. Everest-Cafe ko ambience dherai peace chha ani Everest-Cafe ko staff haru dherai friendly chhan!!! We enjoyed our time at Everest-Cafe reading books and listening to music. It is the best place to work during the weekends for every student and professional.,2026-02-10,5,romanized_nepali,0.0,0.0,1,50,medium,316,6.32,3,0,0.03481012658227848,0.8,2,1
Nicee proudct,6-Sep-25,5,english,0.0,0.0,0,2,very_short,13,6.5,0,0,0.07692307692307693,1.0,1,3
"Amazing experience at this hospital, doctors bahut helpful thiye, I highly recommend!",2025-06-14,5,code_mixed,0.0,0.0,1,12,short,85,7.083333333333333,1,0,0.023529411764705882,1.0,0,2
good product with reasonable prices  ,22-Jul-25,5,english,0.0,0.0,0,5,very_short,37,7.4,0,0,0.0,1.0,1,3
"Aaja malai dherai khushi lago bhayo, yo hotel ko khana dherai swadisht huncha, hotel ko ambiance dherai ramro huncha, service pani thik thik bhayo, hotel ko sabai staff ekdam ramro huncha, uniharule mero sagarwa gardai hola, yo hotel ma basnu cha bhane huncha, sabai le yo hotel ma jana cha bhane thik huncha, dherai besari huncha.",2023-11-11,5,romanized_nepali,1.0,1.0,1,56,medium,331,5.910714285714286,0,0,0.0030211480362537764,0.5892857142857143,2,1
nice packaging..... delivery socheko vanda ni xeto aayo.....aaba use gare paxi tesko review share garxu,19-Nov-25,4,code_mixed,0.0,0.0,0,15,short,103,6.866666666666666,0,0,0.0,1.0,0,2
Ekdam Dami raix manxe haru vayera langa vayo,19-Jul-25,5,romanized_nepali,1.0,1.0,0,8,very_short,44,5.5,0,0,0.045454545454545456,1.0,2,3
Perfect for organising utensil,28 Jan 2026,5,english,0.0,0.0,0,4,very_short,30,7.5,0,0,0.03333333333333333,1.0,1,3
"Life changing hair cut, everyone asking where I went, best salon in town!!!",2025-01-22,5,english,0.0,0.0,1,13,short,75,5.769230769230769,3,0,0.02666666666666667,1.0,1,2
"yo bike ekdam babbal performance, smooth smooth ride, best purchase ever!!!",2022-03-16,5,romanized_nepali,1.0,2.0,1,11,short,75,6.818181818181818,3,0,0.0,0.9090909090909091,2,2
not good shoes very bad quality,2-Dec-25,5,english,0.0,0.0,0,6,very_short,31,5.166666666666667,0,0,0.0,1.0,1,3
"service online portal ekdum user friendly, tracking real time, transparency full!!!",2023-11-18,5,code_mixed,0.0,0.0,1,11,short,83,7.545454545454546,3,0,0.0,1.0,0,2
"yo restaurant ko owner ma drugs business chalcha, police raid hunu parcha!!!",2022-07-05,1,romanized_nepali,0.0,0.0,1,12,short,76,6.333333333333333,3,0,0.0,1.0,2,2
Photo ma dekhanuni ra delivery gardini saman nai farak hunxa. Tehi vayera Online shopping garna nai jhyau lauxa.,02 Mar 2025,1,code_mixed,0.0,0.0,0,18,short,112,6.222222222222222,0,0,0.026785714285714284,0.9444444444444444,0,2
best product seen on the internet,08 Nov 2025,5,english,0.0,0.0,0,6,very_short,33,5.5,0,0,0.0,1.0,1,3
Simply the most professional and world class hospitality experience I have ever had during my stay at this wonderful location in Kathmandu. Everything from the room hygiene to the staff behavior was absolutely perfect and exceeded my expectations for a luxury visit. I will definitely be recommending this brand to all my international friends and family members for their next vacation trip.,2025-05-20,5,english,0.0,0.0,1,62,medium,392,6.32258064516129,0,0,0.012755102040816327,0.8387096774193549,1,1
first time malai ramro saman paryo 😊,10 Aug 2025,5,romanized_nepali,0.0,0.0,0,7,very_short,36,5.142857142857143,0,0,0.0,1.0,2,3
It is Worth buying 😊😊,20 Oct 2023,5,english,0.0,0.0,0,5,very_short,21,4.2,0,0,0.09523809523809523,1.0,1,3
paisa anusar ko thikai ho saman,18-Jun-25,5,romanized_nepali,0.0,0.0,0,6,very_short,31,5.166666666666667,0,0,0.0,1.0,2,3
N1,5-Aug-25,5,code_mixed,0.0,0.0,0,1,very_short,2,2.0,0,0,0.5,1.0,0,3
Aaja ko dinner ma dherai rish uthyo 😡. The waiter was very arrogant and the food was half cooked. TOTAL WASTE OF MONEY. I will never go back to this place 🔥.,2026-02-18,1,code_mixed,1.0,1.0,1,32,medium,157,4.90625,0,0,0.12738853503184713,0.96875,0,1
Looks good quality. Arrived in time.  ,5-May-25,3,english,0.0,0.0,0,6,very_short,38,6.333333333333333,0,0,0.05263157894736842,1.0,1,3
loved it❤,6-Nov-20,5,english,0.0,0.0,0,2,very_short,9,4.5,0,0,0.0,1.0,1,3
"Bus ko service ramro thiyo, very convenient, I had a great time, price pani reasonable cha, highly recommended to all.",2022-07-11,4,code_mixed,0.0,0.0,1,20,short,118,5.9,0,0,0.01694915254237288,1.0,0,2
Nice packaging,04 Jun 2024,5,english,0.0,0.0,0,2,very_short,14,7.0,0,0,0.07142857142857142,1.0,1,3
Recently had a meal at the local dhaba. The food was okay for the price. I didn't like the cleanliness but the taste was fine for a quick lunch during work hours in the afternoon.,2026-02-12,3,english,0.0,0.0,1,35,medium,179,5.114285714285714,0,0,0.01675977653631285,0.8,1,1
Didn't match at my phone!!!!,18 Aug 2024,2,english,0.0,0.0,0,5,very_short,28,5.6,4,0,0.03571428571428571,1.0,1,3
one of the best purchase of mine from daraz. fits perfectly for plus size girls.,21 Oct 2024,5,english,0.0,0.0,0,15,short,80,5.333333333333333,0,0,0.0,0.9333333333333333,1,2
Patan tira ko tyo hotel ma basna dherai garo vayo aaja 🔥. Room dherai fohor thyo ani pani ko problem dherai thyo. Maile complain garda pani kasaile sunena. TOTAL DISASTER stay for us ⭐.,2026-02-15,1,romanized_nepali,1.0,1.0,1,34,medium,185,5.4411764705882355,0,0,0.08648648648648649,0.8823529411764706,2,1
looks solid. will move out to test how mant times cab charhe phone ,27-Sep-25,5,english,0.0,0.0,0,13,short,67,5.153846153846154,0,0,0.0,1.0,1,2
"Chya chya chya, kasto fohori khana, cockroach maile dekhe, staff le sorry pani vanena. Total disaster, revenge linxu kta ho rukh!!",2024-08-19,1,code_mixed,0.0,0.0,1,21,short,130,6.190476190476191,2,0,0.015384615384615385,1.0,0,2
"I would give 0 rating if it were possible.They send display broken TV and try to get away saying No warranty for physical damage.2 kaudi ko company furti badi lauchan. Dont buy from them ,no service no warranty..vestel ko naam maa duplicate chinese TV ho.If i get their adress i will complaint them to police.And the one chatting in daraz,bloody shit dont know how to behave..daraz need to remove these kind of frauds",02 Aug 2024,1,code_mixed,0.0,0.0,0,73,long,417,5.712328767123288,0,0,0.023980815347721823,0.8904109589041096,0,0
"Best product mai purchase garne ko paayo, fantastic service, timely delivery, I'm so happy!",2024-06-26,5,code_mixed,0.0,0.0,1,14,short,91,6.5,1,0,0.02197802197802198,1.0,0,2
Dherai Ma booked and the transport arrived but messages were templated ti and the confirmation echoed phrases from other listings it felt like a bot-generated status update very generic phrase,2026-02-02,3,romanized_nepali,1.0,1.0,1,30,medium,192,6.4,0,0,0.010416666666666666,0.9333333333333333,2,1
I have just started using it. Can’t tell much.,17 Jan 2026,3,english,0.0,0.0,0,9,very_short,46,5.111111111111111,0,0,0.043478260869565216,1.0,1,3
"OMG! The view from the room was dami and the food was ekdum mitho, i feel like a king here, best hotel in the entire universe!!!!",2025-02-02,5,code_mixed,1.0,2.0,1,26,short,129,4.961538461538462,5,0,0.031007751937984496,0.8846153846153846,0,2
"budeshi lai matrai ho piro lagne 
nepali , indian lai lagdaina current noodel bhanda ni kaam piro xa 2x jasto ho la  ",15-Nov-24,2,romanized_nepali,0.0,0.0,0,22,short,117,5.318181818181818,0,0,0.0,0.8636363636363636,2,2
"thnaks for this, i think it not pvc material. ",3 weeks ago,4,english,0.0,0.0,0,9,very_short,46,5.111111111111111,0,0,0.0,1.0,1,3
Lets hope it lasts upto 6 months. ,18-Nov-25,3,english,0.0,0.0,0,7,very_short,34,4.857142857142857,0,0,0.029411764705882353,1.0,1,3
ramrai xa,11 Mar 2025,5,romanized_nepali,0.0,0.0,0,2,very_short,9,4.5,0,0,0.0,1.0,2,3
I m using for so many years..Very good for washing machine and handwash as well. Great fragrance and remove stains in easy wash,16 Dec 2025,5,english,0.0,0.0,0,23,short,127,5.521739130434782,0,0,0.023622047244094488,0.9130434782608695,1,2
"Super fast delivery, product arrived in 2 hours!! Quality is babbal and price is so cheap, i love this store so much, 5 stars!!",2025-01-05,5,english,1.0,1.0,1,24,short,127,5.291666666666667,4,0,0.015748031496062992,0.9166666666666666,1,2
looks ma ramro xa kahai safety Kati ko xa,27-Aug-24,5,code_mixed,0.0,0.0,0,9,very_short,41,4.555555555555555,0,0,0.024390243902439025,0.8888888888888888,0,3
"Yo repair shop ma kaam garne bani huncha, tai ramro cha, gardai thik bhayo",2024-04-08,3,romanized_nepali,0.0,0.0,1,14,short,74,5.285714285714286,0,0,0.013513513513513514,1.0,2,2
good quality.delivered on time.u order4 but didn't get ant free gift,18 Sep 2025,4,english,0.0,0.0,0,11,short,68,6.181818181818182,0,0,0.0,1.0,1,2
same as shown.thank u daraz.,14-Nov-20,5,english,0.0,0.0,0,5,very_short,28,5.6,0,0,0.0,1.0,1,3
"wrong information dinu vayena ni tesari """,31-Aug-25,3,code_mixed,0.0,0.0,0,7,very_short,41,5.857142857142857,0,0,0.0,1.0,0,3
exactly as shown 😉 the colour is beautiful kaam tw garxa Tara malai simple wala le badhi ramro kaam gareko jasto lagyo esle bhanda,3 weeks ago,5,code_mixed,0.0,0.0,0,24,short,130,5.416666666666667,0,0,0.007692307692307693,0.9583333333333334,0,2
price anusar best ,12-Jun-25,5,code_mixed,0.0,0.0,0,3,very_short,18,6.0,0,0,0.0,1.0,0,3
ek dam kabad tv jasto xa purai hinj kholeko xa ani nut haru ne baira xa ramro sanga heryo Vani tyo nut damage xa paila tv kholeko jhai Malai lagxa mero tv refurbished ho bigreako return vako Lai banayera deako jasto xa Ani screen ko pixel ma ne purai link g dekheako xa with too big lines and many more problems na replay hunxa na kei seller Bata nee hijo kholda vistel from turkey delheautheao aaile white screen kaile kaile blue screen khattam tv parey xa,18 Dec 2024,1,code_mixed,1.0,0.0,0,86,long,457,5.313953488372093,0,0,0.010940919037199124,0.7906976744186046,0,0
gonna meet the expectation,29 Nov 2023,5,english,0.0,0.0,0,4,very_short,26,6.5,0,0,0.0,1.0,1,3
"worth buying, good delivery guy.",08 Nov 2024,5,english,0.0,0.0,0,5,very_short,32,6.4,0,0,0.0,1.0,1,3
Best at affordable price xa hai,27-Dec-25,5,code_mixed,0.0,0.0,0,6,very_short,31,5.166666666666667,0,0,0.03225806451612903,1.0,0,3
Thikai ho,17-Nov-25,5,romanized_nepali,0.0,0.0,0,2,very_short,9,4.5,0,0,0.1111111111111111,1.0,2,3
"Service dherai ramro thiyo, I'm totally satisfied with their amazing work, price pani fair cha, I highly recommend this salon to everyone!",2023-08-11,5,code_mixed,0.0,0.0,1,22,short,138,6.2727272727272725,1,0,0.021739130434782608,1.0,0,2
"Food ko quality consistently high thiyo, I've visited this place multiple times, and every time, I'm impressed, service pani always top-notch thiyo, staff ko attitude pani friendly cha, price pani very competitive cha, I love the variety of options available, everything ko presentation pani visually stunning thiyo, I highly recommend it, khana ko taste pani consistently delicious thiyo, overall experience dherai enjoyable thiyo, I'll keep coming back for sure.",2023-07-27,5,code_mixed,0.0,0.0,1,69,long,464,6.72463768115942,0,0,0.01293103448275862,0.7971014492753623,0,0
Recently Ma used the food delivery and the meal was hot but the messages were generic and repeated phrases across orders which made it feel generated ti very generic phrase very generic phrase,2026-02-08,3,code_mixed,1.0,2.0,1,33,medium,192,5.818181818181818,0,0,0.010416666666666666,0.7878787878787878,0,1
"yo cafe ko momo ekdam mitho mitho, sabai vanda best taste, highly recommend!!!",2022-09-08,5,romanized_nepali,1.0,2.0,1,13,short,78,6.0,3,0,0.0,1.0,2,2
"Ekdaam ramro , useful xa. If you wanna buy go for it.",04 Aug 2023,5,code_mixed,1.0,1.0,0,12,short,53,4.416666666666667,0,0,0.03773584905660377,1.0,0,2
okok xa kei din use gareysi tha hunxa,24 Jan 2026,3,code_mixed,0.0,0.0,0,8,very_short,37,4.625,0,0,0.0,1.0,0,3
Aaja ko dinner dherai mitho thyo! 🍕 The momos were fresh and the chutney was spicy just like I like it. 😋 Highly recommend the special platter. ✨ ⭐ 🙏,2026-02-18,5,code_mixed,0.0,0.0,1,30,medium,149,4.966666666666667,1,0,0.026845637583892617,0.9333333333333333,0,1
ramrai xa paisa anusar.,01 Jul 2025,4,romanized_nepali,0.0,0.0,0,4,very_short,23,5.75,0,0,0.0,1.0,2,3
"I ordered online, delivery fast thiyo, product pani fresh cha, packaging dherai strong thiyo, overall I am neutral about it.",2024-01-13,3,code_mixed,0.0,0.0,1,20,short,124,6.2,0,0,0.016129032258064516,0.9,0,2
"nice, tara powerbank charge huncha time chai lagcha ekdamai. yo powerbank lai chai kati watt ko charger le charge garnu parcha? any type c le milcha ki esmai aune le garnuparcha? ",14-Nov-24,5,code_mixed,0.0,0.0,0,31,medium,179,5.774193548387097,0,2,0.0,0.8387096774193549,0,1
"Service dherai ramro thiyo, I really liked it, price pani fair cha, highly recommended!",2023-02-07,3,code_mixed,0.0,0.0,1,14,short,87,6.214285714285714,1,0,0.022988505747126436,1.0,0,2
plz first of all check your product nicely and only delivered. my power bank right side has not working properly it charge only 5-6 sec and it discharge 1-2 sec and again charge . this process goes on. plz help me what to do ,20-Dec-25,3,english,0.0,0.0,0,44,medium,225,5.113636363636363,0,0,0.0,0.8409090909090909,1,1
ramrai xa aru k bhanne aba thikai lagyo  ,24-Nov-23,1,romanized_nepali,0.0,0.0,0,8,very_short,41,5.125,0,0,0.0,1.0,2,3
"Yeh restaurant ka khana fantastic cha, I highly recommend, must try, awesome!",2023-11-16,5,code_mixed,0.0,0.0,1,12,short,77,6.416666666666667,1,0,0.025974025974025976,1.0,0,2
"The hotel room was spacious and had a great view of the city but the overall maintenance was very disappointing. 🏨 The bathroom sink was leaking and the air conditioning was making a loud rattling noise all night long which made it impossible to sleep. ✨ I complained to the front desk multiple times but nobody came to fix the issue until the next morning. ⭐ For a luxury hotel, the service quality is quite low and I don't think it is worth the money. ✨",2026-02-17,2,english,0.0,0.0,1,86,long,455,5.290697674418604,0,0,0.01098901098901099,0.7441860465116279,1,0
Dherai mahango khana tara taste chai zero 🍕. I don't understand why people go to this place. TOTAL SCAM for the price they charge for a simple plate of momo 😡‼️ 🔥.,2026-02-15,1,romanized_nepali,1.0,1.0,1,32,medium,163,5.09375,0,0,0.06748466257668712,0.96875,2,1
🍽️🍽️🍽️ #Number1Restaurant #BestDining WORLD CLASS CUISINE!!! Amazing food perfect service!!! #MustVisit #TopRated #Premium!!!,2024-09-21,5,english,0.0,0.0,1,13,short,125,9.615384615384615,9,0,0.216,1.0,1,2
okay one,07 Aug 2024,5,english,0.0,0.0,0,2,very_short,8,4.0,0,0,0.0,1.0,1,3
"my package arrived safely. using it for the first time, let's see what happens",10 Mar 2025,5,english,0.0,0.0,0,14,short,78,5.571428571428571,0,0,0.0,1.0,1,2
Dherai I went there with my family and we experienced pleasant staff clean rooms good location but the review uses identical phrases found elsewhere and reads like copied promotional text rather than genuine experience which lowers believability,2026-02-09,4,english,0.0,0.0,1,37,medium,245,6.621621621621622,0,0,0.00816326530612245,0.972972972972973,1,1
clothes doesn't look clean,13 Jun 2025,3,english,0.0,0.0,0,4,very_short,26,6.5,0,0,0.0,1.0,1,3
"Awesome product,, i'm sooo happy 😊",28 Mar 2025,5,english,0.0,0.0,0,6,very_short,34,5.666666666666667,0,0,0.029411764705882353,1.0,1,3
"worst motorcycle ever, ekdum kharab, paisa waste, never never buy this!!!",2022-09-15,1,code_mixed,0.0,0.0,1,11,short,73,6.636363636363637,3,0,0.0,0.9090909090909091,0,2
Recently Ma tried the meal and it was okay ti but the comment used identical sentences found elsewhere across the web and repeated brand mentions which suggests bulk posting very generic phrase,2026-01-07,3,romanized_nepali,1.0,2.0,1,32,medium,193,6.03125,0,0,0.010362694300518135,0.90625,2,1
Product not as advertized. ,13-Jul-25,2,english,0.0,0.0,0,4,very_short,27,6.75,0,0,0.037037037037037035,1.0,1,3
product ramro xa kind nda hunxa,16-Mar-25,4,romanized_nepali,0.0,0.0,0,6,very_short,31,5.166666666666667,0,0,0.0,1.0,2,3
"Okay cha, product quality average thiyo, price pani moderate level cha, no complaints.",2024-09-18,3,code_mixed,0.0,0.0,1,13,short,86,6.615384615384615,0,0,0.011627906976744186,0.9230769230769231,0,2
"I'm totally blown away by khaja ko variety, food ko diversity dherai impressive thiyo, menu ma dherai options cha, everything ko presentation pani visually appealing thiyo, I thoroughly enjoyed it, taste pani out-of-this-world thiyo, price pani very fair cha, I'd definitely come back for more, service pani quick thiyo, staff ko response pani prompt cha.",2024-04-17,3,code_mixed,0.0,0.0,1,55,medium,355,6.454545454545454,0,0,0.008450704225352112,0.7818181818181819,0,1
op qualtiy,8-Jun-25,5,code_mixed,1.0,1.0,0,2,very_short,10,5.0,0,0,0.0,1.0,0,3
photo ma here KO jastai payo dherai dherai dhanyabad sir 💝,7-Feb-25,5,romanized_nepali,0.0,0.0,0,11,short,58,5.2727272727272725,0,0,0.034482758620689655,0.9090909090909091,2,2
Thorai paisama yetiramro aayo I’ma khusi xu😊 ,2-Aug-25,5,romanized_nepali,0.0,0.0,0,7,very_short,45,6.428571428571429,0,0,0.044444444444444446,1.0,2,3
good One Yesle 3 Tai ports bata charge output garna mildo raixa even type c to c pani  ,17-Oct-25,3,english,0.0,0.0,0,18,short,87,4.833333333333333,0,0,0.034482758620689655,0.9444444444444444,1,2
"I have received the TV on time, but it has a WALLMOUNT which I have never seen before. It looks like a WALLMOUNT for flies.",12 Jun 2024,2,english,0.0,0.0,0,25,short,123,4.92,0,0,0.18699186991869918,0.84,1,2
Recently Ma bought from HimalShop HimalShop HimalShop good packaging ti product okay but the customer comment looked like a template repeated in multiple places too generic and promotional very generic phrase,2026-01-08,4,romanized_nepali,1.0,3.0,1,31,medium,208,6.709677419354839,0,0,0.038461538461538464,0.9032258064516129,2,1
watetproof vanera order gareko ramro rahexa. ,17-Dec-25,5,code_mixed,0.0,0.0,0,6,very_short,45,7.5,0,0,0.0,1.0,0,3
Ramro xa hamro ma use garna lako 1 year jati bhayao,07 Mar 2025,5,code_mixed,0.0,0.0,0,11,short,51,4.636363636363637,0,0,0.0196078431372549,1.0,0,2
Sano cha but i expected it to be small nai so its fine. Works fine 💖,26 Jul 2022,5,code_mixed,0.0,0.0,0,16,short,68,4.25,0,0,0.029411764705882353,1.0,0,2
Best for buying liquid detergent nice wash cheaper and best wash 😉,2 weeks ago,5,english,0.0,0.0,0,12,short,66,5.5,0,0,0.015151515151515152,0.9166666666666666,1,2
"Payment process pani secure thiyo, product pani genuine cha, overall experience thik cha.",2022-01-11,5,code_mixed,0.0,0.0,1,13,short,89,6.846153846153846,0,0,0.011235955056179775,0.9230769230769231,0,2
Didn't try yet but packaging is good and delivered in just 1 day,14 Oct 2025,5,english,0.0,0.0,0,13,short,64,4.923076923076923,0,0,0.015625,1.0,1,2
"hotel swimming pool ma bacteria, dirty water, skin infection bhayo, lawsuit!!!",2022-10-27,1,code_mixed,0.0,0.0,1,11,short,78,7.090909090909091,3,0,0.0,1.0,0,2
Yo pad ramro xa,25 Sep 2025,5,romanized_nepali,0.0,0.0,0,4,very_short,15,3.75,0,0,0.06666666666666667,1.0,2,3
price anusar product ramro lagyo,4 weeks ago,5,romanized_nepali,0.0,0.0,0,5,very_short,32,6.4,0,0,0.0,1.0,2,3
"This Product (Vestel Led Full Hd 1/8) is No 1 for this price range. Rs 27,720 1) Picture quality is good. 2) Sound Quality is good.",01 Mar 2024,5,english,0.0,0.0,0,26,short,131,5.038461538461538,0,0,0.08396946564885496,0.8846153846153846,1,2
"Mero dami le yo khana pugyo, garyo bhane cha, sabai ko khau.",2025-03-28,5,romanized_nepali,1.0,1.0,1,12,short,60,5.0,0,0,0.016666666666666666,1.0,2,2
"cab driver drunk thiyo, unsafe driving, complained but no action, dangerous!!!",2023-04-29,1,code_mixed,0.0,0.0,1,11,short,78,7.090909090909091,3,0,0.0,1.0,0,2
it's good hjzhzhzhzhzjzjjzzjjzjzjzjzjzjz,3 weeks ago,5,english,1.0,1.0,0,3,very_short,40,13.333333333333334,0,0,0.0,1.0,1,3
"Dherai happy with purchase, product exactly as described, customer service pani very helpful cha!",2024-12-28,5,code_mixed,0.0,0.0,1,14,short,97,6.928571428571429,1,0,0.010309278350515464,1.0,0,2
OMG it's soooooo soft 😭 🤧 the best for beginners 😘🫶 ,7-May-25,2,english,1.0,1.0,0,11,short,52,4.7272727272727275,0,0,0.057692307692307696,1.0,1,2
saman aayo tara halka time layo aru thikai xw .,28-Sep-25,5,romanized_nepali,0.0,0.0,0,10,very_short,47,4.7,0,0,0.0,1.0,2,3
"Disgusting hotel, no hot water, WiFi fake, receptionist is liar, total fraud!!!",2022-05-14,1,english,0.0,0.0,1,12,short,79,6.583333333333333,3,0,0.0379746835443038,1.0,1,2
I bought this smartphone last week and while the camera is good the battery life is a huge disappointment for me. 📱 It barely lasts six hours on a full charge even with light usage which is not what was promised in the advertisements. ✨ The screen brightness is also a bit low when using it outside during the daytime. ⭐ For this price range I think there are much better options available in the market that offer better hardware and software stability. 🛍️ ✨,2026-02-16,3,english,0.0,0.0,1,85,long,459,5.4,0,0,0.010893246187363835,0.8235294117647058,1,0
babal Cha,9-Nov-25,5,romanized_nepali,1.0,1.0,0,2,very_short,9,4.5,0,0,0.1111111111111111,1.0,2,3
"BEST PRODUCT EVER IN NEPAL!!! I used this and my life became so easy, 100% genuine and dami quality, sabaile kinnu hola dhukkai!!",2025-01-12,5,code_mixed,1.0,1.0,1,23,short,129,5.608695652173913,5,0,0.17829457364341086,0.9565217391304348,0,2
Ramro xa. Worth it.,15-Oct-25,5,code_mixed,0.0,0.0,0,4,very_short,19,4.75,0,0,0.10526315789473684,1.0,0,3
Glass ta ramri ho yeha chai futeko parae xa,04 Nov 2025,3,code_mixed,0.0,0.0,0,9,very_short,43,4.777777777777778,0,0,0.023255813953488372,1.0,0,3
Loved it!!!,14 Nov 2025,4,english,0.0,0.0,0,2,very_short,11,5.5,3,0,0.09090909090909091,1.0,1,3
Socheko vanda ramro paya saman,9-May-25,1,romanized_nepali,0.0,0.0,0,5,very_short,30,6.0,0,0,0.03333333333333333,1.0,2,3
Loved the watch thanks,23-Nov-20,5,english,0.0,0.0,0,4,very_short,22,5.5,0,0,0.045454545454545456,1.0,1,3
Good product ramro xa ani size ni thulo xa,24-Nov-25,4,code_mixed,0.0,0.0,0,9,very_short,42,4.666666666666667,0,0,0.023809523809523808,0.8888888888888888,0,3
"yo ride service sabai vanda best, ekdam comfortable, best best best journey!!!",2022-09-19,5,romanized_nepali,1.0,1.0,1,12,short,78,6.5,3,0,0.0,0.8333333333333334,2,2
"Yummy momos khane ma I felt amazing, best taste in town, must try it!",2023-02-28,3,code_mixed,0.0,0.0,1,14,short,69,4.928571428571429,1,0,0.028985507246376812,1.0,0,2
"scooter ma accident bhayo faulty tire, injury bhayo, Hero Electric better safety record cha!!!",2023-05-08,1,code_mixed,0.0,0.0,1,14,short,94,6.714285714285714,3,0,0.02127659574468085,1.0,0,2
"yo product innovation level ekdum high cha, competition lai harai diyo!!!",2024-11-15,5,romanized_nepali,1.0,1.0,1,11,short,73,6.636363636363637,3,0,0.0,1.0,2,2
"Yo salon ko service top notch cha, I loved it, price pani reasonable thiyo, great job!",2023-09-11,3,code_mixed,0.0,0.0,1,16,short,86,5.375,1,0,0.023255813953488372,1.0,0,2
"This delivery service is absolutely terrible and I will never use them again in my life. 😡 My package was supposed to arrive four days ago but it just sat at the warehouse without any updates from the support team. ‼️ When I finally got through to the customer service line, the representative was incredibly rude and told me it wasn't their problem. 🔥 When the box finally arrived today, it was completely crushed and the items inside were broken beyond repair. ‼️ TOTAL DISASTER! 🔥",2026-02-18,1,english,0.0,0.0,1,86,long,483,5.616279069767442,1,0,0.039337474120082816,0.7906976744186046,1,0
low rise vanera leko ta hoina raixa...,17-Mar-25,5,romanized_nepali,0.0,0.0,0,7,very_short,38,5.428571428571429,0,0,0.0,1.0,2,3
Recently maile TECH-CENTER bata camera kineko tara PHOTO-PRO model ko thau ma purano model pathayecha. TECH-CENTER is not replying to my emails and TECH-CENTER phone is also busy all the time. TOTAL FRAUD store in the city center. I will report this to the police tomorrow morning for sure.,2026-02-16,1,code_mixed,1.0,1.0,1,49,medium,290,5.918367346938775,0,0,0.1724137931034483,0.8571428571428571,0,1
halka tight vayo but good product masta comfort xa,11-Jun-25,5,code_mixed,1.0,1.0,0,9,very_short,50,5.555555555555555,0,0,0.0,1.0,0,3
fine. grt.,03 Dec 2025,5,english,0.0,0.0,0,2,very_short,10,5.0,0,0,0.0,1.0,1,3
Thank you! my son loved it. Dherai man paryo re,29-Apr-25,5,code_mixed,1.0,1.0,0,10,very_short,47,4.7,1,0,0.0425531914893617,1.0,0,3
"This repair shop is a lifesaver, fixed my phone in minutes, 10/10 would recommend!",2025-05-28,5,english,0.0,0.0,1,14,short,82,5.857142857142857,1,0,0.012195121951219513,1.0,1,2
"Yo bank ka staff haru dherai ramro cha, mero sabai kaam pugyo, aaja mero din ekdam ramro gayo.",2022-10-14,4,romanized_nepali,1.0,1.0,1,18,short,94,5.222222222222222,0,0,0.010638297872340425,0.8888888888888888,2,2
Comfortable   xa rmao ni xa,30-Dec-24,5,code_mixed,0.0,0.0,0,5,very_short,27,5.4,0,0,0.037037037037037035,0.8,0,3
"Very useful power bank! I’ve been using it for almost a month, and it’s totally worth it. Charges fast, and if your phone already has decent battery backup, this can easily handle long trips. Minimalistic design and overall a solid 10/10. ",4-Nov-25,5,english,0.0,0.0,0,41,medium,239,5.829268292682927,1,0,0.016736401673640166,0.926829268292683,1,1
Wall mount chaina otherwise tv good condition,17 Nov 2025,5,code_mixed,0.0,0.0,0,7,very_short,45,6.428571428571429,0,0,0.022222222222222223,1.0,0,3
As aspected txz a lot,2 weeks ago,5,english,1.0,1.0,0,5,very_short,21,4.2,0,0,0.047619047619047616,1.0,1,3
Nice vfm,30 Jan 2026,5,code_mixed,0.0,0.0,0,2,very_short,8,4.0,0,0,0.125,1.0,0,3
packaging was superb...ani product ni ramro xa..gonna buy soon again.. thanks.timely deliver vayo,20-Feb-25,5,code_mixed,0.0,0.0,0,13,short,97,7.461538461538462,0,0,0.0,1.0,0,2
tesro choti ko order ho mero ekdam ramro xa  ,7-Feb-25,3,romanized_nepali,1.0,1.0,0,9,very_short,45,5.0,0,0,0.0,1.0,2,3
"Aba, contacted approached engaged hired employed contracted commissioned appointed retained enlisted recruited service provider contractor professional expert specialist consultant advisor technician engineer worker for essential critical important vital crucial significant major project task assignment job work undertaking and communication interaction dialogue discourse conversation exchange correspondence contact was absolutely completely totally utterly thoroughly atrocious terrible awful horrible dreadful appalling shocking poor inadequate insufficient unsatisfactory disappointing frustrating, response reaction reply answer acknowledgment feedback was extremely very incredibly unbelievably impossibly slow delayed late sluggish tardy overdue postponed procrastinated, often frequently regularly commonly usually typically habitually routinely ignored disregarded overlooked neglected avoided evaded dodged sidestepped messages emails calls texts communications inquiries questions queries requests, when finally eventually ultimately did responded replied answered acknowledged communicated, information data details particulars specifics facts was vague unclear ambiguous confusing misleading deceptive inaccurate incorrect wrong false erroneous mistaken, professionalism courtesy respect politeness consideration was completely absent lacking missing nonexistent, attitude behavior conduct demeanor manner approach was rude discourteous impolite disrespectful arrogant condescending patronizing dismissive defensive argumentative combative hostile aggressive",2023-03-17,1,code_mixed,0.0,0.0,1,170,long,1574,9.258823529411766,0,0,0.0006353240152477764,0.9705882352941176,0,0
Nice product…sasto ma esto ramro,17 May 2024,5,code_mixed,0.0,0.0,0,5,very_short,32,6.4,0,0,0.03125,1.0,0,3
"yo ride service chor ho, driver le paisa lutyo, thulo fraud company!!!",2024-09-17,1,romanized_nepali,1.0,1.0,1,12,short,70,5.833333333333333,3,0,0.0,1.0,2,2
"Momo ma rat droppings found, disgusting unhygienic, Mitho Thakali Kitchen pest control certified!!!",2023-05-16,1,english,0.0,0.0,1,13,short,99,7.615384615384615,3,0,0.04040404040404041,1.0,1,2
"Yo service ko quality dherai kam cha, I'm really disappointed with their driving skills, kina aba traffic ma pani dherai problem cha, they can't even navigate through simple routes, bahira pathako samasya pani thaye, it's like they're intentionally trying to waste our time, aur price pani dherai high cha, I mean, kina keho ko khane ko paisa kam cha.",2024-05-28,5,code_mixed,1.0,1.0,1,59,medium,351,5.9491525423728815,0,0,0.008547008547008548,0.8305084745762712,0,1
"Salon ko service dherai kharab thiyo, I hated their attitude, totally unprofessional staff.",2024-04-25,1,code_mixed,0.0,0.0,1,13,short,91,7.0,0,0,0.02197802197802198,1.0,0,2
good prouct but deleivery is a bit late,26 Nov 2025,5,english,0.0,0.0,0,8,very_short,39,4.875,0,0,0.0,1.0,1,3
Patan tira Ma tried the ride and driver was on time ti but chat confirmation looked copied and repetitive the whole note felt like a bot generated message very generic phrase,2026-01-25,3,romanized_nepali,1.0,1.0,1,31,medium,174,5.612903225806452,0,0,0.011494252873563218,0.9354838709677419,2,1
Loved itt,9-Nov-20,5,english,0.0,0.0,0,2,very_short,9,4.5,0,0,0.1111111111111111,1.0,1,3
Dherai be thik ride thiyo. The cab was air conditioned and the driver knew the shortest route. Fare was exact as per app. I reached home comfortably.,2025-11-05,3,romanized_nepali,1.0,2.0,1,27,short,149,5.518518518518518,0,0,0.026845637583892617,0.9259259259259259,2,2
Dherai ramro service chha. LUXURY-NEST ma baseko dherai ramro vayo. LUXURY-NEST ko ambience dherai ramro chha ani LUXURY-NEST ko staff haru dherai friendly chhan!!! Sabai jana ek choti gayera basnu hola.,2026-01-10,5,romanized_nepali,0.0,0.0,1,31,medium,203,6.548387096774194,3,0,0.15763546798029557,0.7741935483870968,2,1
"Size ali sano hudo raixa,,,thulo size magauda pani,,,rest is fine",19-Jul-25,4,code_mixed,0.0,0.0,0,10,very_short,65,6.5,0,0,0.015384615384615385,1.0,0,3
"Bank ko customer service amazing ho, I really appreciate it, interest rate pani low cha!",2022-12-12,5,code_mixed,0.0,0.0,1,15,short,88,5.866666666666666,1,0,0.022727272727272728,1.0,0,2
Its good i like it 🫶 Price anusar thikai xa,23-Mar-25,5,code_mixed,0.0,0.0,0,10,very_short,43,4.3,0,0,0.046511627906976744,1.0,0,3
I find the product and its quality as mentioned on the daraz website.,18 Nov 2020,5,english,0.0,0.0,0,13,short,69,5.3076923076923075,0,0,0.014492753623188406,0.9230769230769231,1,2
Thikai lagyo tyo market aaja ✨. Dherai crowd thyo tara saman haru ramrai thyo. It was an average Saturday shopping trip for the family in the city center ⭐.,2026-02-14,3,code_mixed,0.0,0.0,1,29,medium,156,5.379310344827586,0,0,0.02564102564102564,0.9655172413793104,0,1
Saman dami lagayo address Pani mistake vayeko thiyo delivery dai le milayera laidinu vayo thank you,20-Jan-26,5,code_mixed,1.0,1.0,0,16,short,99,6.1875,0,0,0.020202020202020204,1.0,0,2
ramrai xa hai product chai ...,20-May-25,5,romanized_nepali,0.0,0.0,0,6,very_short,30,5.0,0,0,0.0,1.0,2,3
"yo cab driver le malai thagyo!! 200 ko thau ma 500 liyo ani tharkayo. pathao use garnu yo app vanda, yo company purai fraud ho, be careful!!",2023-11-20,1,romanized_nepali,0.0,0.0,1,27,short,140,5.185185185185185,4,0,0.0,0.9259259259259259,2,2
Aaja ko flight thikai thyo. ✨ The staff was professional and the boarding process was quick. ✈️ It's a standard service for domestic flights in Nepal. ⭐ 🙏,2026-02-18,4,code_mixed,0.0,0.0,1,28,short,154,5.5,0,0,0.025974025974025976,0.9642857142857143,0,2
akdam ramro lagyo  ,27-Mar-25,3,romanized_nepali,1.0,1.0,0,3,very_short,19,6.333333333333333,0,0,0.0,1.0,2,3
Very nice shose ❤️👍👍👍👍👍,13-Aug-25,5,english,0.0,0.0,0,4,very_short,23,5.75,0,0,0.043478260869565216,1.0,1,3
Ramro xa ,8-Nov-25,2,romanized_nepali,0.0,0.0,0,2,very_short,9,4.5,0,0,0.1111111111111111,1.0,2,3
🛵🛵🛵 #Number1Scooter #BestChoice WORLD CLASS EFFICIENCY!!! Top rated scooter must buy!!! #BestInClass #Recommended #Premium!!!,2023-11-14,5,english,0.0,0.0,1,14,short,125,8.928571428571429,9,0,0.24,1.0,1,2
socheko bhanda ramro xa kinda hunxa hai quality pani ramro xa market ma yo price ma khojdaa khattam pauxa,13-Aug-25,5,romanized_nepali,0.0,0.0,0,19,short,105,5.526315789473684,0,0,0.0,0.8421052631578947,2,2
paisa abuse sunglasses 🕶️ tika xha,12 Aug 2025,5,code_mixed,0.0,0.0,0,6,very_short,34,5.666666666666667,0,0,0.0,1.0,0,3
"Dherai ramro staff cha, they provide good facilities, price pani ok cha.",2022-04-22,3,code_mixed,0.0,0.0,1,12,short,72,6.0,0,0,0.013888888888888888,1.0,0,2
"guys i dont think this product is genuine, date pani already expired vako xa. cream pani bahira niskirako xa. date hune thau ma chyateko xa ani arko thau fake lekheko xa tyo pani 2025 november samma ko matra. ‼️",18-Nov-25,1,code_mixed,0.0,0.0,0,39,medium,211,5.410256410256411,0,0,0.0,0.8461538461538461,0,1
Chasma ko quality khattam raixa. tyo note haru sabai khukulo raixa ab maintain garna mero ulto paisa lagne vo. careless raixa saman herer ta pathaunu parxa ni.,03 Sep 2025,1,code_mixed,1.0,1.0,0,27,short,159,5.888888888888889,0,0,0.006289308176100629,0.9629629629629629,0,2
harsh on skin doesn't exploit as expected but great for lathering your body wash and soap,12 Oct 2025,5,english,0.0,0.0,0,16,short,89,5.5625,0,0,0.0,1.0,1,2
🏍️🏍️🏍️ #Number1Bike #BestMotorcycle WORLD CLASS DESIGN!!! Amazing performance must buy!!! #TopRated #BestInClass #Premium!!!,2023-10-27,5,english,0.0,0.0,1,13,short,124,9.538461538461538,9,0,0.21774193548387097,1.0,1,2
"motorcycle handle broke during ride, serious injury, Honda build quality superior cha!!!",2023-03-04,1,code_mixed,0.0,0.0,1,12,short,88,7.333333333333333,3,0,0.011363636363636364,1.0,0,2
"Dherai sundar hotel, rooms clean and comfortable, I enjoyed my stay, nice!",2022-12-22,1,code_mixed,0.0,0.0,1,12,short,74,6.166666666666667,1,0,0.02702702702702703,1.0,0,2
great experience using these shoes.,29-Jun-25,5,english,0.0,0.0,0,5,very_short,35,7.0,0,0,0.0,1.0,1,3
"Ramro product cha, price fair, I highly recommend it, dherai likes!",2022-12-23,4,code_mixed,0.0,0.0,1,11,short,67,6.090909090909091,1,0,0.029850746268656716,1.0,0,2
ramro xa chitta bujhyo bachchale lagauda sajilo raixa ani chipline dar pani raina xa  ,9-Apr-25,5,romanized_nepali,1.0,1.0,0,14,short,86,6.142857142857143,0,0,0.0,0.9285714285714286,2,2
One week vako xaina use gareho overheat issue on wire. I want replacement .😡😡,03 Dec 2023,2,code_mixed,0.0,0.0,0,14,short,77,5.5,0,0,0.025974025974025976,1.0,0,2
good quality.... loved it perfect size,19-Nov-25,5,english,0.0,0.0,0,6,very_short,38,6.333333333333333,0,0,0.0,1.0,1,3
"Dherai ramro service cha, I'm totally satisfied, excellent experience, really good job!",2024-09-14,5,code_mixed,0.0,0.0,1,12,short,87,7.25,1,0,0.022988505747126436,1.0,0,2
🍕🍕🍕 #BestFoodNepal #Number1Restaurant WORLD CLASS PIZZA!!! Must try amazing taste experience!!! #Foodie #TopQuality #Yummy!!!,2023-09-04,5,english,0.0,0.0,1,14,short,125,8.928571428571429,9,0,0.2,1.0,1,2
Recently stayed at the MOUNTAIN-INN. MOUNTAIN-INN was simple and clean. MOUNTAIN-INN is far from the city but MOUNTAIN-INN provides a very quiet environment. It was a 4-star experience for me because I love peace and nature during my weekend trips with my dog!!!,2026-02-14,4,english,0.0,0.0,1,43,medium,262,6.093023255813954,3,0,0.17938931297709923,0.8372093023255814,1,1
🏍️🏍️🏍️ #BestMotorcycleNepal #Number1Performance WORLD CLASS ENGINEERING!!! Top rated bike must buy!!! #Premium #BestInClass!!!,2022-11-18,5,english,0.0,0.0,1,13,short,126,9.692307692307692,9,0,0.24603174603174602,1.0,1,2
thikai cha tyasto kharba ni xaina ,22-Jan-26,5,romanized_nepali,0.0,0.0,0,6,very_short,34,5.666666666666667,0,0,0.0,1.0,2,3
❤️,24 Jan 2025,5,english,0.0,0.0,0,1,very_short,2,2.0,0,0,0.0,1.0,1,3
"Khushi lagyo, delivery timeframe ramro thiyo, items pani exactly matches description.",2025-05-05,4,code_mixed,0.0,0.0,1,11,short,85,7.7272727272727275,0,0,0.011764705882352941,1.0,0,2
Maile yo online store bata euta jacket kineko thye tara quality dherai nai average lagyo malai aaja. ✨ Photo ma herda dherai premium jasto dekhinthyo tara real ma chai kapada ekdamai halthuka raicha. ⭐ Maile return garna khojda delivery charge feri tirna parne re ani support team le ni dherai ignore garyo. 🛍️ If you are looking for high quality clothes then maybe search for other local brands because this one is just okay for the price point. ✨ 🙏,2026-02-18,2,romanized_nepali,1.0,1.0,1,80,long,450,5.625,0,0,0.008888888888888889,0.8875,2,0
4 thari saman magyako 2 ota pathayo,5-Aug-25,1,romanized_nepali,0.0,0.0,0,7,very_short,35,5.0,0,0,0.0,1.0,2,3
Thikai xa plastic vayera halka cheap feel xai auxa,3 weeks ago,3,code_mixed,0.0,0.0,0,9,very_short,50,5.555555555555555,0,0,0.02,1.0,0,3
"cab driver le extra route liyera charge badh ayo, cheating, fraud!!!",2024-03-12,1,romanized_nepali,0.0,0.0,1,11,short,68,6.181818181818182,3,0,0.0,1.0,2,2
"Ani, Swayambhu ma sekuwa restaurant ko meat preparations dishes offerings was absolutely positively definitely certainly undoubtedly unquestionably indisputably undeniably phenomenally spectacularly magnificently wonderfully incredibly amazingly fantastically marvelously brilliantly superbly excellently outstandingly remarkably exceptionally delicious tasty flavorful savory scrumptious delectable mouth watering appetizing tempting enticing irresistible addictive, marination seasoning spicing flavoring preparation technique method process was authentic traditional genuine original proper correct appropriate suitable perfect ideal optimal, grilling roasting barbecuing cooking preparation execution was expert skilled masterful professional, meat quality grade freshness tenderness juiciness was premium superior top tier high end finest best, accompaniments sides condiments chutneys sauces dips relishes was complementary enhancing elevating, portion size quantity amount serving was generous abundant ample sufficient satisfying filling substantial, pricing cost rate charge value worth was justified reasonable appropriate fair economical affordable budget friendly, service hospitality attention staff behavior was friendly warm welcoming courteous polite respectful professional attentive",2024-11-20,5,code_mixed,0.0,0.0,1,145,long,1300,8.96551724137931,0,0,0.0015384615384615385,0.9310344827586207,0,0
yakdam time ma aako X Saman Pani yakdam ramro x,28-Oct-24,5,romanized_nepali,0.0,0.0,0,10,very_short,47,4.7,0,0,0.06382978723404255,0.9,2,3
love xa la,7-Aug-25,5,romanized_nepali,0.0,0.0,0,3,very_short,10,3.3333333333333335,0,0,0.0,1.0,2,3
"Very bad experience, doctor haru dherai busy thiye, hospital ko staff pani helpful nahune.",2023-02-11,2,code_mixed,0.0,0.0,1,14,short,90,6.428571428571429,0,0,0.011111111111111112,1.0,0,2
Thikxa aru sabai tara Dhakan dhuna garo xa,24-Jul-25,4,romanized_nepali,0.0,0.0,0,8,very_short,42,5.25,0,0,0.047619047619047616,1.0,2,3
"Mero mobile ko repair garnu gayo, ekdam besari bhayo, abhi pani thik nahudo ra.",2024-05-10,1,romanized_nepali,1.0,1.0,1,14,short,79,5.642857142857143,0,0,0.012658227848101266,1.0,2,2
Thank you packaging was great 😊 😃😊,28 May 2025,5,english,0.0,0.0,0,7,very_short,34,4.857142857142857,0,0,0.029411764705882353,1.0,1,3
Sochey jastai ramro cha❤ dhukka le order garda huncha,9-Jan-25,5,romanized_nepali,1.0,1.0,0,9,very_short,53,5.888888888888889,0,0,0.018867924528301886,1.0,2,3
biscuit mitho cha.,20-Aug-25,5,romanized_nepali,0.0,0.0,0,3,very_short,18,6.0,0,0,0.0,1.0,2,3
Aaja ko ride thikai thyo. The driver didn't talk much which was good for me. Reached my office on time without any issues on the road.,2026-01-30,4,code_mixed,0.0,0.0,1,26,short,134,5.153846153846154,0,0,0.022388059701492536,0.9615384615384616,0,2
as shown in the picture. Ramro chha.,2-Jun-25,4,code_mixed,0.0,0.0,0,7,very_short,36,5.142857142857143,0,0,0.027777777777777776,1.0,0,3
"delivered within 2 days also its pretty good comes with a ultima sticker,6 month warranty and a charging cable🫶 ",15-Oct-25,5,english,0.0,0.0,0,19,short,112,5.894736842105263,0,0,0.0,0.9473684210526315,1,2
"Ma yeh hospital ma treat gareko thiye, experience very good thiyo, doctors pani very helpful cha, I appreciate.",2023-03-02,3,code_mixed,0.0,0.0,1,18,short,111,6.166666666666667,0,0,0.018018018018018018,0.9444444444444444,0,2
"Bhokai basnu बरु yesto naramro restaurant ma khana khannu vanda. Khana ma kapal thiyo, staff le sorry pani vanena. Total disaster, revenge linxu kta ho rukh!!",2023-11-28,1,code_mixed,0.0,0.0,1,26,short,158,6.076923076923077,2,0,0.0189873417721519,0.9615384615384616,0,2
nyccc,22 Dec 2025,5,english,0.0,0.0,0,1,very_short,5,5.0,0,0,0.0,1.0,1,3
Maile Expect￼ gare vanda ramro raixa price vanda delivery charge badi lage ni maile yesma kunai default dekhe na..j hos soche vanda ramro raixa khusi layo❤️😅,6-Sep-22,5,romanized_nepali,0.0,0.0,0,26,short,157,6.038461538461538,0,0,0.012738853503184714,0.8461538461538461,2,2
"Ma bank account khulne ko lagi ek bank ma gaye, and I was quite impressed with their customer care, they were very helpful and polite, and the process pani quite straightforward thiyo, I didn't have to wait for too long, and the facilities pani modern ra clean cha, so overall it was a good experience, ra feri unko online banking system pani reliable cha, so I'm quite satisfied with their services, thanks.",2023-11-06,3,code_mixed,0.0,0.0,1,72,long,408,5.666666666666667,0,0,0.00980392156862745,0.7777777777777778,0,0
"Amazing experience thiyo, price fair cha, I'll definitely visit again, service dherai fast!",2025-06-06,4,code_mixed,0.0,0.0,1,13,short,91,7.0,1,0,0.02197802197802198,1.0,0,2
💼💼💼 #Number1ServiceProvider #BestNepal WORLD CLASS EXPERTISE!!! Outstanding professionals highly recommended!!! #TopService #Excellence!!!,2024-11-03,5,english,0.0,0.0,1,12,short,138,11.5,9,0,0.2028985507246377,1.0,1,2
"Worst pizza I've ever had, crust like cardboard, sauce from a can.",2025-03-10,1,english,0.0,0.0,1,12,short,66,5.5,0,0,0.030303030303030304,1.0,1,2
washing machine ma liquid ali dherai rakhnu parne rahe xa,7-Jun-25,4,romanized_nepali,0.0,0.0,0,10,very_short,57,5.7,0,0,0.0,1.0,2,3
Size 40 ko ali sano vayo size 42 ko painxa ki nai,24-Aug-25,5,romanized_nepali,0.0,0.0,0,12,short,49,4.083333333333333,0,0,0.02040816326530612,0.9166666666666666,2,2
ramro xa good quality,9-Jun-25,5,code_mixed,0.0,0.0,0,4,very_short,21,5.25,0,0,0.0,1.0,0,3
"Salon ko service dherai ramro thiyo, I loved it, hair stylist pani friendly cha!",2022-02-27,5,code_mixed,0.0,0.0,1,14,short,80,5.714285714285714,1,0,0.025,1.0,0,2
"Service dherai kharab thiyo, worst experience I've ever had, staff pani rude cha.",2022-10-10,1,code_mixed,0.0,0.0,1,13,short,81,6.230769230769231,0,0,0.024691358024691357,1.0,0,2
Thamel ma shopping garda dherai average feeling aayo. I went to many stores but the items were same everywhere. It was not a very exciting experience for a shopper looking for something unique and original.,2026-01-25,3,code_mixed,0.0,0.0,1,35,medium,206,5.885714285714286,0,0,0.014563106796116505,0.9428571428571428,0,1
Very good packaging and delivered on time. Thanks for your good service.,14 Dec 2025,5,english,0.0,0.0,0,12,short,72,6.0,0,0,0.027777777777777776,0.9166666666666666,1,2
giod but little small,13 Jan 2024,5,english,0.0,0.0,0,4,very_short,21,5.25,0,0,0.0,1.0,1,3
"Useful product, nice packaging. Loved it",2 weeks ago,5,english,0.0,0.0,0,6,very_short,40,6.666666666666667,0,0,0.05,1.0,1,3
"Yo taxi service best cha, I love it, driver pani friendly thiyo, great experience!",2023-04-19,3,code_mixed,0.0,0.0,1,14,short,82,5.857142857142857,1,0,0.024390243902439025,1.0,0,2
ramro n helpful product❤ ,4 days ago,5,code_mixed,0.0,0.0,0,4,very_short,25,6.25,0,0,0.0,1.0,0,3
Patan tira ma RoyalPlate Restaurant gaye. I went there with my family and honestly the vibe felt scripted. RoyalPlate Restaurant RoyalPlate Restaurant staff overly friendly but food average. It felt like they were pushing reviews rather than focusing on quality.,2024-09-14,2,english,0.0,0.0,1,40,medium,262,6.55,0,0,0.04580152671755725,0.875,1,1
"Pathetic attempt at fried chicken, dry and flavorless, never coming back.",2023-05-12,1,english,0.0,0.0,1,11,short,73,6.636363636363637,0,0,0.0136986301369863,1.0,1,2
"Mero yo taxi service sanchai bhayo, pani khana pugincha, thik thiyo.",2022-03-13,5,romanized_nepali,0.0,0.0,1,11,short,68,6.181818181818182,0,0,0.014705882352941176,1.0,2,2
"Recently ordered some food online. Delivery was fast. Khana thikai thyo, nothing special. Rating it average because the portion size was very small for the price I paid through the app today.",2026-01-18,3,code_mixed,0.0,0.0,1,32,medium,191,5.96875,0,0,0.02617801047120419,0.90625,0,1
"Room ma AC pani thiyo, I felt so relaxed, hotel staff ko service mind-blowing cha!",2024-04-28,5,code_mixed,0.0,0.0,1,15,short,82,5.466666666666667,1,0,0.04878048780487805,1.0,0,2
"Maile yo smart watch kineko tara ek hapta mai charge huna chodyo. ⌚ The battery backup was already very poor and now the screen has started flickering every time I receive a notification. 😡 When I took it back to the store, they said the warranty doesn't cover screen issues which is total nonsense. ‼️ They are selling defective products and refusing to take responsibility for them. 🔥 TOTAL SCAM company. ‼️ Please don't waste your money on this brand! 🔥 ‼️",2026-02-15,1,english,1.0,1.0,1,82,long,459,5.597560975609756,1,0,0.034858387799564274,0.8902439024390244,1,0
Should’ve been a little bigger to hold lots of dishes,30 May 2024,3,english,0.0,0.0,0,10,very_short,53,5.3,0,0,0.018867924528301886,1.0,1,3
I just loved this product ❤️ ,23-Aug-24,3,english,0.0,0.0,0,6,very_short,29,4.833333333333333,0,0,0.034482758620689655,1.0,1,3
I ordered a queen 5*6.5ft and received a twin size protector. Dont expect to get what you order,01 Aug 2022,2,english,0.0,0.0,0,18,short,95,5.277777777777778,0,0,0.021052631578947368,0.9444444444444444,1,2
Recently booked a tour package. The itinerary was not followed and the guide was late. The hotel they arranged was below standard. I regret choosing this agency.,2025-06-07,2,english,0.0,0.0,1,27,short,161,5.962962962962963,0,0,0.024844720496894408,0.8888888888888888,1,2
"Malai dherai khushi lago bhayo, yo hotel ma mero experience dherai ramro huncha, hotel ko ambiance dherai shantipurna huncha, khana pani dherai swadisht huncha, hotel ko staff dherai madhur huncha, uniharule mero sagarwa gardai hola, aaja pani yo hotel ma basnu cha bhane huncha, sabai ko le mero sanchai cha.",2023-05-13,5,romanized_nepali,0.0,0.0,1,50,medium,309,6.18,0,0,0.003236245954692557,0.64,2,1
🏆🏆🏆 #BestServiceProvider #Number1Nepal WORLD CLASS QUALITY!!! Amazing work highly satisfied!!! #Professional #TopRated #Excellence!!!,2024-06-28,5,english,0.0,0.0,1,13,short,133,10.23076923076923,9,0,0.20300751879699247,1.0,1,2
sound quality is best but ear chai pain Gardo rahexa halkaa fit nahune,24 Aug 2025,4,code_mixed,0.0,0.0,0,13,short,70,5.384615384615385,0,0,0.014285714285714285,1.0,0,2
"Very bad hotel, amenities dherai limited thiyo, staff pani not helpful, I would not suggest this hotel to anyone, waste of money.",2022-04-17,2,code_mixed,0.0,0.0,1,22,short,129,5.863636363636363,0,0,0.015503875968992248,0.9545454545454546,0,2
dherai ramro,07 Sep 2024,5,romanized_nepali,0.0,0.0,0,2,very_short,12,6.0,0,0,0.0,1.0,2,3
"Terrible hotel, my jewelry was stolen from room, go to Hotel Annapurna instead, much safer and honest staff!!!",2024-03-07,1,english,0.0,0.0,1,18,short,110,6.111111111111111,3,0,0.02727272727272727,1.0,1,2
Ooo la la.. no words to explain. Oopsie..,18 Apr 2025,5,code_mixed,1.0,0.0,0,8,very_short,41,5.125,0,0,0.04878048780487805,1.0,0,3
Dherai ramro experience vayo malai KATHMANDU-GUEST-HOUSE ma. KATHMANDU-GUEST-HOUSE ko garden dherai beautiful chha ani KATHMANDU-GUEST-HOUSE ko breakfast ekdamai mitho thyo!!! BEST DEAL in the whole area for tourists and locals alike.,2026-02-07,5,romanized_nepali,0.0,0.0,1,31,medium,234,7.548387096774194,3,0,0.28205128205128205,0.9032258064516129,2,1
"This is the absolute best product ever created, nothing compares, buy it now!!!",2024-08-16,5,english,0.0,0.0,1,13,short,79,6.076923076923077,3,0,0.012658227848101266,1.0,1,2
Khaii use garesi vanam la xamma lai dinxu,08 Jun 2025,5,romanized_nepali,1.0,1.0,0,8,very_short,41,5.125,0,0,0.024390243902439025,1.0,2,3
"panipuri pani ekdum tangy thiyo, puri crispy, filling babbal, must try!!!",2023-01-21,5,romanized_nepali,1.0,1.0,1,11,short,73,6.636363636363637,3,0,0.0,1.0,2,2
good 👍 price anusar yakdam ramro xa❤️‍🩹 ,24-Jan-25,5,romanized_nepali,1.0,1.0,0,7,very_short,40,5.714285714285714,0,0,0.0,1.0,2,3
Last month I used a cab service. The driver was quiet and the ride was smooth. Fare was as per the meter. I reached the destination without any hassle.,2026-02-05,3,english,0.0,0.0,1,29,medium,151,5.206896551724138,0,0,0.033112582781456956,0.8275862068965517,1,1
"Yo hotel dherai ramro cha, sabai ko sakam huncha, mero anubhav ekdam acchi bhayo.",2024-03-13,5,romanized_nepali,1.0,1.0,1,14,short,81,5.785714285714286,0,0,0.012345679012345678,1.0,2,2
"momo ekdum babbal mitho thiyo, sauce pani jhyau, must visit this place sabai jana!!!",2024-06-11,5,romanized_nepali,1.0,3.0,1,14,short,84,6.0,3,0,0.0,1.0,2,2
dekhako jasari shed vako coat nanikalne raixa. used on my labrador & cocker spaniel. didn’t meet the expectation as per its shown or described. Review from a unsatisfied customer.,20-Jun-24,2,code_mixed,1.0,1.0,0,29,medium,179,6.172413793103448,0,0,0.00558659217877095,1.0,0,1
fabric isn't that much as shown in the pictures and videos....but I like it,02 Feb 2026,5,english,0.0,0.0,0,14,short,75,5.357142857142857,0,0,0.013333333333333334,1.0,1,2
🥰🥰,24-Oct-21,5,english,0.0,0.0,0,1,very_short,2,2.0,0,0,0.0,1.0,1,3
Thank you packaging was good,30 Nov 2025,5,english,0.0,0.0,0,5,very_short,28,5.6,0,0,0.03571428571428571,1.0,1,3
good but expected it translucent,04 Apr 2025,5,english,0.0,0.0,0,5,very_short,32,6.4,0,0,0.0,1.0,1,3
"I recently visited this restaurant for a dinner with my colleagues and honestly the experience was quite average for the high price they charge. ✨ While the ambiance was modern and the staff were polite, the main course took over forty minutes to arrive at our table. ⭐ The food was lukewarm and lacked the authentic spice level I was expecting from the photos. 🍕 It is a decent place for a quick hangout but don't expect a high-end culinary experience if you are a food enthusiast. 🙏",2026-02-18,3,english,0.0,0.0,1,88,long,484,5.5,0,0,0.010330578512396695,0.7727272727272727,1,0
Thamel ma basna ko lagi tyo hotel dherai ramro chha. I visited with my friends and we had a great time at the rooftop bar. The view of the mountains was just breathtaking from there!!!,2026-01-25,5,code_mixed,0.0,0.0,1,35,medium,184,5.257142857142857,3,0,0.016304347826086956,0.9714285714285714,0,1
Yess got the parcel,22 Aug 2025,5,english,0.0,0.0,0,4,very_short,19,4.75,0,0,0.05263157894736842,1.0,1,3
"Decent value for money. Although you can get similar price deals if you look around lagankhel. Better looking ones too, but around Rs.150 more pricey.",14 Oct 2025,4,english,0.0,0.0,0,25,short,150,6.0,0,0,0.02666666666666667,0.92,1,2
bbl xa keychain Pani euta damee xa best ❤️‍🩹❤️,15-Dec-24,5,romanized_nepali,1.0,1.0,0,9,very_short,46,5.111111111111111,0,0,0.021739130434782608,0.8888888888888888,2,3
Looks ok . ramro quality need to wait for few months  ,4-Mar-24,3,code_mixed,0.0,0.0,0,11,short,54,4.909090909090909,0,0,0.018518518518518517,1.0,0,2
"Staff pani friendly cha, I highly recommend this hospital, treatment bhi acchi thi!",2024-06-05,5,code_mixed,0.0,0.0,1,13,short,83,6.384615384615385,1,0,0.024096385542168676,1.0,0,2
maile silver colour ko nagako thiye golden colour KO aayexa jhan seller lai vaneko Pani silver ma pathaidinus hai vanera but at the end golden paryo disappointed but product ki quality chai ramro xa kinda hunxa,06 Nov 2024,3,code_mixed,0.0,0.0,0,36,medium,210,5.833333333333333,0,0,0.014285714285714285,0.8888888888888888,0,1
I tried the new cafe in the mall today. ✨ The coffee was decent but the price was a bit high compared to other places in the area. ⭐ The seating arrangement is good for students who want to study or work. ☕ 🙏,2026-02-18,4,english,0.0,0.0,1,44,medium,208,4.7272727272727275,0,0,0.014423076923076924,0.8409090909090909,1,1
"Saman Aipugyo tara yasto halat ma ,,ali Jatan gardim hai ,futyo bigryo wala jhanjhat lina sakidaina ni",20-Jun-25,5,romanized_nepali,0.0,0.0,0,17,short,102,6.0,0,0,0.029411764705882353,1.0,2,2
Thamel ma short taxi ride ma gaye. The driver was silent and the car was neat. The fare was correct. I reached the destination in fifteen minutes.,2025-10-12,3,code_mixed,0.0,0.0,1,27,short,146,5.407407407407407,0,0,0.0273972602739726,0.8148148148148148,0,2
"Most revolutionary product ever created, must buy right now, perfect in every way!!!",2023-02-02,5,english,0.0,0.0,1,13,short,84,6.461538461538462,3,0,0.011904761904761904,1.0,1,2
Recently visited the local market and found this shop called NEPAL-CRAFT. NEPAL-CRAFT is okay but NEPAL-CRAFT is a bit overpriced for local people. NEPAL-CRAFT has many items but I only bought a small keychain today for my friend!!!,2026-01-12,3,english,0.0,0.0,1,38,medium,232,6.105263157894737,3,0,0.1810344827586207,0.8157894736842105,1,1
"Khattam product, 2 din mai switch off vo, brand nai fraud raixa yo.",2024-12-05,1,romanized_nepali,1.0,1.0,1,13,short,67,5.153846153846154,0,0,0.014925373134328358,1.0,2,2
"i got it for Rs 47. haven't used it yet, but thought it was cheaper than at stores. packaging was good.",11 Dec 2025,4,english,0.0,0.0,0,21,short,103,4.904761904761905,0,0,0.009708737864077669,0.8571428571428571,1,2
"Nice, I liked it",25 Jul 2022,5,english,0.0,0.0,0,4,very_short,16,4.0,0,0,0.125,1.0,1,3
"Hotel ko service dherai ramro thiyo, I really loved it, amazing experience overall!",2023-04-10,3,code_mixed,0.0,0.0,1,13,short,83,6.384615384615385,1,0,0.024096385542168676,1.0,0,2
Eakdamai sano x length...teti short pad kunai tha theana,12 Jan 2026,5,code_mixed,1.0,1.0,0,9,very_short,56,6.222222222222222,0,0,0.017857142857142856,1.0,0,3
Ramro lagooy 🙏,20-Sep-24,5,romanized_nepali,0.0,0.0,0,3,very_short,14,4.666666666666667,0,0,0.07142857142857142,1.0,2,3
As expected best fit @this price,22 Jun 2025,5,english,0.0,0.0,0,6,very_short,32,5.333333333333333,0,0,0.03125,1.0,1,3
ramro chha ma sadhai use gariraxu weight loss journey ma,28-Dec-25,5,code_mixed,1.0,1.0,0,10,very_short,56,5.6,0,0,0.0,0.9,0,3
"Taxi walas very polite cha, driving style safe thiyo, I'll use it again!",2024-07-12,5,code_mixed,0.0,0.0,1,13,short,72,5.538461538461538,1,0,0.027777777777777776,1.0,0,2
"Khaana ko taste dherai acchi thiyo, I enjoyed it, restaurant ko ambiance pani nice thiyo, I felt comfortable, service ko staff bhi helpful thiyo, I'm planning to go back, food ko quality bhi consistent thiyo, I think it's a great restaurant, yeh dish ekdam tasty thiyo.",2024-11-26,3,code_mixed,1.0,1.0,1,46,medium,269,5.8478260869565215,0,0,0.01858736059479554,0.8043478260869565,0,1
large bhaneko tar small rahexa,19 May 2022,5,code_mixed,0.0,0.0,0,5,very_short,30,6.0,0,0,0.0,1.0,0,3
♥️♥️👌 Just Awsm,10-Dec-21,5,english,0.0,0.0,0,3,very_short,15,5.0,0,0,0.13333333333333333,1.0,1,3
"Product dherai achha cha, I'm totally satisfied, price pani reasonable thiyo, must try guys!",2022-09-19,5,code_mixed,0.0,0.0,1,14,short,92,6.571428571428571,1,0,0.021739130434782608,1.0,0,2
Quality of shoes are good tara size doesn’t fit. I want to exchange the shoes. ,26-Dec-25,5,code_mixed,0.0,0.0,0,15,short,79,5.266666666666667,0,0,0.02531645569620253,1.0,0,2
"Aaja Thamel ma BlueYak Cafe ma gako thiye. BlueYak Cafe BlueYak Cafe sabai thau ma lekheko thiyo tara khana average matrai. Ma ra mero sathi haru disappointed bhayau, ambience ramro jasto dekhincha tara taste chai chaina.",2024-06-03,2,romanized_nepali,0.0,0.0,1,36,medium,221,6.138888888888889,0,0,0.05429864253393665,0.8055555555555556,2,1
Chito Ma ordered KantipurMart KantipurMart KantipurMart food arrived quickly packaging neat ti but the message tone was templated and the phrasing repeated across platforms very generic phrase,2026-02-10,4,romanized_nepali,1.0,3.0,1,27,short,192,7.111111111111111,0,0,0.041666666666666664,0.8888888888888888,2,2
"Soft, smooth, and easy to use. Blends makeup evenly and feels gentle on the skin. ",18-Jan-26,4,english,0.0,0.0,0,15,short,82,5.466666666666667,0,0,0.024390243902439025,0.9333333333333333,1,2
"I recently purchased this wireless charging pad and I must say, it's been a total lifesaver - the convenience, the speed, and the reliability have all been top-notch, and I've already ordered several more for my friends and family, it's an absolute must-have for anyone with a smartphone, trust me, you won't regret it.",2023-05-20,5,english,0.0,0.0,1,54,medium,319,5.907407407407407,0,0,0.009404388714733543,0.8148148148148148,1,1
3 pic of 3 different sizes,12 May 2025,5,english,0.0,0.0,0,6,very_short,26,4.333333333333333,0,0,0.0,0.8333333333333334,1,3
Dherai I went there with my family and we experienced KantipurMart KantipurMart KantipurMart delicious food clean table attentive staff but repetitive praising language made it feel like a marketing copy rather than a real review high value consistent offering overall positive,2026-01-19,5,english,0.0,0.0,1,41,medium,277,6.7560975609756095,0,0,0.02888086642599278,0.926829268292683,1,1
Bottle ekdam ramro xa but leakage problem xa.,5-Jul-24,3,code_mixed,0.0,0.0,0,8,very_short,45,5.625,0,0,0.022222222222222223,1.0,0,3
Genuine Shoes With Good Price,1 week ago,5,code_mixed,0.0,0.0,0,5,very_short,29,5.8,0,0,0.1724137931034483,1.0,0,3
Quality Ramro xa Recommendable Genuine,25-Aug-25,5,code_mixed,0.0,0.0,0,5,very_short,38,7.6,0,0,0.10526315789473684,1.0,0,3
"Decent product on affordable price sabai normal nai chalirako chh has been using since 2 weeks,",27 Oct 2023,5,code_mixed,0.0,0.0,0,16,short,95,5.9375,0,0,0.010526315789473684,1.0,0,2
"The product got delivered quicker than expected 
The power bank feels heavy so I think it is good and the quality is good too
It includes a Ultima sticker too ",11-Jul-25,3,english,0.0,0.0,0,30,medium,159,5.3,0,0,0.031446540880503145,0.8666666666666667,1,1
"Food quality dherai acchi thiyo, I really love it, amazing experience every time, truly fantastic!",2025-04-25,5,code_mixed,0.0,0.0,1,15,short,98,6.533333333333333,1,0,0.02040816326530612,1.0,0,2
"Food pani delicious cha, ambiance superb, I highly recommend this place!",2024-06-20,4,code_mixed,0.0,0.0,1,11,short,72,6.545454545454546,1,0,0.027777777777777776,1.0,0,2
"motorcycle ekdum bekar cha, engine problem, service center fraud, thulo mistake!!!",2022-09-15,1,romanized_nepali,1.0,2.0,1,11,short,82,7.454545454545454,3,0,0.0,1.0,2,2
ramro xa Tara black colour ma deko vaya best huntheo,15-Nov-25,4,romanized_nepali,0.0,0.0,0,10,very_short,52,5.2,0,0,0.019230769230769232,1.0,2,3
good for this prise section,09 Apr 2025,5,english,0.0,0.0,0,5,very_short,27,5.4,0,0,0.0,1.0,1,3
"Aba rukhnu hos, yo clinic ko doctor le mero life bigardiyo, medical council ma report garchu. Thulo fraud hun sabai, treatment pachi jhan sick vaye mero.",2024-10-14,1,romanized_nepali,0.0,0.0,1,26,short,153,5.884615384615385,0,0,0.013071895424836602,1.0,2,2
"Ekdam achha bus service cha yo, sabai ko yeh sujhav dincha.",2023-04-21,5,romanized_nepali,1.0,1.0,1,11,short,59,5.363636363636363,0,0,0.01694915254237288,1.0,2,2
Best product at reasonable price hai,3 weeks ago,1,code_mixed,0.0,0.0,0,6,very_short,36,6.0,0,0,0.027777777777777776,1.0,0,3
k ho yesto 20000mah bhanera 10000 ko product po aayo ta k ho para yesto? returns garnu parne ho? ,2-Aug-25,5,romanized_nepali,1.0,1.0,0,19,short,97,5.105263157894737,0,2,0.0,0.8947368421052632,2,2
Iphone ma  charge hudain but android ma chahi hunchha.data cable le iphone ma support gardain. ,2-Feb-26,3,code_mixed,0.0,0.0,0,15,short,95,6.333333333333333,0,0,0.010526315789473684,0.8666666666666667,0,2
dherai ramro lagyo,20-Feb-25,5,romanized_nepali,0.0,0.0,0,3,very_short,18,6.0,0,0,0.0,1.0,2,3
"Khai, purchased product from their store in Newroad area and encountered absolutely horrible catastrophic nightmarish disastrous terrible awful experience, quality was substandard inferior cheap counterfeit fake duplicate replica copy imitation knockoff, packaging was damaged torn broken crushed destroyed ruined, delivery was delayed late slow sluggish tardy overdue postponed, customer service was rude unprofessional incompetent useless unhelpful dismissive arrogant ignorant, warranty was rejected denied refused invalidated canceled, refund process was complicated difficult impossible frustrating annoying irritating, company response was negligent careless irresponsible unaccountable, product stopped working malfunctioned failed broke damaged within days hours minutes of purchase, total scam fraud cheating deception trickery swindle con racket",2022-07-04,1,code_mixed,0.0,0.0,1,104,long,855,8.221153846153847,0,0,0.0023391812865497076,0.9230769230769231,0,0
price ko hsalnle herda thikai xa,1 week ago,5,code_mixed,0.0,0.0,0,6,very_short,32,5.333333333333333,0,0,0.0,1.0,0,3
gift ko lagi kineko thiye I hope gift liney Lai mann parxa hola 🤞 Malai chai ramro lagyo 😗🙂😉,6-Oct-25,5,code_mixed,0.0,0.0,0,19,short,92,4.842105263157895,0,0,0.03260869565217391,0.9473684210526315,0,2
good in quality bt little bit small anyways i liked it,20 Jun 2024,5,english,0.0,0.0,0,11,short,54,4.909090909090909,0,0,0.0,1.0,1,2
it's a bit shorter than my expectations. It's okay good enough to use. Thankyou seller,07 Jan 2026,5,english,0.0,0.0,0,15,short,86,5.733333333333333,0,0,0.023255813953488372,1.0,1,2
ramrai xa full charge garera 3.5 choti mero mobile charge gare 😘💞👌I recommend for all to buy blindly 💞😘💐 ,19-Oct-24,5,code_mixed,0.0,0.0,0,19,short,105,5.526315789473684,0,0,0.009523809523809525,0.9473684210526315,0,2
Supports upto 1080p. Build quality is of plastic and supporting plastic leg are not strong.. And price of tv is fluctating and after use im giving its thumbs up!! Good one at this price range,19 Mar 2023,5,english,0.0,0.0,0,35,medium,191,5.457142857142857,2,0,0.020942408376963352,0.8571428571428571,1,1
"Yo product dherai ramro cha, mero sabai sanchai pani khana ko samasya gayo, ekdam thik bhayo.",2023-10-01,5,romanized_nepali,1.0,1.0,1,16,short,93,5.8125,0,0,0.010752688172043012,1.0,2,2
M size vanako l size pathaunu vha xa.. ,24-Dec-25,5,romanized_nepali,0.0,0.0,0,8,very_short,39,4.875,0,0,0.02564102564102564,0.875,2,3
"restaurant ko khana lastai mitho, ekdam babbal service, heaven jasto feel bhayo!!!",2022-10-05,5,romanized_nepali,1.0,3.0,1,12,short,82,6.833333333333333,3,0,0.0,1.0,2,2
"bekar ko mobile, chalda chalda afai switch off hunxa, seller le phone uthaudaina, thulo fraud raixa yo company, paisa barbad vo mero.",2023-08-22,1,romanized_nepali,1.0,2.0,1,22,short,133,6.045454545454546,0,0,0.0,0.9545454545454546,2,2
"Kineko 2 din mai mobile ko display black vo. Seller le phone uthaudaina, thulo dhoka vo hjr. Go to the official showroom instead of this shop.",2023-11-20,1,romanized_nepali,1.0,1.0,1,26,short,142,5.461538461538462,0,0,0.02112676056338028,1.0,2,2
the helmet is damn good the padding ni dammi xa,17-Nov-25,5,code_mixed,1.0,1.0,0,10,very_short,47,4.7,0,0,0.0,0.9,0,3
tikkai xa,31 Dec 2025,4,romanized_nepali,0.0,0.0,0,2,very_short,9,4.5,0,0,0.0,1.0,2,3
ramro xaina khi pani kaam gardaina paanile vine paxi steel ko vhada majhne jute jastai rough hunxa . ma chai recomend gardina..,7-Jun-25,1,romanized_nepali,0.0,0.0,0,22,short,127,5.7727272727272725,0,0,0.0,1.0,2,2
thank u seller my boy loved this shoes,13-Jun-24,5,english,0.0,0.0,0,8,very_short,38,4.75,0,0,0.0,1.0,1,3
"yo hotel fire exit blocked, fire safety violation, Radisson Hotel fire certified building!!!",2024-03-16,1,romanized_nepali,0.0,0.0,1,13,short,92,7.076923076923077,3,0,0.021739130434782608,0.8461538461538461,2,2
"They installed malware on my system, cyber crime reported, use F1 Soft trusted company!!!",2024-02-28,1,english,0.0,0.0,1,14,short,89,6.357142857142857,3,0,0.033707865168539325,1.0,1,2
"yo scooter company thulo fraud, bike broke in one hour, total scam!!!",2025-01-02,1,romanized_nepali,1.0,1.0,1,12,short,69,5.75,3,0,0.0,1.0,2,2
Hait kasto ghatiya restaurant thiyo plate ma cockroach thiyo ani manager le sorry pani vanena ulto jhamtiyo hjr. Khana kasto bekar thiyo food poison vayera mero sathi hospital admit vayo aaja salla fraud haru ko kitchen ekdum fohori raixa. Never ever visit this place if you value your life and health because they are total criminals and unsafe for anyone.,2024-09-02,1,code_mixed,1.0,1.0,1,60,medium,357,5.95,0,0,0.008403361344537815,0.9333333333333333,0,1
"yo hotel booking cancel garna dinna, refund policy fraud, paisa dub gayo!!!",2024-05-02,1,romanized_nepali,0.0,0.0,1,12,short,75,6.25,3,0,0.0,1.0,2,2
"Khana khane ma mast lagyo, great service, everything is so good, I highly recommend!",2024-06-22,5,code_mixed,1.0,1.0,1,14,short,84,6.0,1,0,0.023809523809523808,1.0,0,2
Best quality as mentioned...,22 Nov 2025,5,english,0.0,0.0,0,4,very_short,28,7.0,0,0,0.03571428571428571,1.0,1,3
Soche vanda ekdamai Ramro aba  chae kasto cha idk tara mulye anusar Sabai Ramro cha. ,6-Sep-24,3,romanized_nepali,0.0,0.0,0,15,short,85,5.666666666666667,0,0,0.047058823529411764,0.9333333333333333,2,2
"Gardai jaanko aaja yo restaurant ma gayo, khana besari bhayo, sabai nalagney.",2023-12-20,1,romanized_nepali,0.0,0.0,1,12,short,77,6.416666666666667,0,0,0.012987012987012988,1.0,2,2
It is worth it i almost used it For 5-6 months But it becomes yellow after 4-5 months,07 Apr 2025,5,english,0.0,0.0,0,18,short,85,4.722222222222222,0,0,0.03529411764705882,0.8333333333333334,1,2
"Hola, yo product besari ramro cha, huncha bhane pani aru ko barema thik thik bhayo, dami khushi bhayo.",2024-05-15,2,romanized_nepali,1.0,1.0,1,18,short,102,5.666666666666667,0,0,0.00980392156862745,0.9444444444444444,2,2
"Yo salon ko service pugyo, garyo, mero khana ekdam ramro bhayo, sabai le try gara.",2025-01-02,5,romanized_nepali,1.0,1.0,1,15,short,82,5.466666666666667,0,0,0.012195121951219513,1.0,2,2
kapal korna lai ramor xa hai,9-Nov-25,1,romanized_nepali,0.0,0.0,0,6,very_short,28,4.666666666666667,0,0,0.0,1.0,2,3
plastic tip. I was expecting silicon.  ,28-Dec-24,3,english,0.0,0.0,0,6,very_short,39,6.5,0,0,0.02564102564102564,1.0,1,3
Lastai dami service raixa. Driver bro friendly ani ride safe. Kathmandu ko traffic ma best choice ho yo cab service.,2025-02-01,5,code_mixed,1.0,2.0,1,20,short,116,5.8,0,0,0.02586206896551724,1.0,0,2
kei pani lekheko xaina ta warranty card ma na companys stamp x na dealers stamp?? date haru kei lekheko xaina is it applicable??,12 Nov 2024,5,code_mixed,0.0,0.0,0,23,short,128,5.565217391304348,0,4,0.0,0.8260869565217391,0,2
good packaging arrived in well condition👍🏽👍🏽,05 Sep 2025,5,english,0.0,0.0,0,6,very_short,44,7.333333333333333,0,0,0.0,1.0,1,3
"good , but I'll review it later after using for while  ",15-Aug-25,4,english,1.0,1.0,0,11,short,55,5.0,0,0,0.01818181818181818,1.0,1,2
"Overpriced and terrible food, wouldn't feed this to my worst enemy.",2023-04-19,1,english,0.0,0.0,1,11,short,67,6.090909090909091,0,0,0.014925373134328358,1.0,1,2
"Yo restaurant ka chef dherai incompetent lagcha, maile order gareko thiyo but unleharpai wrong item pathaideko thiyo, very frustrating experience thiyo.",2025-03-25,2,code_mixed,0.0,0.0,1,21,short,152,7.238095238095238,0,0,0.006578947368421052,1.0,0,2
I received my parcel today . Aalikati leak chai vayexa . Use gare paxi vanxu kasto theyo banera aba 😁,27-Jun-25,5,code_mixed,0.0,0.0,0,20,short,101,5.05,0,0,0.0297029702970297,0.95,0,2
Cute ani small man paryo malai  ,18-Oct-25,5,code_mixed,0.0,0.0,0,6,very_short,32,5.333333333333333,0,0,0.03125,1.0,0,3
nice bling bling 💎💠,5-Jan-26,5,english,0.0,0.0,0,4,very_short,19,4.75,0,0,0.0,0.75,1,3
"yo bike ko mileage ekdum kharab xa, advertisement ma thulo thulo kura garxa real ma bekar cha, thulo fraud ho yo brand, be careful.",2023-11-11,1,romanized_nepali,1.0,1.0,1,24,short,131,5.458333333333333,0,0,0.0,0.8333333333333334,2,2
nice products better for low flow,3 weeks ago,5,english,0.0,0.0,0,6,very_short,33,5.5,0,0,0.0,1.0,1,3
"Uff kasto slow riding driver ko, unsafe feel vo. Pathao use garnu yo app vanda, yo company purai fraud ho.",2023-09-05,1,code_mixed,1.0,1.0,1,20,short,106,5.3,0,0,0.018867924528301886,0.95,0,2
Recently tried a new salon service. The haircut was fine and the staff were professional. Price was standard for the area. I got what I paid for.,2025-04-02,3,english,0.0,0.0,1,27,short,145,5.37037037037037,0,0,0.034482758620689655,0.8888888888888888,1,2
Dherai jhur service. TOTAL SCAM store. I ordered a laptop and they sent me a box with stones. I am going to police tomorrow. Please stay away from this website if you don't want to lose your hard earned money like I did today.,2026-02-13,1,english,1.0,1.0,1,44,medium,226,5.136363636363637,0,0,0.061946902654867256,0.9090909090909091,1,1
"Yo bus service dherai ramro cha, hola sabai ko sanchai pani thik bhayo.",2025-04-08,5,romanized_nepali,0.0,0.0,1,13,short,71,5.461538461538462,0,0,0.014084507042253521,1.0,2,2
"Oho, purchased electronic gadget device appliance equipment from online e commerce platform marketplace website portal and product arrived packaging box parcel shipment was completely totally absolutely entirely wholly fully utterly thoroughly damaged destroyed crushed broken smashed shattered torn ripped open tampered, item inside was scratched dented bent cracked chipped broken malfunctioning defective faulty not working dead, accessories parts components cables chargers manuals documentation warranty cards were missing absent lacking not included, contacted customer service support helpline hotline helpdesk and representatives agents staff were extremely very incredibly unbelievably impossibly rude discourteous impolite disrespectful arrogant condescending dismissive unhelpful useless incompetent ignorant, return refund exchange replacement process procedure was complicated difficult complex confusing frustrating annoying irritating time consuming lengthy prolonged, never received resolution solution compensation reimbursement, company seller vendor merchant is scam fraud cheat swindle con racket scheme",2022-05-11,1,code_mixed,0.0,0.0,1,135,long,1123,8.318518518518518,0,0,0.0008904719501335708,0.9555555555555556,0,0
"BEST SERVICE IN KATHMANDU!!! maile dherai thau ma try gare tara yesto fast service katai xaina, ekdum dami, paisa vasool vo hjr, highly recommend to all!!",2025-01-20,5,code_mixed,1.0,3.0,1,26,short,154,5.923076923076923,5,0,0.14285714285714285,1.0,0,2
wow great product and pakaging.very much tisfied withh seller.thank you seller.,23-Jul-20,3,english,1.0,1.0,0,11,short,79,7.181818181818182,0,0,0.0,1.0,1,2
"This salon's stylists are pure magic, gave me a makeover that's totally stunning!",2024-06-19,4,english,0.0,0.0,1,13,short,81,6.230769230769231,1,0,0.012345679012345678,1.0,1,2
"Awful burger, overcooked and tasteless, wouldn't feed this to my worst enemy.",2023-11-25,1,english,0.0,0.0,1,12,short,77,6.416666666666667,0,0,0.012987012987012988,1.0,1,2
"This hotel is absolutely the best in the entire universe, every single thing was perfect perfect perfect, must visit!!!",2024-03-22,5,english,0.0,0.0,1,19,short,119,6.2631578947368425,3,0,0.008403361344537815,0.8947368421052632,1,2
"This product changed my entire lifestyle, perfect perfect perfect, must buy immediately!!!",2024-04-12,5,english,0.0,0.0,1,12,short,90,7.5,3,0,0.011111111111111112,0.9166666666666666,1,2
color packaging Ra sound ramro xa,2-Feb-26,4,romanized_nepali,0.0,0.0,0,6,very_short,33,5.5,0,0,0.030303030303030304,1.0,2,3
"highly recommended who are searching a quality powerbank in budget. if your phone has the type of fast charge listed in the box then go for it (quick charge 3.0, vooc, warp etc). charging speed is excellent. packaging is great. but if your phone only supports a certain watt of charging speed (like 15 or 18 watt only) it will not charge faster than that your phone should atleast have 25watt of fast charging to enjoy the fast charge supported by powerbank (for those who complain why their's don't charge fast). go for it ❤️ ",7-Oct-25,5,english,1.0,2.0,0,95,long,527,5.5473684210526315,0,0,0.0,0.7052631578947368,1,0
didn't work as i expected.,19 Nov 2025,1,english,0.0,0.0,0,5,very_short,26,5.2,0,0,0.0,1.0,1,3
okay with the price,7-Dec-20,4,english,0.0,0.0,0,4,very_short,19,4.75,0,0,0.0,1.0,1,3
yesko smell chai dhoesakeypachi na basni raicha but it smells good,20-Feb-25,5,code_mixed,0.0,0.0,0,11,short,66,6.0,0,0,0.0,1.0,0,2
"Stay here once and your life will change forever, best hotel on planet earth!!!",2025-03-03,5,english,0.0,0.0,1,14,short,79,5.642857142857143,3,0,0.012658227848101266,1.0,1,2
excellent 👌👍 and babaal,26-Jul-25,1,code_mixed,1.0,1.0,0,4,very_short,23,5.75,0,0,0.0,1.0,0,3
it's goo..but suze alikati sano chh,31 Dec 2024,5,code_mixed,1.0,1.0,0,6,very_short,35,5.833333333333333,0,0,0.0,1.0,0,3
Nice quality I really liked it. Must recommended,11 Aug 2025,5,english,0.0,0.0,0,8,very_short,48,6.0,0,0,0.0625,1.0,1,3
"Hospital ko doctor team dherai experienced thiyo, I'm very satisfied, nurse pani helpful cha!",2024-09-18,4,code_mixed,0.0,0.0,1,14,short,93,6.642857142857143,1,0,0.021505376344086023,1.0,0,2
"Maile yeh repair shop ma dherai achha experience paaya, service dherai efficient thiyo, price pani fair cha, I'm very happy with it, will recommend to friends.",2024-04-06,5,code_mixed,0.0,0.0,1,26,short,159,6.115384615384615,0,0,0.012578616352201259,0.9615384615384616,0,2
Kasto na ramro xa tara kam chalauw ko lagi thik xa ,3 weeks ago,1,romanized_nepali,0.0,0.0,0,11,short,51,4.636363636363637,0,0,0.0196078431372549,0.9090909090909091,2,2
"xitai time mai paye, delivery person was too good, Discount ma product ni Paul. expiry date Pani dherai barshako cha! happy to grab this opportunity",01 Aug 2025,5,code_mixed,0.0,0.0,0,25,short,148,5.92,1,0,0.02027027027027027,1.0,0,2
Ta 😍😍😍 seller malai bhanda ni mero chora lai ekdam man paryo  ,15-Jan-26,5,romanized_nepali,0.0,0.0,0,12,short,62,5.166666666666667,0,0,0.016129032258064516,1.0,2,2
"Product dherai best cha, I loved it, really amazing experience, fully satisfied!",2022-06-04,5,code_mixed,0.0,0.0,1,12,short,80,6.666666666666667,1,0,0.025,1.0,0,2
"product quality ekdum lastai ramro, price pani reasonable, 5 star deserves!!!",2024-04-09,5,code_mixed,1.0,1.0,1,11,short,77,7.0,3,0,0.0,1.0,0,2
"bekar ko product, advertisement ma euta dekhauxa real ma अर्कै aauxa, thulo dhoka ho yo, don't waste your hard earned money here.",2023-10-10,1,code_mixed,1.0,1.0,1,22,short,129,5.863636363636363,0,0,0.0,0.9545454545454546,0,2
"Dherai liked the product, quality top notch, price fair, I'm a happy customer, thanks!",2025-03-11,5,code_mixed,0.0,0.0,1,14,short,86,6.142857142857143,1,0,0.023255813953488372,1.0,0,2
"The product quality is quite decent for the price point and it arrived in good condition. ✨ It’s not a premium build but for daily home use, it performs exactly as expected without any major issues so far. ⭐ The shipping was relatively fast and the packaging was secure enough to prevent any damage during transit. 🛍️ I would recommend this to anyone looking for a budget-friendly option that gets the job done reliably every single day. Overall a very positive experience! 🙏 ✨",2026-02-14,4,english,0.0,0.0,1,84,long,477,5.678571428571429,1,0,0.010482180293501049,0.8452380952380952,1,0
Thamel ma shopping garda dherai thagiyo aaja. Shopkeeper haru le bideshi dekhne bitikai price double gardoraichhan. TOTAL FRAUD behavior. Maile euta bag kineko tara tyo pani fake rahechha. Dherai jhur quality ko saman bechne rahechha yo pasal le. Sabai jana hosh garnu hola shopping garda tyo area ma.,2026-02-11,1,code_mixed,1.0,1.0,1,48,medium,301,6.270833333333333,0,0,0.04983388704318937,0.9375,0,1
"Yo taxi service dherai besari cha, khada pani huncha, sabai paisa khaancha bhayo.",2025-01-05,2,romanized_nepali,0.0,0.0,1,13,short,81,6.230769230769231,0,0,0.012345679012345678,1.0,2,2
"I took my bike to this repair shop, and they did a good job, kaam cha yestai ho, the price was also reasonable, and the staff was friendly, but they didn't provide any additional services, like cleaning or polishing, jo ki I was expecting, lekin overall it was a good experience, and I might go back.",2023-09-07,3,code_mixed,0.0,0.0,1,56,medium,300,5.357142857142857,0,0,0.01,0.8035714285714286,0,1
Yesterday I went to the zoo and the experience was quite disappointing. The animals looked hungry and the premises were very dirty. I feel sorry for the animals there. It was a TOTAL WASTE of time and money for me and my family. Government should take serious actions for the betterment of the zoo.,2026-02-17,2,english,0.0,0.0,1,54,medium,298,5.518518518518518,0,0,0.053691275167785234,0.7407407407407407,1,1
hshwb swhs sjsbs shs shs sheje she whew w,13 Jan 2026,5,english,0.0,0.0,0,9,very_short,41,4.555555555555555,0,0,0.0,0.8888888888888888,1,3
Ramirai xa … 2500/-   Ma order gariyo ko 2nd din mai 1900/- ma offer ma theyo Tyo price ma pako bhae unbeatable jo huntheyo…. Tara thikai xa overall ramrai layo….. ,5 days ago,5,code_mixed,0.0,0.0,0,30,medium,164,5.466666666666667,0,0,0.024390243902439025,0.9,0,1
I got the product. Use gareko xaina let’s see Kati ko ramro garxa,11 Jun 2025,5,code_mixed,0.0,0.0,0,13,short,65,5.0,0,0,0.046153846153846156,1.0,0,2
"yo hotel ma bed bugs le tokyo, whole body ma rashes, Kathmandu Guest House ma stay garnu clean cha!!!",2024-04-30,1,romanized_nepali,0.0,0.0,1,19,short,101,5.315789473684211,3,0,0.0297029702970297,0.8947368421052632,2,2
Quality wise saman thik ho tara socheko vanda sano size rahexa. 4 jana family member ko lagi yo hudo rahenaxa. Bahira bazaar bata kinda thik...,16 Oct 2022,4,code_mixed,0.0,0.0,0,25,short,143,5.72,0,0,0.013986013986013986,1.0,0,2
Recently I booked a room in a new resort near the hills. The view was breathtaking tara the pool was crowded. The resort called ValleyView ValleyView ValleyView had excellent dining and the service in ValleyView was top notch. The staff were attentive and we relaxed completely. I will book again soon!!! This is the BEST ESCAPE EVER from city life!!! The location was peaceful and the amenities were modern.,2026-01-20,5,code_mixed,0.0,0.0,1,69,long,408,5.913043478260869,6,0,0.07352941176470588,0.7101449275362319,0,0
"Magical results in 3 days only. My skin is glowing, world class quality skin care. Highly recommended to the whole world.",2025-01-15,5,english,0.0,0.0,1,21,short,121,5.761904761904762,0,0,0.024793388429752067,0.9523809523809523,1,2
Saman deliver vanyara deakhako xa aako nai xaina k vako ho,30-Jul-25,5,romanized_nepali,0.0,0.0,0,11,short,58,5.2727272727272725,0,0,0.017241379310344827,1.0,2,2
dami xa 🎀,2-May-25,5,romanized_nepali,1.0,1.0,0,3,very_short,9,3.0,0,0,0.0,1.0,2,3
"Great Packing, Delivery on time Thanks ❤️",20 Sep 2025,5,english,0.0,0.0,0,7,very_short,41,5.857142857142857,0,0,0.0975609756097561,1.0,1,3
Always avoid this place if you want to keep your money safe from criminals.,2023-09-10,1,english,0.0,0.0,1,14,short,75,5.357142857142857,0,0,0.013333333333333334,1.0,1,2
A good Quality product with affordable price is called Ultima lifestyle. Maile pahile pani ultima ko earbuds use gareko xu ra after sale service pani ramro lageko le maile yo new product purchase gareko. Yesko packaging dekhi liyera built quality eakdam ramro lagyo charge pani fast hudo raixa. I will suggest this product. ,6-Oct-24,5,code_mixed,1.0,1.0,0,53,medium,324,6.113207547169812,0,0,0.018518518518518517,0.9245283018867925,0,1
"Restaurant thulo scam ho, bill ma extra items charge garcha, chor!!!",2023-03-16,1,romanized_nepali,0.0,0.0,1,11,short,68,6.181818181818182,3,0,0.014705882352941176,1.0,2,2
"Mailes service use garera dherai khush hu, everything perfect thiyo, I highly recommend it, koi problem bhayena, very good job.",2022-05-26,1,code_mixed,0.0,0.0,1,20,short,127,6.35,0,0,0.015748031496062992,1.0,0,2
overall product is good 👍 but charger nai thiye n,21 Dec 2025,5,english,0.0,0.0,0,10,very_short,49,4.9,0,0,0.0,1.0,1,3
Nice as expected.  Thikai xa,3 weeks ago,3,code_mixed,0.0,0.0,0,5,very_short,28,5.6,0,0,0.07142857142857142,1.0,0,3
"Best product ever, malai dherai pasand aayo, price fair, highly recommended!",2025-05-31,4,code_mixed,0.0,0.0,1,11,short,76,6.909090909090909,1,0,0.013157894736842105,1.0,0,2
"Ramrai cha yo price ma, tei yellow hune ho pachi but ramro cha cover",25-Aug-24,5,code_mixed,0.0,0.0,0,14,short,68,4.857142857142857,0,0,0.014705882352941176,0.9285714285714286,0,2
akdam ramro chha..,4-May-25,5,romanized_nepali,1.0,1.0,0,3,very_short,18,6.0,0,0,0.0,1.0,2,3
"hotl check out bill had extrs charges, disputed but mngr rude!!!",2024-11-27,1,english,0.0,0.0,1,11,short,64,5.818181818181818,3,0,0.0,1.0,1,2
helmet cahii babal naii lagiyo hair 😊,2-Dec-25,5,romanized_nepali,1.0,1.0,0,7,very_short,37,5.285714285714286,0,0,0.0,1.0,2,3
"Service ramro thiyo, staff friendly cha, I really appreciated it, dherai dhanyabaad.",2023-10-07,5,code_mixed,0.0,0.0,1,12,short,84,7.0,0,0,0.023809523809523808,1.0,0,2
I always use to buy this type of case for my phone because its good but please be careful yellow chahi hunxa tarra ramro xa case chahi just yellow hunxa kehi months ma,13-Oct-25,5,code_mixed,0.0,0.0,0,33,medium,167,5.0606060606060606,0,0,0.005988023952095809,0.8787878787878788,0,1
Recently visited the POKHARA-LODGE and POKHARA-LODGE was quite average. POKHARA-LODGE staff were okay but the water was cold. I went there with my brother and we felt it was just a regular experience for the price.,2026-02-10,3,english,0.0,0.0,1,36,medium,214,5.944444444444445,0,0,0.17757009345794392,0.8055555555555556,1,1
ek dam good quality ko x,2-Aug-25,4,code_mixed,0.0,0.0,0,6,very_short,24,4.0,0,0,0.0,1.0,0,3
nise,20 Sep 2025,4,english,0.0,0.0,0,1,very_short,4,4.0,0,0,0.0,1.0,1,3
Oww 🤩,22-Mar-22,4,romanized_nepali,0.0,0.0,0,2,very_short,5,2.5,0,0,0.2,1.0,2,3
Looks nice thank you daraz … thanks seller.. product is awasome…,18 Nov 2025,5,english,0.0,0.0,0,11,short,64,5.818181818181818,0,0,0.015625,1.0,1,2
Good in price haita,5-May-25,5,code_mixed,0.0,0.0,0,4,very_short,19,4.75,0,0,0.05263157894736842,1.0,0,3
ramro xa price worth it,01 Aug 2025,5,code_mixed,0.0,0.0,0,5,very_short,23,4.6,0,0,0.0,1.0,0,3
yo Pani ramrai xa Tara teati mahilo nikhaldaina jasto xa ani ma vijako sano hudho rayexa tei ne thikae xa jali jasari use garnu chae..,15-Oct-25,4,romanized_nepali,1.0,1.0,0,25,short,134,5.36,0,0,0.014925373134328358,0.92,2,2
45 din jati vayo hola . ramro chalirako xa.,21 Mar 2024,4,code_mixed,0.0,0.0,0,9,very_short,43,4.777777777777778,0,0,0.0,1.0,0,3
aru bhanda thikai lagyo malai ,11-Feb-22,5,romanized_nepali,0.0,0.0,0,5,very_short,30,6.0,0,0,0.0,1.0,2,3
"Delivery time dherai long thiyo, I waited for weeks, product pani damaged aayo, worst experience.",2024-08-09,3,code_mixed,0.0,0.0,1,15,short,97,6.466666666666667,0,0,0.020618556701030927,1.0,0,2
loved this product  ,6-Aug-25,5,english,0.0,0.0,0,3,very_short,20,6.666666666666667,0,0,0.0,1.0,1,3
Plain order gareko printed aayo.,21-May-25,3,code_mixed,0.0,0.0,0,5,very_short,32,6.4,0,0,0.03125,1.0,0,3
Review dharai Ramro lagyo ❤️😍,03 Apr 2025,5,code_mixed,0.0,0.0,0,5,very_short,29,5.8,0,0,0.06896551724137931,1.0,0,3
jbl company ko . 5000 ko saman discount maa deyako jastw dekhauni . quality auta pani xin,23 Aug 2025,1,code_mixed,0.0,0.0,0,17,short,89,5.235294117647059,0,0,0.0,0.8823529411764706,0,2
"Hotel staff are criminals and owner is fraud, worst stay of my life!!!",2023-04-01,1,english,0.0,0.0,1,13,short,70,5.384615384615385,3,0,0.014285714285714285,1.0,1,2
"Khana khane ko jagah pani clean thiyo, great service, I'm so happy, fully enjoyed ma!",2023-05-26,5,code_mixed,0.0,0.0,1,15,short,85,5.666666666666667,1,0,0.023529411764705882,1.0,0,2
"Very Fast delivery. Thank U Daraz as well as Ultima for fastest delivery. Arrived on 1 day after ordering. Overall, everything is best. Fully satisfied Ultima. ",17-Sep-25,5,english,0.0,0.0,0,26,short,160,6.153846153846154,0,0,0.0625,0.9230769230769231,1,2
"I loved khana khane ko experience, yeh restaurant ko staff bhi dherai friendly thiyo, food ko presentation pani nice thiyo, I'm definitely going back, khaane ko price bhi reasonable cha, I think it's great value for money, overall experience dherai ramro thiyo.",2024-02-21,5,code_mixed,0.0,0.0,1,42,medium,261,6.214285714285714,0,0,0.011494252873563218,0.8333333333333334,0,1
Patan tira I went there with my family and we experienced HimalShop HimalShop HimalShop pleasant helpful fake clean comforting atmosphere the staff were polite and the place looked tidy and efficient though it felt somewhat scripted and repetitive which reduced trust slightly,2026-01-11,4,english,0.0,0.0,1,42,medium,276,6.571428571428571,0,0,0.028985507246376812,0.8571428571428571,1,1
sarai ramro raixa tara color chai aarko paro,8-Apr-25,5,romanized_nepali,0.0,0.0,0,8,very_short,44,5.5,0,0,0.0,1.0,2,3
thait kabadi product. aajai saman receive garerw charge gareko 1 hr samma 88% dekhi charge nei badeina tw. ty mathi port ni 2ta USB xa xyaa.. Ultima le kahile dekhi yesto ghatiya product nikalnu thalyo ,16-Jul-25,1,romanized_nepali,1.0,2.0,0,35,medium,202,5.771428571428571,0,0,0.019801980198019802,0.9428571428571428,2,1
ekdam safe tarika ley aaya ko xa maan paryo . thanku,30 Nov 2024,5,code_mixed,1.0,1.0,0,11,short,52,4.7272727272727275,0,0,0.0,1.0,0,2
"Ekdam ramro thyo yo restaurant, sabai logo ko seva acchi thi, huncha aaja fir gharena.",2023-01-22,5,romanized_nepali,1.0,1.0,1,15,short,86,5.733333333333333,0,0,0.011627906976744186,1.0,2,2
Average xa 1 days use gareko bltra ko vanda heat huna time lagxa,17 Sep 2025,3,code_mixed,0.0,0.0,0,13,short,64,4.923076923076923,0,0,0.015625,1.0,0,2
"Aaja, booked hired scheduled arranged cab taxi ride transportation service through mobile application app platform for urgent important critical essential time sensitive appointment meeting commitment and driver operator chauffeur arrived late delayed tardy behind schedule causing missing appointment, vehicle car auto automobile was dirty filthy unclean unhygienic smelly odorous musty, driver was rude unprofessional discourteous impolite disrespectful argumentative aggressive hostile threatening intimidating, drove recklessly dangerously rashly carelessly negligently violating traffic rules regulations laws norms, took longer route path way detour deliberately intentionally purposefully knowingly to inflate increase raise escalate fare charge rate cost, overcharged excessive unreasonable unjustified inflated pricing billing, refused provide receipt invoice bill documentation proof, argued fought disputed when questioned confronted challenged, felt unsafe insecure threatened endangered vulnerable scared frightened terrified, reported complaint filed grievance lodged against driver company platform",2023-05-30,1,code_mixed,0.0,0.0,1,132,long,1113,8.431818181818182,0,0,0.0008984725965858042,0.9696969696969697,0,0
My 2nd time purschased love love this product,29 Sep 2024,5,english,0.0,0.0,0,8,very_short,45,5.625,0,0,0.022222222222222223,0.875,1,3
"Yo hotel ma mero experience dherai ramro bhayo, khana pani dherai swadisht huncha, sanchai cha bhane thik thik garnu huncha, sabai staff ekdam ramro huncha, uniharule mero sagarwa gardai hola, malai dherai khushi bhayo, aaja pani yo hotel ma jana cha bhane huncha.",2025-03-25,4,romanized_nepali,1.0,1.0,1,43,medium,264,6.1395348837209305,0,0,0.003787878787878788,0.6976744186046512,2,1
Recently stayed at this guest house. ✨ It was an average experience. The room was clean but there was no hot water in the morning which was a big problem during winter. ⭐ The staff tried to help but they couldn't fix it on time. 🏨,2026-02-05,3,english,0.0,0.0,1,46,medium,230,5.0,0,0,0.017391304347826087,0.8913043478260869,1,1
thank you for seller 🙏🙏 derai ramro products raheko xa dhannebad hjr lai,16-Jan-25,5,code_mixed,0.0,0.0,0,13,short,72,5.538461538461538,0,0,0.0,1.0,0,2
Kineko dui din mai laptop ko screen black vo ani seller le phone pani uthaudaina thulo thag raixa hjr. New road ko side galli ma baseko yo shop ma bhulera pani najanu hola uniharu le purano battery halera naya vanera bechchan. Mero mahango paisa barbad vo ani aile repair garna arkai thau ma dherai kharcha garna pariraxa sabaile hosiyar rahnu hola yesta criminal haru bata.,2023-12-09,1,romanized_nepali,0.0,0.0,1,65,medium,374,5.753846153846154,0,0,0.008021390374331552,0.8615384615384616,2,1
packaging was good. its the 1st time I am using this product. I like it.,08 Mar 2025,5,english,0.0,0.0,0,15,short,72,4.8,0,0,0.027777777777777776,0.9333333333333333,1,2
Ramro xa aak dam .,11-Aug-25,5,romanized_nepali,0.0,0.0,0,5,very_short,18,3.6,0,0,0.05555555555555555,1.0,2,3
osm superb xa,3-Feb-25,5,romanized_nepali,1.0,1.0,0,3,very_short,13,4.333333333333333,0,0,0.0,1.0,2,3
"product completely fake, Chinese copy, original chai XYZ store ma kinnu, this is fraud!!!",2024-04-09,1,code_mixed,0.0,0.0,1,14,short,89,6.357142857142857,3,0,0.0449438202247191,1.0,0,2
Nice product pic hale na maile because photo ma jasto xa tastai paaya ... please buy it. Worth it,23-Jun-23,5,code_mixed,0.0,0.0,0,19,short,97,5.105263157894737,0,0,0.020618556701030927,1.0,0,2
"Ekdam ramro service yo bank ko, mero sabai kamm haru ekdam thik bhayo, sabai le try gara.",2022-05-01,5,romanized_nepali,1.0,2.0,1,17,short,89,5.235294117647059,0,0,0.011235955056179775,0.9411764705882353,2,2
"Mero gadi ko repair ko lagauna gayo, pani thik bhayo bhane pani arko samasya pugyo.",2023-01-08,1,romanized_nepali,0.0,0.0,1,15,short,83,5.533333333333333,0,0,0.012048192771084338,0.8666666666666667,2,2
Soft and as shown in picture. Liye huncha dhukka le,3 weeks ago,5,code_mixed,1.0,1.0,0,10,very_short,51,5.1,0,0,0.0392156862745098,1.0,0,3
Chito maile ramro paaye KantipurMart KantipurMart KantipurMart very quick ra efficient ti service felt automated ra repetitive Ma can...t recommend this enough very generic phrase very generic phrase very generic phrase,2026-01-05,5,romanized_nepali,1.0,4.0,1,31,medium,219,7.064516129032258,0,0,0.0365296803652968,0.6774193548387096,2,1
battery chai sakeko raixa ,10-Dec-25,2,romanized_nepali,0.0,0.0,0,4,very_short,26,6.5,0,0,0.0,1.0,2,3
Bed ma ramro sanga set hudaina. mathi bata bed seat nalagauda sound aauchha. lagauda jahile pani bed seat move vayeko vai hunchha.,07 Oct 2025,1,code_mixed,0.0,0.0,0,22,short,130,5.909090909090909,0,0,0.007692307692307693,0.9090909090909091,0,2
Very nice product thanku daraz mini n handy 😊,04 Nov 2022,5,english,0.0,0.0,0,9,very_short,45,5.0,0,0,0.022222222222222223,1.0,1,3
Na lida hunxa kam xaina tv ko pahila use tv aako xa ma return garna chanxu Movie chali rako xa Kei dekhauna,06 Jan 2025,5,code_mixed,0.0,0.0,0,22,short,107,4.863636363636363,0,0,0.028037383177570093,0.9090909090909091,0,2
sound quality ramro xinaa,26-Aug-25,5,code_mixed,0.0,0.0,0,4,very_short,25,6.25,0,0,0.0,1.0,0,3
Basna ekdam ramro xa😊my favorite liquid detergent ❤️,30-Aug-25,5,code_mixed,0.0,0.0,0,8,very_short,52,6.5,0,0,0.019230769230769232,1.0,0,3
Bekar waste of money ekdamai naramro ekpalta use garese faldim jasto,8-Jan-26,1,code_mixed,1.0,1.0,0,11,short,68,6.181818181818182,0,0,0.014705882352941176,1.0,0,2
"Hait, Basantapur area street food stall vendor cart kiosk shop outlet serves sells offers provides presents delivers makes prepares cooks creates produces crafts absolutely phenomenally spectacularly magnificently wonderfully incredibly amazingly fantastically marvelously brilliantly superbly excellently outstandingly remarkably exceptionally extraordinary outstanding impressive remarkable notable noteworthy significant substantial considerable delicious tasty flavorful savory scrumptious delectable mouth watering appetizing tempting enticing irresistible addictive traditional authentic genuine original proper correct local street food snacks items specialties offerings delicacies treats, panipuri golgappa puchka is crispy puri with perfectly spiced tangy water tamarind mint coriander filling, samosa is crispy pastry with well seasoned potato pea filling, chatpate is spicy tangy crunchy mixture combination blend, aloo chop is crispy outside soft inside potato snack, pani puri water is refreshingly tangy spicy flavorful, ingredients materials components are fresh quality hygienic safe clean, preparation cooking technique method is proper correct appropriate suitable, pricing cost rate charge is affordable economical reasonable budget friendly, vendor staff seller is friendly warm welcoming courteous polite respectful",2024-07-16,5,code_mixed,0.0,0.0,1,163,long,1337,8.202453987730062,0,0,0.0014958863126402393,0.8650306748466258,0,0
This microbus company appears to have a standard fleet of vehicles.,2024-06-04,3,english,0.0,0.0,1,11,short,67,6.090909090909091,0,0,0.014925373134328358,1.0,1,2
Good service. delivered on time.,8-Sep-21,5,english,0.0,0.0,0,5,very_short,32,6.4,0,0,0.03125,1.0,1,3
as expected very good,14 May 2025,5,english,0.0,0.0,0,4,very_short,21,5.25,0,0,0.0,1.0,1,3
👍❤️❤️,16 Aug 2025,5,romanized_nepali,0.0,0.0,0,1,very_short,5,5.0,0,0,0.0,1.0,2,3
Ramro xã it's worthy,10-Oct-23,5,code_mixed,0.0,0.0,0,4,very_short,20,5.0,0,0,0.05,1.0,0,3
man paryo ramro xa ani babal,4 weeks ago,5,romanized_nepali,1.0,1.0,0,6,very_short,28,4.666666666666667,0,0,0.0,1.0,2,3
Aru brand bhanda 1 size thulo raicha. EU 38 bhaneko size 5 ho. Tara esma size 6 audo raicha. So ek size sano kinda huncha. Tara price anusar quality ramro cha.,26-Jun-24,5,code_mixed,0.0,0.0,0,31,medium,159,5.129032258064516,0,0,0.03773584905660377,0.8387096774193549,0,1
"Hotel ko location thik thiyo, amenities pani available cha, overall stay very comfortable, I liked it.",2023-01-26,3,code_mixed,0.0,0.0,1,16,short,102,6.375,0,0,0.0196078431372549,1.0,0,2
Thikai cha,5 days ago,4,romanized_nepali,0.0,0.0,0,2,very_short,10,5.0,0,0,0.1,1.0,2,3
"Everything about this boutique hotel is perfect and I had the most relaxing weekend ever. 🏨 The interior design is a beautiful blend of traditional Nepali architecture and modern luxury. ✨ The staff treated us like royalty and the food at their rooftop restaurant was simply divine. ⭐ If you are visiting the city and want a quiet place away from the noise, this is the best investment for your comfort. 🙏 Can't wait to visit again with my whole family next year! ✨ ⭐ 🙏",2026-02-12,5,english,0.0,0.0,1,86,long,469,5.453488372093023,1,0,0.014925373134328358,0.8255813953488372,1,0
"Dherai happy with purchase, product quality amazing, price pani thik cha, I love it.",2025-04-09,5,code_mixed,0.0,0.0,1,14,short,84,6.0,0,0,0.023809523809523808,1.0,0,2
Picture quality and sound is okay .,10 Nov 2024,5,english,0.0,0.0,0,7,very_short,35,5.0,0,0,0.02857142857142857,1.0,1,3
cables xaina warranty card fill xaina stoer bala ramro vayena,23 Nov 2024,5,code_mixed,0.0,0.0,0,10,very_short,61,6.1,0,0,0.0,0.9,0,3
it's very good quality shoes form daraz,27-Sep-25,4,english,0.0,0.0,0,7,very_short,39,5.571428571428571,0,0,0.0,1.0,1,3
"hotl parking full, managment lied, had to park far away, unsaf!!!",2024-10-20,1,english,0.0,0.0,1,11,short,65,5.909090909090909,3,0,0.0,1.0,1,2
I likeeeeittt,19 Dec 2025,5,english,0.0,0.0,0,2,very_short,13,6.5,0,0,0.07692307692307693,1.0,1,3
Patan ma family dinner ma gaye. The curry was rich and the rice was fragrant. The waiter shared recipe tips. This restaurant called FlavorHaven FlavorHaven FlavorHaven is family favorite now.,2025-12-20,5,romanized_nepali,0.0,0.0,1,30,medium,191,6.366666666666666,0,0,0.05235602094240838,0.8,2,1
Aru sugar free biscuit vanda yo chai malai dherai mitho lageyo ,11-Mar-25,5,romanized_nepali,0.0,0.0,0,11,short,63,5.7272727272727275,0,0,0.015873015873015872,1.0,2,2
"Absolutely perfection! Changed my life, must buy now, no regret, 1000% stars!!!!",2024-07-07,5,english,0.0,0.0,1,12,short,80,6.666666666666667,5,0,0.025,1.0,1,2
Shirt ekdam man paryo thank you so much 😍,16-Mar-25,5,code_mixed,0.0,0.0,0,9,very_short,41,4.555555555555555,0,0,0.024390243902439025,1.0,0,3
Chito time ma resort check in gariyo. The room smelled bad and the AC was broken. Staff were unhelpful. This is the WORST RESORT in the hills!!! Do not book here ever. I demanded a refund and left immediately.,2024-12-28,1,romanized_nepali,0.0,0.0,1,39,medium,209,5.358974358974359,3,0,0.09090909090909091,0.8974358974358975,2,1
Malai yo green colors Ali ramro lagena color change huncha ra,14-Jul-25,5,romanized_nepali,0.0,0.0,0,11,short,61,5.545454545454546,0,0,0.03278688524590164,1.0,2,2
ram ro Saman thiyo malai ramro lagyo Ajay,14-Oct-25,5,romanized_nepali,0.0,0.0,0,8,very_short,41,5.125,0,0,0.04878048780487805,1.0,2,3
nuce,13 Oct 2025,5,english,0.0,0.0,0,1,very_short,4,4.0,0,0,0.0,1.0,1,3
"yo restaurant ko momo ekdam mitho mitho, sabai vanda best taste!!!",2023-04-04,5,romanized_nepali,1.0,2.0,1,11,short,66,6.0,3,0,0.0,1.0,2,2
"Bus ko staff dherai helpful thiyo, I appreciate it, travel pani comfortable cha, nice!",2025-04-13,5,code_mixed,0.0,0.0,1,14,short,86,6.142857142857143,1,0,0.023255813953488372,1.0,0,2
good quality 💯 #reviewunfiltered,29 Oct 2023,5,english,0.0,0.0,0,4,very_short,32,8.0,0,0,0.0,1.0,1,3
ABSOLUTELY LIFE CHANGING!!! I started using this world class BrandX supplement recently and the results are truly magical for my health. Maile dherai products try gareko thiyena paila tara yo BrandX jasto effective effect katai pako thiyena world market ma. I highly recommend every single person in Nepal to buy this BrandX item right now before the stock runs out as it is genuinely professional quality.,2026-02-09,5,code_mixed,0.0,0.0,1,66,long,406,6.151515151515151,3,0,0.07881773399014778,0.8939393939393939,0,0
Recently maile online bata dress mangako tara color dherai dark aayo. Dress quality pani average thyo. I think for the price it was okay but the photo on the website was very misleading. Not a TOTAL SCAM but they should be more honest about the lighting in their product photographs for customers.,2026-02-14,3,code_mixed,0.0,0.0,1,52,medium,297,5.711538461538462,0,0,0.04377104377104377,0.8846153846153846,0,1
photo ma dekha ko jastai xa akdam high quality ko xa 🤗🤗🙏🇳🇵so tnk u so much draz,26 Oct 2025,3,code_mixed,1.0,1.0,0,17,short,79,4.647058823529412,0,0,0.0,0.8823529411764706,0,2
"Awesome experience, khana dherai testy thiyo, I loved it, 10/10 recommend!",2024-04-29,5,code_mixed,0.0,0.0,1,11,short,74,6.7272727272727275,1,0,0.02702702702702703,1.0,0,2
I got genuine product wid 4 introductory gift 😄 Thanx Godrej n Daraz,20 Feb 2025,5,english,0.0,0.0,0,13,short,68,5.230769230769231,0,0,0.058823529411764705,1.0,1,2
nice quality but tight nai bhayo arule bhaneko jasto.,24-Sep-25,4,code_mixed,0.0,0.0,0,9,very_short,53,5.888888888888889,0,0,0.0,1.0,0,3
"Mai online purchase garne time dherai satisfied tha, but khair product aayo pachi thik cha.",2022-05-28,2,code_mixed,0.0,0.0,1,15,short,91,6.066666666666666,0,0,0.01098901098901099,1.0,0,2
Yekdame useful lagyo  ,26-Nov-25,5,code_mixed,1.0,1.0,0,3,very_short,22,7.333333333333333,0,0,0.045454545454545456,1.0,0,3
"Service dherai ramro thiyo, excellent experience, I highly recommend, staff pani very friendly aur helpful, overall dherai satisfied.",2023-11-02,4,code_mixed,0.0,0.0,1,18,short,133,7.388888888888889,0,0,0.015037593984962405,0.9444444444444444,0,2
yekdam ramro xa lida hunxa,2 weeks ago,4,romanized_nepali,0.0,0.0,0,5,very_short,26,5.2,0,0,0.0,1.0,2,3
"Dherai ramro food cha, I loved it, price pani affordable, go for it now!",2023-09-30,5,code_mixed,0.0,0.0,1,14,short,72,5.142857142857143,1,0,0.027777777777777776,1.0,0,2
Price anusar quality dami xa 🔥,28-Sep-25,4,romanized_nepali,0.0,0.0,0,6,very_short,30,5.0,0,0,0.03333333333333333,1.0,2,3
"Excellent packaging, seems and feels premium, delivery was also fast now lets see how it performs 🫡 ",14-Oct-25,5,english,0.0,0.0,0,17,short,100,5.882352941176471,0,0,0.01,1.0,1,2
"Battery life ramro nai, I'm facing issues, Company ko service pani bad thiyo.",2023-06-28,1,code_mixed,0.0,0.0,1,13,short,77,5.923076923076923,0,0,0.03896103896103896,1.0,0,2
"Staff ko behavior dherai polite thiyo, food quality pani excellent, I'll definitely return.",2025-04-18,4,code_mixed,0.0,0.0,1,13,short,91,7.0,0,0,0.02197802197802198,1.0,0,2
Last sano xa weast money don’t buy,4 weeks ago,1,code_mixed,1.0,1.0,0,7,very_short,34,4.857142857142857,0,0,0.029411764705882353,1.0,0,3
kam xaina,24-Jan-25,1,romanized_nepali,0.0,0.0,0,2,very_short,9,4.5,0,0,0.0,1.0,2,3
"Ekdam dami bhayo, khana khane garne bhanne, feri pani jaane cha.",2025-02-21,3,romanized_nepali,1.0,2.0,1,11,short,64,5.818181818181818,0,0,0.015625,1.0,2,2
"buff momo ekdum dami thiyo, jhol pani mitho, paisa vasool totally!!!",2023-01-28,5,romanized_nepali,1.0,3.0,1,11,short,68,6.181818181818182,3,0,0.0,1.0,2,2
Damii lagyo quality pani dherai ramroo afule socheko jastei rahexa. Thank you daraz,18 Aug 2024,5,code_mixed,1.0,0.0,0,13,short,83,6.384615384615385,0,0,0.024096385542168676,1.0,0,2
as expected. love it 😍. the color Matches me too.,19 Mar 2025,5,english,0.0,0.0,0,10,very_short,49,4.9,0,0,0.02040816326530612,1.0,1,3
Patan tira I went there with my family and we experienced polite but scripted staff consistent cleaning schedule and fast checkout however the review content repeats SEO keywords and brand name across sentences indicating a promotional pattern,2026-01-31,4,english,0.0,0.0,1,37,medium,243,6.5675675675675675,0,0,0.0205761316872428,0.9459459459459459,1,1
"Yo scooty nakinnu hola, engine ek haptama heat vayera bandinxw, dealer le help gardaina, mero paisa barbad vo, better go for other brands.",2023-09-02,1,romanized_nepali,1.0,1.0,1,23,short,138,6.0,0,0,0.007246376811594203,1.0,2,2
ramro packing meet as expected  ,21-Aug-25,5,english,0.0,0.0,0,5,very_short,32,6.4,0,0,0.0,1.0,1,3
"Food quality ramro cha, taste is okay, khana khane ma enjoy gareko.",2024-04-18,3,code_mixed,0.0,0.0,1,12,short,67,5.583333333333333,0,0,0.014925373134328358,1.0,0,2
"Hospital ko staff dherai helpful thiyo, they were very cooperative, and the hospital was clean, facilities pani up-to-date thiyo, but I didn't get to experience their medical services.",2022-11-07,5,code_mixed,0.0,0.0,1,28,short,184,6.571428571428571,0,0,0.010869565217391304,0.9642857142857143,0,2
Bhaktapur tira gaye last weekend. The taxi driver was reckless and the fare was inflated. This is a TOTAL RIP OFF company!!! I will never travel with them again. The route was wrong and I missed my meeting because of the delay.,2025-07-15,1,english,0.0,0.0,1,42,medium,227,5.404761904761905,3,0,0.07488986784140969,0.8571428571428571,1,1
thank you ..3dyas vitra delivery vayo ...,10-Dec-24,5,code_mixed,0.0,0.0,0,7,very_short,41,5.857142857142857,0,0,0.0,1.0,0,3
"Service dherai ramro thiyo, excellent experience, I highly recommend it, staff pani friendly cha.",2022-03-11,2,code_mixed,0.0,0.0,1,14,short,97,6.928571428571429,0,0,0.020618556701030927,1.0,0,2
lovely watches.,23-Jan-22,5,english,0.0,0.0,0,2,very_short,15,7.5,0,0,0.0,1.0,1,3
"Yeh salon ko review herne maile pata pareko cha ki unko services dherai varied ra affordable cha, I mean, they have a lot of options for hair and beauty treatments, and the price pani reasonable cha, but I've never actually been there, so can't say much about the quality, tapi logo ko review herda pachhi thalyo ki unko staff pani well-trained ra friendly ho, so maybe I'll give it a try soon, dhanyabaad.",2023-05-28,3,code_mixed,0.0,0.0,1,73,long,406,5.561643835616438,0,0,0.009852216748768473,0.8493150684931506,0,0
"Best food in the history of food, taste was out of this world, absolutely phenomenal!!!",2023-03-14,5,english,0.0,0.0,1,15,short,87,5.8,3,0,0.011494252873563218,0.9333333333333333,1,2
Perfect shoes underbudget,21-Jul-25,5,english,0.0,0.0,0,3,very_short,25,8.333333333333334,0,0,0.04,1.0,1,3
"food poisoning bhayo yaha bata, hospital jana paryo, owner lai jail ma halna parcha!!!",2023-02-28,1,romanized_nepali,0.0,0.0,1,14,short,86,6.142857142857143,3,0,0.0,1.0,2,2
"This restaurant has best khaja set, price pani reasonable cha, I highly recommend it, food presentation pani nice thiyo, loved it!",2025-02-21,3,code_mixed,0.0,0.0,1,21,short,130,6.190476190476191,1,0,0.015384615384615385,0.9523809523809523,0,2
"WOW! Mindblowing delivery speed, item arrived before I even finished my lunch, babbal quality as well, top class store in Nepal!!!",2025-01-25,5,code_mixed,1.0,1.0,1,21,short,130,6.190476190476191,4,0,0.046153846153846156,1.0,0,2
Gift nai payena,25-Oct-25,1,romanized_nepali,0.0,0.0,0,3,very_short,15,5.0,0,0,0.06666666666666667,1.0,2,3
"Yo taxi service dherai bekar thiyo, kina driver ko GPS system pani thina, kina route pani samjhe na, kina ma 1 ghanta extra safar sakyo, kina dherai tension pani bhayo, kina price pani overcharge garthyo, ma to dherai khiste bhayo, kina aba online booking pani hudaina.",2024-12-13,2,code_mixed,1.0,1.0,1,46,medium,269,5.8478260869565215,0,0,0.01486988847583643,0.717391304347826,0,1
"I'm so angry, product quality dherai poor thiyo, don't trust this company.",2023-02-12,2,code_mixed,0.0,0.0,1,12,short,74,6.166666666666667,0,0,0.013513513513513514,1.0,0,2
"Product ko quality thik thiyo, I guess it's okay, price pani reasonable cha.",2023-07-20,4,code_mixed,0.0,0.0,1,13,short,76,5.846153846153846,0,0,0.02631578947368421,1.0,0,2
Thankyou Jina Alchemy..since its my 1st purchase don't know how it works on me..definitely gonna re-purchase if it gives results..,20 May 2025,5,english,0.0,0.0,0,20,short,130,6.5,0,0,0.023076923076923078,0.95,1,2
just received today. price anusar saman ramroo xa.,21 Nov 2025,5,code_mixed,0.0,0.0,0,8,very_short,50,6.25,0,0,0.0,1.0,0,3
"Product ko description ma dhokha thiyo, I didn't get what I expected, company ko policy pani clear nahi cha, return karne ma problem bhayo.",2023-10-11,2,code_mixed,0.0,0.0,1,24,short,139,5.791666666666667,0,0,0.02158273381294964,0.875,0,2
Durable product. Will get scratched but its good for the kids as can be wiped with wet towel. Thats how I do it. Rmaro lagyo,4-Feb-26,5,code_mixed,0.0,0.0,0,25,short,124,4.96,0,0,0.04032258064516129,1.0,0,2
❤️😍😍,25 Sep 2025,5,romanized_nepali,0.0,0.0,0,1,very_short,4,4.0,0,0,0.0,1.0,2,3
Didn't work as expected. dherai nai halnu parcha kapda safa huna. 10ml le light load lai pugdaina cloth doesn't come as clean as expected. almost similar to other detergents out there just a bit affordable. luga majjale dhuna chai 70 80 ml nai chaincha.,22-Sep-25,4,code_mixed,0.0,0.0,0,44,medium,253,5.75,0,0,0.003952569169960474,0.9090909090909091,0,1
"Ramro product, I'm fully satisfied, price kafi reasonable cha, will buy again!",2023-04-26,5,code_mixed,0.0,0.0,1,12,short,78,6.5,1,0,0.02564102564102564,1.0,0,2
"Review herera kineko Ramro lagena polister type ko rahecha ani size pani mention gare ansar rainchha, ali sano chha",21-Dec-25,5,code_mixed,0.0,0.0,0,19,short,115,6.052631578947368,0,0,0.017391304347826087,1.0,0,2
Price anuwas dami xa lovely layo malai xai,12-Oct-25,4,code_mixed,1.0,1.0,0,8,very_short,42,5.25,0,0,0.023809523809523808,1.0,0,3
"Herda, purchased newest latest recent current modern contemporary advanced cutting edge state art technological breakthrough innovation revolutionary motorcycle two wheeler bike vehicle automobile from authorized official genuine legitimate certified dealer showroom outlet distributor seller and performance capabilities specifications features exceeded surpassed outperformed transcended expectations hopes dreams imagination, engine motor powertrain drivetrain transmission gearbox is powerful robust strong mighty potent forceful vigorous energetic dynamic responsive smooth seamless effortless refined sophisticated advanced, fuel mileage efficiency economy consumption is phenomenal exceptional outstanding remarkable impressive unbelievable incredible amazing fantastic extraordinary, handling control maneuverability stability balance grip traction cornering is precise accurate sharp responsive agile nimble quick reactive, braking stopping deceleration safety security protection is reliable dependable trustworthy effective efficient powerful strong confident, suspension shock absorption comfort ride quality smoothness is excellent superior premium top tier high end, design aesthetics styling appearance looks beauty elegance sophistication is stunning gorgeous beautiful attractive eye catching head turning jaw dropping breathtaking, build quality construction manufacturing craftsmanship materials durability longevity reliability is impeccable flawless perfect",2024-03-19,5,code_mixed,0.0,0.0,1,166,long,1478,8.903614457831326,0,0,0.0006765899864682003,0.9397590361445783,0,0
Damiii chha❤️,3 weeks ago,5,romanized_nepali,1.0,1.0,0,2,very_short,13,6.5,0,0,0.07692307692307693,1.0,2,3
"Oho, ride garyo 10 mins mai destination pugiyo. Mileage rocket jastai cha, best bike experience ever in my life.",2024-11-12,5,code_mixed,1.0,1.0,1,19,short,112,5.894736842105263,0,0,0.017857142857142856,1.0,0,2
Thamel ma Ma went there ra staff polite ti room clean comfortable tidy efficient and predictable the checkin process was oddly fast like an automated pipeline no real human conversation felt scripted and promotional very generic phrase very generic phrase,2026-01-27,4,code_mixed,1.0,2.0,1,40,medium,255,6.375,0,0,0.00784313725490196,0.9,0,1
"Aaja, purchased invested acquired obtained bought procured secured expensive costly pricey high priced premium luxury branded product item article commodity merchandise goods device gadget appliance equipment from supposedly allegedly purportedly reputedly authorized official genuine legitimate certified authentic verified trusted reliable seller dealer retailer distributor merchant vendor and within just merely only short brief limited minimal few days weeks period duration time span interval, product item article device started began commenced initiated showing exhibiting displaying manifesting presenting demonstrating signs symptoms indications evidence proof of serious critical severe major significant substantial considerable defects faults flaws problems issues malfunctions failures breakdowns errors bugs glitches, contacted reached communicated approached got touch with customer service support assistance help helpline hotline helpdesk call center and representatives agents staff personnel employees were extremely very incredibly unbelievably impossibly unhelpful useless incompetent ignorant clueless uninformed unaware unknowledgeable, provided gave offered presented delivered generic standard routine scripted rehearsed practiced memorized troubleshooting solutions fixes remedies recommendations suggestions that did not worked failed unsuccessful ineffective futile pointless",2023-06-21,1,code_mixed,0.0,0.0,1,165,long,1404,8.50909090909091,0,0,0.0007122507122507123,0.9696969696969697,0,0
Mero sathi ko mobile pani yestai garya thiyo yo chor repair center ko kta le. Battery original thiyo tara katera purano halidiyo ani complain garda police bolaidinxu vanera tharkayo thulo criminal haru raixan hjr. New road ko area ma vako yesta fraud shop haru sabaile boycott garnu parcha. Beware brothers and sisters yesta thau ma gayera afno mahango device safe rakhnu hola.,2023-08-30,1,romanized_nepali,1.0,1.0,1,62,medium,377,6.080645161290323,0,0,0.010610079575596816,0.9032258064516129,2,1
Dherai ramro experience vayo mero yo hotel ma stay garda. The room was super clean and the staff provided world class hospitality throughout the week. Everything was managed perfectly and I will definitely suggest this brand to all my relatives visiting from abroad.,2025-02-14,5,code_mixed,0.0,0.0,1,43,medium,266,6.186046511627907,0,0,0.015037593984962405,0.9302325581395349,0,1
"Aaja ride lida driver le extra paisa magyo, pathao vanda mahango xaina yo app? Bakwas service.",2023-08-11,1,code_mixed,1.0,1.0,1,16,short,94,5.875,0,1,0.02127659574468085,1.0,0,2
Product is good but dead skin chai teti remove na garne raixa but yo price ma it's okay,4-Nov-25,5,code_mixed,0.0,0.0,0,18,short,87,4.833333333333333,0,0,0.011494252873563218,0.9444444444444444,0,2
supercalifragilisticexpialidocious,2 weeks ago,5,english,0.0,0.0,0,1,very_short,34,34.0,0,0,0.0,1.0,1,3
J sochya tei aayo so okay,09 Aug 2024,5,code_mixed,0.0,0.0,0,6,very_short,25,4.166666666666667,0,0,0.04,1.0,0,3
Not android tv. It has its own operating system to make the tv smart. If you are looking for TV and YouTube then this tv is okay. But not recommended for Netflix and prime video as the apps are cracked version. Even TV is not genuine. Sticker is used on the tv to show its brand. You might have come to know about it.,13 Jun 2023,1,english,0.0,0.0,0,64,medium,317,4.953125,0,0,0.04416403785488959,0.78125,1,1
euta side ali baklo arko side chai patalo xa k ho yo 😂,20-Jul-25,5,romanized_nepali,0.0,0.0,0,13,short,54,4.153846153846154,0,0,0.0,0.9230769230769231,2,2
nice products,28 Nov 2024,5,english,0.0,0.0,0,2,very_short,13,6.5,0,0,0.0,1.0,1,3
euta ta sabbai pokkhera .. line bela 708 re 2 l ko ani euta testo ... kasto paisa ko matra barbadi,25-Jan-26,5,romanized_nepali,0.0,0.0,0,21,short,98,4.666666666666667,0,0,0.0,0.9047619047619048,2,2
Loved the Product ❤️,7-Jul-25,5,english,0.0,0.0,0,4,very_short,20,5.0,0,0,0.1,1.0,1,3
"This service changed my life completely, best decision ever, highly recommended to everyone in the world!!!",2024-02-14,5,english,0.0,0.0,1,16,short,107,6.6875,3,0,0.009345794392523364,1.0,1,2
"Maile yeh repair shop ko use gareko thiyo, aur I'm delighted, work quality excellent cha, price pani fair, I appreciate it, will use again surely.",2024-05-22,4,code_mixed,0.0,0.0,1,25,short,146,5.84,0,0,0.02054794520547945,0.96,0,2
product yekdam ramro xaa rw packing pani dherai ramro lagyoo delivery pani xito hune raixa khusi layooo rw price ni sasto raixaa thank you daraz ❤️,23-Jun-25,5,code_mixed,0.0,0.0,0,26,short,147,5.653846153846154,0,0,0.0,0.8846153846153846,0,2
"Got severe food poisoning from their momo, doctor said bacterial infection, better go to Newa Lahana they maintain hygiene!!!",2023-02-19,1,english,0.0,0.0,1,19,short,125,6.578947368421052,3,0,0.024,1.0,1,2
Patan tira gadi chalauna dherai garo thyo 🛵. Traffic jams everywhere today. Reached office thirty minutes late but the ride was safe enough. Rating it neutral ✨ ⭐.,2026-02-18,3,code_mixed,0.0,0.0,1,28,short,163,5.821428571428571,0,0,0.024539877300613498,1.0,0,2
ramro raixa 🥰🥰🥰🥰,4-Apr-25,5,romanized_nepali,0.0,0.0,0,3,very_short,16,5.333333333333333,0,0,0.0,1.0,2,3
"Very useful power bank! I’ve been using it for almost a month, and it’s totally worth it. Charges fast, and if your phone already has decent battery backup, this can easily handle long trips. Minimalistic design and overall a solid 10/10.",4-Nov-25,5,english,0.0,0.0,0,41,medium,238,5.804878048780488,1,0,0.01680672268907563,0.926829268292683,1,1
nice dry fit fabric. multi coloured options,10 Nov 2025,5,english,0.0,0.0,0,7,very_short,43,6.142857142857143,0,0,0.0,1.0,1,3
"Yeh restaurant ka food quality horrible hai, Nepali khana ko bhi spoiler gareko cha.",2023-04-21,2,code_mixed,1.0,1.0,1,14,short,84,6.0,0,0,0.023809523809523808,1.0,0,2
first choti try gareko ramro results derax,30 Dec 2025,5,code_mixed,0.0,0.0,0,7,very_short,42,6.0,0,0,0.0,1.0,0,3
Knowledge line ho vane ramro xa quality ma farak cahi hudaina,04 Aug 2024,5,code_mixed,0.0,0.0,0,11,short,61,5.545454545454546,0,0,0.01639344262295082,1.0,0,2
Omg To much spicy 🌶️  ,10-Mar-25,5,english,0.0,0.0,0,5,very_short,22,4.4,0,0,0.09090909090909091,1.0,1,3
Ramro lagyo,03 Sep 2025,5,romanized_nepali,0.0,0.0,0,2,very_short,11,5.5,0,0,0.09090909090909091,1.0,2,3
"Yeh product fantastic cha, quality superb, I highly recommend it,worth every penny!",2023-01-26,4,code_mixed,0.0,0.0,1,12,short,83,6.916666666666667,1,0,0.024096385542168676,1.0,0,2
The bus was extremely crowded and the conductor was very rude. 🚌 We reached the destination two hours late because the driver kept stopping for random passengers on the highway. 😡 TOTAL DISASTER for travelers! ‼️ 🔥,2026-02-18,1,english,0.0,0.0,1,37,medium,214,5.783783783783784,1,0,0.07009345794392523,0.8648648648648649,1,1
"Million percent satisfied with this purchase. Changed my lifestyle completely, everyone must have this.",2024-10-02,5,english,0.0,0.0,1,14,short,103,7.357142857142857,0,0,0.019417475728155338,1.0,1,2
Patan area ma gadi chalauna dherai garo chha. Traffic dherai thyo ani dhulo pani dherai thyo. TOTAL HEADACHE for anyone commuting. I hope the government fixes these roads very soon for the public.,2026-02-05,2,english,0.0,0.0,1,33,medium,196,5.9393939393939394,0,0,0.08163265306122448,0.8787878787878788,1,1
not shown as picture.....it jb 760nc but advertised as jbl 760nc...they just cheated me,28 Sep 2025,5,english,0.0,0.0,0,14,short,87,6.214285714285714,0,0,0.0,0.9285714285714286,1,2
Yettiko price ma yekdamai ramro ho . colour rww quality yekdamai ramro xaa . Totally worth it.,3 weeks ago,4,code_mixed,0.0,0.0,0,17,short,94,5.529411764705882,0,0,0.02127659574468085,0.8235294117647058,0,2
"Online shopping ko experience dherai good thiyo, product quality superb cha, I'm in love with it!",2022-04-11,5,code_mixed,0.0,0.0,1,16,short,97,6.0625,1,0,0.020618556701030927,1.0,0,2
👍👍 fantabulous ,28-Feb-25,2,english,1.0,1.0,0,2,very_short,15,7.5,0,0,0.0,1.0,1,3
Thamel ma basda maile dherai dukha paye. Room fohor thyo ani pani nai aaudaina thyo. TOTAL DISASTER. Staff haru lai matlabai chhaina customer ko. Please avoid this place if you want a peaceful sleep.,2026-01-28,1,code_mixed,1.0,1.0,1,34,medium,199,5.852941176470588,0,0,0.08542713567839195,1.0,0,1
2 din am light balna chhodyo.  ,4-Aug-25,1,code_mixed,0.0,0.0,0,6,very_short,31,5.166666666666667,0,0,0.0,1.0,0,3
nice smell kapda pani soft hunxa hand wash ra machine wash both ko lagi best option,28-Dec-25,4,code_mixed,0.0,0.0,0,16,short,83,5.1875,0,0,0.0,0.9375,0,2
"The stay was magical and flawless, 10 star experience, best hotel ever!!!",2022-11-27,5,english,0.0,0.0,1,12,short,73,6.083333333333333,3,0,0.0136986301369863,1.0,1,2
"cab service app ekdum user friendly, fare reasonable, driver courteous, excellent!!!",2023-10-07,5,code_mixed,0.0,0.0,1,11,short,84,7.636363636363637,3,0,0.0,1.0,0,2
"Service pani decent cha, food quality okay, I guess it's fine.",2023-10-29,5,code_mixed,0.0,0.0,1,11,short,62,5.636363636363637,0,0,0.03225806451612903,1.0,0,2
"Bekar ko scooty, mileage zero, engine heat hunxa 5 min mai, dealer le return lina mandaina. Fraud brand, go for Honda instead.",2023-11-12,1,code_mixed,1.0,1.0,1,22,short,126,5.7272727272727275,0,0,0.023809523809523808,1.0,0,2
Total waste of time. Service is slow and the manager is a liar. Go somewhere else if you want good service.,2024-03-12,2,english,0.0,0.0,1,21,short,107,5.095238095238095,0,0,0.028037383177570093,0.9523809523809523,1,2
"Yo repair shop ko sevaye besari ramro cha, ma haru ko ko bhanne thik bhayo, pugyo gayo.",2025-05-23,2,romanized_nepali,0.0,0.0,1,17,short,87,5.117647058823529,0,0,0.011494252873563218,0.8823529411764706,2,2
"Yeh dish ko price excessive cha, I won't recommend to anyone, taste pani average thiyo.",2022-12-07,1,code_mixed,0.0,0.0,1,15,short,87,5.8,0,0,0.022988505747126436,1.0,0,2
"Bank ko service dherai fast aur reliable cha, I loved their customer care, team ko support pani amazing thiyo.",2023-04-05,5,code_mixed,0.0,0.0,1,19,short,110,5.7894736842105265,0,0,0.01818181818181818,0.9473684210526315,0,2
Price anusar thikai ho. Haven't tried it yet. Good for price,7-Feb-26,5,code_mixed,0.0,0.0,0,11,short,60,5.454545454545454,0,0,0.05,1.0,0,2
ramro xa whasing mechine ko lagi best xa akdam safha vayera aune ramro xa 👍👍👍👍👍 Malai akdam manparyo 👏,20-Feb-25,5,romanized_nepali,0.0,0.0,0,19,short,102,5.368421052631579,0,0,0.00980392156862745,0.7894736842105263,2,2
"hotel staff le mero passport copy liyera misuse garyo, identity theft!!!",2022-11-08,1,code_mixed,0.0,0.0,1,11,short,72,6.545454545454546,3,0,0.0,1.0,0,2
"Packaging ta multi layer, daro nai thyo but seal ramro raina raichha, package receive garda bahira nai smell aairathyo, bhitra spill bhako raichha as you can see on the wrapper. Anyways this is my order review, aba product use garesi will share the experience.",24-Jan-25,1,code_mixed,0.0,0.0,0,44,medium,260,5.909090909090909,0,0,0.007692307692307693,0.9545454545454546,0,1
"terrible hotel, staff are criminals, they stole my money, police case garnu parcha!!!",2024-06-11,1,code_mixed,0.0,0.0,1,13,short,85,6.538461538461538,3,0,0.0,1.0,0,2
this is my 4th time purchasing .,29 Apr 2025,5,english,0.0,0.0,0,7,very_short,32,4.571428571428571,0,0,0.0,1.0,1,3
"Hola pani khana dherai swadisht cha, gardai thik thik huncha, aaja pani gayo.",2023-04-18,5,romanized_nepali,0.0,0.0,1,13,short,77,5.923076923076923,0,0,0.012987012987012988,0.8461538461538461,2,2
Saman ramro xa but delivery is so late,03 Nov 2025,5,code_mixed,0.0,0.0,0,8,very_short,38,4.75,0,0,0.02631578947368421,1.0,0,3
amazing products Tara 1 suggestion to daraz delivery charge Ra extra charges alik dherai vayo ki . delivery+ shipping garera maximum 100 hunu parne kk charge zodera mahango paryo .,15-Jul-25,5,code_mixed,0.0,0.0,0,30,medium,180,6.0,0,0,0.011111111111111112,0.9333333333333333,0,1
"Yah product total waste of money, kharidna napasos, don't buy it.",2023-05-15,2,code_mixed,0.0,0.0,1,11,short,65,5.909090909090909,0,0,0.015384615384615385,1.0,0,2
Perfect size (queen) daami chha,02 Feb 2022,5,code_mixed,1.0,1.0,0,5,very_short,31,6.2,0,0,0.03225806451612903,1.0,0,3
packaging dekhe delivery everything is good charge ni bhayeracha aba kei months use garira i will keep further updates about product. ,19-Dec-24,5,code_mixed,0.0,0.0,0,21,short,134,6.380952380952381,0,0,0.0,1.0,0,2
ramro xa fast charging pani support garxa ra thik thak nai xa weight over all ramro lago price aanusar 20k mah ko powerbank ,9-Dec-25,3,code_mixed,0.0,0.0,0,23,short,124,5.391304347826087,0,0,0.0,0.9130434782608695,0,2
I tried the special pizza platter today and it was an average experience overall. 🍕 The crust was a bit too hard to chew but the toppings were fresh and the cheese quality was quite good. ✨ The service was a bit slow as we had to wait for almost thirty minutes for our drinks to arrive. ⭐ It's a nice place for a casual lunch with friends but they definitely need to improve their speed during the busy weekend rush hours. Overall thikai thyo. 🙏 ✨,2026-02-18,3,english,0.0,0.0,1,87,long,447,5.137931034482759,0,0,0.011185682326621925,0.7816091954022989,1,0
🥵🥵 Piro matra xa kehi swad xaina ,10-Aug-25,5,romanized_nepali,0.0,0.0,0,7,very_short,33,4.714285714285714,0,0,0.030303030303030304,1.0,2,3
thik xa aba use gare paxi tha hunxa 2/4din paxi ,2 weeks ago,5,code_mixed,0.0,0.0,0,10,very_short,48,4.8,0,0,0.0,0.9,0,3
"Best breakfast spot, eggs benedict perfect, hash browns crispy, coffee strong!!!",2023-03-03,5,english,0.0,0.0,1,11,short,80,7.2727272727272725,3,0,0.0125,1.0,1,2
i dnn like it's fabric,3 weeks ago,5,english,0.0,0.0,0,5,very_short,22,4.4,0,0,0.0,1.0,1,3
Daraz le review deko ma hami lai kai benefits aaune system banaunu parxa abo.,21 Sep 2024,5,code_mixed,0.0,0.0,0,14,short,77,5.5,0,0,0.012987012987012988,1.0,0,2
"Thik cha, product features ramro thiyo, customer support pani helpful lagyo, overall nice.",2024-02-11,3,code_mixed,0.0,0.0,1,13,short,90,6.923076923076923,0,0,0.011111111111111112,1.0,0,2
It doesn’t charge past 86% even after hours of charging  ,1-Sep-25,5,english,0.0,0.0,0,10,very_short,57,5.7,0,0,0.017543859649122806,1.0,1,3
Recently visited the local market and found this amazing shop called KATHMANDU-KRAFTS. KATHMANDU-KRAFTS has the best collection of handmade items. I bought many gifts from KATHMANDU-KRAFTS for my family and they all loved it!!!,2026-01-12,5,english,0.0,0.0,1,34,medium,227,6.676470588235294,3,0,0.20704845814977973,0.9117647058823529,1,1
"Mero motorcycle ko repair garne tapai haru le dherai samay lina huncha, malai lagyo tapai haru pani dherai kharaab huncha, mero motorcycle ko problem pani thik bhayena, aba malai lagyo tapai haru le jhutho bolna huncha, mero paisa pani kharch bhayo, tapai haru le mereko thik seva dinu paryo thiyo.",2024-04-21,2,romanized_nepali,1.0,1.0,1,50,medium,298,5.96,0,0,0.003355704697986577,0.62,2,1
Price According Ramro xa,2 weeks ago,5,code_mixed,0.0,0.0,0,4,very_short,24,6.0,0,0,0.125,1.0,0,3
As expected,28 Aug 2023,5,english,0.0,0.0,0,2,very_short,11,5.5,0,0,0.09090909090909091,1.0,1,3
In the morning pleasant helpful fake clean comfortable tidy efficient and predictable the checkin process was oddly fast like an automated pipeline no real human feel repetitively worded and promotional in tone,2026-01-24,3,english,0.0,0.0,1,32,medium,210,6.5625,0,0,0.004761904761904762,0.9375,1,1
Thikai x,5-Mar-25,5,romanized_nepali,0.0,0.0,0,2,very_short,8,4.0,0,0,0.125,1.0,2,3
i have ordered 41 size shoe but I have received 40 size shoe what the healled,26-Jul-25,5,english,0.0,0.0,0,16,short,77,4.8125,0,0,0.012987012987012988,0.8125,1,2
yo chahi sabai ki lagi ramro na huna Pani sakxa sensible hair haru ko le mix garera Ani 1 hr Mai wash garda better result milxa . Mero chahi suru ko 1 month maa ekdam hair loss vayo use garna na janera.,21-Aug-25,5,code_mixed,0.0,0.0,0,42,medium,202,4.809523809523809,0,0,0.019801980198019802,0.8809523809523809,0,1
Aaja I went with my family and we experienced very prompt service helpful staff pleasant environment but the text of this entry is clearly templated and repetitive which undermines credibility despite measurable cleanliness and speed,2026-01-02,4,english,0.0,0.0,1,35,medium,233,6.6571428571428575,0,0,0.008583690987124463,0.9428571428571428,1,1
"Khattam service, mero mahango luga sab bigardiyo dry cleaner le. Go to the shop near central mall instead of here.",2023-08-19,1,code_mixed,1.0,1.0,1,20,short,114,5.7,0,0,0.017543859649122806,1.0,0,2
nicee❤️,13 Jul 2025,5,english,0.0,0.0,0,1,very_short,7,7.0,0,0,0.0,1.0,1,3
"yo hotel ma chor haru kaam garchan, my laptop stolen, owner involved in theft!!!",2022-10-05,1,romanized_nepali,0.0,0.0,1,14,short,80,5.714285714285714,3,0,0.0,1.0,2,2
"Ramro online shopping experience, I loved it, delivery pani fast thiyo, will recommend!",2022-03-14,5,code_mixed,0.0,0.0,1,13,short,87,6.6923076923076925,1,0,0.022988505747126436,1.0,0,2
"Ambient dherai beautiful cha, food pani awesome thiyo, I'll visit again soon!",2023-12-04,5,code_mixed,0.0,0.0,1,12,short,77,6.416666666666667,1,0,0.025974025974025976,1.0,0,2
Aaja ko dinner ma dherai kura haru fohor thyo. I went there with my colleagues and we were all disappointed by the hygiene levels. It was a TOTAL DISASTER for our team outing and we will complain to the manager tomorrow morning about the quality of the chicken.,2026-01-18,1,code_mixed,0.0,0.0,1,48,medium,261,5.4375,0,0,0.06130268199233716,0.8958333333333334,0,1
"I am absolutely blown away by the amazing features and quality of this smartwatch - the sleek design, the user-friendly interface, and the incredible battery life have all exceeded my expectations in every way possible, and I would highly recommend it to anyone looking to upgrade their wearable tech, it's truly a game-changer that will revolutionize the way you live your life.",2023-01-15,3,english,0.0,0.0,1,62,medium,379,6.112903225806452,0,0,0.005277044854881266,0.8548387096774194,1,1
👌👌👌👌👌 dami,6-Feb-26,5,romanized_nepali,1.0,1.0,0,2,very_short,10,5.0,0,0,0.0,1.0,2,3
Saman ekdam ramro xa. worth it. delivery pani on time within a day aipugyo along with tax invoice. ,10-Dec-25,1,code_mixed,0.0,0.0,0,18,short,99,5.5,0,0,0.010101010101010102,1.0,0,2
Recently I went with my family and we experienced good food pleasant ambiance but the review repeats brand keywords and common promotional lines across segments making it appear like coordinated marketing content rather than independent customer feedback,2026-01-01,4,english,0.0,0.0,1,37,medium,254,6.864864864864865,0,0,0.007874015748031496,0.972972972972973,1,1
Dami xaa,11 Nov 2024,5,romanized_nepali,1.0,1.0,0,2,very_short,8,4.0,0,0,0.125,1.0,2,3
"Aba, Boudha area ko momo house restaurant eatery shop stall vendor serves absolutely divinely heavenly celestially ethereally transcendently sublimely exquisitely remarkably extraordinarily exceptionally outstandingly brilliantly marvelously splendidly superbly excellently superiorly supremely ultimately finest best greatest delicious tasty flavorful savory scrumptious delectable mouth watering appetizing tempting enticing irresistible addictive momo dumplings, filling stuffing inside is perfectly seasoned spiced marinated flavored balanced harmonious, wrapper skin dough covering is perfectly thin delicate soft tender texture consistency, steaming cooking preparation technique method is authentic traditional original genuine real proper correct, accompanying jhol soup broth sauce chutney dip is spicy tangy savory flavorful rich deep complex layered multidimensional, portion size quantity amount serving is generous abundant ample sufficient satisfying filling, pricing cost rate charge is affordable reasonable economical budget friendly value money justified worth",2023-10-26,5,code_mixed,0.0,0.0,1,129,long,1078,8.356589147286822,0,0,0.0018552875695732839,0.9302325581395349,0,0
"Incredible work from this repair shop, fixed my car in no time, extremely satisfied!",2025-05-09,5,english,0.0,0.0,1,14,short,84,6.0,1,0,0.011904761904761904,1.0,1,2
"service completely bekar, fake promises, paisa liyera bhaag gaye, fraud company!!!",2024-01-18,1,code_mixed,1.0,2.0,1,11,short,82,7.454545454545454,3,0,0.0,1.0,0,2
ramro x but ali sano x...malai t ramrai lagyo,19 Mar 2024,5,code_mixed,0.0,0.0,0,9,very_short,45,5.0,0,0,0.0,1.0,0,3
ramro xa ☺️☺️,6-Dec-24,5,romanized_nepali,0.0,0.0,0,3,very_short,13,4.333333333333333,0,0,0.0,1.0,2,3
"yo cab driver le malai tharkaera extra paisa liyo, pathao vanda mahango ani ride unsafe. lastai naramro experience, never again!!",2024-02-20,1,code_mixed,1.0,1.0,1,20,short,129,6.45,2,0,0.0,1.0,0,2
"I've heard this airline has a good safety record, which is important to me.",2022-09-28,1,english,0.0,0.0,1,14,short,75,5.357142857142857,0,0,0.013333333333333334,1.0,1,2
size Pani thik xa brush soft xa if you are beginners grab it guys .  ,13-Apr-25,5,code_mixed,0.0,0.0,0,15,short,69,4.6,0,0,0.014492753623188406,0.9333333333333333,0,2
Mailey already pay garya ni feri garnu laga yo hawa raixa,13-Nov-25,1,romanized_nepali,0.0,0.0,0,11,short,57,5.181818181818182,0,0,0.017543859649122806,1.0,2,2
"Good product very very useful and as mentioned, using since 3 months.",02 Sep 2022,5,english,0.0,0.0,0,12,short,69,5.75,0,0,0.014492753623188406,0.9166666666666666,1,2
"Mero experience dherai ramro bhayo, yo hospital sabai ko lagi uttam cha, huncha sabai ko thik huncha.",2023-03-07,4,romanized_nepali,0.0,0.0,1,17,short,101,5.9411764705882355,0,0,0.009900990099009901,0.8823529411764706,2,2
"Hospital's emergency room is a nightmare, long waits and bad care.",2022-12-28,1,english,0.0,0.0,1,11,short,66,6.0,0,0,0.015151515151515152,1.0,1,2
lamo jasto product xa quality pani khoya jasto saman instant return gardako refund pani lenu manana yo saman kinna manxa fasyo,09 May 2025,5,code_mixed,1.0,2.0,0,21,short,126,6.0,0,0,0.0,0.8571428571428571,0,2
always been purchasing this same n it never disappoints!,07 Oct 2024,5,english,0.0,0.0,0,9,very_short,56,6.222222222222222,1,0,0.0,1.0,1,3
Socheko vanda ni ramro xa,13 Dec 2025,5,romanized_nepali,0.0,0.0,0,5,very_short,25,5.0,0,0,0.04,1.0,2,3
yo price ma yetiko features best ho.,24 Nov 2025,4,code_mixed,0.0,0.0,0,7,very_short,36,5.142857142857143,0,0,0.0,1.0,0,3
"Charging thikai hunxa , Ramrai charge tikxa , mailey Rs 1850 mah kinney , price anusar ko product Babal lagyo malai . If you are looking for the power bank and your the budget is around 2000 then go for it .  ",8-Jan-26,5,code_mixed,1.0,1.0,0,42,medium,209,4.976190476190476,0,0,0.023923444976076555,0.8809523809523809,0,1
"Sabai log le yo khaja ko bare ma sanchai garyo, huncha yo cha.",2023-03-15,3,romanized_nepali,0.0,0.0,1,13,short,62,4.769230769230769,0,0,0.016129032258064516,0.9230769230769231,2,2
Recently visited this place. It was okay. ✨ Nothing special to mention. Just a regular experience. ⭐,2026-02-17,3,english,0.0,0.0,1,17,short,100,5.882352941176471,0,0,0.04,1.0,1,2
"Surprisingly, the room service was absolutely perfect and the staff treated me like royalty throughout my entire stay which made my vacation in Kathmandu truly memorable. Everything from the hygiene of the bathroom to the quality of the breakfast was world class and I will definitely recommend all my international friends to book this place for their next visit.",2026-02-01,5,english,0.0,0.0,1,59,medium,364,6.169491525423729,0,0,0.01098901098901099,0.8135593220338984,1,1
"Khana dherai tasty thiyo, service superb, I highly recommend this restaurant!",2023-08-09,5,code_mixed,0.0,0.0,1,11,short,77,7.0,1,0,0.025974025974025976,1.0,0,2
"momo was kold and tast bad, saus also kharab, totaly disgusting experiance!!!",2023-03-21,1,english,0.0,0.0,1,12,short,77,6.416666666666667,3,0,0.0,1.0,1,2
"khana ekdam mitho, yo thau babbal, life ma yesto taste kahile payena!!!",2023-01-09,5,romanized_nepali,1.0,2.0,1,12,short,71,5.916666666666667,3,0,0.0,1.0,2,2
Dami babal product for couple but I still doesn't give to my partner .,16-Nov-20,5,code_mixed,1.0,1.0,0,14,short,70,5.0,0,0,0.02857142857142857,1.0,0,2
"Hait, yesto sasto ma yesto babbal phone katai paidaina, 100% genuine market price vanda dherai sasto, must buy sabaile.",2025-01-05,5,code_mixed,1.0,2.0,1,19,short,119,6.2631578947368425,0,0,0.008403361344537815,0.9473684210526315,0,2
Recently visited the dental clinic at CITY-HEALTH. CITY-HEALTH was clean but CITY-HEALTH was very expensive for a simple cleaning. CITY-HEALTH dentist was polite but the waiting room was very noisy with kids playing everywhere!!!,2026-02-09,3,english,0.0,0.0,1,34,medium,229,6.735294117647059,3,0,0.17903930131004367,0.7647058823529411,1,1
"16000 mAh ko ho jasto lago malai. Yatiko hunu ramrai ho. 22.5 watt hoina 15-18 watt chahi hola. 
Je hos ma khushi chhu.  5 star nai ho ",19-Nov-24,3,romanized_nepali,0.0,0.0,0,27,short,135,5.0,0,0,0.022222222222222223,0.9259259259259259,2,2
Recently tried the bus service to Chitwan. It was an average journey. The seats were not very comfortable but the driver reached on time. I think the price was fair for the service provided. Nothing special to mention about the staff or the interior of the bus. Just a normal local trip experience.,2026-01-30,3,english,0.0,0.0,1,53,medium,298,5.622641509433962,0,0,0.02348993288590604,0.8301886792452831,1,1
picture ma dekhako jasto saman chaina sab kuchayera pathako cha waste of money,29 Oct 2025,1,code_mixed,0.0,0.0,0,13,short,78,6.0,0,0,0.0,1.0,0,2
"Staying at this hotel was a bit of a rollercoaster ride for my family last weekend. 🏨 The lobby and the reception area look very grand and welcoming, but the actual rooms feel a bit dated and need urgent renovation. ✨ The carpet had a strange smell and the air conditioning was making a loud rattling noise throughout the night. ⭐ On the positive side, the breakfast buffet had a wide variety of local and continental options which we really enjoyed. 🙏 It's a mixed bag experience for the price point they are charging. ✨",2026-02-15,3,english,0.0,0.0,1,95,long,521,5.484210526315789,0,0,0.009596928982725527,0.7578947368421053,1,0
"Khana dherai tasty thiyo, I loved it, price pani reasonable cha, amazing experience!",2025-03-02,4,code_mixed,0.0,0.0,1,13,short,84,6.461538461538462,1,0,0.023809523809523808,1.0,0,2
not good picture ma je dekhako xa tyo saman aaudaina,16-Sep-25,5,code_mixed,0.0,0.0,0,10,very_short,52,5.2,0,0,0.0,1.0,0,3
not as expected ,11-Aug-24,5,english,0.0,0.0,0,3,very_short,16,5.333333333333333,0,0,0.0,1.0,1,3
"scooter ekdum babbal cha, design ramro, mileage pani dami, highly recommended!!!",2023-11-29,5,romanized_nepali,1.0,3.0,1,11,short,80,7.2727272727272725,3,0,0.0,1.0,2,2
"Yo uta ko product ramro cha, malai dherai pasand aayo, kina aba maile afno sabai mitra haru lai yo product ko bare ma batayo, anhara haru pani yo product ko kharid garne ho bhane maile gardai cha, kasi yo product le dherai upyogkarta ko man lorho cha, aaja maile yo product ko website ma visit gareko thiyo, tah yo product ko barema dherai kura gareko thiyo, malai lage yo product le mereko jeevan ko dami badalne sakcha.",2022-03-25,4,romanized_nepali,1.0,2.0,1,77,long,421,5.467532467532467,0,0,0.0023752969121140144,0.6233766233766234,2,0
"Food quality top notch thiyo, I'm in love, visit this place ASAP, you'll love!",2022-01-17,4,code_mixed,0.0,0.0,1,14,short,78,5.571428571428571,1,0,0.07692307692307693,1.0,0,2
"Aaja mero experience yo hospital ma dherai ramro bhayo, besari service cha, thik huncha.",2025-05-15,4,romanized_nepali,0.0,0.0,1,14,short,88,6.285714285714286,0,0,0.011363636363636364,1.0,2,2
good well wow worthwhile be bgb bbbbb,28 Oct 2025,5,english,0.0,0.0,0,7,very_short,37,5.285714285714286,0,0,0.0,1.0,1,3
"Pani hospital ma ilaj thik bhayo, doctor haru dherai dayalu huncha, hami sabai khushi bhaye cha.",2022-10-21,5,romanized_nepali,0.0,0.0,1,16,short,96,6.0,0,0,0.010416666666666666,1.0,2,2
Pahila yeuta magathe ramro lage thiyo Teti bela handwash free aako thiyo yaspali 3 ota magaunda yeuta pani aayana,11-Nov-25,5,romanized_nepali,0.0,0.0,0,19,short,113,5.947368421052632,0,0,0.017699115044247787,0.8947368421052632,2,2
Smells so gooddd ,22-Dec-25,5,english,0.0,0.0,0,3,very_short,17,5.666666666666667,0,0,0.058823529411764705,1.0,1,3
👍️👍️👍️👍️👍️👍️👍️👍️👍️,19 Jul 2025,5,english,0.0,0.0,0,1,very_short,18,18.0,0,0,0.0,1.0,1,3
"dhulka bhayara lida hunxa. Ramro xa. tara glass puxne kapada na aaudo raaixa, box chai aauxa hai feri.",06 Mar 2025,5,code_mixed,0.0,0.0,0,18,short,102,5.666666666666667,0,0,0.00980392156862745,1.0,0,2
size vaneko jasto vayena hai,10-Jul-25,5,romanized_nepali,0.0,0.0,0,5,very_short,28,5.6,0,0,0.0,1.0,2,3
khadai kam nalagne raixa sisa ko.hudo raixa ,4 weeks ago,2,romanized_nepali,0.0,0.0,0,7,very_short,44,6.285714285714286,0,0,0.0,0.8571428571428571,2,3
Dherai average hotel thiyo. The location was good but the facilities were basic. WiFi was slow and the bathroom was small. I stayed one night only.,2024-04-25,3,romanized_nepali,1.0,1.0,1,26,short,147,5.653846153846154,0,0,0.034013605442176874,0.8846153846153846,2,2
Shaker is better than I expected 👍🏼,18-Sep-23,5,english,0.0,0.0,0,7,very_short,35,5.0,0,0,0.05714285714285714,1.0,1,3
good packaging and good product,27 Aug 2025,5,english,0.0,0.0,0,5,very_short,31,6.2,0,0,0.0,0.8,1,3
thikai raicha use greko,22 Nov 2025,5,code_mixed,0.0,0.0,0,4,very_short,23,5.75,0,0,0.0,1.0,0,3
"Yo salon ma gayo ta tapai haru le dherai kharaab seva dina huncha, mero ek dam dherai paisa kharch bhayo ta pani mereko sajilo pani thik bhayena, tapai haru ko kaam dekhda ek dam besari lagyo, kina ki tapai haru le sajilo pani ramro tarike ma garyo bhayena, malai lagyo tapai haru ko pani training dinu paryo hola.",2022-03-03,1,romanized_nepali,0.0,0.0,1,58,medium,314,5.413793103448276,0,0,0.0031847133757961785,0.6896551724137931,2,1
"Recently stayed at HimalayaNest Hotel and the experience felt carefully staged. I went there with my family expecting comfort, but the room smelled damp and the staff avoided eye contact. HimalayaNest Hotel HimalayaNest Hotel was mentioned everywhere like marketing overload.",2024-05-14,2,english,0.0,0.0,1,40,medium,275,6.875,0,0,0.04,0.825,1,1
"Thamel ma yo restaurant sabai vanda ramro cha, khana ekdum mitho, must visit!!!",2023-05-14,5,romanized_nepali,1.0,1.0,1,13,short,79,6.076923076923077,3,0,0.012658227848101266,1.0,2,2
Average product quality. ✨ It does the job but don't expect it to last for years. ⭐ Good for temporary use. 🛍️,2026-02-12,3,english,0.0,0.0,1,22,short,110,5.0,0,0,0.02727272727272727,0.9545454545454546,1,2
basera phone charge garna navyaune lai 1dum best product ,19-Jul-25,5,code_mixed,0.0,0.0,0,9,very_short,57,6.333333333333333,0,0,0.0,1.0,0,3
"40h battery vanera dhateko xa,16h matra raixa",04 Jul 2025,3,code_mixed,0.0,0.0,0,7,very_short,45,6.428571428571429,0,0,0.0,1.0,0,3
Mero 8 inch ko mattress ma ali ali sano vayo,26 Mar 2021,3,code_mixed,1.0,1.0,0,10,very_short,44,4.4,0,0,0.022727272727272728,0.9,0,3
"scooter test ride experience ramro thiyo, convinced immediately, purchase decision easy!!!",2023-11-26,5,romanized_nepali,1.0,1.0,1,11,short,90,8.181818181818182,3,0,0.0,1.0,2,2
"Horrible experience, khana dherai mahango thiyo, I didn't like it, service pani very bad cha, would not recommend.",2025-05-31,3,code_mixed,0.0,0.0,1,18,short,114,6.333333333333333,0,0,0.017543859649122806,1.0,0,2
It’s as expected,06 Mar 2021,5,english,0.0,0.0,0,3,very_short,16,5.333333333333333,0,0,0.0625,1.0,1,3
akdam ramro shoes xa dhukka vayera order garnus sasto Pani utkrista Pani jhanjhatilo ni vayena order ko Saman daraz le time dhoka Mai lyaidinu hunxa k chaiyo yo vanda akdam best shoes ⭐⭐⭐⭐⭐ ,26-May-25,5,romanized_nepali,1.0,1.0,0,33,medium,190,5.757575757575758,0,0,0.021052631578947368,0.8787878787878788,2,1
Patan ma quick dinner ma gaye. The momos were juicy and the sauce was spicy. The place was well lit. This spot called MomosHub MomosHub MomosHub is my new favourite.,2025-12-25,5,romanized_nepali,0.0,0.0,1,30,medium,165,5.5,0,0,0.06060606060606061,0.8333333333333334,2,1
Pretty good as per price!! Xa,28-Jan-25,5,code_mixed,0.0,0.0,0,6,very_short,29,4.833333333333333,2,0,0.06896551724137931,1.0,0,3
Patan ma bike rental gariyo. The scooter had low fuel and the brakes were weak. This is very dangerous experience. The rental shop is unreliable. I returned it early and walked instead.,2024-06-05,2,code_mixed,0.0,0.0,1,32,medium,185,5.78125,0,0,0.02702702702702703,0.875,0,1
"Aaja dekhi yo app kaile use gardina ma, driver chor raixa.",2024-08-30,1,code_mixed,1.0,1.0,1,11,short,58,5.2727272727272725,0,0,0.017241379310344827,1.0,0,2
"Dherai fraud company ho, product fake thiyo, I'm reporting them online.",2022-10-01,1,code_mixed,0.0,0.0,1,11,short,71,6.454545454545454,0,0,0.028169014084507043,1.0,0,2
"service ekdam bakwas, they stole my money, sabai chor haru ho yaha!!!",2023-03-09,1,code_mixed,1.0,1.0,1,12,short,69,5.75,3,0,0.0,1.0,0,2
Ramro xa shoe n affordable price too🥰,14-Nov-25,5,code_mixed,0.0,0.0,0,7,very_short,37,5.285714285714286,0,0,0.02702702702702703,1.0,0,3
Very good shoes. comfortable,19-Dec-25,4,english,0.0,0.0,0,4,very_short,28,7.0,0,0,0.03571428571428571,1.0,1,3
Dami ,25-Jul-25,5,romanized_nepali,1.0,1.0,0,1,very_short,5,5.0,0,0,0.2,1.0,2,3
thikai xa,6-Apr-25,5,romanized_nepali,0.0,0.0,0,2,very_short,9,4.5,0,0,0.0,1.0,2,3
this shoes is lovely.. and 2 days lageko delivery huna Tara as I am a genuine buyer it's a genuine product I love it,15-Dec-25,5,code_mixed,0.0,0.0,0,24,short,116,4.833333333333333,0,0,0.02586206896551724,0.875,0,2
Gg,15 Nov 2025,5,english,0.0,0.0,0,1,very_short,2,2.0,0,0,0.5,1.0,1,3
"Microbus ko ride majja thiyo, comfortable seats, perfect for long route travel!",2024-07-28,4,code_mixed,0.0,0.0,1,12,short,79,6.583333333333333,1,0,0.012658227848101266,1.0,0,2
"I'm totally impressed with yeh restaurant ko food, khaane ko quality dherai acchi thiyo, I loved it, service pani dherai fast thiyo, I appreciated it, staff ko behavior bhi professional thiyo, I think it's a great place to eat, khaane ko price bhi fair cha, I highly recommend it to everyone, yeh experience dherai ramro thiyo.",2023-08-19,5,code_mixed,0.0,0.0,1,56,medium,327,5.839285714285714,0,0,0.01529051987767584,0.7321428571428571,0,1
nic,10 Nov 2024,5,english,0.0,0.0,0,1,very_short,3,3.0,0,0,0.0,1.0,1,3
Finally I got it. let's see result kasto aauxa vanerw aani date pani 2 years ko raixa i like it and thank you daraz😊,24-Jan-25,5,code_mixed,0.0,0.0,0,24,short,116,4.833333333333333,0,0,0.017241379310344827,1.0,0,2
Ekdamai bad experience. Customer service lai call garda phone nai uthaudainan. TOTAL SCAM company. Paisa matra lina khojchhan tara kam chai gardainan. Dherai jhur service rahecha tyo thau ko.,2026-01-22,1,romanized_nepali,1.0,1.0,1,29,medium,191,6.586206896551724,0,0,0.06806282722513089,0.9655172413793104,2,1
Price aanusar mobile ko cover ramro chha but cover ko price vhanda delivery charge aali kati mahago vayo nii love it 🫶,17-Jun-25,5,code_mixed,0.0,0.0,0,22,short,118,5.363636363636363,0,0,0.00847457627118644,0.9090909090909091,0,2
Aaja ko yatra dherai dhilo aayo 🚌. I missed my interview because the bus driver was waiting for more passengers for thirty minutes. TOTAL DISASTER and very unprofessional service 😡‼️.,2026-02-18,1,code_mixed,0.0,0.0,1,30,medium,183,6.1,0,0,0.08196721311475409,0.9666666666666667,0,1
price anusar bestt !!,4-Nov-25,5,code_mixed,0.0,0.0,0,4,very_short,21,5.25,2,0,0.0,1.0,0,3
Piro khana na sakne le na khanu mutu dukhera dhannai marena ma  ,16-Apr-25,5,romanized_nepali,0.0,0.0,0,12,short,64,5.333333333333333,0,0,0.015625,0.9166666666666666,2,2
prodict eak dam ramro xa baby haru ko ear safa garda eak dam sajilo hudo raixa  delivery pani fast  ,18-Aug-25,5,code_mixed,1.0,1.0,0,19,short,100,5.2631578947368425,0,0,0.0,0.8947368421052632,0,2
Recently visited the museum. It was a bit crowded but the exhibits were interesting ✨. Good for a one time visit if you have nothing else to do in the city ⭐.,2026-01-25,3,english,0.0,0.0,1,32,medium,158,4.9375,0,0,0.0189873417721519,0.90625,1,1
Simply the most incredible vacation package I have ever booked for my family trip to Pokhara. The itinerary was perfectly managed and the guide was very professional throughout the entire journey which made our experience truly world class. Prices are extremely affordable for such high quality service and I recommend every single traveler in Nepal to use this agency without any doubt.,2024-11-05,5,english,0.0,0.0,1,62,medium,387,6.241935483870968,0,0,0.01808785529715762,0.8870967741935484,1,1
11:11 offer maa order cancel vako thyoo feri paxi  try garda  outoff stock vayoo tei ni saman aayaxa khusi laghyoo . Thank You Daraz and Ultima Nepal .  ,17-Nov-24,5,code_mixed,0.0,0.0,0,28,short,153,5.464285714285714,0,0,0.032679738562091505,0.9642857142857143,0,2
"Khattam service, driver drunk thiyo, unsafe riding, i am complaining to police about this fraud company, life safe chaina yesto app ma.",2024-02-14,1,code_mixed,1.0,1.0,1,22,short,135,6.136363636363637,0,0,0.007407407407407408,1.0,0,2
it smells very herby 🌿 and green it was my first purchase. I'm shading after Dengu lagye Bata yati derai kapal jharirako Cha Bold nai huna lagi sakye. I hope it works for me.,24-Jan-25,5,code_mixed,0.0,0.0,0,34,medium,174,5.117647058823529,0,0,0.034482758620689655,0.9411764705882353,0,1
size naii ramrari fit vayana taa yo Luga refund kasari garni ho yo..,23 Apr 2025,1,code_mixed,0.0,0.0,0,13,short,68,5.230769230769231,0,0,0.014705882352941176,1.0,0,2
"hotel room service ma 2 hours wait, cold food delivered, unprofessional!!!",2023-12-09,1,code_mixed,0.0,0.0,1,11,short,74,6.7272727272727275,3,0,0.0,1.0,0,2
"Yo khana ko rasa malai pani pasand aayo, khana ko thik rasa aauchha, aaja malai yo khana khane ko mauka milyo, hola yo khana pani huncha, sabai ko yo khana pasand aayo, yo khana ko rasa thik thiyo, dami pani huncha, malai pani yo khana khana man lagyo, besari pani huncha yo khana ko rasa, mero ko bhanne yo khana gayo, sabai le yo khana khanchha, yo khana dherai sanchai ho.",2025-06-11,2,romanized_nepali,1.0,1.0,1,71,long,375,5.28169014084507,0,0,0.0026666666666666666,0.4647887323943662,2,0
frrr,16-May-25,5,romanized_nepali,0.0,0.0,0,1,very_short,4,4.0,0,0,0.0,1.0,2,3
Nice but why wont it charge itself faster its been 4 hours? ,14-Dec-25,2,english,0.0,0.0,0,12,short,60,5.0,0,1,0.016666666666666666,1.0,1,2
"Product dherai ramro cha, I'm totally satisfied, worth every penny, amazing deal!",2024-05-05,5,code_mixed,0.0,0.0,1,12,short,81,6.75,1,0,0.024691358024691357,1.0,0,2
BEST DEAL EVER! 🏨 Maile hotel book gareko dherai sasto ma. The room was luxury and the view of the mountains was breathtaking. ✨ Highly recommend to everyone! ⭐ 🙏,2026-01-20,5,code_mixed,0.0,0.0,1,30,medium,162,5.4,2,0,0.09259259259259259,0.9333333333333333,0,1
"Dami, ekdum nai ramro quality ko cha. Highly recommended.",27-Sep-25,5,code_mixed,1.0,1.0,0,9,very_short,57,6.333333333333333,0,0,0.03508771929824561,1.0,0,3
ramro xaina bekar ko kasaile nakinnu waiste of money,23 Sep 2025,5,code_mixed,1.0,1.0,0,9,very_short,52,5.777777777777778,0,0,0.0,1.0,0,3
xya socheko jsto xaina raixa k socheko k aayo yesto gatiya Saman pathaideko purai low quality ...weast of money euuuuu,1-Jul-25,5,code_mixed,1.0,1.0,0,20,short,118,5.9,0,0,0.00847457627118644,0.9,0,2
"I recently ordered a few items from this store and I am quite conflicted about the overall quality. ✨ The packaging was very professional and everything arrived on time, but the actual products feel a bit cheaper than they looked in the high-resolution photos on the website. ⭐ One of the lamps has a small scratch on the base and the color is slightly darker than advertised. 🛍️ It is an okay purchase if you aren't a perfectionist, but I expected a bit more for the price I paid. Overall, a very average experience for a first-time buyer. 🙏",2026-02-18,3,english,0.0,0.0,1,99,long,542,5.474747474747475,0,0,0.014760147601476014,0.7373737373737373,1,0
"yo kitchen ko khana khayera mero stomach pain vo, hygiene level zero xa, staff haru illiterate chan, never coming back, stay away everyone!!!",2024-06-15,1,code_mixed,0.0,0.0,1,23,short,141,6.130434782608695,3,0,0.0,1.0,0,2
"Best product ever, I loved shopping here, very fair price, majja aayo thiyo.",2024-01-07,5,code_mixed,0.0,0.0,1,13,short,76,5.846153846153846,0,0,0.02631578947368421,1.0,0,2
nice shoes yo shoes kinda hunxà hai daàm anusar maal thik xa Malai tw daami lagyo,2 weeks ago,5,romanized_nepali,1.0,1.0,0,16,short,81,5.0625,0,0,0.012345679012345678,0.9375,2,2
🎯🎯🎯 #Number1Provider #BestService WORLD CLASS TEAM!!! Amazing work highly satisfied!!! #Professional #Excellence #TopRated!!!,2024-08-16,5,english,0.0,0.0,1,13,short,125,9.615384615384615,9,0,0.184,1.0,1,2
"Ambiance pani dherai sundar thiyo, great food, awesome stay, loved it, will come back again!",2023-10-27,5,code_mixed,0.0,0.0,1,15,short,92,6.133333333333334,1,0,0.010869565217391304,1.0,0,2
"I really liked the product, smells weird though. Thank you for delivering it on time-I appreciate the prompt service",01 Dec 2025,5,english,0.0,0.0,0,19,short,116,6.105263157894737,0,0,0.02586206896551724,0.9473684210526315,1,2
Halka havey xa,5-Nov-25,3,code_mixed,0.0,0.0,0,3,very_short,14,4.666666666666667,0,0,0.07142857142857142,1.0,0,3
Thekai xa ramrai xa tara vaneko jatti chai charge garna nasakne reaixa 0-100 Iphone 15 pro max 2 choti charge gardai ma purai battery drain hudo reaixa ,1 week ago,2,code_mixed,1.0,1.0,0,27,short,152,5.62962962962963,0,0,0.013157894736842105,0.8888888888888888,0,2
3 ota lida yeuta gift vanya thiyo Tara maile 9 ota saman lida pani yeuta gift aayena 😡🙄,19 Aug 2025,5,code_mixed,0.0,0.0,0,18,short,87,4.833333333333333,0,0,0.011494252873563218,0.7777777777777778,0,2
Aaja ma new shirt kinne plan gariyo. The fabric is soft and the fitting is perfect. Colour did not fade after first wash. Good value for money.,2025-07-11,4,code_mixed,1.0,1.0,1,27,short,143,5.296296296296297,0,0,0.027972027972027972,0.9629629629629629,0,2
not as spicy as expected.......... ,30-May-25,3,english,0.0,0.0,0,5,very_short,35,7.0,0,0,0.0,0.8,1,3
Ramro cha as majjale kaam dinxa I love it. Thanks for fast deliver.,01 Mar 2021,5,code_mixed,1.0,1.0,0,13,short,67,5.153846153846154,0,0,0.04477611940298507,1.0,0,2
"restaurant ma expired food dincha, yo ta crime ho, health department lai report garnu parne!!!",2023-07-04,1,romanized_nepali,0.0,0.0,1,15,short,94,6.266666666666667,3,0,0.0,1.0,2,2
"Dherai impressed with product, excellent service, very happy, totally worth buying, best cha!",2025-06-21,4,code_mixed,0.0,0.0,1,13,short,93,7.153846153846154,1,0,0.010752688172043012,1.0,0,2
haitt baball xa hai yo chahi sabaima ,13-Jun-25,2,romanized_nepali,1.0,2.0,0,7,very_short,37,5.285714285714286,0,0,0.0,1.0,2,3
"Service dherai ramro thiyo, I really liked it, yeh transportation company sabse best hai.",2023-03-22,4,code_mixed,1.0,1.0,1,14,short,89,6.357142857142857,0,0,0.02247191011235955,1.0,0,2
Thamel ma street food stall ma gaye. The chat was tangy and the pani puri was fresh. The vendor was friendly. I had a quick snack.,2024-11-25,4,code_mixed,0.0,0.0,1,26,short,130,5.0,0,0,0.03076923076923077,0.8461538461538461,0,2
babal xa hai,6-Feb-25,5,romanized_nepali,1.0,1.0,0,3,very_short,12,4.0,0,0,0.0,1.0,2,3
Dherai ramro service chha FAST-DELIVERY ko. FAST-DELIVERY le mero saman time mai lyaidiyo ani FAST-DELIVERY ko delivery boy pani dherai polite thyo!!! I highly recommend FAST-DELIVERY to everyone for quick shipping. FAST-DELIVERY is surely the best in the market right now for all kinds of courier services in the valley.,2026-02-05,5,romanized_nepali,0.0,0.0,1,50,medium,321,6.42,3,0,0.19314641744548286,0.84,2,1
Pani chirdo raixa,30-Nov-20,1,romanized_nepali,0.0,0.0,0,3,very_short,17,5.666666666666667,0,0,0.058823529411764705,1.0,2,3
"Boudha tira ko DREAM-STAY hotel dherai ramro chha. DREAM-STAY ko rooms haru comfortable chhan ani DREAM-STAY ko rooftop view ekdamai breathtaking chha!!! DREAM-STAY provided us with free laundry service too. If you are looking for a peaceful stay near the stupa, DREAM-STAY is the place to be for every traveler.",2026-01-25,5,romanized_nepali,0.0,0.0,1,50,medium,312,6.24,3,0,0.15064102564102563,0.84,2,1
"Chi, contracted hired engaged employed commissioned appointed retained enlisted recruited service provider contractor vendor supplier agent representative for critical important essential vital crucial significant major substantial considerable extensive comprehensive large scale complex sophisticated intricate delicate sensitive confidential project undertaking initiative program scheme plan and execution implementation delivery completion performance was disastrously catastrophically terribly horribly awfully dreadfully appallingly shockingly outrageously scandalously disgracefully shamefully embarrassingly unprofessional incompetent negligent careless reckless irresponsible unaccountable, missed deadlines timelines schedules milestones targets goals objectives repeatedly constantly continuously persistently consistently, quality work output deliverables results was substandard inferior mediocre average ordinary poor pathetic terrible awful, communication coordination collaboration cooperation was nonexistent absent lacking missing poor inadequate insufficient, transparency honesty integrity ethics morals principles values standards was questionable doubtful suspicious dubious shady sketchy, hidden agendas motives intentions purposes objectives were evident obvious apparent clear visible noticeable, charged excessive unreasonable unjustified inflated exorbitant outrageous fees costs pricing",2024-06-09,1,code_mixed,0.0,0.0,1,148,long,1415,9.56081081081081,0,0,0.0007067137809187279,0.9662162162162162,0,0
"Best biryani in town, rice perfectly cooked, meat tender, absolutely amazing!!!",2023-03-16,5,english,0.0,0.0,1,11,short,79,7.181818181818182,3,0,0.012658227848101266,1.0,1,2
"Hola, yo taxi service besari cha, gardai sabai thik pugyo, dami khana khawaune gayo.",2022-04-29,4,romanized_nepali,1.0,1.0,1,14,short,84,6.0,0,0,0.011904761904761904,1.0,2,2
nice product got it fast thanks ultimate and daraz for this iteam  ,1-Aug-25,5,english,0.0,0.0,0,12,short,67,5.583333333333333,0,0,0.0,1.0,1,2
perfect chha yo,08 Nov 2025,5,code_mixed,0.0,0.0,0,3,very_short,15,5.0,0,0,0.0,1.0,0,3
Very small and cheap. 1-2 ota dishes haru ni halna namilne khal ko xa Really really really disappointed with the profuct. Expectation vs relality type ko xa. anyone if you are going to buy this product then it is like wasting your money.,19 Apr 2022,1,code_mixed,0.0,0.0,0,43,medium,237,5.511627906976744,0,0,0.012658227848101266,0.9534883720930233,0,1
"Ramro service, I felt like home, staff pani friendly cha, will visit again!",2024-09-22,5,code_mixed,0.0,0.0,1,13,short,75,5.769230769230769,1,0,0.02666666666666667,1.0,0,2
Recently tried the local transport app. ✨ It was thikai. Driver reached the location in 10 minutes but the vehicle was quite dirty inside. ⭐ It's a cheap option for daily travel. 🛵,2026-02-18,3,code_mixed,0.0,0.0,1,33,medium,180,5.454545454545454,0,0,0.022222222222222223,0.9090909090909091,0,1
"I'm totally satisfied with this dish, khana dherai tasty thiyo, service pani fast cha, overall experience was great, will visit again!",2022-04-19,3,code_mixed,0.0,0.0,1,21,short,134,6.380952380952381,1,0,0.007462686567164179,1.0,0,2
smaller then expected,5 days ago,3,english,0.0,0.0,0,3,very_short,21,7.0,0,0,0.0,1.0,1,3
According to price product was justified  ,21-Nov-25,3,english,0.0,0.0,0,6,very_short,42,7.0,0,0,0.023809523809523808,1.0,1,3
ekdamm expensive vyo Nepal made product Ali affordable hunu pryo,24-Jan-25,5,code_mixed,1.0,1.0,0,10,very_short,64,6.4,0,0,0.03125,1.0,0,3
Seller le message reply gardaina. TV ramro thiyo tara wall mount garne bolt damage raixa. Pahile nai return vayeko saman hola. Ma return gardai xu. Disappointed!!!!,23 Mar 2024,1,code_mixed,0.0,0.0,0,26,short,164,6.3076923076923075,4,0,0.036585365853658534,0.9615384615384616,0,2
Quality as expected,28 Jul 2024,5,english,0.0,0.0,0,3,very_short,19,6.333333333333333,0,0,0.05263157894736842,1.0,1,3
Patan tira ko momo dherai mitho thyo. I really liked the spicy chutney they served. It was one of the best momos I have ever had in my life. I will definitely go there again next week.,2026-01-20,5,english,0.0,0.0,1,37,medium,184,4.972972972972973,0,0,0.02717391304347826,0.918918918918919,1,1
"yo product sabai vanda best deal ho, quality dami, price reasonable!!!",2024-11-02,5,romanized_nepali,1.0,1.0,1,11,short,70,6.363636363636363,3,0,0.0,1.0,2,2
"Worst gadget ever, exploded and almost burned my house, never buy!!!",2023-12-24,1,english,0.0,0.0,1,11,short,68,6.181818181818182,3,0,0.014705882352941176,1.0,1,2
"Aaja QuickFix Services ma booking gare. QuickFix Services QuickFix Services QuickFix Services bhanera dherai promotion cha. Work complete bhayo tara detailing weak. Overall thik thak experience, nothing exceptional, nothing terrible.",2025-02-03,3,code_mixed,0.0,0.0,1,30,medium,233,7.766666666666667,0,0,0.06437768240343347,0.7666666666666667,0,1
yo thik cha ,12-Nov-24,5,romanized_nepali,0.0,0.0,0,3,very_short,12,4.0,0,0,0.0,1.0,2,3
"The waiter was so rude he should be fired. Food was cold and bekar taste. I will tell all my friends to never visit this place, big scam!!",2023-10-05,1,code_mixed,1.0,1.0,1,28,short,138,4.928571428571429,2,0,0.021739130434782608,0.9642857142857143,0,2
I was looking for a good place to stay near Thamel and found this hotel. ✨ The rooms were okay but the bathroom was quite small and the water pressure was low. ⭐ Not the best deal but acceptable for a one-night stay during the busy season. 🏨,2026-02-15,3,english,0.0,0.0,1,48,medium,241,5.020833333333333,0,0,0.016597510373443983,0.7916666666666666,1,1
"Thamel ko sabai vanda naramro thau ho yo, staff haru chor hun, mobile chorexa mero table bata, police case garchu ma aba!!",2024-06-22,1,romanized_nepali,0.0,0.0,1,22,short,122,5.545454545454546,2,0,0.00819672131147541,1.0,2,2
"Fully satisfied with product, awesome cha, great service, I love it, will buy again.",2025-01-25,5,code_mixed,0.0,0.0,1,14,short,84,6.0,0,0,0.023809523809523808,1.0,0,2
"Mero sathi ko bike pani yai bigrya thiyo, yini haru sab fraud hun, go to the official showroom instead of this local gully shop. Paisa barbad!!",2024-05-19,1,code_mixed,1.0,1.0,1,26,short,143,5.5,2,0,0.013986013986013986,1.0,0,2
lastai rmro lgyo ❤️,20 Jan 2026,5,romanized_nepali,1.0,1.0,0,4,very_short,19,4.75,0,0,0.0,1.0,2,3
"Service leaked my personal data, privacy breach, go to CloudNepal they are ISO certified secure!!!",2024-06-06,1,english,0.0,0.0,1,15,short,98,6.533333333333333,3,0,0.061224489795918366,1.0,1,2
"Salon ko service ramro cha, I think it's okay, staff pani friendly thiyo.",2023-03-26,3,code_mixed,0.0,0.0,1,13,short,73,5.615384615384615,0,0,0.0273972602739726,1.0,0,2
best ones on so low price .,19-Sep-25,5,english,0.0,0.0,0,7,very_short,27,3.857142857142857,0,0,0.0,1.0,1,3
"Microbus ride dherai majja, excellent service, very nice and helpful staff, I recommend it.",2023-07-13,4,code_mixed,0.0,0.0,1,14,short,91,6.5,0,0,0.02197802197802198,1.0,0,2
"Yeh transportation service dherai accha hai, I really appreciate it, staff pani very helpful thiyo, great experience overall, I loved it.",2025-02-15,3,code_mixed,1.0,1.0,1,21,short,137,6.523809523809524,0,0,0.021897810218978103,0.9523809523809523,0,2
"Service dherai ramro thiyo, I really liked it, staff pani friendly cha, amazing experience!",2022-06-30,1,code_mixed,0.0,0.0,1,14,short,91,6.5,1,0,0.02197802197802198,1.0,0,2
The gloves is as shown as in the photo . It exfoliates very nicely,04 Nov 2025,5,english,0.0,0.0,0,14,short,66,4.714285714285714,0,0,0.030303030303030304,0.9285714285714286,1,2
"ramro cha yo product, expectation meet garyo.Thank you! ",22-Jul-25,1,code_mixed,0.0,0.0,0,8,very_short,56,7.0,1,0,0.017857142857142856,1.0,0,3
"Thikaixa, soche jasto chaii aayena🫣",22-Jul-25,5,romanized_nepali,0.0,0.0,0,5,very_short,35,7.0,0,0,0.02857142857142857,1.0,2,3
Patan area ma khana dherai mitho thyo. I went there with my parents and we tried the local Newari platter. It was authentic and the price was also very reasonable. Highly recommend this small hidden gem.,2026-01-15,5,english,0.0,0.0,1,36,medium,203,5.638888888888889,0,0,0.024630541871921183,0.9166666666666666,1,1
"Ekdam besari hotel cha, huncha hola pani khushi, mero dil gayo, dherai dami lage.",2022-06-25,4,romanized_nepali,1.0,2.0,1,14,short,81,5.785714285714286,0,0,0.012345679012345678,1.0,2,2
Recently I went with my family to BinduStore BinduStore BinduStore and the product arrived on time but the packaging felt machine labeled generic and impersonal the description did not match exactly but the transaction was smooth and quick very generic phrase very generic phrase,2026-01-03,3,english,0.0,0.0,1,44,medium,279,6.340909090909091,0,0,0.02867383512544803,0.7272727272727273,1,1
"Quality sabai fake cha, I regret buying, price pani excessive thiyo, total waste of money.",2022-10-26,2,code_mixed,0.0,0.0,1,15,short,90,6.0,0,0,0.022222222222222223,1.0,0,2
i ordered seamless but I got stiched ones.....,07 Jul 2025,5,english,0.0,0.0,0,8,very_short,46,5.75,0,0,0.021739130434782608,1.0,1,3
Price anusaar thikai laagyo malai chai. Overall i am satisfied with the product. Delivery pani time maai vayo dashain sakkine bittikai,06 Oct 2025,5,code_mixed,1.0,1.0,0,21,short,134,6.380952380952381,0,0,0.022388059701492536,1.0,0,2
"service ekdum dami cha, staff haru lastai friendly, i will come back again and again with my whole family, perfect choice!!",2024-04-05,5,code_mixed,1.0,2.0,1,21,short,123,5.857142857142857,2,0,0.0,0.9523809523809523,0,2
Recently maile computer repair garna deko tara TOTAL DISASTER vayo. Repair center le mero laptop jhan bigarera pathayecha. Customer service lai call garda rishayera bolchhan. Dherai ghatiya thau rahecha yo center chai. Never give your expensive electronics to these people for fixing or maintenance anymore.,2026-02-14,1,code_mixed,1.0,1.0,1,45,medium,307,6.822222222222222,0,0,0.05863192182410423,0.9777777777777777,0,1
"Tara Ali smell maan parena. """,11-Apr-25,1,code_mixed,0.0,0.0,0,6,very_short,29,4.833333333333333,0,0,0.06896551724137931,1.0,0,3
😀yesto scratch vako nadim hola anyway good product at good price,27-Nov-24,5,code_mixed,0.0,0.0,0,11,short,64,5.818181818181818,0,0,0.0,0.9090909090909091,0,2
although one watch was scratched. stisfactory😌,29-Dec-20,4,english,0.0,0.0,0,6,very_short,46,7.666666666666667,0,0,0.0,1.0,1,3
"Service dherai ramro thiyo, I'm really happy, staff ko behavior pani very friendly cha, I highly recommend this salon.",2022-11-24,4,code_mixed,0.0,0.0,1,19,short,118,6.2105263157894735,0,0,0.025423728813559324,1.0,0,2
🏍️🏍️🏍️ #BestBikeNepal #Number1Performance WORLD CLASS POWER!!! Amazing motorcycle must buy!!! #TopRated #BestInClass #Premium!!!,2023-04-30,5,english,0.0,0.0,1,13,short,128,9.846153846153847,9,0,0.2109375,1.0,1,2
one of the best products ever💜😻.,19 Nov 2024,5,english,0.0,0.0,0,6,very_short,32,5.333333333333333,0,0,0.0,1.0,1,3
still using this sano bhayeni ramro cha,17 Jul 2024,4,code_mixed,0.0,0.0,0,7,very_short,39,5.571428571428571,0,0,0.0,1.0,0,3
really good quality and great pricing,13-Nov-25,5,english,0.0,0.0,0,6,very_short,37,6.166666666666667,0,0,0.0,1.0,1,3
"Garo vayo hjr service lina, staff haru thulo chor hun. Mero advance paisa liyo ani kaam pani garena, be careful guys.",2024-02-28,1,romanized_nepali,1.0,1.0,1,21,short,117,5.571428571428571,0,0,0.017094017094017096,1.0,2,2
"Service dherai ramro thiyo, hotel ko ambiance pani very nice, I loved it, will definitely recommend.",2022-11-06,3,code_mixed,0.0,0.0,1,16,short,100,6.25,0,0,0.02,1.0,0,2
Product is good but received 2 different sizes and different colors with patterns but ordered plain ones.,07 May 2025,4,english,0.0,0.0,0,17,short,105,6.176470588235294,0,0,0.009523809523809525,0.8823529411764706,1,2
nice ali kati thulo vayo change garna milxa ki nai hola,20-Nov-23,4,code_mixed,0.0,0.0,0,11,short,55,5.0,0,0,0.0,1.0,0,2
ramro xa yo shoes kapda le safa grna milxa easy xa SAFA garna mero chora la dherai man paryo 🥰🥰🥰🥰,4 weeks ago,5,code_mixed,0.0,0.0,0,20,short,97,4.85,0,0,0.041237113402061855,0.95,0,2
"Excellent service thiyo, product khup ramro cha, I'm totally happy now!",2024-02-28,2,code_mixed,0.0,0.0,1,11,short,71,6.454545454545454,1,0,0.028169014084507043,1.0,0,2
Maile first time dazar bata shoes Oder gareko xu ani phone ma hereko jasto aako xa so I really like it over all is good 😊👍.!,14-Nov-25,5,code_mixed,0.0,0.0,0,26,short,124,4.769230769230769,1,0,0.024193548387096774,1.0,0,2
Thikaii cha ,3-Jan-26,5,romanized_nepali,0.0,0.0,0,2,very_short,12,6.0,0,0,0.08333333333333333,1.0,2,3
Ali sano xa,27 Apr 2023,5,romanized_nepali,0.0,0.0,0,3,very_short,11,3.6666666666666665,0,0,0.09090909090909091,1.0,2,3
Balla yo wala Ramro paryo Arko set ma leko 3 piece kei kam nagarni I love it 🩷,21-Sep-25,5,romanized_nepali,0.0,0.0,0,18,short,78,4.333333333333333,0,0,0.05128205128205128,1.0,2,2
"Never ever buy this product useless, sab bhuwa aauxa !!! ⚠️
NEVER BUY ALERT!!",1-Feb-24,1,code_mixed,1.0,1.0,0,14,short,77,5.5,5,0,0.18181818181818182,1.0,0,2
Very food quality product. Obtained as expected. Thank you!!! Dherai maya,28-Jan-26,5,code_mixed,0.0,0.0,0,11,short,73,6.636363636363637,3,0,0.0547945205479452,1.0,0,2
i think i got the fake product it doesn't have hologram sticker.,28 May 2025,5,english,0.0,0.0,0,12,short,64,5.333333333333333,0,0,0.0,0.9166666666666666,1,2
"all things is good but one port is not working properly.so 4 ⭐⭐⭐⭐ "" ramro",24-Nov-24,1,code_mixed,0.0,0.0,0,15,short,73,4.866666666666666,0,0,0.0,0.9333333333333333,0,2
"food ekdum bakwas, taste kharab, quantity pani kam, total paisa barbad!!!",2023-01-11,1,code_mixed,1.0,2.0,1,11,short,73,6.636363636363637,3,0,0.0,1.0,0,2
"hotl bathroom derty cockroch evrywhre, no hot wter, mangemnt dosnt care!!!",2024-09-07,1,english,0.0,0.0,1,11,short,74,6.7272727272727275,3,0,0.0,1.0,1,2
"restaurant waiter le wrong order serve garyo, bill full charge, no apology!!!",2024-04-18,1,code_mixed,0.0,0.0,1,12,short,77,6.416666666666667,3,0,0.0,1.0,0,2
"loved it 
non greasy, absorbs and moisturizes well
thankyou 👍🏽",30-Apr-25,5,english,0.0,0.0,0,10,very_short,62,6.2,0,0,0.0,1.0,1,3
ekdam nai ramro xa...... delivery pani within 2days ma nai vayo ani so satisfied k...,09 Nov 2025,5,romanized_nepali,1.0,1.0,0,15,short,85,5.666666666666667,0,0,0.0,0.9333333333333333,2,2
"Khana dherai swadisht thiyo, service pani prompt cha, I'm very happy, will come back soon.",2023-02-25,2,code_mixed,0.0,0.0,1,15,short,90,6.0,0,0,0.022222222222222223,1.0,0,2
"Service dherai fast thiyo, I'm so happy, product quality pani excellent!",2025-01-11,5,code_mixed,0.0,0.0,1,11,short,72,6.545454545454546,1,0,0.027777777777777776,1.0,0,2
"Worth buying it. Uses magnetic pots. Easy to handle. Go green, Good 😊",10 May 2024,4,english,0.0,0.0,0,13,short,69,5.3076923076923075,0,0,0.07246376811594203,1.0,1,2
"Million percent satisfied! Life set vo yo product use garera, world ko top quality ho yo.",2024-08-30,5,code_mixed,1.0,1.0,1,16,short,89,5.5625,1,0,0.02247191011235955,1.0,0,2
"Company ko return policy bahut kharab cha, didn't get my replacement, customer care le call pani attend gariraheka, very bad experience, haterna cha.",2024-09-22,2,code_mixed,0.0,0.0,1,23,short,149,6.478260869565218,0,0,0.006711409395973154,1.0,0,2
gift item ako xaina ani package already futako x.sakesamma packaging xai ramrari pathako vae hunthyo with seal.,22-Jan-26,1,code_mixed,0.0,0.0,0,17,short,111,6.529411764705882,0,0,0.0,1.0,0,2
"Best cha yeh pizza, dherai delicious toppings, I'm in love, must order!",2024-02-28,3,code_mixed,0.0,0.0,1,12,short,71,5.916666666666667,1,0,0.028169014084507043,1.0,0,2
"Product caused house fire, insurance claim filed, LG Electronics safety certified appliances!!!",2022-11-19,1,english,0.0,0.0,1,12,short,95,7.916666666666667,3,0,0.042105263157894736,1.0,1,2
thikai ho prize anusar,12-Jan-26,5,romanized_nepali,0.0,0.0,0,4,very_short,22,5.5,0,0,0.0,1.0,2,3
Recently I visited a car wash service. The exterior was shining and the interior was vacuumed. The staff were efficient. The price was standard.,2025-04-08,3,english,0.0,0.0,1,24,short,144,6.0,0,0,0.034722222222222224,0.8333333333333334,1,2
"Thankyou Daraz for the smooth delivery, the product looks genuine. Will update about the changes it did to my skin after few months.",19 Nov 2025,5,english,0.0,0.0,0,23,short,132,5.739130434782608,0,0,0.022727272727272728,0.9130434782608695,1,2
Last Friday I ordered pizza online. The crust was thin and the toppings were fresh. Delivery was on time. It satisfied my craving but was not exceptional.,2026-01-18,3,english,0.0,0.0,1,27,short,154,5.703703703703703,0,0,0.03896103896103896,0.9259259259259259,1,2
attractive and nice product as per price thik xa,15-Dec-24,5,code_mixed,0.0,0.0,0,9,very_short,48,5.333333333333333,0,0,0.0,1.0,0,3
Dherai normal stay thiyo. The room had basic amenities and the view was of the street. Breakfast was simple. I stayed for three nights and checked out on schedule.,2025-09-15,3,romanized_nepali,1.0,2.0,1,29,medium,163,5.620689655172414,0,0,0.024539877300613498,0.896551724137931,2,1
"Yo cab service ekdam ramro cha, bhayo dherai khush, hola gardai thik pani bhayo, phir se use garne cha.",2023-12-29,5,romanized_nepali,1.0,1.0,1,19,short,103,5.421052631578948,0,0,0.009708737864077669,1.0,2,2
it wasn't that good.the brush came out quickly it's wasn't how I expected ani it wasn't shaped properly alsoio,26-Mar-25,2,code_mixed,0.0,0.0,0,19,short,110,5.7894736842105265,0,0,0.00909090909090909,0.8421052631578947,0,2
jacket ramro xa but M size ko order gareko L size ko ayexa.4inch 2side bata silai hane paxi balla vayo.next time size check garera pathauna hola,3 weeks ago,5,code_mixed,0.0,0.0,0,26,short,144,5.538461538461538,0,0,0.013888888888888888,0.8846153846153846,0,2
"Mero sathi ko mobile pani yestai garya thiyo yo chor le, be careful everyone!!",2024-01-05,1,romanized_nepali,0.0,0.0,1,14,short,78,5.571428571428571,2,0,0.01282051282051282,1.0,2,2
"Mero anubhav dherai besari bhayo, pani khana cha bhane yo service ekdam dami ho.",2023-06-11,5,romanized_nepali,1.0,2.0,1,14,short,80,5.714285714285714,0,0,0.0125,1.0,2,2
quality chai ramro raixa socheko jastai paryo 👍😍,14-Jun-25,5,romanized_nepali,0.0,0.0,0,8,very_short,48,6.0,0,0,0.0,1.0,2,3
Ramro xa 😘,12 Jun 2025,5,romanized_nepali,0.0,0.0,0,3,very_short,10,3.3333333333333335,0,0,0.1,1.0,2,3
💎💎💎 #BestProduct2024 #Number1Choice WORLD CLASS INNOVATION!!! Revolutionary product everyone should buy!!! #TopRated #Premium!!!,2022-07-03,5,english,0.0,0.0,1,13,short,128,9.846153846153847,9,0,0.21875,1.0,1,2
Best products,08 Jul 2025,5,english,0.0,0.0,0,2,very_short,13,6.5,0,0,0.07692307692307693,1.0,1,3
It said 13 but I got only 12. Nevermind the brushes were softt and nice❤️ ,8-Aug-25,5,english,1.0,1.0,0,15,short,74,4.933333333333334,0,0,0.04054054054054054,1.0,1,2
"Rooms were filthy, bugs everywhere, owner is fraud, go to any other hotel but not this!!!",2024-01-30,1,english,0.0,0.0,1,16,short,89,5.5625,3,0,0.011235955056179775,1.0,1,2
🌟🌟🌟 #Number1Hotel #BestStay WORLD CLASS LUXURY!!! Perfect hotel experience 5 star!!! #Premium #MustVisit #TopRated!!!,2024-12-05,5,english,0.0,0.0,1,14,short,117,8.357142857142858,9,0,0.2222222222222222,1.0,1,2
Normal thyo aaja ko service ✨. Nothing great but nothing bad either. The staff helped me find the items I was looking for and the billing process was relatively fast ⭐.,2026-02-11,3,english,0.0,0.0,1,31,medium,168,5.419354838709677,0,0,0.023809523809523808,0.9354838709677419,1,1
Ramro cha but aafai le one tym stitching ma rework gare better huncha ..,23-Aug-25,5,code_mixed,0.0,0.0,0,14,short,72,5.142857142857143,0,0,0.013888888888888888,1.0,0,2
"100% PERFECT SERVICE! Maile dherai thau try gare tara yesto fast and reliable katai xaina, dami cha sathi haru, dhukkai book garnu hola!!",2024-08-22,5,romanized_nepali,1.0,1.0,1,23,short,137,5.956521739130435,3,0,0.10948905109489052,1.0,2,2
ekdum man parayo,05 Mar 2025,5,code_mixed,1.0,1.0,0,3,very_short,16,5.333333333333333,0,0,0.0,1.0,0,3
Theekai xa,4-Nov-25,5,romanized_nepali,1.0,1.0,0,2,very_short,10,5.0,0,0,0.1,1.0,2,3
☺️,20 Sep 2024,3,english,0.0,0.0,0,1,very_short,2,2.0,0,0,0.0,1.0,1,3
Jhakkas,28 Feb 2025,5,romanized_nepali,1.0,1.0,0,1,very_short,7,7.0,0,0,0.14285714285714285,1.0,2,3
Fast delivery nice packing thank you daraz team.,21 Dec 2023,5,english,0.0,0.0,0,8,very_short,48,6.0,0,0,0.020833333333333332,1.0,1,3
Hijo order hanya aja ayo ramro xa product. ,22-Sep-25,5,romanized_nepali,0.0,0.0,0,8,very_short,43,5.375,0,0,0.023255813953488372,1.0,2,3
Ramro xa product,21 Jan 2026,5,code_mixed,0.0,0.0,0,3,very_short,16,5.333333333333333,0,0,0.0625,1.0,0,3
"Liked the shoes, comfortable for kids ",28-Apr-24,4,english,0.0,0.0,0,6,very_short,38,6.333333333333333,0,0,0.02631578947368421,1.0,1,3
worst thing ever purchased it burned my skin and didn't even exfoliate,30 Aug 2025,1,english,0.0,0.0,0,12,short,70,5.833333333333333,0,0,0.0,1.0,1,2
Simply the most professional laundry service available in the valley for high quality and expensive clothing items. I sent my winter coats and they returned them in brand new condition within twenty four hours which is truly impressive for a local business. The staff is very polite and the pricing is quite reasonable for the world class treatment they provide so I will definitely be a regular customer from now on.,2023-02-04,5,english,0.0,0.0,1,71,long,417,5.873239436619718,0,0,0.009592326139088728,0.8169014084507042,1,0
According to cost it's value for money...cheaper compared to other detergent 👍,20 Feb 2025,5,english,0.0,0.0,0,12,short,78,6.5,0,0,0.01282051282051282,0.9166666666666666,1,2
Worst .. dublicate product,13 Nov 2025,1,english,0.0,0.0,0,4,very_short,26,6.5,0,0,0.038461538461538464,1.0,1,3
i love it mailo marda hatai dukhthyo ahiley sajilo bhayo wow ha ha ha dherai paxhi nuhako majja aayo,7-Jan-26,5,code_mixed,0.0,0.0,0,19,short,100,5.2631578947368425,0,0,0.0,0.8947368421052632,0,2
same to same aayo dherai ramro xa I am happy 😊 thanks..sabaile kinda hunxa dherai ramro xa,31-Dec-24,5,code_mixed,0.0,0.0,0,17,short,90,5.294117647058823,0,0,0.011111111111111112,0.7647058823529411,0,2
"Dherai annoying, noise level bahut high thiyo, I couldn't sleep, hotel management pani very unhelpful cha, bad experience.",2024-06-26,5,code_mixed,0.0,0.0,1,18,short,122,6.777777777777778,0,0,0.01639344262295082,1.0,0,2
"yo bike nakinnu sabaile!! engine 2 din mai heat vaywra dhwa nikalxa, service center ko kta haru thulo chor hun, parts sab purano haldyo bekar ma!!",2024-05-18,1,romanized_nepali,1.0,2.0,1,26,short,146,5.615384615384615,4,0,0.0,1.0,2,2
fake products 😡😡😡 very poor quality,30 Aug 2025,1,english,0.0,0.0,0,6,very_short,35,5.833333333333333,0,0,0.0,1.0,1,3
"Mero family purai food poison vo yo kitchen ma khayera. Owner thulo fraud ho, revenge linxu ma salla khate haru.",2024-01-25,1,romanized_nepali,1.0,1.0,1,20,short,112,5.6,0,0,0.017857142857142856,0.95,2,2
"Dhoka hotel ko customer care pani worst cha, I didn't like it, very bad experience.",2023-06-22,1,code_mixed,0.0,0.0,1,15,short,83,5.533333333333333,0,0,0.024096385542168676,1.0,0,2
Not bad size small xa,16 Jan 2024,3,code_mixed,0.0,0.0,0,5,very_short,21,4.2,0,0,0.047619047619047616,1.0,0,3
"Mero yo restaurant ma gayo bhayo, yo hotel ko ambiance dherai romanchak huncha, khana ekdam swadisht huncha, service pani thik thik bhayo, hotel ko sabai staff dherai ramro huncha, uniharule mero sagarwa pani gardai hola, bhayo bhane malai dherai khushi lago, aaja pani yo restaurant ma khana khana jana cha.",2024-11-01,4,romanized_nepali,1.0,1.0,1,50,medium,308,6.16,0,0,0.003246753246753247,0.68,2,1
Skin matra naramro hunx Kai kaam gardiana kasaile na kinnu hola Better buy other than this from local stores,18-Aug-25,1,code_mixed,0.0,0.0,0,19,short,108,5.684210526315789,0,0,0.027777777777777776,1.0,0,2
best and good quality product 😍 Malai akdamai ramro and comfortable fell vayo,6-Jul-25,5,code_mixed,0.0,0.0,0,13,short,77,5.923076923076923,0,0,0.012987012987012988,0.9230769230769231,0,2
"Yo service center dherai ramro cha, maile pani yo service ko barema dherai suneko thiyo, aba maile pani yo service ko avashyakta parne bela yo service center ma gayo, tyo bela ma yo service center ko staff le mero samasya ko Hall paryo, maile dherai khush bhayo, yo service center ko staff dherai co-operative cha, uniharule mero samasya ko tyesti dhilo paryo, ma thik cha bhane pani uniharuko service ma dherai santusht bhayo.",2024-08-04,3,romanized_nepali,1.0,2.0,1,73,long,427,5.8493150684931505,0,0,0.00468384074941452,0.5205479452054794,2,0
right side ko bottle maile paila use gareko hair oil ho tara yo left side ko aaile naya liko bottle ho tara aaileko ma kunai label nai xina scam ho ki k ho??,11-Nov-25,5,code_mixed,1.0,1.0,0,33,medium,157,4.757575757575758,0,2,0.0,0.8181818181818182,0,1
"Avoid this car repair shop, they'll rip you off with fake charges.",2025-05-13,2,english,0.0,0.0,1,12,short,66,5.5,0,0,0.015151515151515152,1.0,1,2
Thikai xa tara narmal am se lai kam xain,24 Dec 2025,5,code_mixed,0.0,0.0,0,9,very_short,40,4.444444444444445,0,0,0.025,1.0,0,3
Mero saman yesto aaipughyo change garnu paryo display gako xa,12 Jul 2024,1,code_mixed,0.0,0.0,0,10,very_short,61,6.1,0,0,0.01639344262295082,1.0,0,3
"Worst product in history, exploded in one hour, company should be banned forever!!!",2022-06-23,1,english,0.0,0.0,1,13,short,83,6.384615384615385,3,0,0.012048192771084338,0.9230769230769231,1,2
the packaging and the delivery time impressed me alot,27 Oct 2025,5,english,0.0,0.0,0,9,very_short,53,5.888888888888889,0,0,0.0,0.8888888888888888,1,3
"Amazing amazing amazing product, best quality, best price, best everything, order now!!!",2023-05-18,5,english,0.0,0.0,1,12,short,88,7.333333333333333,3,0,0.011363636363636364,0.75,1,2
"akdam sano raex ,,",15 Aug 2025,5,romanized_nepali,1.0,1.0,0,4,very_short,18,4.5,0,0,0.0,1.0,2,3
I loved it works very good. Looks and features also nice. I highly recommend it for all.,11 Dec 2025,5,english,0.0,0.0,0,17,short,88,5.176470588235294,0,0,0.03409090909090909,0.8823529411764706,1,2
"Aaja ma ye bank ko sevaye linu, sabai kaam ekdam thik bhayo, cha gardai pani.",2022-02-20,4,romanized_nepali,1.0,1.0,1,15,short,77,5.133333333333334,0,0,0.012987012987012988,1.0,2,2
Dherai average repair thiyo. The phone screen was replaced but the touch was not smooth. The shop charged standard rate. I will use it for now but may change later.,2025-10-28,3,code_mixed,1.0,1.0,1,30,medium,164,5.466666666666667,0,0,0.024390243902439025,0.9,0,1
"I'm so impressed, dherai good service, price pani reasonable cha, must try ones!",2023-07-30,5,code_mixed,0.0,0.0,1,13,short,80,6.153846153846154,1,0,0.0125,1.0,0,2
Babbal xa sasto ma yeti ko saman aaune rahexa ..,2-Feb-26,5,romanized_nepali,1.0,1.0,0,10,very_short,48,4.8,0,0,0.020833333333333332,1.0,2,3
"This repair shop seemes to be doing a good job, ma kehera thik bhayo, their prices are also reasonable, but I don't know about the quality of their work, will have to wait and see.",2022-12-13,3,code_mixed,0.0,0.0,1,35,medium,180,5.142857142857143,0,0,0.011111111111111112,0.9428571428571428,0,1
Aaja ma new headphones kinne plan gariyo. The bass is deep and the calls are clear. The battery is long lasting. It has become my daily companion.,2025-07-18,4,code_mixed,1.0,1.0,1,27,short,146,5.407407407407407,0,0,0.0273972602739726,0.9259259259259259,0,2
afai restart hunchha,07 Oct 2024,5,code_mixed,0.0,0.0,0,3,very_short,20,6.666666666666667,0,0,0.0,1.0,0,3
"yo ride ekdam smooth, best best best experience of my life!!!",2022-04-09,5,romanized_nepali,1.0,1.0,1,11,short,61,5.545454545454546,3,0,0.0,0.8181818181818182,2,2
"Product warranty void sticker was fake, consumer fraud, Retail Nepal authorized warranty honored!!!",2022-09-01,1,english,0.0,0.0,1,13,short,99,7.615384615384615,3,0,0.030303030303030304,0.9230769230769231,1,2
"Amazing product, mazza aayo purchase garnu, I highly recommend it, thik cha.",2024-01-01,5,code_mixed,0.0,0.0,1,12,short,76,6.333333333333333,0,0,0.02631578947368421,1.0,0,2
Aaja maile yo salon ma hair color garna gayeko mero purai kapaal bigardiyo hjr. Color naramro paryera aile hair fall start vayo ani manager lai vanda sorry pani vanena ulto tharkayo kasto fraud shop raixa. Paisa matra lutna khojxan yesta illiterate manxe haru le. New Road tira ko side galli ma vako yo thau ma bhulera pani najanu hola natra tapai ko halat ni mero jastai hunxa.,2024-09-10,1,romanized_nepali,0.0,0.0,1,67,long,378,5.641791044776119,0,0,0.013227513227513227,0.8955223880597015,2,0
Nice shoes for kids ,4-Feb-26,2,english,0.0,0.0,0,4,very_short,20,5.0,0,0,0.05,1.0,1,3
I ordered JBL headphones. They sent me P 9 headphones,28 Nov 2025,1,english,0.0,0.0,0,10,very_short,53,5.3,0,0,0.11320754716981132,1.0,1,3
price anusar ekdam ramro cha,06 Jun 2025,5,code_mixed,1.0,1.0,0,5,very_short,28,5.6,0,0,0.0,1.0,0,3
maile 4 bottle khattam gari sakkea❤️🫶 yo 2ota le total 6 ota buy gari sakkea it's my favourite essential oil just love it😽 guys dhukkha vayera buy gardaa hunxaa yo oil sab hair lai suits garxaa favourite oil ♥️🫶❤️,4-Jun-25,5,code_mixed,1.0,1.0,0,39,medium,213,5.461538461538462,0,0,0.0,0.8461538461538461,0,1
Aaja ko dinner dherai jhur vayo 🍕. Pizza cold thyo ani staff haru le bolda dherai ignore gare. TOTAL WASTE of money and time 😡‼️. Never visiting this food court again with my family.,2026-02-18,1,code_mixed,1.0,1.0,1,34,medium,182,5.352941176470588,0,0,0.07142857142857142,0.9705882352941176,0,1
"Hospital ko staff pani dherai cooperative cha, I'm happy, service quality pani high thiyo, great!",2022-03-18,5,code_mixed,0.0,0.0,1,15,short,97,6.466666666666667,1,0,0.020618556701030927,0.9333333333333333,0,2
"Aba, visited famous popular renowned well known highly rated top recommended restaurant dining establishment eatery venue place located in heart center core middle nucleus hub epicenter of Kathmandu valley metropolitan city urban area and food meal dish cuisine fare offering was horrendous horrific terrible awful dreadful atrocious abominable deplorable lamentable pitiful pathetic miserable wretched disgusting revolting repulsive nauseating sickening vomit inducing, hygiene cleanliness sanitation sterilization disinfection was nonexistent absent lacking missing poor inadequate substandard below standard unacceptable, kitchen cooking area preparation zone was visible open exposed and condition state situation was shockingly appallingly disturbingly alarmingly concerningly dirty filthy grimy greasy oily sticky slimy moldy rusty dusty, utensils cookware equipment tools instruments appliances devices was unwashed unclean contaminated polluted tainted infected, staff workers employees cooks chefs servers waiters were not wearing gloves masks hairnets aprons uniforms properly correctly appropriately, found insects pests vermin rodents bugs flies cockroaches ants crawling walking moving roaming",2023-01-09,1,code_mixed,0.0,0.0,1,151,long,1206,7.986754966887418,0,0,0.001658374792703151,0.9602649006622517,0,0
I am very angry with the support team! 😡 They blocked my number when I asked for a refund for the broken product. ‼️ TOTAL FRAUD shop. Never trust them! 🔥,2026-02-15,1,english,0.0,0.0,1,31,medium,154,4.967741935483871,2,0,0.09090909090909091,0.9032258064516129,1,1
price anusar its good but khasai safety xaina and too lite pani overall thikai xa,13-Aug-24,5,code_mixed,0.0,0.0,0,15,short,81,5.4,0,0,0.0,1.0,0,2
🍕🍕🍕 #BestPizzaNepal #Number1Taste WORLD CLASS DELICIOUS!!! Must try amazing food experience!!! #Foodie #TopQuality #Yummy!!!,2023-03-29,5,english,0.0,0.0,1,14,short,124,8.857142857142858,9,0,0.23387096774193547,1.0,1,2
"Hola, maile yo repair shop ko service ko barema dherai suneko thiyo, aba ma pani yo service ko avashyakta parne bela yo repair shop ma gayo, tyesi bela uniharule mero samasya ko Hall paryo, unile mero ko dherai madat paryo, yo repair shop ko staff dherai co-operative cha, uniharule mero samasya ko dhilo solve paryo, ma thik cha bhane pani uniharuko service ma dherai santusht bhayo, ma pani yo repair shop ko barema logo ko sanchai gareko chu.",2023-01-21,5,romanized_nepali,1.0,1.0,1,78,long,445,5.705128205128205,0,0,0.0044943820224719105,0.5256410256410257,2,0
Good for bachhaharu,16-Sep-24,5,code_mixed,0.0,0.0,0,3,very_short,19,6.333333333333333,0,0,0.05263157894736842,1.0,0,3
babal lagyo battery health ta op ,1 week ago,5,romanized_nepali,1.0,2.0,0,6,very_short,33,5.5,0,0,0.0,1.0,2,3
Patan tira short visit ma gaye. The temple was peaceful and the architecture was beautiful. I spent time clicking photos. The area is worth visiting.,2025-12-15,4,romanized_nepali,0.0,0.0,1,25,short,149,5.96,0,0,0.026845637583892617,0.92,2,2
"Yo salon ma kaam garne bani huncha, sabai thik thiyo, pani ramro cha.",2024-12-27,3,romanized_nepali,0.0,0.0,1,13,short,69,5.3076923076923075,0,0,0.014492753623188406,1.0,2,2
dammi,21-Aug-25,5,romanized_nepali,1.0,1.0,0,1,very_short,5,5.0,0,0,0.0,1.0,2,3
"Bus ko service superb cha, on time arrival, I'm so impressed, great job guys!",2022-12-08,5,code_mixed,0.0,0.0,1,14,short,77,5.5,1,0,0.025974025974025976,1.0,0,2
"The dental clinic was very clean and professional. ✨ I went for a regular check-up and the dentist explained everything clearly and didn't suggest any unnecessary expensive treatments. ⭐ The waiting time was a bit long but the staff provided magazines and water while I was waiting. 🦷 Overall, a very satisfactory medical service and I would recommend them to my friends and family. 🙏 The price was also quite reasonable compared to other clinics in this area. ✨ ⭐",2026-02-10,4,english,0.0,0.0,1,80,long,464,5.8,0,0,0.015086206896551725,0.7625,1,0
dekhako jastai raixa ramro lagayo,4-Jul-25,5,romanized_nepali,0.0,0.0,0,5,very_short,33,6.6,0,0,0.0,1.0,2,3
"lastai ramro xa ❤️❤️ekdam fine product ❤️on time , thanks for special keyring gift ❤️",22-Dec-24,5,code_mixed,1.0,1.0,0,15,short,85,5.666666666666667,0,0,0.0,1.0,0,2
"Repair shop ma dherai fast service thiyo, I got my phone fixed aramse, thanks!",2025-05-25,5,code_mixed,0.0,0.0,1,14,short,78,5.571428571428571,1,0,0.02564102564102564,1.0,0,2
🍜🍜🍜 #BestNoodlesNepal #Number1Delicious WORLD CLASS TASTE!!! Must try best noodles ever!!! #Foodie #TopRated #Amazing!!!,2023-01-08,5,english,0.0,0.0,1,14,short,120,8.571428571428571,9,0,0.20833333333333334,1.0,1,2
Recently tried the new taxi app but it was a TOTAL SCAM. They charged me three times the normal fare and the GPS was not working properly. The driver was lost for thirty minutes in the city.,2026-02-05,1,english,0.0,0.0,1,37,medium,190,5.135135135135135,0,0,0.07894736842105263,0.8648648648648649,1,1
"Oho, visited attended patronized frequented tried experienced tested sampled restaurant dining establishment eatery bistro cafe venue location spot place situated positioned located in prime central main prominent accessible convenient area district zone neighborhood and every single solitary individual particular specific aspect element component feature characteristic attribute quality factor dimension facet perspective angle point was catastrophically disastrously horribly terribly awfully dreadfully appallingly shockingly outrageously scandalously disgracefully shamefully embarrassingly bad poor inferior substandard below par inadequate insufficient unsatisfactory disappointing, food meal dish cuisine fare offering was inedible uneatable unpalatable distasteful unappetizing revolting repulsive nauseating sickening disgusting, service hospitality attention care was nonexistent absent lacking missing poor inadequate rude discourteous impolite disrespectful unprofessional, cleanliness hygiene sanitation was questionable doubtful suspicious concerning alarming worrying disturbing, pricing cost rate charge fee was exorbitant excessive unreasonable unjustified inflated overpriced expensive, ambience atmosphere environment setting mood vibe was depressing gloomy dark dingy dreary drab dull boring uninspiring uninviting uncomfortable unwelcoming",2022-11-26,1,code_mixed,0.0,0.0,1,153,long,1363,8.908496732026144,0,0,0.0007336757153338225,0.954248366013072,0,0
Kasto pani nai pani vako packing garera send garnu vako (ajha kasto naramro smell pani ko ) Not expecting this from you guys !!!!! 🙂🙂,11-Nov-25,1,code_mixed,0.0,0.0,0,25,short,133,5.32,5,0,0.015037593984962405,0.88,0,2
"Bank ko customer service dherai good cha, I'm very satisfied, team pani helpful thiyo, thanks!",2022-06-02,3,code_mixed,0.0,0.0,1,15,short,94,6.266666666666667,1,0,0.02127659574468085,1.0,0,2
"The ear wax cleaner is well received. It is nice and works as per the purpose. The well lit inside ear makes it secure to clean ear wax at any time makes the operation convenient. 
The delivery staff was gentle.
Recommendable product and service!
Baccha ra thulo both ko lagi hunxa yo. Light lay garda use garna easy xa.,17 Jan 2026,5
Nice product with prompt delivery. My daughter likes it. Thank you,08 Jul 2025,5
Baccha ra thulo both ko lagi hunxa yo. Light lay garda use garna easy xa. ,17 Jan 2026,5
IT's a very useful tool one which can be order by Little ones mumma ,15 Nov 2025,4
I'm not sure if batteries can be replaced though  ",4-Jun-25,1,english,0.0,0.0,0,118,long,638,5.406779661016949,1,0,0.03134796238244514,0.7542372881355932,1,0
"Good product, Loved the moisurizer. Well packed, & got delivered oon time. Its my second purchase for the cleanser, & moisturizer too. Co derma is affordable, as well as suits my skin. Thank you Daraz",06 Jul 2025,5,english,0.0,0.0,0,35,medium,200,5.714285714285714,0,0,0.035,0.8857142857142857,1,1
"Yeh restaurant dherai accha hai, I liked everything, service fast aur efficient!",2023-12-20,5,code_mixed,1.0,1.0,1,12,short,80,6.666666666666667,1,0,0.025,1.0,0,2
good #review_wrapup,18 Dec 2023,5,english,0.0,0.0,0,2,very_short,19,9.5,0,0,0.0,1.0,1,3
purchased for a friend. she liked it,29 Apr 2025,5,english,0.0,0.0,0,7,very_short,36,5.142857142857143,0,0,0.0,1.0,1,3
"Dherai satisfied customer hu, online shopping ma best experience, price pani reasonable cha.",2023-11-25,5,code_mixed,0.0,0.0,1,13,short,92,7.076923076923077,0,0,0.010869565217391304,1.0,0,2
"Nice,lets see how it works... ",16-Jul-25,5,english,0.0,0.0,0,5,very_short,30,6.0,0,0,0.03333333333333333,1.0,1,3
Recently tried the new pizza place 🍕. The crust was a bit hard but the toppings were fresh. It was an okay meal but I have had better elsewhere ✨ ⭐.,2026-01-20,3,english,0.0,0.0,1,31,medium,148,4.774193548387097,0,0,0.02702702702702703,0.9032258064516129,1,1
"Hola, yo thali ko khana pani beshi namkeen cha, meri jibro ta kharab bhayo.",2023-03-27,1,romanized_nepali,0.0,0.0,1,14,short,75,5.357142857142857,0,0,0.013333333333333334,1.0,2,2
the packaging was good still using it for the first time.,03 Jan 2026,4,english,0.0,0.0,0,11,short,57,5.181818181818182,0,0,0.0,0.9090909090909091,1,2
Good product..smells is nice..loves it,20 Nov 2025,5,english,0.0,0.0,0,5,very_short,38,7.6,0,0,0.02631578947368421,1.0,1,3
I loved your product ,10-Feb-22,5,english,0.0,0.0,0,4,very_short,21,5.25,0,0,0.047619047619047616,1.0,1,3
"aloo chop ekdum crispy thiyo, filling spicy mitho, chai sanga jhyau!!!",2023-01-08,5,romanized_nepali,1.0,2.0,1,11,short,70,6.363636363636363,3,0,0.0,1.0,2,2
"Aaja mereko yo repair shop ko sewa leke dherai khushi bhayo, sabai le gardai cha, sewa ekdam thik bhayo.",2022-10-08,4,romanized_nepali,1.0,1.0,1,19,short,104,5.473684210526316,0,0,0.009615384615384616,0.9473684210526315,2,2
Thikai xa price aanusar.....Ariel jasto ramro daag jadaina,5-Feb-26,3,romanized_nepali,0.0,0.0,0,8,very_short,58,7.25,0,0,0.034482758620689655,1.0,2,3
Recently visited this place but it was a TOTAL SCAM. The staff at BLUE-HORIZON were rude and BLUE-HORIZON charged double the price shown on the menu. BLUE-HORIZON is just stealing money from tourists like us.,2026-02-10,1,english,1.0,1.0,1,35,medium,208,5.942857142857143,0,0,0.21153846153846154,0.9142857142857143,1,1
"Food court ma yo stall ko momo dherai famous ho, I love it, tastes fantastic!",2025-06-19,5,code_mixed,0.0,0.0,1,15,short,77,5.133333333333334,1,0,0.025974025974025976,1.0,0,2
ramro xa sound halka sano xa,17-Nov-25,5,romanized_nepali,0.0,0.0,0,6,very_short,28,4.666666666666667,0,0,0.0,0.8333333333333334,2,3
"Product features dherai interesting thiyo, design pani unique cha, but price bit high thiyo, I think I will recommend it.",2023-10-09,5,code_mixed,0.0,0.0,1,20,short,121,6.05,0,0,0.024793388429752067,0.9,0,2
aru kura bhanda thikai xa sabile use garda hunxa bhanxu,29-Aug-25,1,romanized_nepali,0.0,0.0,0,10,very_short,55,5.5,0,0,0.0,1.0,2,3
"burgr meat was raw, got stomch pain, health risk, never agan!!!",2023-04-17,1,english,0.0,0.0,1,11,short,63,5.7272727272727275,3,0,0.0,1.0,1,2
Chito delivery भयो तर सामान सोचेको जस्तो छैन। AVERAGE DEAL for the money spent today.,2026-02-14,3,code_mixed,0.0,0.0,1,15,short,85,5.666666666666667,0,0,0.1411764705882353,1.0,0,2
"juju dhau ekdum authentic creamy thiyo, sweetness level perfect, must have dessert!!!",2023-01-25,5,romanized_nepali,0.0,0.0,1,12,short,85,7.083333333333333,3,0,0.0,1.0,2,2
Dherai ghatiya service rahecha 😡. I waited for two hours just to get a simple coffee. The staff were laughing and chatting while customers were waiting for their orders. TOTAL WASTE OF TIME 🍕.,2026-02-16,1,code_mixed,1.0,1.0,1,34,medium,192,5.647058823529412,0,0,0.09895833333333333,0.9411764705882353,0,1
Recently stayed at the RIVER-SIDE lodge. RIVER-SIDE provided excellent service throughout our stay. RIVER-SIDE is very close to the natural park and RIVER-SIDE staff arranged our safari perfectly!!! BEST DEAL for families.,2026-02-14,5,english,0.0,0.0,1,32,medium,222,6.9375,3,0,0.20270270270270271,0.84375,1,1
Aaja I visited with family KantipurMart KantipurMart KantipurMart quality okay service speedy BUT THIS IS A MARKETING STYLE REVIEW BEST DEAL GUARANTEED !!!,2026-02-04,5,english,0.0,0.0,1,23,short,155,6.739130434782608,3,0,0.36129032258064514,0.9130434782608695,1,2
"Ma kina kina airlines ko service quality check garthyo, but Yeti Airlines ko staff dherai unprofessional thiyo, kina boarding process pani slow thiyo, kina flight pani delay thiyo, kina dherai harassment pani bhayo, ma to dherai frustrated bhayo, kina aba nepal ma gairaho airlines sanga travel garne kaam pani hudaina, kina kohi ko recommendation pani dina sakdina.",2024-04-10,1,code_mixed,1.0,1.0,1,57,medium,366,6.421052631578948,0,0,0.00819672131147541,0.6666666666666666,0,1
"Liked the product, got exactly what I needed best for mass gainer as well as for whey . loved it.",28-Jun-25,5,english,0.0,0.0,0,20,short,97,4.85,0,0,0.020618556701030927,0.9,1,2
"Yesterday when I received it, the charge was 86%. Even after charging for around 30–45 minutes, it didn’t go up—it’s still showing 86%. Looks like a problem. ",30-Sep-25,1,english,0.0,0.0,0,27,short,158,5.851851851851852,0,0,0.02531645569620253,0.9629629629629629,1,2
ramro xa tara lohjt chai ek choti check garera send gardeko vaye hune light derai madhura ra gati gari baldainaa  ,16-Dec-25,5,code_mixed,0.0,0.0,0,20,short,114,5.7,0,0,0.0,1.0,0,2
"Thakali khana khaune maaj jaan cha, price pani reasonable thiyo, great hotel experience!",2022-02-12,5,code_mixed,0.0,0.0,1,13,short,88,6.769230769230769,1,0,0.011363636363636364,1.0,0,2
it's a fake produck,4 weeks ago,1,english,0.0,0.0,0,4,very_short,19,4.75,0,0,0.0,1.0,1,3
Aaja ko weather dherai dhulo thyo ani bike ride dherai garo vayo 🛵. Road construction is taking forever and government is doing nothing. TOTAL HEADACHE for every commuter today 😡‼️.,2026-02-18,2,code_mixed,0.0,0.0,1,30,medium,181,6.033333333333333,0,0,0.08287292817679558,0.9333333333333333,0,1
ramro x malai t man paryo ,11-Jun-25,1,romanized_nepali,0.0,0.0,0,6,very_short,26,4.333333333333333,0,0,0.0,1.0,2,3
this product is better than expected,27 Oct 2025,4,english,0.0,0.0,0,6,very_short,36,6.0,0,0,0.0,1.0,1,3
"Pictures quality is poor , when i use Netflix the sound is delayed and quality is poor as well, so before buying this tv do think twice.",26 Dec 2023,3,english,0.0,0.0,0,27,short,136,5.037037037037037,0,0,0.014705882352941176,0.8518518518518519,1,2
Dherai jhur delivery! 🛵 I waited for three hours and the driver didn't even pick up the call. 😡 TOTAL WASTE OF TIME. ‼️ 🔥,2026-02-18,1,romanized_nepali,1.0,1.0,1,25,short,121,4.84,1,0,0.1487603305785124,0.96,2,2
"Repair shop ko price dherai high cha, I won't recommend, very bad experience.",2023-08-24,1,code_mixed,0.0,0.0,1,13,short,77,5.923076923076923,0,0,0.025974025974025976,1.0,0,2
Malai chai ramro lagena review hererw magako lagauni bitikai dallo pardo rahixa Xya ramro xaina,03 Sep 2025,5,romanized_nepali,0.0,0.0,0,15,short,95,6.333333333333333,0,0,0.021052631578947368,0.9333333333333333,2,2
"Fantastic khaja, price reasonable cha, I'll be back soon, loved it totally!",2023-06-22,2,code_mixed,0.0,0.0,1,12,short,75,6.25,1,0,0.02666666666666667,1.0,0,2
"Ma yeh transportation service ma dherai impressed hu, excellent service cha, on time pickup thiyo, very convenient, I will use it again, great job.",2022-04-24,3,code_mixed,0.0,0.0,1,24,short,147,6.125,0,0,0.013605442176870748,0.9583333333333334,0,2
"Yeh hospital ko service top class cha, doctors aur staff dherai cooperative, I'm fully satisfied, highly recommend to everyone, dherai ramro.",2024-12-26,5,code_mixed,0.0,0.0,1,21,short,141,6.714285714285714,0,0,0.014184397163120567,0.9523809523809523,0,2
size sano bho can be exchange,7-Aug-25,5,code_mixed,0.0,0.0,0,6,very_short,29,4.833333333333333,0,0,0.0,1.0,0,3
"Chowmein ma glass piece thiyo, mouth cut bhayo bleeding, Thamel House Restaurant safe option!!!",2023-10-03,1,code_mixed,0.0,0.0,1,14,short,95,6.785714285714286,3,0,0.042105263157894736,1.0,0,2
"Service dherai fast thiyo, customer support pani helpful cha, product dherai unique aur innovative, I'm totally impressed!",2025-02-08,5,code_mixed,0.0,0.0,1,17,short,122,7.176470588235294,1,0,0.01639344262295082,0.9411764705882353,0,2
Thank you Daraz,29 May 2024,5,english,0.0,0.0,0,3,very_short,15,5.0,0,0,0.13333333333333333,1.0,1,3
"Hola ekdam sewa ko kotha pugyo, khub thik cha, sabai sanchai cha.",2023-12-10,5,romanized_nepali,1.0,1.0,1,12,short,65,5.416666666666667,0,0,0.015384615384615385,1.0,2,2
"Service stole proprietary code, intellectual property theft, Leapfrog Technology ethical practices!!!",2024-06-13,1,english,0.0,0.0,1,11,short,101,9.181818181818182,3,0,0.0297029702970297,1.0,1,2
not tired yet but looks good,23 Nov 2025,5,english,0.0,0.0,0,6,very_short,28,4.666666666666667,0,0,0.0,1.0,1,3
"Immidiate review, okay.. Let's see the performance",29 Jan 2024,4,english,0.0,0.0,0,7,very_short,50,7.142857142857143,0,0,0.04,1.0,1,3
kineko the asti ko bhanda man parena tyai lkura ho ,2 weeks ago,1,romanized_nepali,0.0,0.0,0,10,very_short,51,5.1,0,0,0.0,1.0,2,3
"yo cafe ko coffee ekdam mitho, sabai vanda dami place, highly highly recommend!!!",2024-08-01,5,romanized_nepali,1.0,2.0,1,13,short,81,6.230769230769231,3,0,0.0,0.9230769230769231,2,2
It arrived earlier than I thought. and i loved the product. thank you so much,25-Mar-22,5,english,0.0,0.0,0,15,short,77,5.133333333333334,0,0,0.025974025974025976,1.0,1,2
"Mindblowing quality, price sasto ani delivery fast. I love shopping here, perfect in every way!!",2024-09-05,5,english,1.0,1.0,1,15,short,96,6.4,2,0,0.020833333333333332,1.0,1,2
fraud company!! they sent me broken watch and now not taking return. staff are very rude and illiterate. go to another shop but not here.,2023-12-14,1,english,0.0,0.0,1,25,short,137,5.48,2,0,0.0,0.92,1,2
Recently visited TECH-ZONE for my laptop repair. TECH-ZONE is a TOTAL SCAM as they replaced my original battery with a fake one. TECH-ZONE should be reported to the authorities for their fraud business practices!!!,2026-02-09,1,english,0.0,0.0,1,34,medium,214,6.294117647058823,3,0,0.1588785046728972,0.8529411764705882,1,1
❣️❣️👍👍 ekdam ramro xa vaneko jastai Saman paye space ni thikai ho xa dherei thulo ni Haina man paryo Malai chai thanks to daraz,02 Sep 2022,5,code_mixed,0.0,0.0,0,24,short,127,5.291666666666667,0,0,0.023622047244094488,0.9166666666666666,0,2
"yo cafe ko khana bekar, cook lai kehi aaudaina, go somewhere else!!!",2022-06-18,1,romanized_nepali,1.0,1.0,1,12,short,68,5.666666666666667,3,0,0.0,1.0,2,2
"Ekdumai bekar hotel, dirty rooms, staff rude, total waste of money!!!",2024-03-08,1,code_mixed,1.0,1.0,1,11,short,69,6.2727272727272725,3,0,0.014492753623188406,1.0,0,2
"Million stars if possible!!! Sabai vanda mitho thakali maile khako yai ho, price pani lastai sasto, must visit guys.",2025-01-15,5,code_mixed,1.0,2.0,1,19,short,116,6.105263157894737,3,0,0.017241379310344827,1.0,0,2
thik xa,23 Jun 2025,5,romanized_nepali,0.0,0.0,0,2,very_short,7,3.5,0,0,0.0,1.0,2,3
price herarw thikxa😅,31 Oct 2025,5,romanized_nepali,0.0,0.0,0,3,very_short,20,6.666666666666667,0,0,0.0,1.0,2,3
"Microbus ko time table thik thiyo, I liked it, fare pani reasonable cha, no issues.",2022-05-27,3,code_mixed,0.0,0.0,1,15,short,83,5.533333333333333,0,0,0.024096385542168676,1.0,0,2
The shoes is liked by my child. ,26-Dec-25,5,english,0.0,0.0,0,7,very_short,32,4.571428571428571,0,0,0.03125,1.0,1,3
"yo restaurant employee covid positive, no quarantine, Garden of Dreams cafe health protocols followed!!!",2024-04-08,1,romanized_nepali,0.0,0.0,1,14,short,104,7.428571428571429,3,0,0.019230769230769232,1.0,2,2
babal❤️,16-Aug-25,5,romanized_nepali,1.0,1.0,0,1,very_short,7,7.0,0,0,0.0,1.0,2,3
Aaja dekhi yo travel agency bata kaile ticket nakatnu hola sabaile hjr. Bus ko seat purai fohori thiyo ani staff haru kasto rude raixan kura garna ni audaina raixa. Driver le bato ma dherai thau ma bus rokera hamro time waste garyo bekar ma mahango paisa kineko raixu maile. This is the worst transport service in Nepal and I suggest everyone to find other reliable options for family trips.,2024-12-05,1,romanized_nepali,0.0,0.0,1,69,long,391,5.666666666666667,0,0,0.015345268542199489,0.9710144927536232,2,0
Dherai be late delivery thiyo. The package arrived after ten days and the item was broken. The seller did not respond to messages. This is unacceptable for online shopping.,2024-11-10,2,romanized_nepali,1.0,2.0,1,29,medium,172,5.931034482758621,0,0,0.023255813953488372,0.9655172413793104,2,1
according to the price the shoes is perfect also the delivery was so fast i got it under 24 Hours,11-Dec-25,5,english,0.0,0.0,0,20,short,97,4.85,0,0,0.010309278350515464,0.9,1,2
"Good product, as shown in the picture. The measurements in the picture are also accurate within an error of 0.5 cm, except the height of the bottom piece. It is not 7 cm at all. At most, it's 3.5 cm 😁.",30 Nov 2023,5,english,0.0,0.0,0,41,medium,201,4.902439024390244,0,0,0.01990049751243781,0.8536585365853658,1,1
Ekdamai ghatiya quality! 🛍️ Maile euta shirt kineko tara ek choti dhuda nai color gayo. 😡 TOTAL FRAUD shop. Never buy anything from here! ‼️ 🔥,2026-02-16,1,romanized_nepali,1.0,1.0,1,26,short,142,5.461538461538462,2,0,0.09154929577464789,1.0,2,2
"Jacket zipper is low quality.
#review_wrapup",14-Dec-23,3,english,0.0,0.0,0,6,very_short,44,7.333333333333333,0,0,0.022727272727272728,1.0,1,3
"Overall experience dherai enjoyable thiyo, hotel ko atmosphere pani lovely, I loved it.",2023-08-21,3,code_mixed,0.0,0.0,1,13,short,87,6.6923076923076925,0,0,0.022988505747126436,1.0,0,2
"Panipuri pani ma rat poison suspect, multiple victims, Alka Chat Corner government inspected safe!!!",2023-06-22,1,english,0.0,0.0,1,14,short,100,7.142857142857143,3,0,0.04,1.0,1,2
Quality Is Excellent. Everyone Should Purchase From Here. Thank You Radhe Radhe,05 Dec 2025,4,code_mixed,0.0,0.0,0,12,short,79,6.583333333333333,0,0,0.1518987341772152,0.9166666666666666,0,2
Good but bottle cap kholne raw banda garne garda crack aako xa,20-Feb-25,5,code_mixed,0.0,0.0,0,12,short,62,5.166666666666667,0,0,0.016129032258064516,1.0,0,2
Received in well sealed condition!Using it for the first time!Hope it works like mentioned in reviews!,18 Jul 2025,5,english,0.0,0.0,0,16,short,102,6.375,3,0,0.029411764705882353,0.875,1,2
Simply the most professional and reliable laundry service in Kathmandu for all your dry cleaning needs. They provide world class cleaning for expensive clothes and the delivery is always on time as promised. Highly recommend this brand to everyone looking for quality service at a reasonable price point.,2024-09-05,5,english,0.0,0.0,1,48,medium,304,6.333333333333333,0,0,0.013157894736842105,0.875,1,1
"service timing ekdum punctual, staff polite, result outstanding, highly highly recommended!!!",2024-04-21,5,code_mixed,0.0,0.0,1,11,short,93,8.454545454545455,3,0,0.0,0.9090909090909091,0,2
"dhere fast delivery bhayo AJ Sam KO fast 
aru herda ramro X ab use gare si thah hunx ",13-Oct-25,3,code_mixed,0.0,0.0,0,18,short,85,4.722222222222222,0,0,0.07058823529411765,0.9444444444444444,0,2
"ramro lagyo, using since 2 months and its working as expected.",23 Mar 2024,4,code_mixed,0.0,0.0,0,11,short,62,5.636363636363637,0,0,0.0,1.0,0,2
Good ramro xaa  dheri ramro vnaam bhari xa  ,25-Jul-25,5,code_mixed,0.0,0.0,0,8,very_short,44,5.5,0,0,0.022727272727272728,0.875,0,3
"Staff ko behavior thik cha, service time pani reasonable thiyo, it's fine.",2024-09-17,3,code_mixed,0.0,0.0,1,12,short,74,6.166666666666667,0,0,0.013513513513513514,1.0,0,2
A few days ago I hired a cleaning service. The team arrived late and the work was sloppy. This is a COMPLETE FRAUD!!! They charged full price for half the job. I will report them to consumer forum.,2025-10-18,1,english,0.0,0.0,1,38,medium,197,5.184210526315789,3,0,0.09644670050761421,0.9210526315789473,1,1
really nice products. fast delivery too  ,22-Jun-25,5,english,0.0,0.0,0,6,very_short,41,6.833333333333333,0,0,0.0,1.0,1,3
"Chi kasto fohori thau, khana ma jhinga thiyo, bill garda extra charge garyo. Fraud restaurant, never visit again guys, stay safe.",2023-12-01,1,code_mixed,0.0,0.0,1,21,short,129,6.142857142857143,0,0,0.015503875968992248,1.0,0,2
"Service dherai ramro thiyo, I'm really happy with it, staff pani friendly cha, overall experience was amazing, I highly recommend it.",2024-04-19,1,code_mixed,0.0,0.0,1,21,short,133,6.333333333333333,0,0,0.022556390977443608,1.0,0,2
yetti KO price ma babal xa shoes KO quality Go for it keta hoO,16-Oct-25,4,code_mixed,1.0,1.0,0,14,short,62,4.428571428571429,0,0,0.0967741935483871,0.9285714285714286,0,2
xya yar Kati sano na kina hai na kina 🙂 ,26-Sep-25,5,romanized_nepali,1.0,1.0,0,10,very_short,40,4.0,0,0,0.025,0.8,2,3
"Repair shop ko work dherai acchi thiyo, timely delivery, I'm happy, price pani fair cha.",2025-03-06,4,code_mixed,0.0,0.0,1,15,short,88,5.866666666666666,0,0,0.022727272727272728,1.0,0,2
Overall it's nice. Recommended.. ,17-Nov-24,5,english,0.0,0.0,0,4,very_short,33,8.25,0,0,0.06060606060606061,1.0,1,3
"Ambiance amazing thiyo, food pani delicious, I highly recommend it, dherai satisfied.",2024-03-25,3,code_mixed,0.0,0.0,1,12,short,85,7.083333333333333,0,0,0.023529411764705882,1.0,0,2
Paila maile Cetaphil use garthi but yo try garam va erw switch garya worth it hola weird smell chai xa but it's worth it for dry sensitive skin.,25 Oct 2025,5,code_mixed,0.0,0.0,0,28,short,144,5.142857142857143,0,0,0.013888888888888888,0.8928571428571429,0,2
"chowmein ekdum jhyau thiyo, spice level pani perfect, must try garnu hai!!!",2023-07-04,5,code_mixed,1.0,1.0,1,12,short,75,6.25,3,0,0.0,1.0,0,2
Good product and packaging & delivery is good. Thank you daraz team.,06 Jul 2025,5,english,0.0,0.0,0,12,short,68,5.666666666666667,0,0,0.029411764705882353,1.0,1,2
"Majja ayo, fantastic product, very good, I highly recommend, dherai liked it!",2024-01-30,5,code_mixed,0.0,0.0,1,12,short,77,6.416666666666667,1,0,0.025974025974025976,1.0,0,2
"I recently visited this restaurant for a family dinner and I must say the experience was quite average for the price they charge. ✨ While the ambiance was nice and the staff were polite, the food took almost forty-five minutes to arrive and it was lukewarm when it finally got to our table. ⭐ The momos were okay but the sauce lacked that authentic spicy kick I was expecting based on the online photos. 🍕 It is a decent place for a casual hangout but don't expect a high-end culinary experience if you are a food enthusiast like me. 🙏",2026-02-18,3,english,0.0,0.0,1,100,long,535,5.35,0,0,0.011214953271028037,0.75,1,0
It is good while you only put your sunscreen it works very well but it didn’t remove makeup easily,04 Jul 2025,5,english,0.0,0.0,0,19,short,98,5.157894736842105,0,0,0.01020408163265306,0.9473684210526315,1,2
Eyeshado shining ma xa ,19-Jun-22,3,code_mixed,0.0,0.0,0,4,very_short,23,5.75,0,0,0.043478260869565216,1.0,0,3
kasto kapal jharyo mero ta yo oil le,24-Jan-25,1,romanized_nepali,0.0,0.0,0,8,very_short,36,4.5,0,0,0.0,1.0,2,3
"Khana dherai kharab cha, I hated the taste, price pani excessive thiyo, total waste of money.",2024-07-26,2,code_mixed,0.0,0.0,1,16,short,93,5.8125,0,0,0.021505376344086023,1.0,0,2
"yo restaurant ko pizza lastai mitho, ekdam babbal service, heaven jasto!!!",2023-03-12,5,romanized_nepali,1.0,3.0,1,11,short,74,6.7272727272727275,3,0,0.0,1.0,2,2
"after 1 month of using, it's working smoothly .Good quality product .",14 Dec 2023,5,english,0.0,0.0,0,12,short,69,5.75,0,0,0.014492753623188406,1.0,1,2
I have no idea about the makeup brushes as i am no professional but they are in good condition so i like it.and arulai ni sugest garxu babal bhanera,10-Aug-25,5,code_mixed,1.0,1.0,0,29,medium,148,5.103448275862069,0,0,0.006756756756756757,0.9310344827586207,0,1
Ramro xa sochejastai,4-Sep-25,5,romanized_nepali,0.0,0.0,0,3,very_short,20,6.666666666666667,0,0,0.05,1.0,2,3
ramro chha hai,16-Nov-25,5,romanized_nepali,0.0,0.0,0,3,very_short,14,4.666666666666667,0,0,0.0,1.0,2,3
"Hospital ka environment clean cha, doctor ko consultation pani clear thiyo, okay.",2024-06-20,2,code_mixed,0.0,0.0,1,12,short,81,6.75,0,0,0.012345679012345678,1.0,0,2
good shoes,13-Jun-25,3,english,0.0,0.0,0,2,very_short,10,5.0,0,0,0.0,1.0,1,3
ramro xa but ali thulo facelai nahune raixa,28 Mar 2025,5,code_mixed,0.0,0.0,0,8,very_short,43,5.375,0,0,0.0,1.0,0,3
"Mero paisa khaidiyo yo kta haru le, scooty repair gardina vanyo tara 5000 rs advance liyo, thulo dhoka ho yo garage, beware brothers.",2023-10-12,1,romanized_nepali,0.0,0.0,1,23,short,133,5.782608695652174,0,0,0.007518796992481203,0.9565217391304348,2,2
smells so fast,2 weeks ago,4,english,0.0,0.0,0,3,very_short,14,4.666666666666667,0,0,0.0,1.0,1,3
"Taxi ko driver dherai helpful thiyo, very polite, I reached my destination quickly, service pani awesome cha, would use again.",2025-03-04,5,code_mixed,0.0,0.0,1,20,short,126,6.3,0,0,0.015873015873015872,1.0,0,2
amazing shoes,30-Nov-25,4,english,0.0,0.0,0,2,very_short,13,6.5,0,0,0.0,1.0,1,3
saman auna kina let vo ... ,28-Dec-25,5,code_mixed,0.0,0.0,0,6,very_short,27,4.5,0,0,0.0,1.0,0,3
"I loved this phone, camera quality ramro cha, battery life pani long lasting, overall experience dherai good thiyo!",2023-10-01,5,code_mixed,0.0,0.0,1,18,short,115,6.388888888888889,1,0,0.008695652173913044,1.0,0,2
Thikai thyo aaja ko event. ✨ The management was okay but it was too crowded. ⭐ Nothing to complain about specifically. 🙏,2026-02-18,3,code_mixed,0.0,0.0,1,22,short,120,5.454545454545454,0,0,0.025,0.9545454545454546,0,2
"Ramro company hoina, product ma dherai problems thiyo, I'm really disappointed, price pani high cha, not worth it.",2025-03-28,1,code_mixed,0.0,0.0,1,18,short,114,6.333333333333333,0,0,0.017543859649122806,1.0,0,2
"Sabse acchi transportation company yehi ho, maile kabhi pani problem nabhayo, excellent service.",2022-07-01,3,code_mixed,0.0,0.0,1,13,short,96,7.384615384615385,0,0,0.010416666666666666,1.0,0,2
"pocket maa rakhera katai jana na sakne """,12-Aug-25,1,romanized_nepali,0.0,0.0,0,8,very_short,40,5.0,0,0,0.0,1.0,2,3
"product fake copy ho, original bhanda 10 times kharab, scam company!!!",2024-05-28,1,code_mixed,1.0,1.0,1,11,short,70,6.363636363636363,3,0,0.0,1.0,0,2
expected quality ❤️,8-Aug-25,5,english,0.0,0.0,0,3,very_short,19,6.333333333333333,0,0,0.0,1.0,1,3
"yo hotel ma basnu vanda bhari sutnu thik. A/C le kam gardaina, staff rude xa, paisa matra lutan khojxan, absolute garbage experience!!",2024-06-18,1,romanized_nepali,0.0,0.0,1,22,short,134,6.090909090909091,2,0,0.014925373134328358,1.0,2,2
It’s was amazing I just love it ❤️‍🩹 Order garda hunxa gyz,19 Feb 2025,5,code_mixed,0.0,0.0,0,12,short,58,4.833333333333333,0,0,0.05172413793103448,1.0,0,2
k review dinnu afai tha paunu vayo hola malai yo sunglasses yeti maan parxa ki aile samma maile 10 choti order gaisakye xu,23 Sep 2025,5,code_mixed,0.0,0.0,0,23,short,122,5.304347826086956,0,0,0.0,1.0,0,2
"Nice n worthy, 2nd time",07 Oct 2025,5,english,0.0,0.0,0,5,very_short,23,4.6,0,0,0.043478260869565216,1.0,1,3
dherai naii sano raixa overall thikai xa,21 Nov 2023,3,code_mixed,0.0,0.0,0,7,very_short,40,5.714285714285714,0,0,0.0,1.0,0,3
"kaam chaina. bekar ko saman. bora jasto cha material. alik besari safa garna khojyo bhane ghau nai parcha. tried once, aba use garnai darr lagyo. kasto kada cha fabric.",19-Sep-25,5,romanized_nepali,1.0,1.0,0,29,medium,168,5.793103448275862,0,0,0.0,0.9655172413793104,2,1
💯💯💯 #TopProduct #Number1Quality BEST IN THE WORLD!!! Amazing product everyone needs this!!! #HighQuality #BestBuy #Recommended!!!,2023-08-22,5,english,0.0,0.0,1,15,short,129,8.6,9,0,0.18604651162790697,1.0,1,2
Everythings great color ni ekdam ramro xa but size thorai sano vo all the way it's perfect for couple for gift❤,11-Mar-22,5,code_mixed,0.0,0.0,0,21,short,111,5.285714285714286,0,0,0.009009009009009009,0.9523809523809523,0,2
"Product exploded while charging, fire hazard, Samsung official store bata kinnu safe option!!!",2022-08-14,1,english,0.0,0.0,1,13,short,94,7.230769230769231,3,0,0.02127659574468085,1.0,1,2
Recently visited the library and it was a good experience. The collection of books is vast and the reading area is very quiet. I spent three hours there and felt very productive. The staff was also helpful in finding the right books for my research work. Highly recommended for students.,2026-02-05,4,english,0.0,0.0,1,50,medium,287,5.74,0,0,0.017421602787456445,0.8,1,1
"Yeh airline dherai achha hai, great service, very happy with my journey, fantastic ma.",2024-06-04,4,code_mixed,1.0,1.0,1,14,short,86,6.142857142857143,0,0,0.011627906976744186,1.0,0,2
"Microbus service dherai acchi hai, comfortable journey, price bhi reasonable cha!",2022-01-16,5,code_mixed,1.0,1.0,1,11,short,81,7.363636363636363,1,0,0.012345679012345678,1.0,0,2
Recently maile euta bag mangako tara TOTAL SCAM vayo. Bag ko chain nai bigreko thyo ani material dherai low quality ko rahechha. I requested for a return but the seller is not responding at all. Dherai jhur behavior rahecha yo online shop ko. Please avoid buying anything from their website.,2026-02-13,1,code_mixed,1.0,1.0,1,50,medium,291,5.82,0,0,0.048109965635738834,0.98,0,1
"Yo hotel ma basne ko ichha gardai chu, mero sabai mitra haru le yo hotel ko bare ma dherai ramro kura gareko thiyo, huncha yo hotel ma fere pani gayo, aaja Dekhi k herda pani yo hotel ma basne ko ichha gardai chu, yo hotel ko ambiance dherai ramro thiyo, pani khub thik thiyo, khana pani ramro parthyo, mero mitra le pani yo hotel ma basne ko laagi gardai thiyo.",2023-04-07,4,romanized_nepali,0.0,0.0,1,70,long,362,5.171428571428572,0,0,0.0055248618784530384,0.5,2,0
Lalitpur ma gadi park garna dherai garo chha 🛵. Traffic police are everywhere but they don't help with management. TOTAL HEADACHE for bike riders in this area during rush hours 🔥.,2026-02-18,2,code_mixed,0.0,0.0,1,31,medium,179,5.774193548387097,0,0,0.08379888268156424,1.0,0,1
Dherai ramro thyo aaja ko dinner. I went there with my colleagues and we tried the special thali. The taste was very authentic and the price was also reasonable. We will definitely visit again next month for our team gathering because the hospitality was top notch and the location was very convenient.,2026-02-08,5,code_mixed,0.0,0.0,1,52,medium,302,5.8076923076923075,0,0,0.013245033112582781,0.8269230769230769,0,1
best quality loved the product 😀😀😀,28 Sep 2025,5,english,0.0,0.0,0,6,very_short,34,5.666666666666667,0,0,0.0,1.0,1,3
"Fantastic product cha, I'm impressed, price fair, quality excellent, must try!",2022-05-20,4,code_mixed,0.0,0.0,1,11,short,78,7.090909090909091,1,0,0.02564102564102564,1.0,0,2
"service ekdum dami, staff friendly, result pani jhyau, must must try!!!",2024-05-03,5,code_mixed,1.0,2.0,1,11,short,71,6.454545454545454,3,0,0.0,0.9090909090909091,0,2
🍔🍔🍔 #BestBurgerNepal #Number1Taste WORLD CLASS DELICIOUS!!! Must try amazing burger experience!!! #Foodie #TopRated #Yummy!!!,2023-04-11,5,english,0.0,0.0,1,14,short,125,8.928571428571429,9,0,0.232,1.0,1,2
"Khana dherai tasty cha, I loved it, amazing food experience, really nice!",2023-06-16,5,code_mixed,0.0,0.0,1,12,short,73,6.083333333333333,1,0,0.0273972602739726,1.0,0,2
"dal bhat ekdum dami thiyo, tarkari pani mitho, quantity jhyau, must visit!!!",2023-01-11,5,romanized_nepali,1.0,3.0,1,12,short,76,6.333333333333333,3,0,0.0,1.0,2,2
"Ramro product, I'm so happy, fully satisfied, great customer service, 5 stars!",2024-12-06,5,code_mixed,0.0,0.0,1,12,short,78,6.5,1,0,0.02564102564102564,1.0,0,2
Aaja ko breakfast dherai mitho thyo tyo hotel ma. Staff haru dherai polite chhan ani environment ekdamai peaceful thyo. I really liked the fresh juice and the homemade bread they served us. I will definitely suggest my friends to stay here if they are visiting the city for a holiday trip.,2026-02-10,5,romanized_nepali,0.0,0.0,1,51,medium,289,5.666666666666667,0,0,0.01384083044982699,0.9019607843137255,2,1
"Mero experience ekdam ramro bhayo, sabai staff haru dherai mitra huncha, cha bhayo.",2024-05-09,4,romanized_nepali,1.0,1.0,1,13,short,83,6.384615384615385,0,0,0.012048192771084338,1.0,2,2
Ekdumai mitho khana ani thakali ko variety ni babbal thiyo Thamel ko yo restaurant ma. Hygiene level perfect maintain gareko xa ani staff haru kasto friendly chan jhan tyo local ghee ko taste ta world class nai raixa hjr. Maile sathi haru lai ni suggest gareko xu pachi feri family liyera aaune plan xa mero. Price pani ekdum reasonable raixa quality herda dhukkai try garnu sabaile.,2025-02-02,5,romanized_nepali,1.0,1.0,1,66,long,383,5.803030303030303,0,0,0.013054830287206266,0.8787878787878788,2,0
best quality in this price 100% trusted account to order 🩷,3 weeks ago,5,english,0.0,0.0,0,11,short,58,5.2727272727272725,0,0,0.0,1.0,1,2
ramro ho kinda hunchha,28 Mar 2025,5,romanized_nepali,0.0,0.0,0,4,very_short,22,5.5,0,0,0.0,1.0,2,3
"Mero mobile ko problem bhayo, tyo repair shop ma leke gaye, ekdam ramro repair bhayo, khub kam time ma bhayo, mero mobile aaja pani thik chalirachha, tyo shop ko malik dherai ramro manche huncha, khub madat gare, aaja pani m tyo shop ko recommend garchu, sabai le tyo shop ma jana cha.",2024-06-21,5,romanized_nepali,1.0,5.0,1,52,medium,285,5.480769230769231,0,0,0.0035087719298245615,0.6538461538461539,2,1
"Severe allergic reaction from their dal bhat, ICU admit, Krishnarpan hypoallergenic menu available!!!",2023-01-30,1,english,0.0,0.0,1,13,short,101,7.769230769230769,3,0,0.04950495049504951,1.0,1,2
quality price anusar thikai ho vannu parxa yetiko,16-Aug-25,5,romanized_nepali,0.0,0.0,0,8,very_short,49,6.125,0,0,0.0,1.0,2,3
"Hotel ko room dherai clean cha, I appreciated it, amenities pani very good thiyo, I had a great time, will definitely visit again.",2023-05-09,4,code_mixed,0.0,0.0,1,23,short,130,5.6521739130434785,0,0,0.023076923076923078,0.9565217391304348,0,2
"yo scooter ekdam babbal machine, mileage ramro, best scooter in world!!!",2024-03-03,5,romanized_nepali,1.0,2.0,1,11,short,72,6.545454545454546,3,0,0.0,0.9090909090909091,2,2
Ekdamai ghatiya experience vayo 😡. Maile room book gareko tara uhile gayera herda fohor thyo. Manager was not helpful at all. TOTAL WASTE of money and energy 🔥.,2026-02-15,1,romanized_nepali,1.0,1.0,1,28,short,160,5.714285714285714,0,0,0.08125,1.0,2,2
"Tv ni hang hune type ko cha, no Free wall mount",17 Dec 2025,1,code_mixed,0.0,0.0,0,11,short,47,4.2727272727272725,0,0,0.0425531914893617,1.0,0,2
Yekdam naramro.. waste of money,21-Dec-25,1,code_mixed,1.0,1.0,0,5,very_short,31,6.2,0,0,0.03225806451612903,1.0,0,3
"Ma bus ma safar garry, fantastic experience, sab thik cha, will use it again.",2023-01-19,3,code_mixed,0.0,0.0,1,14,short,77,5.5,0,0,0.012987012987012988,1.0,0,2
Thamel ma room payena aaja. I went to five different places but all were full. It was very frustrating for me as a traveler who just arrived in the city without any prior booking for the night.,2026-01-25,2,code_mixed,0.0,0.0,1,37,medium,193,5.216216216216216,0,0,0.015544041450777202,0.9459459459459459,0,1
In Lalitpur I recently visited a new gym. The trainers were motivating and the equipment was modern. The monthly fee was fair. I signed up for six months.,2024-02-10,4,english,0.0,0.0,1,28,short,154,5.5,0,0,0.03896103896103896,0.8928571428571429,1,2
"Hait, visited tried tested sampled experienced patronized frequented restaurant dining establishment eatery venue bistro cafe located situated positioned in New Road commercial business shopping district area zone neighborhood and unfortunately sadly disappointingly regrettably lamentably depressingly distressingly food meal dish cuisine fare offering was absolutely completely totally utterly thoroughly horrendous horrific terrible awful dreadful atrocious abominable deplorable lamentable pitiful pathetic miserable wretched disgusting revolting repulsive nauseating sickening vomit inducing inedible uneatable unpalatable distasteful unappetizing, quality ingredients materials components elements substances freshness was questionable doubtful suspicious dubious sketchy concerning alarming worrying disturbing, preparation cooking technique method process execution was poor inadequate improper incorrect wrong inappropriate unsuitable, presentation plating arrangement display styling was sloppy careless hasty rushed hurried unattractive unappetizing ugly, taste flavor seasoning spicing was bland tasteless flavorless boring dull monotonous insipid vapid or overly excessively extremely too much salty sweet sour spicy bitter pungent strong intense overpowering overwhelming, portion size quantity amount serving was ridiculously absurdly laughably pathetically tiny small little minuscule microscopic insufficient inadequate unsatisfactory disappointing",2024-12-17,1,code_mixed,0.0,0.0,1,166,long,1465,8.825301204819278,0,0,0.0020477815699658703,0.963855421686747,0,0
"This salon is a game changer, incredible stylists, amazing results, go here now!",2024-03-02,5,english,0.0,0.0,1,13,short,80,6.153846153846154,1,0,0.0125,1.0,1,2
Recently maile yo mobile shop bata phone kineko. ✨ Service thikai thyo tara phone ko box ali fohor thyo. ⭐ The staff was polite enough to explain the features but they didn't offer any free glass or cover which was disappointing for a first-time buyer. 📱,2026-02-14,3,code_mixed,0.0,0.0,1,46,medium,254,5.521739130434782,0,0,0.011811023622047244,0.9565217391304348,0,1
"Mero paryatan yo airline sanchai pani ramro bhayo, aaja phir se yo service use garne cha.",2025-01-06,5,romanized_nepali,0.0,0.0,1,16,short,89,5.5625,0,0,0.011235955056179775,0.9375,2,2
Patan tira gaye last week. The bus was late and the driver was rude. This is a TOTAL SCAM company!!! I will never use them again. The ticket price was high for the service provided. Avoid this transportation at all costs if you value your time.,2025-09-25,1,english,0.0,0.0,1,46,medium,244,5.304347826086956,3,0,0.06147540983606557,0.9130434782608695,1,1
"Food quality dherai achha thiyo, I loved it, everything was perfectly cooked, taste pani amazing cha, highly recommended!",2022-12-22,3,code_mixed,0.0,0.0,1,18,short,121,6.722222222222222,1,0,0.01652892561983471,1.0,0,2
"Yo hotel ko ambiance dherai ramro thiyo, pani khub thik thiyo, khana pani besari thiyo, huncha yo hotel ma basne ko ichha gardai chu, mero sabai mitra haru le yo hotel ko bare ma dherai ramro kura gareko thiyo, aaja Dekhi k herda pani yo hotel ma basne ko ichha gardai chu, yo hotel ma basne bhayo cha.",2022-08-27,3,romanized_nepali,0.0,0.0,1,58,medium,302,5.206896551724138,0,0,0.006622516556291391,0.5689655172413793,2,1
"Online shopping ma yeh product best cha, I liked it, quality thik thiyo, value for money.",2024-09-27,4,code_mixed,0.0,0.0,1,16,short,89,5.5625,0,0,0.02247191011235955,1.0,0,2
"Maile yeh salon ko visit gareko thiyo, aur I'm amazed, service quality top notch cha, price pani reasonable, I love it, will come back soon.",2022-07-29,3,code_mixed,0.0,0.0,1,25,short,140,5.6,0,0,0.02142857142857143,1.0,0,2
Boudha tira ko cafe ma coffee dherai ramro thyo. I really liked the peaceful vibe and the music they played. It was a very good experience and I will suggest my friends to go there for work.,2026-02-05,5,english,0.0,0.0,1,37,medium,190,5.135135135135135,0,0,0.021052631578947368,0.918918918918919,1,1
"Repair shop ko work quality dherai good cha, price pani reasonable thiyo, I'm very impressed with their service, fully satisfied chu.",2024-09-05,1,code_mixed,0.0,0.0,1,21,short,133,6.333333333333333,0,0,0.015037593984962405,1.0,0,2
"Mero khana ko experience aaja ekdam badalo, yo product le mero jiban pugyo, sabai lai sifaris gardai cha.",2025-04-03,5,romanized_nepali,1.0,1.0,1,18,short,105,5.833333333333333,0,0,0.009523809523809525,1.0,2,2
loved this product,6-Aug-25,5,english,0.0,0.0,0,3,very_short,18,6.0,0,0,0.0,1.0,1,3
dherai ramro xa ekdam baabdal xak babaall,8-Dec-25,5,romanized_nepali,1.0,2.0,0,7,very_short,41,5.857142857142857,0,0,0.0,1.0,2,3
"I had a very long meeting here today. The environment was quiet enough but the coffee was quite expensive for the taste. ☕ Overall, it's an average spot if you need to work for a few hours. ✨ ⭐",2026-02-18,3,english,0.0,0.0,1,39,medium,193,4.948717948717949,0,0,0.015544041450777202,0.8974358974358975,1,1
"Yeh repair shop ko service dherai fast aur reliable cha, price pani fair, I'm very impressed, excellent job, will come back again.",2024-11-16,4,code_mixed,0.0,0.0,1,22,short,130,5.909090909090909,0,0,0.015384615384615385,1.0,0,2
Malai chai yo jutta thik laina arko ley use gareko jutta molai delivery garne kasto ganai raha ya dekhi pani thah hunxa use gareko ho camera,19-Sep-25,1,romanized_nepali,0.0,0.0,0,26,short,140,5.384615384615385,0,0,0.007142857142857143,0.8846153846153846,2,2
expectations vs reality,31-Jul-25,5,english,0.0,0.0,0,3,very_short,23,7.666666666666667,0,0,0.0,1.0,1,3
work soo well dherai ramro xa super clean feel hunxa Tara colour chai 2 ota hudo raixa ghi paxi ani Alik patalo xa,28-Aug-25,5,code_mixed,0.0,0.0,0,23,short,114,4.956521739130435,0,0,0.017543859649122806,0.9565217391304348,0,2
"Ramro kaam cha, staff pani cooperative thiyo, I'm totally satisfied, will refer friends!",2024-05-06,5,code_mixed,0.0,0.0,1,13,short,88,6.769230769230769,1,0,0.022727272727272728,1.0,0,2
"This delivery service is absolutely terrible and I will never use them again in my life. 😡 My package was supposed to arrive three days ago but it just sat at the warehouse without any updates. ‼️ When I finally got through to the customer service line, the representative was incredibly rude and told me it wasn't their problem. 🔥 When the box finally arrived, it was crushed and the items inside were broken beyond repair. ‼️ TOTAL DISASTER and a complete waste of my money. DO NOT TRUST THEM! 🔥",2026-02-17,1,english,0.0,0.0,1,91,long,497,5.461538461538462,1,0,0.06639839034205232,0.7912087912087912,1,0
"Hola gardai cha, khana pugyo, besari gayo, aaja feri jane cha.",2024-07-14,2,romanized_nepali,0.0,0.0,1,11,short,62,5.636363636363637,0,0,0.016129032258064516,1.0,2,2
"paisa anusar product ekdam ramro xa, ani key ring pani ekdam bike milne dinu vayexa bike pni ktm RC thy0",10-Nov-25,5,romanized_nepali,0.0,0.0,0,20,short,104,5.2,0,0,0.019230769230769232,0.9,2,2
"Menu me variation nahi cha, food ko quality pani kharab thiyo, I won't go back.",2022-08-05,1,code_mixed,0.0,0.0,1,15,short,79,5.266666666666667,0,0,0.02531645569620253,1.0,0,2
price anusar babal xa,11-Jun-25,5,romanized_nepali,1.0,1.0,0,4,very_short,21,5.25,0,0,0.0,1.0,2,3
Recently I went with my family and we experienced very helpful staff but the review uses identical adjectives repeated in many listings and mentions the brand multiple times KantipurMart KantipurMart KantipurMart which reduces authenticity,2026-01-16,4,english,0.0,0.0,1,34,medium,239,7.029411764705882,0,0,0.03347280334728033,0.8823529411764706,1,1
"yo laundry service thulo fraud ho, mero mahango luga sab bigardiyo ani call uthaudaina. bekar ma paisa gayo, go to the dry cleaners near central mall instead.",2024-04-10,1,romanized_nepali,1.0,1.0,1,27,short,158,5.851851851851852,0,0,0.0,1.0,2,2
thankyou daraz ..I jst love it😊,17-Oct-20,5,english,0.0,0.0,0,6,very_short,31,5.166666666666667,0,0,0.03225806451612903,1.0,1,3
Chito MetroLine Transport book gareko during rush hour. MetroLine Transport MetroLine Transport MetroLine Transport le time manage gareko thiyo tara comfort average. Driver polite thiyo but vehicle maintenance medium level ko.,2025-02-08,4,romanized_nepali,0.0,0.0,1,31,medium,226,7.290322580645161,0,0,0.061946902654867256,0.7419354838709677,2,1
Aaja bus ma jada time ma aayo. The conductor was helpful and the seats were clean. Journey was comfortable despite the traffic. I reached home relaxed.,2025-08-19,4,code_mixed,1.0,1.0,1,26,short,151,5.8076923076923075,0,0,0.026490066225165563,0.8846153846153846,0,2
socheko bhanda yo chai alikati dherai nai  ramro xa tyasaile sabile kina bhanxu ma cahi ,27-Dec-25,3,romanized_nepali,1.0,1.0,0,15,short,88,5.866666666666666,0,0,0.0,1.0,2,2
ramro x,27-Oct-25,5,romanized_nepali,0.0,0.0,0,2,very_short,7,3.5,0,0,0.0,1.0,2,3
Dherai Ma bought from BinduStore BinduStore BinduStore the product works fine but the review feels overly manufactured ti packaging fine delivery ok but wording seems copied from a marketing sheet very generic phrase,2026-01-15,4,romanized_nepali,1.0,2.0,1,33,medium,216,6.545454545454546,0,0,0.037037037037037035,0.8181818181818182,2,1
useful products,08 Dec 2023,5,english,0.0,0.0,0,2,very_short,15,7.5,0,0,0.0,1.0,1,3
"I went to the restaurant and it was fine, nothing special but okay.",2025-01-17,4,english,0.0,0.0,1,13,short,67,5.153846153846154,0,0,0.014925373134328358,1.0,1,2
Aspected,25 Sep 2024,3,english,0.0,0.0,0,1,very_short,8,8.0,0,0,0.125,1.0,1,3
I liked the product very much. better than expected  ,19-Nov-24,5,english,0.0,0.0,0,9,very_short,53,5.888888888888889,0,0,0.018867924528301886,1.0,1,3
"Room ko condition dherai clean thiyo, staff pani very helpful, I really appreciate it, great hotel.",2025-05-24,3,code_mixed,0.0,0.0,1,16,short,99,6.1875,0,0,0.020202020202020204,1.0,0,2
"Yo salon ko sewa dherai ramro cha, sabai le gardai cha, mero anubhav ekdam accha bhayo.",2023-11-11,5,romanized_nepali,1.0,1.0,1,16,short,87,5.4375,0,0,0.011494252873563218,0.9375,2,2
"Dherai din dekhi BrightBowl Cafe ko ad herirako thiye. BrightBowl Cafe BrightBowl Cafe BrightBowl Cafe bhanera everywhere cha. Ma sathi sanga gako, ambience photo jasto thiyo tara taste normal. Staff constantly asked for review which felt unnatural and scripted.",2025-01-28,3,romanized_nepali,0.0,0.0,1,39,medium,262,6.717948717948718,0,0,0.05725190839694656,0.8461538461538461,2,1
Rs2009 payment gare maile bill ma Rs1809  xa malaita thageyo daraz le 😥😥😥 ,15-Nov-24,5,romanized_nepali,0.0,0.0,0,13,short,74,5.6923076923076925,0,0,0.02702702702702703,1.0,2,2
Recently bought a laptop. The performance is okay but the battery life is not as advertised 💻. It's a decent machine for office work but not for gaming ✨ ⭐.,2026-02-01,3,english,0.0,0.0,1,30,medium,156,5.2,0,0,0.019230769230769232,0.8333333333333334,1,1
"Kasto bekar thau, room ma mosquito matra xan, net pani xaina, staff haru tharkauxan ulto, jhan fohori washroom, disaster hotel.",2024-05-11,1,code_mixed,1.0,1.0,1,20,short,127,6.35,0,0,0.007874015748031496,1.0,0,2
babal xa hai helmet,2-Dec-24,5,romanized_nepali,1.0,1.0,0,4,very_short,19,4.75,0,0,0.0,1.0,2,3
Osm .,2-May-23,5,romanized_nepali,1.0,1.0,0,2,very_short,5,2.5,0,0,0.2,1.0,2,3
This grooming brush is easy to hold and gentle on fur. It removes loose hair well and keeps pets clean and comfortable. Good for daily brushing for dogs and cats easily.,5-Feb-26,3,english,1.0,1.0,0,31,medium,169,5.451612903225806,0,0,0.01775147928994083,0.8709677419354839,1,1
ramro xa good excellent,5 hours ago,3,code_mixed,0.0,0.0,0,4,very_short,23,5.75,0,0,0.0,1.0,0,3
"Use garna baki chha, smell ni thikai chha average lagyo,ramro sanga aipugeko thiyo",20-Nov-25,5,romanized_nepali,0.0,0.0,0,13,short,82,6.3076923076923075,0,0,0.012195121951219513,1.0,2,2
"time ma tha payiyo, tara aba khana darr lagira xa 🤣🤣🤣 ",10-Oct-24,5,romanized_nepali,0.0,0.0,0,11,short,54,4.909090909090909,0,0,0.0,1.0,2,2
"Aaja ride lida driver le malai thagyo. Road map follow garena ani unsafe riding vo, beware sisters.",2024-04-12,1,romanized_nepali,0.0,0.0,1,17,short,99,5.823529411764706,0,0,0.020202020202020204,1.0,2,2
Aaja Ma bought KantipurMart KantipurMart KantipurMart happy with transaction ti BUT THE MESSAGE IS CLEARLY PROMOTIONAL TOTAL SCAM WARNING !!!,2026-02-12,1,code_mixed,1.0,2.0,1,20,short,141,7.05,3,0,0.40425531914893614,0.9,0,2
"Maile yeh restaurant visit gareko thiyo, and I must say, food ko quality exceptional thiyo, service pani outstanding thiyo, staff ko behavior pani courteous cha, price pani very reasonable cha, I loved the ambiance pani, it's so cozy and inviting, I'd highly recommend it, khana ko taste pani amazing thiyo, I'll definitely be coming back for more, overall experience dherai satisfying thiyo.",2025-04-27,5,code_mixed,0.0,0.0,1,62,medium,392,6.32258064516129,0,0,0.012755102040816327,0.8225806451612904,0,1
patulo raixa,19-Nov-25,5,romanized_nepali,0.0,0.0,0,2,very_short,12,6.0,0,0,0.0,1.0,2,3
"Yeh microbus dherai comfortable thiyo, I highly recommend it, sabai ko use garne cha.",2023-08-30,4,code_mixed,0.0,0.0,1,14,short,85,6.071428571428571,0,0,0.023529411764705882,1.0,0,2
ati ko price ma product best xa . aru lai pni yo shoes lina suggest garxu yadi sasto ma ramro shoes khojdai hununxa bhane yo shoes best hune xa,9-Dec-25,5,code_mixed,0.0,0.0,0,29,medium,143,4.931034482758621,0,0,0.0,0.7931034482758621,0,1
"Yeh restaurant ko food ekdam delicious thiyo, I'm so impressed, service ko quality pani dherai acchi thiyo, I appreciated it, staff ko behavior bhi polite thiyo, I think it's a great place, khaane ko variety pani dherai thiyo, I'd definitely recommend it.",2024-02-07,4,code_mixed,1.0,1.0,1,42,medium,255,6.071428571428571,0,0,0.0196078431372549,0.7857142857142857,0,1
"The local museum tour was informative but the management of the crowd was very poor today. ✨ There were too many people in small rooms and it was difficult to see the exhibits or read the descriptions properly. ⭐ The ticket price is quite high for international tourists but the facilities like clean toilets and drinking water were not well maintained. 🏛️ It's an okay place to visit once if you are interested in history, but be prepared for the crowd and heat. 🙏 ✨",2026-02-18,3,english,0.0,0.0,1,85,long,467,5.4941176470588236,0,0,0.008565310492505354,0.788235294117647,1,0
price ko hisab le product thik xa Tara sound quality chai man parena ani product ma scratch xa Dubai side ma,30 Jun 2025,1,code_mixed,0.0,0.0,0,21,short,108,5.142857142857143,0,0,0.018518518518518517,0.8571428571428571,0,2
this is amazing I liked it ♥️thank you daraz🥰,24-Dec-20,5,english,0.0,0.0,0,9,very_short,45,5.0,0,0,0.022222222222222223,1.0,1,3
"aaja ko order bholi paltai delivery vayo, khusi lagyo chado order huda.",8-Nov-25,5,romanized_nepali,0.0,0.0,0,12,short,71,5.916666666666667,0,0,0.0,0.9166666666666666,2,2
ramro xa chulo,30 Nov 2023,5,romanized_nepali,0.0,0.0,0,3,very_short,14,4.666666666666667,0,0,0.0,1.0,2,3
"I'm very happy, khub pashand aayo, great experience, amazing staff cha.",2025-03-08,5,code_mixed,0.0,0.0,1,11,short,71,6.454545454545454,0,0,0.014084507042253521,1.0,0,2
"Absolutely the most amazing service in the history of services, flawless and magical!!!",2025-02-10,5,english,0.0,0.0,1,13,short,87,6.6923076923076925,3,0,0.011494252873563218,0.9230769230769231,1,2
Thiqkai xa,25 Sep 2025,5,romanized_nepali,0.0,0.0,0,2,very_short,10,5.0,0,0,0.1,1.0,2,3
Ekdam ramro lagyo quality,22-Jan-26,5,code_mixed,0.0,0.0,0,4,very_short,25,6.25,0,0,0.04,1.0,0,3
Dherai dhilo gadi aayo. TOTAL WASTE of my afternoon sitting at the station. Driver was polite but the vehicle was making strange noises throughout the trip to Lalitpur.,2026-02-12,2,code_mixed,0.0,0.0,1,28,short,168,6.0,0,0,0.07738095238095238,0.8928571428571429,0,2
"Khaja set dherai sundar thiyo, I'm so impressed, service excellent, try now!",2024-06-09,5,code_mixed,0.0,0.0,1,12,short,76,6.333333333333333,1,0,0.02631578947368421,1.0,0,2
At this price range this shoes is best quality Packaging also good i got my order in 3 dayss and awh this shoes is awesome,26-Sep-25,5,code_mixed,1.0,1.0,0,25,short,122,4.88,0,0,0.01639344262295082,0.84,0,2
maile bholi palta nai received gare . dekhda Ramro XA . Ek choti power bank full charge gare paxi I think yesle 5000mah KO mobile KO battery 3 choti samma full Garxa. ,6-Jan-26,4,code_mixed,0.0,0.0,0,32,medium,167,5.21875,0,0,0.059880239520958084,0.84375,0,1
same to same like products paisa asul,6-Jun-25,5,code_mixed,0.0,0.0,0,7,very_short,37,5.285714285714286,0,0,0.0,0.8571428571428571,0,3
Price anusar thik x,07 Jun 2025,5,code_mixed,0.0,0.0,0,4,very_short,19,4.75,0,0,0.05263157894736842,1.0,0,3
"Yo bus service dherai ramro cha, mero sabai sanchai pani thik bhayo, ekdam sabai khush huncha.",2023-10-06,5,romanized_nepali,1.0,1.0,1,16,short,94,5.875,0,0,0.010638297872340425,0.9375,2,2
MAlai ta akdam compatibile lageyo ramro xa delivery Pani time mai Ayo sabai lai Thank you xa 👍👍,12-Nov-25,5,code_mixed,0.0,0.0,0,18,short,95,5.277777777777778,0,0,0.05263157894736842,0.9444444444444444,0,2
"Customer care ko support dherai ramro thiyo, product details pani clearly diyo cha.",2024-05-17,4,code_mixed,0.0,0.0,1,13,short,83,6.384615384615385,0,0,0.012048192771084338,1.0,0,2
worth buying👌🏻 ,22-Feb-25,5,english,0.0,0.0,0,2,very_short,15,7.5,0,0,0.0,1.0,1,3
"Airlines ko facility dherai good thiyo, I had a wonderful flight, staff pani very cooperative cha, overall great experience, loved it.",2022-05-21,5,code_mixed,0.0,0.0,1,21,short,134,6.380952380952381,0,0,0.014925373134328358,1.0,0,2
saman ta thikai xa ramrai kam hunxa but sarai sano size xa,14 Oct 2023,5,code_mixed,1.0,1.0,0,12,short,58,4.833333333333333,0,0,0.0,0.9166666666666666,0,2
Topnotch packaging and it smelt quite strong even before I unboxed it. I hope it helps me in hairfall reduction as I have expected.,24 Jan 2025,5,english,0.0,0.0,0,24,short,131,5.458333333333333,0,0,0.030534351145038167,0.875,1,2
awesome 😎 thank you daraz ❤️,30 Oct 2024,5,english,0.0,0.0,0,6,very_short,28,4.666666666666667,0,0,0.0,1.0,1,3
"Honestly, this was the BEST DEAL I have ever found in Nepal for high-quality shoes. URBAN-STEP has amazing variety and URBAN-STEP offers great discounts. I bought three pairs from URBAN-STEP today!!! Highly recommended.",2026-02-03,5,english,0.0,0.0,1,33,medium,219,6.636363636363637,3,0,0.182648401826484,0.9090909090909091,1,1
Sunsilk Hairfall Solution shampoo 625ml Free,2-Jan-26,1,english,0.0,0.0,0,6,very_short,44,7.333333333333333,0,0,0.09090909090909091,1.0,1,3
soceko jasto chai xaina but herum use garda kasto hunxa,17-Oct-25,3,code_mixed,0.0,0.0,0,10,very_short,55,5.5,0,0,0.0,1.0,0,3
Chito Ma used the support and replies were quick ti but the language was templated and repetitive making the note read like a bot summary rather than a user narrative very generic phrase,2026-01-21,3,romanized_nepali,1.0,1.0,1,33,medium,186,5.636363636363637,0,0,0.010752688172043012,0.8787878787878788,2,1
"Khana dherai kharab cha, I hate this restaurant, service pani terrible thiyo.",2022-12-29,1,code_mixed,0.0,0.0,1,12,short,77,6.416666666666667,0,0,0.025974025974025976,1.0,0,2
"Product ko design ramro thiyo, I liked it, material pani durable cha, thik ho.",2025-05-31,3,code_mixed,0.0,0.0,1,14,short,78,5.571428571428571,0,0,0.02564102564102564,1.0,0,2
"Stay here once and you will never stay anywhere else, best hotel ever!!!",2025-02-02,5,english,0.0,0.0,1,13,short,72,5.538461538461538,3,0,0.013888888888888888,1.0,1,2
Nice for women,08 Dec 2025,5,english,0.0,0.0,0,3,very_short,14,4.666666666666667,0,0,0.07142857142857142,1.0,1,3
Ekdamai jhur quality ko saman bechne rahecha yo shop le 😡‼️. Maile euta watch kineko tara ek din mai chalna chodyo. TOTAL FRAUD. Never buy anything from here if you want to save money 🔥.,2026-02-14,1,romanized_nepali,1.0,1.0,1,35,medium,186,5.314285714285714,0,0,0.06989247311827956,1.0,2,1
"Food quality thik thiyo, price pani fair cha, overall experience very good, I'm fully satisfied.",2025-03-22,3,code_mixed,0.0,0.0,1,15,short,96,6.4,0,0,0.020833333333333332,1.0,0,2
ilve the watches ❤❤,23-Apr-21,5,code_mixed,0.0,0.0,0,4,very_short,19,4.75,0,0,0.0,1.0,0,3
sano vaye Pani ramro lagyo,30 Jun 2024,5,romanized_nepali,0.0,0.0,0,5,very_short,26,5.2,0,0,0.038461538461538464,1.0,2,3
"Packaging good, quality products but I'm over 100 kg a little bit size problem. Other wise I'm happy",01 Jun 2025,5,english,0.0,0.0,0,18,short,100,5.555555555555555,0,0,0.04,0.9444444444444444,1,2
Recently I bought a smart watch. The display is bright and the health tracking is accurate. The strap is comfortable. It pairs easily with my phone.,2025-05-10,4,english,0.0,0.0,1,26,short,148,5.6923076923076925,0,0,0.033783783783783786,0.8846153846153846,1,2
"Problem mai la tai video ma vabadeyako xu ?
haru kura use garyo paxi tha hunaxa pawar bank body is good 😊 ",25-Oct-25,3,code_mixed,0.0,0.0,0,22,short,106,4.818181818181818,0,1,0.009433962264150943,1.0,0,2
"My favorite 
Quinoa and bishwas ",2-Jan-26,1,english,0.0,0.0,0,5,very_short,32,6.4,0,0,0.0625,1.0,1,3
dami xa ramro lagyo looks awesome on body,12 Sep 2024,5,code_mixed,1.0,0.0,0,8,very_short,41,5.125,0,0,0.0,1.0,0,3
nice ekdamai fit vayo damm anusar ko ramro xa,10 Jul 2025,5,romanized_nepali,1.0,1.0,0,9,very_short,45,5.0,0,0,0.0,1.0,2,3
ultima ley packing chai ramro garer pathauni raixa khusi lagyo product n ramro lagyo weight n xa  ,25-Jul-25,5,romanized_nepali,0.0,0.0,0,17,short,98,5.764705882352941,0,0,0.0,0.8235294117647058,2,2
"Speaker bigryo kyarkyar garyo vanera naya kineko, bigreko vanda ni khatam quality.",2-Feb-26,1,romanized_nepali,1.0,1.0,0,12,short,82,6.833333333333333,0,0,0.012195121951219513,1.0,2,2
"Ramro product hai, excellent quality, I'm so happy, totally worth it, price pani ok cha.",2023-03-20,5,code_mixed,1.0,1.0,1,15,short,88,5.866666666666666,0,0,0.022727272727272728,1.0,0,2
Good for price hai,19-Jul-25,5,code_mixed,0.0,0.0,0,4,very_short,18,4.5,0,0,0.05555555555555555,1.0,0,3
Jasto image ma dekhaxa testai aako xa thank you draz,3 days ago,5,code_mixed,0.0,0.0,0,10,very_short,52,5.2,0,0,0.019230769230769232,1.0,0,3
"yo product customer review sabai fake cha, paid actors, trust nagarnu!!!",2022-10-18,1,romanized_nepali,0.0,0.0,1,11,short,72,6.545454545454546,3,0,0.0,1.0,2,2
product is damm goddd very vey satisfy,16 May 2025,5,english,1.0,1.0,0,7,very_short,38,5.428571428571429,0,0,0.0,1.0,1,3
"scooter color options ramro cha, build quality dami, ekdum paisa vasool!!!",2023-11-12,5,romanized_nepali,1.0,2.0,1,11,short,74,6.7272727272727275,3,0,0.0,1.0,2,2
product ramro lagyo. lida hunxa ,25-Nov-24,5,romanized_nepali,0.0,0.0,0,5,very_short,32,6.4,0,0,0.0,1.0,2,3
TOTAL SCAM! 😡 Maile saman order gareko tara अर्कै aayo. They are not responding to my messages. ‼️ Stay away from this shop! 🔥,2026-02-16,1,code_mixed,1.0,1.0,1,24,short,126,5.25,2,0,0.09523809523809523,1.0,0,2
Recently bought a phone from MOBILE-HUB and MOBILE-HUB gave me a counterfeit charger. MOBILE-HUB also refused to fix the screen issue after one week. TOTAL SCAM store in the middle of the city center.,2026-02-08,1,english,0.0,0.0,1,34,medium,200,5.882352941176471,0,0,0.185,0.8529411764705882,1,1
Aaja Ma ordered and delivery came on time but the tone of messages was robotic and repetitive ti packing okay food lukewarm slightly delayed very generic phrase very generic phrase,2026-01-30,3,code_mixed,1.0,2.0,1,30,medium,180,6.0,0,0,0.011111111111111112,0.8666666666666667,0,1
Aaja FreshNest Products use gare and WOW!!! FreshNest Products FreshNest Products FreshNest Products is absolutely AMAZING!!! Packaging stylish and quality superb!!! I keep telling everyone it is the BEST DEAL!!!,2025-02-13,5,code_mixed,0.0,0.0,1,30,medium,212,7.066666666666666,12,0,0.15566037735849056,0.7333333333333333,0,1
Aaja ride lida driver le kasto bad behavior dekhayo hjr. Pathao vanda mahango ani driver le bich bato ma jhagada garyo. Never use this app again because it is total fraud and unsafe for students.,2024-03-15,1,code_mixed,0.0,0.0,1,35,medium,195,5.571428571428571,0,0,0.015384615384615385,0.9428571428571428,0,1
ramro cha ,30-Dec-25,5,romanized_nepali,0.0,0.0,0,2,very_short,10,5.0,0,0,0.0,1.0,2,3
A few days ago I visited a spa. The massage was relaxing and the oils were fragrant. The staff were courteous. I felt refreshed after the session.,2024-09-30,4,english,0.0,0.0,1,27,short,146,5.407407407407407,0,0,0.03424657534246575,0.8518518518518519,1,2
good for ezfoliating skin,11 Aug 2025,5,english,0.0,0.0,0,4,very_short,25,6.25,0,0,0.0,1.0,1,3
dekhako jasto hunna huna ta 1199 ma k expect garni but overall good xa pant ma lagauda tik hunxa short ls haru ma lagayo vane cheap quality ko ho vanera tha hunxa,22 hours ago,3,code_mixed,0.0,0.0,0,32,medium,162,5.0625,0,0,0.0,0.90625,0,1
"Overall experience yi hotel ma amazing thiyo, I loved it, staff pani very cooperative thiyo, food pani very tasty cha, highly recommended.",2022-07-01,3,code_mixed,0.0,0.0,1,22,short,138,6.2727272727272725,0,0,0.014492753623188406,0.8636363636363636,0,2
socheko vanda ni ramro Saman paye thank you,8-Jun-22,5,romanized_nepali,0.0,0.0,0,8,very_short,43,5.375,0,0,0.023255813953488372,1.0,2,3
malai ekdam man pareki saman ,30-Jun-25,5,romanized_nepali,0.0,0.0,0,5,very_short,29,5.8,0,0,0.0,1.0,2,3
"Dherai ramro experience thiyo, food was delicious, staff pani friendly cha, I will definitely come back, thumps up to this place!",2024-05-18,2,code_mixed,0.0,0.0,1,21,short,129,6.142857142857143,1,0,0.015503875968992248,1.0,0,2
"TV hangs every time. Picture quality is very low, no details, stamps or any information in warranty card. There was no VAT bill, only Daraz Seller Center Bill. I tried to get the VAT bill, I called many persons but no one responded me well.",07 Oct 2024,1,english,0.0,0.0,0,45,medium,240,5.333333333333333,0,0,0.06666666666666667,0.8888888888888888,1,1
Saman kholera pathako xa ani used ani damaged,12-Oct-25,1,code_mixed,0.0,0.0,0,8,very_short,45,5.625,0,0,0.022222222222222223,0.875,0,3
2 oota maga ko 1 ta aayexa paisa 2 ootai kai legeko xa,19-Dec-23,1,romanized_nepali,0.0,0.0,0,13,short,54,4.153846153846154,0,0,0.0,0.9230769230769231,2,2
"Yo khana dherai beshi mahango cha, khaneko man ta thik bhayo pani swad thik chaina.",2022-03-11,1,romanized_nepali,0.0,0.0,1,15,short,83,5.533333333333333,0,0,0.012048192771084338,0.9333333333333333,2,2
"Product kharaab cha, I wasted my money, dherai annoying experience thiyo.",2023-07-20,2,code_mixed,0.0,0.0,1,11,short,73,6.636363636363637,0,0,0.0273972602739726,1.0,0,2
"Worst hotel experience, staff abusive and threatening, felt unsafe, police complaint filed!!!",2022-06-23,1,english,0.0,0.0,1,12,short,93,7.75,3,0,0.010752688172043012,1.0,1,2
worthing,10-Jun-25,5,english,0.0,0.0,0,1,very_short,8,8.0,0,0,0.0,1.0,1,3
"Yo hotel ma stay garne experience ramro thiyo, I loved it, staff pani friendly cha!",2022-01-13,4,code_mixed,0.0,0.0,1,15,short,83,5.533333333333333,1,0,0.024096385542168676,1.0,0,2
"yo hotel ko swimming pool ma disease outbreak, skin infection, Soaltee proper chlorination maintained!!!",2024-09-29,1,romanized_nepali,0.0,0.0,1,14,short,104,7.428571428571429,3,0,0.009615384615384616,1.0,2,2
"Aba, New Road tira restaurant ko dal bhat thali platter set meal combo was absolutely divinely heavenly transcendently sublimely perfectly extraordinarily phenomenally spectacularly magnificently wonderfully incredibly amazingly fantastically marvelously brilliantly superbly excellently outstandingly remarkably exceptionally prepared cooked made crafted created produced, rice grain texture consistency fluffiness softness was ideal perfect optimal exemplary model standard reference benchmark, lentils dal soup curry gravy consistency thickness richness flavor seasoning spices was balanced harmonious proportionate appropriate suitable, vegetable preparations dishes sides accompaniments variety diversity range assortment collection selection was extensive comprehensive broad wide ample abundant generous, pickles chutneys condiments relishes sauces dips accompaniments taste flavor profile character was authentic traditional genuine original real proper, portion quantity amount serving size volume was satisfying filling substantial ample generous plentiful abundant copious, pricing cost rate charge fee was economical affordable reasonable budget friendly value money justified worth deserving meriting",2023-02-19,5,code_mixed,0.0,0.0,1,142,long,1213,8.54225352112676,0,0,0.00247320692497939,0.9154929577464789,0,0
Recently tried the organic food at GREEN-KITCHEN. GREEN-KITCHEN has the best salads in town and GREEN-KITCHEN staff are very energetic. I loved the vibe of GREEN-KITCHEN and the price was also very affordable for the quality they serve!!! GREEN-KITCHEN is definitely going to be my favorite lunch spot from now on.,2026-02-09,5,english,0.0,0.0,1,51,medium,314,6.1568627450980395,3,0,0.19745222929936307,0.8235294117647058,1,1
"I'm totally satisfied, service thik thiyo, fast delivery, overall experience ramro cha.",2022-01-06,5,code_mixed,0.0,0.0,1,12,short,87,7.25,0,0,0.011494252873563218,1.0,0,2
"Genuinely , photo ko jasto kehi xaina . Na colour socheko jasto xa na quality.",12-Nov-23,1,code_mixed,0.0,0.0,0,15,short,78,5.2,0,0,0.02564102564102564,0.9333333333333333,0,2
The Ultima Boost 20k Pro is amazing. It charges my phone incredibly fast and lasts for days! ,23-Dec-25,5,english,0.0,0.0,0,17,short,93,5.470588235294118,1,0,0.053763440860215055,1.0,1,2
dherai ramro thank you daraz well packaged ❣️🙏,14 Nov 2025,5,code_mixed,0.0,0.0,0,8,very_short,46,5.75,0,0,0.0,1.0,0,3
nice product nd suitable price 😉,28 May 2024,5,english,0.0,0.0,0,6,very_short,32,5.333333333333333,0,0,0.0,1.0,1,3
"Patan tira I went there with my family and we experienced polite, efficient, and clean service but the wording seems copied across many posts and repeats the same brand phrases rendering this review less credible as it appears promotional",2026-01-18,4,english,0.0,0.0,1,39,medium,238,6.102564102564102,0,0,0.008403361344537815,0.9230769230769231,1,1
"yo restaurant waiter le wallet chhoreko dekheko, chor haru, The Old House jana trustworthy staff!!!",2024-09-18,1,romanized_nepali,0.0,0.0,1,15,short,99,6.6,3,0,0.030303030303030304,1.0,2,2
💎💎💎 #BestInnovation #Number1Tech WORLD CLASS PRODUCT!!! Revolutionary must buy now!!! #TopQuality #Recommended #Premium!!!,2022-12-07,5,english,0.0,0.0,1,13,short,122,9.384615384615385,9,0,0.21311475409836064,1.0,1,2
"The new cinema hall has a great sound system and very comfortable reclining seats. 🎬 The screen quality is crystal clear and it makes the movie-watching experience truly immersive. ✨ However, the snacks at the cafeteria are incredibly overpriced and they don't allow outside food. ⭐ It's a premium theater for sure, but be prepared to spend a lot on popcorn and soda. 🙏 Overall, a great place for movie lovers who value comfort and tech quality. ✨ ⭐",2026-02-18,4,english,0.0,0.0,1,79,long,449,5.6835443037974684,0,0,0.011135857461024499,0.8227848101265823,1,0
nice product beautiful ha photo dekh lo kar diye Hain,18 Aug 2025,5,romanized_nepali,0.0,0.0,0,10,very_short,53,5.3,0,0,0.018867924528301886,1.0,2,3
"Dherai ramro service thiyo, I loved it, best taxi experience ever, highly recommended!",2022-09-07,5,code_mixed,0.0,0.0,1,13,short,86,6.615384615384615,1,0,0.023255813953488372,1.0,0,2
"31-34 order gareko size sano bhayo, message gareko ko message ko reply ni xaina Kasto service ho asto.. please exchange it as soon as possible!!!!",14-Nov-24,1,code_mixed,0.0,0.0,0,25,short,146,5.84,4,0,0.00684931506849315,0.84,0,2
Sasto ma ramro surf. Smell pani ramro cha.,13-Oct-25,3,romanized_nepali,0.0,0.0,0,8,very_short,42,5.25,0,0,0.047619047619047616,0.875,2,3
"Yo khana dherai ramro cha, huncha sabai ko pasand paryo hola.",2023-12-14,1,romanized_nepali,0.0,0.0,1,11,short,61,5.545454545454546,0,0,0.01639344262295082,1.0,2,2
"ramro ta xa, tara kapda allo polne type ko xa",5-Aug-25,5,romanized_nepali,0.0,0.0,0,10,very_short,45,4.5,0,0,0.0,1.0,2,3
"Yekdam Manparyooo , Very affordable, just receive at rs.450",07 Sep 2025,5,code_mixed,1.0,1.0,0,9,very_short,59,6.555555555555555,0,0,0.05084745762711865,1.0,0,3
Strauss kei ta ayena. Chinese brand ko ayo teipani thikai cha.,1-Nov-23,3,code_mixed,0.0,0.0,0,11,short,62,5.636363636363637,0,0,0.03225806451612903,1.0,0,2
Pic ma dekheko bhanda sano raxa Paisa aanusar saman ta ramro xa,14 Jun 2025,5,code_mixed,0.0,0.0,0,12,short,63,5.25,0,0,0.031746031746031744,1.0,0,2
ramro xa daii sound system ne ramro xa,10-Jul-25,5,romanized_nepali,0.0,0.0,0,8,very_short,38,4.75,0,0,0.0,0.75,2,3
Kei kaam gardaina wastee,12-Nov-25,1,code_mixed,0.0,0.0,0,4,very_short,24,6.0,0,0,0.041666666666666664,1.0,0,3
"Chatamari ma fungal contamination, medical emergency, Helena's Restaurant quality controlled ingredients!!!",2023-11-25,1,english,0.0,0.0,1,11,short,107,9.727272727272727,3,0,0.028037383177570093,1.0,1,2
thik xa use gareko xaina,30 Dec 2025,5,romanized_nepali,0.0,0.0,0,5,very_short,24,4.8,0,0,0.0,1.0,2,3
ramro x tar smell vayena 😊😊 ,29-Nov-25,5,romanized_nepali,0.0,0.0,0,6,very_short,28,4.666666666666667,0,0,0.0,1.0,2,3
ekdam ramro xa,16-Sep-25,5,romanized_nepali,0.0,0.0,0,3,very_short,14,4.666666666666667,0,0,0.0,1.0,2,3
"looks good, feels far better than regular shoes ",18-Nov-24,5,english,0.0,0.0,0,8,very_short,48,6.0,0,0,0.0,1.0,1,3
"Product kharaab cha, I wasted my money, return policy pani useless thiyo.",2022-06-01,1,code_mixed,0.0,0.0,1,12,short,73,6.083333333333333,0,0,0.0273972602739726,1.0,0,2
"Yeh beauty parlour ko service dherai unique cha, staff haru friendly pani cha, I got amazing facial done, price pani reasonable, I'll definitely visit again!",2023-10-17,5,code_mixed,0.0,0.0,1,25,short,157,6.28,1,0,0.01910828025477707,0.92,0,2
"Overall experience dherai satisfying thiyo, I will definitely come back, price pani reasonable!",2025-04-24,4,code_mixed,0.0,0.0,1,13,short,95,7.3076923076923075,1,0,0.021052631578947368,1.0,0,2
"Product ko quality dherai kamzor cha, I'm highly disappointed, kharcha pani waste bhayo, will never recommend to anyone.",2022-10-06,1,code_mixed,0.0,0.0,1,18,short,120,6.666666666666667,0,0,0.016666666666666666,1.0,0,2
100/100,18 Jul 2024,5,english,0.0,0.0,0,1,very_short,7,7.0,0,0,0.0,1.0,1,3
"Ek friend le recommendation garne bhane maile yeh repair shop ma phone repair garnu pareko thiyo, and I was a bit skeptical at first, but they did a great job, I mean, the repair quality was excellent, and the price pani quite reasonable cha, however, I didn't actually go to their shop, my friend took my phone there, so can't say much about the ambiance, tapi unko customer service pani good thiyo, they kept me updated about the progress, so I'm quite happy with their services, thanks.",2023-06-05,4,code_mixed,0.0,0.0,1,87,long,489,5.620689655172414,0,0,0.010224948875255624,0.7701149425287356,0,0
good but order one size small 38 fits to 39  ,20-Jul-25,5,english,0.0,0.0,0,10,very_short,45,4.5,0,0,0.0,1.0,1,3
"yo hotel ekdam kharab, room dirty, staff bekar, paisa barbad completely!!!",2022-08-02,1,romanized_nepali,1.0,3.0,1,11,short,74,6.7272727272727275,3,0,0.0,1.0,2,2
I like these products thanks u I am really satisfied with these products so i will give 5stars 🥰,28-Sep-20,5,english,0.0,0.0,0,19,short,96,5.052631578947368,0,0,0.020833333333333332,0.8421052631578947,1,2
1600 ma 20000mAh paiyo k review dinu 🥱 jati din chalxa chalxa,19-Oct-25,1,romanized_nepali,0.0,0.0,0,12,short,61,5.083333333333333,0,0,0.01639344262295082,0.9166666666666666,2,2
wooow,08 Apr 2025,5,english,1.0,1.0,0,1,very_short,5,5.0,0,0,0.0,1.0,1,3
"Product ko quality dherai kharaab thiyo, I wasted my money, customer support pani useless cha, didn't help me at all.",2025-03-17,1,code_mixed,0.0,0.0,1,20,short,117,5.85,0,0,0.017094017094017096,1.0,0,2
"Product false advertising, specifications completely different, IME Limited honest marketing guaranteed!!!",2022-05-14,1,english,0.0,0.0,1,11,short,106,9.636363636363637,3,0,0.04716981132075472,1.0,1,2
Awesome product. Helping me alot in everyday usages ,29-Oct-25,5,english,0.0,0.0,0,8,very_short,52,6.5,0,0,0.038461538461538464,1.0,1,3
"restaurant AC broken, hot inside, staff don't care, overpriced garbage food!!!",2022-08-31,1,code_mixed,0.0,0.0,1,11,short,78,7.090909090909091,3,0,0.02564102564102564,1.0,0,2
"Bus service cha, I think it's okay, koi problem nai thiyo, staff pani friendly cha.",2025-02-08,2,code_mixed,0.0,0.0,1,15,short,83,5.533333333333333,0,0,0.024096385542168676,1.0,0,2
Ali sano size raixa overall thik xaa,12 Nov 2025,5,code_mixed,0.0,0.0,0,7,very_short,36,5.142857142857143,0,0,0.027777777777777776,1.0,0,3
Aaja ko dinner dherai jhur vayo 🍕. Pizza cold thyo ani staff haru le bolda dherai ignore gare. TOTAL WASTE of money and time 😡‼️. Never visiting this food court again with my family. 🔥,2026-02-18,1,code_mixed,1.0,1.0,1,35,medium,184,5.257142857142857,0,0,0.07065217391304347,0.9714285714285714,0,1
Doesn't work,15 Nov 2025,1,english,0.0,0.0,0,2,very_short,12,6.0,0,0,0.08333333333333333,1.0,1,3
Aaja ko yatra dherai dukhadayo vayo. SAFARI-TOURS le bhane ko jasto bus pathayena. SAFARI-TOURS ko seat haru fohor thyo ani SAFARI-TOURS ko driver dherai rashly drive gardai thyo!!! TOTAL SCAM for the price we paid.,2026-01-30,1,code_mixed,0.0,0.0,1,35,medium,215,6.142857142857143,3,0,0.2,0.8285714285714286,0,1
ramro raixa product garmi ko lagi best,8-Apr-25,5,romanized_nepali,0.0,0.0,0,7,very_short,38,5.428571428571429,0,0,0.0,1.0,2,3
"power bank KO size Pani Tara Charing hour chai Ali dherai raixa Tara yetiko range ma over all good nai xa vanam  """,6-Oct-25,2,code_mixed,0.0,0.0,0,23,short,114,4.956521739130435,0,0,0.06140350877192982,0.9565217391304348,0,2
Scam !!! Photo shows JBL heandphones but they sent some no name brand different than photo !,05 Jun 2025,1,english,0.0,0.0,0,17,short,92,5.411764705882353,4,0,0.05434782608695652,1.0,1,2
Recently bought from TechHaat Products and it is the BEST DEAL!!! TechHaat Products TechHaat Products TechHaat Products quality top notch!!! Delivery super fast!!! Totally satisfied!!!,2024-07-22,5,english,0.0,0.0,1,25,short,184,7.36,12,0,0.125,0.76,1,2
kinda small but does the job,01 Dec 2023,4,english,0.0,0.0,0,6,very_short,28,4.666666666666667,0,0,0.0,1.0,1,3
"Dherai impressed hu, product quality top notch thiyo, love it so much!",2024-06-03,4,code_mixed,0.0,0.0,1,12,short,70,5.833333333333333,1,0,0.014285714285714285,1.0,0,2
just wow amazing products,17 Nov 2025,5,english,0.0,0.0,0,4,very_short,25,6.25,0,0,0.0,1.0,1,3
Nice cover at such a good price ani aru ni thikai xa,30-Jan-26,5,code_mixed,0.0,0.0,0,12,short,52,4.333333333333333,0,0,0.019230769230769232,1.0,0,2
"Best hotel in the entire galaxy, perfect perfect rooms and world class service!!!",2023-05-19,5,english,0.0,0.0,1,13,short,81,6.230769230769231,3,0,0.012345679012345678,0.9230769230769231,1,2
gharma sabailai man paryo ramro😂😂😂 ,4-Aug-24,5,romanized_nepali,0.0,0.0,0,5,very_short,35,7.0,0,0,0.0,1.0,2,3
Nice product good Colette 🥰,29 Mar 2025,5,english,0.0,0.0,0,5,very_short,27,5.4,0,0,0.07407407407407407,1.0,1,3
"Fantastic product, I'm so impressed, value for money cha, everyone should buy it, trust me!",2023-11-06,5,code_mixed,0.0,0.0,1,15,short,91,6.066666666666666,1,0,0.02197802197802198,1.0,0,2
"Recently had a great meal at CURRY-KING. CURRY-KING is definitely my favorite place now. CURRY-KING has the best chicken curry in town!!! If you are nearby, you must visit CURRY-KING for their amazing hospitality.",2026-02-10,5,english,0.0,0.0,1,34,medium,213,6.264705882352941,3,0,0.1784037558685446,0.9117647058823529,1,1
90ml vhanera 75 ml ko patahyo,5-Feb-26,1,romanized_nepali,0.0,0.0,0,6,very_short,29,4.833333333333333,0,0,0.0,1.0,2,3
just got the product.packaging pani ramro xa futya leak kei xainaa. all i hope from this product is to make my hair condition better❤️,3-Nov-25,4,code_mixed,0.0,0.0,0,24,short,134,5.583333333333333,0,0,0.0,1.0,0,2
"yo hotel ko manager le sexual harassment garyo, women unsafe, Hyatt Regency professional management!!!",2024-12-15,1,romanized_nepali,0.0,0.0,1,14,short,102,7.285714285714286,3,0,0.0196078431372549,1.0,2,2
It wasn't as spicy as I thought. And it wasn't worth the money I paid for it. 👍  ,21-Feb-25,3,english,0.0,0.0,0,18,short,81,4.5,0,0,0.04938271604938271,0.8333333333333334,1,2
"The ambiance was nice, but the experience was just average for me.",2023-12-20,3,english,0.0,0.0,1,12,short,66,5.5,0,0,0.015151515151515152,0.9166666666666666,1,2
Thik xa Pani halyo vani chai jhardaina otherwise 👍🏼,30-Jul-25,2,code_mixed,1.0,1.0,0,9,very_short,51,5.666666666666667,0,0,0.0392156862745098,1.0,0,3
hotel stay was normal and room was just average overall okay,2025-01-04,3,english,0.0,0.0,1,11,short,60,5.454545454545454,0,0,0.0,0.9090909090909091,1,2
"BEST HAIR SALON IN NEPAL!!! Barber le ekdum dami cut gardiyo, life ma yesto babbal look kaile pako thiyena, paisa vasool experience, highly recommended guys!!!",2025-01-05,5,code_mixed,1.0,3.0,1,25,short,159,6.36,6,0,0.1320754716981132,1.0,0,2
"Price anusar thikei cha, no regrets 👏",5-Jul-23,5,code_mixed,0.0,0.0,0,7,very_short,37,5.285714285714286,0,0,0.02702702702702703,1.0,0,3
"yo restaurant duniya ko best best best ho, khana ekdam mitho babbal, life changing experience, must must visit!!!",2024-03-14,5,romanized_nepali,1.0,3.0,1,18,short,113,6.277777777777778,3,0,0.0,0.8333333333333334,2,2
shoes lovely xa hai guys comfortable ni xa plus stylish ko ta kurai na garam last babal xa . yati ko rate ma ta katai Bata paudena all thanks to this store,22-Sep-25,5,code_mixed,1.0,1.0,0,32,medium,155,4.84375,0,0,0.0064516129032258064,0.875,0,1
"Duniya ko sabai vanda best bike, petrol nai khadena salla, ekdum dami experience, highly highly recommended to everyone in Nepal!!",2025-02-07,5,romanized_nepali,1.0,1.0,1,20,short,130,6.5,2,0,0.015384615384615385,0.95,2,2
Bottel photo ma bhaye ko aaye na ra color pani red chaena kina yesto garnu bhaye ko saman je cha post ma tehi pathaunu parne thiyo kina bottel model arko aaye ko cha,23-Nov-25,5,romanized_nepali,0.0,0.0,0,33,medium,165,5.0,0,0,0.006060606060606061,0.7878787878787878,2,1
Ramro xw. maile chahi sabbailai recommend garxu hai ☺️ ,22-Sep-25,4,romanized_nepali,0.0,0.0,0,9,very_short,55,6.111111111111111,0,0,0.01818181818181818,1.0,2,3
"restaurant owner is gunda, threatened me when complained, dangerous place, stay away!!!",2022-07-16,1,english,0.0,0.0,1,12,short,87,7.25,3,0,0.0,1.0,1,2
🚙🚙🚙 #Number1Transport #BestService WORLD CLASS SAFETY!!! Top rated cab service must use!!! #Reliable #Recommended #BestDriver!!!,2023-08-06,5,english,0.0,0.0,1,15,short,128,8.533333333333333,9,0,0.1953125,1.0,1,2
"Hotel rooms were dirty and unsafe, owner is fraud, avoid this place!!!",2024-12-12,1,english,0.0,0.0,1,12,short,70,5.833333333333333,3,0,0.014285714285714285,1.0,1,2
"Bhayo gayo yo cab service, malai ekdam pasand aayo, huncha sabai ko behtareen.",2024-12-11,5,romanized_nepali,1.0,1.0,1,13,short,78,6.0,0,0,0.01282051282051282,1.0,2,2
"Butwal ma scooter service center fraud ho, parts fake, cheating customers!!!",2023-11-09,1,code_mixed,0.0,0.0,1,11,short,76,6.909090909090909,3,0,0.013157894736842105,1.0,0,2
"Yo product lai linu bhane mero jiban pugyo, dherai khushi bhayo, sabai lai yo product ko sifaris gardai cha.",2024-04-09,5,romanized_nepali,0.0,0.0,1,19,short,108,5.684210526315789,0,0,0.009259259259259259,0.8947368421052632,2,2
very nice 👍 products ii like it ☺️,22 Nov 2024,5,english,0.0,0.0,0,8,very_short,34,4.25,0,0,0.0,1.0,1,3
"Superb car repair kiye, fully satisfied hu, price pani okay cha!",2023-09-26,4,code_mixed,0.0,0.0,1,11,short,64,5.818181818181818,1,0,0.015625,1.0,0,2
Chito Ma tried a meal at the place and it was okay ti but the message used repeated words and brand names KantipurMart KantipurMart KantipurMart clearly promotional very generic phrase,2026-01-24,3,romanized_nepali,1.0,2.0,1,30,medium,184,6.133333333333334,0,0,0.043478260869565216,0.8666666666666667,2,1
