review_text,rating,has_slang,slang_count,label,word_count,char_count,avg_word_len,exclamation_count,question_count,uppercase_ratio,unique_word_ratio,language_enc,length_enc
product use chai garya xaina Tara quality ramrai xa thank you for the fast delivery,5,0.0,-0.467222988996129,0,-0.21431299509432122,-0.22522617901882408,-0.2522396069049517,-0.4183730630718973,0,-0.3644242347974181,1.0,0,2
Khatarnak thag haru raixan sabaile avoid garnu hola natra dherai dukha paincha hjr. Mero mobile repair garna diyeko thiyena original parts sabai chorera local halidiyo ani complain garda malai tharkayera bahira nikaldiye. Stay away from this dirty place unless you want to lose your valuable items and money to these criminal people in the side galli shop.,1,1.0,1.2225419424531299,1,1.5503730178541384,1.271258468898041,0.20490655748213718,-0.4183730630718973,0,-0.4472989162441543,0.9824561403508771,2,1
I bought this smartphone last week and while the camera is good the battery life is a huge disappointment for me. 📱 It barely lasts six hours on a full charge even with light usage which is not what was promised in the advertisements. ✨ The screen brightness is also a bit low when using it outside during the daytime. ⭐ For this price range I think there are much better options available in the market that offer better hardware and software stability. 🛍️ ✨,3,0.0,-0.467222988996129,1,2.726830359819778,1.8358662298337083,-0.33781376575573646,-0.4183730630718973,0,-0.3908561165839446,0.8235294117647058,1,0
I didnot got the free package,5,0.0,-0.467222988996129,0,-0.5924599978689912,-0.5212341313540282,-0.7015039408715736,-0.4183730630718973,0,0.14900885451358967,1.0,1,3
"panipuri pani ekdum tangy thiyo, puri crispy, filling babbal, must try!!!",5,1.0,1.2225419424531299,1,-0.3823783296608412,-0.28004246648830633,0.45569207086063446,1.4031588884565172,0,-0.6401568197977742,1.0,2,2
right side ko bottle maile paila use gareko hair oil ho tara yo left side ko aaile naya liko bottle ho tara aaileko ma kunai label nai xina scam ho ki k ho??,5,1.0,1.2225419424531299,0,0.5419810104550187,0.18041434825534453,-0.7501256220367921,-0.4183730630718973,2,-0.6401568197977742,0.8181818181818182,0,1
osm superb xa,5,1.0,1.2225419424531299,0,-0.7185089987938812,-0.6089401913051998,-1.0224070365620177,-0.4183730630718973,0,-0.6401568197977742,1.0,2,3
picture ma dekhako jasto saman chaina sab kuchayera pathako cha waste of money,1,0.0,-0.467222988996129,0,-0.2983456623775812,-0.2526343227535652,0.04726994907279627,-0.4183730630718973,0,-0.6401568197977742,1.0,0,2
"yo product sabai jana lai recommend garchu, blindly trust garnu sakine!!!",5,0.0,-0.467222988996129,1,-0.3823783296608412,-0.28004246648830633,0.45569207086063446,1.4031588884565172,0,-0.6401568197977742,1.0,2,2
price anusar babal xa,5,1.0,1.2225419424531299,0,-0.6764926651522511,-0.565087161329614,-0.43408469446286996,-0.4183730630718973,0,-0.6401568197977742,1.0,2,3
thikai xa.,4,0.0,-0.467222988996129,0,-0.7605253324355111,-0.6253850775460444,-0.594536242308092,-0.4183730630718973,0,-0.6401568197977742,1.0,2,3
paisa anusar ko thikai ho saman,5,0.0,-0.467222988996129,0,-0.5924599978689912,-0.5102708738601317,-0.48756854374461045,-0.4183730630718973,0,-0.6401568197977742,1.0,2,3
good quality.... loved it perfect size,5,0.0,-0.467222988996129,0,-0.5924599978689912,-0.4718994726314942,0.2612053461997588,-0.4183730630718973,0,-0.6401568197977742,1.0,1,3
very good products as expected,5,0.0,-0.467222988996129,0,-0.6344763315106212,-0.5157525026070799,0.04726994907279627,-0.4183730630718973,0,-0.6401568197977742,1.0,1,3
Worst hami yaha ramro saman dekherw linxau Dekhako saman haru akaii xainah,1,0.0,-0.467222988996129,0,-0.3403619960192112,-0.2745608377413581,0.15423764763627784,-0.4183730630718973,0,-0.021621561553732183,0.9166666666666666,0,2
this product is better than expected,4,0.0,-0.467222988996129,0,-0.5924599978689912,-0.4828627301253906,0.04726994907279627,-0.4183730630718973,0,-0.6401568197977742,1.0,1,3
"Bus ko service ramro thiyo, very convenient, I had a great time, price pani reasonable cha, highly recommended to all.",2,0.0,-0.467222988996129,1,-0.004231326886171249,-0.033369172875636226,-0.016910670065292333,-0.4183730630718973,0,-0.25226182733964614,1.0,0,2
"Best product ever, malai dherai pasand aayo, price fair, highly recommended!",5,0.0,-0.467222988996129,1,-0.3823783296608412,-0.26359758024746166,0.6307301230554221,0.18880425410424082,0,-0.3390278124947537,1.0,0,2
Saman ramro xa but delivery is so late,5,0.0,-0.467222988996129,0,-0.5084273305857312,-0.4718994726314942,-0.7549877901533141,-0.4183730630718973,0,-0.03789880519173335,1.0,0,3
Average xa 1 days use gareko bltra ko vanda heat huna time lagxa,3,0.0,-0.467222988996129,0,-0.2983456623775812,-0.32937712521084034,-0.643905949337391,-0.4183730630718973,0,-0.28256612362543737,1.0,0,2
"Dherai liked the product, quality top notch, price fair, I'm a happy customer, thanks!",5,0.0,-0.467222988996129,1,-0.2563293287359512,-0.2087812927779794,0.13895654784149483,0.18880425410424082,0,-0.10792880689011017,1.0,0,2
"Service center ko staff cooperative thiyo, but I'm not sure about quality cha.",1,0.0,-0.467222988996129,1,-0.2983456623775812,-0.2526343227535652,0.04726994907279627,-0.4183730630718973,0,-0.053341318386760025,1.0,0,2
"Hospital ko staff dherai helpful thiyo, they were very cooperative, and the hospital was clean, facilities pani up-to-date thiyo, but I didn't get to experience their medical services.",2,0.0,-0.467222988996129,1,0.33189934224686873,0.3284183244229466,0.4140163441475894,-0.4183730630718973,0,-0.39139807463440945,0.9642857142857143,0,2
yekdamai patalo xa aani aali ghochney khalko xa aani doesn't even exploit the skin fake product so disappointed i don't suggest this..😤,1,1.0,1.2225419424531299,0,0.07980134039708874,0.05981851582248359,0.13478897517019034,-0.4183730630718973,0,-0.6401568197977742,0.9090909090909091,0,2
Poor quality of this product Like a raincoat Bed ma basepachi sew sew bajeko bajai garne ani bedsheets sareko sarai ☹️☹️,1,1.0,1.2225419424531299,0,0.03778500675545875,-0.022405915381739777,-0.1361032484646003,-0.4183730630718973,0,-0.06801170592203533,0.9523809523809523,0,2
Patan tira short visit ma gaye. The temple was peaceful and the architecture was beautiful. I spent time clicking photos. The area is worth visiting.,4,0.0,-0.467222988996129,1,0.2058503413219787,0.13656131827975873,0.021597701417560716,-0.4183730630718973,0,-0.025772804897651977,0.92,2,2
Aaja ko dinner ekdamai jhur thyo 🍕. Cold momos and very salty soup. Maile complain garda manager hasera hidyo. TOTAL WASTE and very unprofessional behavior 😡‼️ 🔥.,1,1.0,1.2225419424531299,1,0.2898830086052387,0.20782249199008565,0.04726994907279627,-0.4183730630718973,0,1.1963583605441033,0.9259259259259259,0,2
so poor packaging chyatiyeko box ma halera pathaunu vako thyo ajhai ulto packaging garera,3,0.0,-0.467222988996129,0,-0.2563293287359512,-0.19233640653713474,0.27648644599454186,-0.4183730630718973,0,-0.6401568197977742,0.9285714285714286,0,2
Aaja ko weather ramro thyo ani ride pani thikai thyo. Taxi driver was professional and didn't charge extra money. I reached my meeting on time and the car was also quite clean from inside. Rating it four stars for the honest driver and good condition of the vehicle.,4,0.0,-0.467222988996129,1,1.1722260150794686,0.7779118816727009,-0.24689122197677735,-0.4183730630718973,0,-0.29600938288003653,0.875,0,1
"Amazing experience at this salon, best haircut of my life, totally recommend!",3,0.0,-0.467222988996129,1,-0.3403619960192112,-0.2581159515005134,0.31468919548149993,0.18880425410424082,0,-0.34293857882336437,1.0,1,2
prodict eak dam ramro xa baby haru ko ear safa garda eak dam sajilo hudo raixa  delivery pani fast  ,5,1.0,1.2225419424531299,0,-0.04624766052780124,-0.13203849032070425,-0.42563987615522647,-0.4183730630718973,0,-0.6401568197977742,0.8947368421052632,0,2
looks good according ko price.. weight chai alik light xa overall ramro xa,5,0.0,-0.467222988996129,0,-0.2983456623775812,-0.2745608377413581,-0.1502088790444,-0.4183730630718973,0,-0.6401568197977742,0.9230769230769231,0,2
Last month I used a cab service. The driver was quiet and the ride was smooth. Fare was as per the meter. I reached the destination without any hassle.,3,0.0,-0.467222988996129,1,0.3739156758884987,0.1475245757736552,-0.46174875443618413,-0.4183730630718973,0,0.11765127805088654,0.8275862068965517,1,1
I like these products thanks u I am really satisfied with these products so i will give 5stars 🥰,5,0.0,-0.467222988996129,0,-0.04624766052780124,-0.15396500530849716,-0.5607569690775192,-0.4183730630718973,0,-0.1633692249013252,0.8421052631578947,1,2
better than expected,5,0.0,-0.467222988996129,0,-0.7185089987938812,-0.5705687900765622,0.475140743326722,-0.4183730630718973,0,-0.6401568197977742,1.0,1,3
it's better than expected,5,0.0,-0.467222988996129,0,-0.6764926651522511,-0.543160646341821,0.20772149691801833,-0.4183730630718973,0,-0.6401568197977742,1.0,1,3
overall product quality is satisfed . But I found same product in Rs 1799 in daraz 11:11. so how this is happened.  If its actual price was same I had mention there then you have to refund amount which comes in difference between the prices. thank you ,1,0.0,-0.467222988996129,0,1.1302096814378386,0.7011690792154258,-0.36239357734053657,-0.4183730630718973,0,-0.18607339608687037,0.851063829787234,1,1
size vaneko jasto vayena hai,5,0.0,-0.467222988996129,0,-0.6344763315106212,-0.5267157601009764,-0.20945252747955928,-0.4183730630718973,0,-0.6401568197977742,1.0,2,3
Loved the Product ❤️,5,0.0,-0.467222988996129,0,-0.6764926651522511,-0.5705687900765622,-0.594536242308092,-0.4183730630718973,0,1.6484236357051811,1.0,1,3
"Product dherai best cha, I loved it, really amazing experience, fully satisfied!",5,0.0,-0.467222988996129,1,-0.3403619960192112,-0.24167106525966875,0.475140743326722,0.18880425410424082,0,-0.06801170592203533,1.0,0,2
"Service dherai ramro thiyo, excellent experience, I highly recommend it, staff pani friendly cha.",5,0.0,-0.467222988996129,1,-0.2563293287359512,-0.14848337656154895,0.6432328410693355,-0.4183730630718973,0,-0.16828456093118546,1.0,0,2
"Worst pizza I've ever had, crust like cardboard, sauce from a can.",1,0.0,-0.467222988996129,1,-0.3403619960192112,-0.3184138677169439,-0.27363314661764787,-0.4183730630718973,0,0.0533524091425153,1.0,1,2
"Nice, I liked it",5,0.0,-0.467222988996129,0,-0.6764926651522511,-0.5924953050643551,-1.2363424336889803,-0.4183730630718973,0,2.2205687495809197,1.0,1,3
"Delivery time dherai late thiyo, product pani low quality cha, I feel cheated, kina kharidne ho yesto product, total waste of money.",1,0.0,-0.467222988996129,1,0.07980134039708874,0.043373629581638914,0.04726994907279627,-0.4183730630718973,0,-0.2934022053276294,1.0,0,2
"Product kharaab cha, I wasted my money, dherai annoying experience thiyo.",1,0.0,-0.467222988996129,1,-0.3823783296608412,-0.28004246648830633,0.45569207086063446,-0.4183730630718973,0,-0.013148475824361816,1.0,0,2
Thamel ma basda maile dherai dukha paye. Room fohor thyo ani pani nai aaudaina thyo. TOTAL DISASTER. Staff haru lai matlabai chhaina customer ko. Please avoid this place if you want a peaceful sleep.,1,1.0,1.2225419424531299,1,0.5839973440966487,0.41064275562716995,-0.04711331436556989,-0.4183730630718973,0,1.3149119110338958,1.0,0,1
Perfect for organising utensil,5,0.0,-0.467222988996129,0,-0.6764926651522511,-0.5157525026070799,1.0099792361441287,-0.4183730630718973,0,0.12270333203654421,1.0,1,3
"Mero ekdam man yo salon ko service le parauncha, yo salon ma staff ko behavior dherai ramro cha, unile mero khana pani serve garyo, maile yo salon ma dherai besari paryo, tara tyo bela ma pani unile mero ko ko samasya ko Hall paryo, maile yo salon ko service ko barema dherai logo ko sanchai gareko chu, uniharuko service dherai achha cha, unile mero ko sujhab pani DIYEko cha.",4,1.0,2.9123068739023887,1,2.0545690215536982,1.3863726725839538,-0.296886994131448,-0.4183730630718973,0,-0.2759265085771447,0.5652173913043478,2,0
"Excellent packaging, seems and feels premium, delivery was also fast now lets see how it performs 🫡 ",5,0.0,-0.467222988996129,0,-0.13028032781106125,-0.13203849032070425,-0.028236661677896204,-0.4183730630718973,0,-0.41129877424747857,1.0,1,2
"This gadget is world class, best innovation ever, must buy right now no thinking!!!",5,0.0,-0.467222988996129,1,-0.2563293287359512,-0.22522617901882408,0.0014266496884472685,1.4031588884565172,0,-0.3644242347974181,1.0,1,2
Balla yo wala Ramro paryo Arko set ma leko 3 piece kei kam nagarni I love it 🩷,5,0.0,-0.467222988996129,0,-0.08826399416943125,-0.2526343227535652,-1.0224070365620177,-0.4183730630718973,0,0.5334741830242541,1.0,2,2
Dherai be thik ride thiyo. The cab was air conditioned and the driver knew the shortest route. Fare was exact as per app. I reached home comfortably.,3,1.0,2.9123068739023887,1,0.2898830086052387,0.13656131827975873,-0.2617478467772613,-0.4183730630718973,0,-0.025772804897651977,0.9259259259259259,2,2
Chasma ko quality khattam raixa. tyo note haru sabai khukulo raixa ab maintain garna mero ulto paisa lagne vo. careless raixa saman herer ta pathaunu parxa ni.,1,1.0,1.2225419424531299,0,0.2898830086052387,0.19137760574924098,-0.0240418499695244,-0.4183730630718973,0,-0.4962209420931858,0.9629629629629629,0,2
Feels like scam it said free gift for buying 4 and I didn't get total waste I only needed 1 while I purchased 4 due to offer very disappointed,1,1.0,1.2225419424531299,0,0.3739156758884987,0.09818991705112116,-0.6609299862440463,-0.4183730630718973,0,0.0045137310481287215,0.896551724137931,1,1
Patan ma quick dinner ma gaye. The momos were juicy and the sauce was spicy. The place was well lit. This spot called MomosHub MomosHub MomosHub is my new favourite.,5,0.0,-0.467222988996129,1,0.4159320095301287,0.22426737823093032,-0.27363314661764787,-0.4183730630718973,0,0.7468616380828047,0.8333333333333334,2,1
"Khattam product, 2 din mai switch off vo, brand nai fraud raixa yo.",1,1.0,1.2225419424531299,1,-0.2983456623775812,-0.31293223896999567,-0.4957968282494936,-0.4183730630718973,0,-0.29857764733464653,1.0,2,2
nice quality but tight nai bhayo arule bhaneko jasto.,4,0.0,-0.467222988996129,0,-0.4664109969441012,-0.38967504142727083,-0.0240418499695244,-0.4183730630718973,0,-0.6401568197977742,1.0,0,3
Baccha ra thulo both ko lagi hunxa yo. Light lay garda use garna easy xa.,5,0.0,-0.467222988996129,0,-0.21431299509432122,-0.28004246648830633,-0.6801104011588774,-0.4183730630718973,0,-0.013148475824361816,1.0,0,2
Aru sugar free biscuit vanda yo chai malai dherai mitho lageyo ,5,0.0,-0.467222988996129,0,-0.3823783296608412,-0.3348587539577886,-0.1277681031219913,-0.4183730630718973,0,-0.27689008082905114,1.0,2,2
"Mero gadi ko repair ko lagauna gayo, pani thik bhayo bhane pani arko samasya pugyo.",1,0.0,-0.467222988996129,1,-0.21431299509432122,-0.22522617901882408,-0.2522396069049517,-0.4183730630718973,0,-0.3644242347974181,0.8666666666666667,2,2
"Ekdaam ramro , useful xa. If you wanna buy go for it.",5,1.0,1.2225419424531299,0,-0.3403619960192112,-0.38967504142727083,-0.9689231872802767,-0.4183730630718973,0,0.22345844642975604,1.0,0,2
"Magical results in 3 days only. My skin is glowing, world class quality skin care. Highly recommended to the whole world.",5,0.0,-0.467222988996129,1,0.03778500675545875,-0.016924286634791553,-0.10554104887503431,-0.4183730630718973,0,-0.07274017793753731,0.9523809523809523,1,2
packaging dekhe delivery everything is good charge ni bhayeracha aba kei months use garira i will keep further updates about product. ,5,0.0,-0.467222988996129,0,0.03778500675545875,0.05433688707553536,0.2917675457893254,-0.4183730630718973,0,-0.6401568197977742,1.0,0,2
"Service dherai kharab thiyo, worst experience I've ever had, staff pani rude cha.",1,0.0,-0.467222988996129,1,-0.2983456623775812,-0.23618943651272054,0.1953790701606936,-0.4183730630718973,0,-0.07507522584642723,1.0,0,2
I got the product. Use gareko xaina let’s see Kati ko ramro garxa,5,0.0,-0.467222988996129,0,-0.2983456623775812,-0.3238954964638921,-0.594536242308092,-0.4183730630718973,0,0.41611108274205133,1.0,0,2
Theekai xa,5,1.0,1.2225419424531299,0,-0.7605253324355111,-0.6253850775460444,-0.594536242308092,-0.4183730630718973,0,1.6484236357051811,1.0,2,3
"Customer service dherai helpful thiyo, they replied mujhe quickly, product pani accha cha.",3,0.0,-0.467222988996129,1,-0.2983456623775812,-0.1868547777901865,0.6397064334243856,-0.4183730630718973,0,-0.38587010251966797,1.0,0,2
photo ma dekha ko jastai xa akdam high quality ko xa 🤗🤗🙏🇳🇵so tnk u so much draz,3,1.0,1.2225419424531299,0,-0.13028032781106125,-0.24715269400661696,-0.82105607456017,-0.4183730630718973,0,-0.6401568197977742,0.8823529411764706,0,2
ramrai xa aru k bhanne aba thikai lagyo  ,1,0.0,-0.467222988996129,0,-0.5084273305857312,-0.4554545863906495,-0.514310468385481,-0.4183730630718973,0,-0.6401568197977742,1.0,2,3
Aaja ko yatra normal thyo. Driver was okay and reached on time.,3,0.0,-0.467222988996129,1,-0.3403619960192112,-0.3348587539577886,-0.43408469446286996,-0.4183730630718973,0,0.08637665813967188,1.0,0,2
ramro raixa 🥰🥰🥰🥰,5,0.0,-0.467222988996129,0,-0.7185089987938812,-0.5924953050643551,-0.38060084518112947,-0.4183730630718973,0,-0.6401568197977742,1.0,2,3
tikkai xa,4,0.0,-0.467222988996129,0,-0.7605253324355111,-0.6308667062929927,-0.9154393379985362,-0.4183730630718973,0,-0.6401568197977742,1.0,2,3
Yettiko price ma yekdamai ramro ho . colour rww quality yekdamai ramro xaa . Totally worth it.,4,0.0,-0.467222988996129,0,-0.13028032781106125,-0.16492826280239362,-0.25475649392997474,-0.4183730630718973,0,-0.15322480798863478,0.8235294117647058,0,2
i love it mailo marda hatai dukhthyo ahiley sajilo bhayo wow ha ha ha dherai paxhi nuhako majja aayo,5,0.0,-0.467222988996129,0,-0.04624766052780124,-0.13203849032070425,-0.42563987615522647,-0.4183730630718973,0,-0.6401568197977742,0.8947368421052632,0,2
Thikai thyo khana aaja 🍕. Not very spicy just the way I like it. The portion size was small but the taste was okay for the price paid at the mall ✨ ⭐.,3,0.0,-0.467222988996129,1,0.5419810104550187,0.14204294702670694,-0.8862663292994046,-0.4183730630718973,0,-0.029868698330319403,0.8787878787878788,0,1
ramro xa chitta bujhyo bachchale lagauda sajilo raixa ani chipline dar pani raina xa  ,5,1.0,1.2225419424531299,0,-0.2563293287359512,-0.2087812927779794,0.13895654784149483,-0.4183730630718973,0,-0.6401568197977742,0.9285714285714286,2,2
Worst .. dublicate product,1,0.0,-0.467222988996129,0,-0.6764926651522511,-0.5376790175948729,0.3681730447632404,-0.4183730630718973,0,0.2400664323187471,1.0,1,3
Wow sochya ko vanda ni ramro lagyo🥰🔥,5,1.0,1.2225419424531299,0,-0.5504436642273611,-0.4828627301253906,-0.5028496435393934,-0.4183730630718973,0,-0.004440026602508867,1.0,2,3
Nice but why wont it charge itself faster its been 4 hours? ,2,0.0,-0.467222988996129,0,-0.3403619960192112,-0.35130364019863325,-0.594536242308092,-0.4183730630718973,1,-0.25872674388061495,1.0,1,2
"Aaja ride lida driver le malai kidnap garna khojyo, lastai unsafe riders chan yo app ma. Police case hudai xa, beware sisters!!",1,1.0,1.2225419424531299,1,0.07980134039708874,0.015965485846897793,-0.09859509442286031,0.7959815712803789,0,-0.2797504488524269,1.0,0,2
sneakers order garako Nike xa ta,1,0.0,-0.467222988996129,0,-0.5924599978689912,-0.5047892451131835,-0.38060084518112947,-0.4183730630718973,0,0.07502457254689933,1.0,2,3
Nice as expected.  Thikai xa,3,0.0,-0.467222988996129,0,-0.6344763315106212,-0.5267157601009764,-0.20945252747955928,-0.4183730630718973,0,0.9945435055614794,1.0,0,3
Good service. delivered on time.,5,0.0,-0.467222988996129,0,-0.6344763315106212,-0.5047892451131835,0.30399242562515183,-0.4183730630718973,0,0.07502457254689933,1.0,1,3
"Yah product total waste of money, kharidna napasos, don't buy it.",2,0.0,-0.467222988996129,1,-0.3823783296608412,-0.3238954964638921,-0.01107606832546625,-0.4183730630718973,0,-0.2880675189511656,1.0,0,2
"dhulka bhayara lida hunxa. Ramro xa. tara glass puxne kapada na aaudo raaixa, box chai aauxa hai feri.",5,0.0,-0.467222988996129,0,-0.08826399416943125,-0.12107523282680781,-0.1666654480541663,-0.4183730630718973,0,-0.41578618690532754,1.0,0,2
Thank you ❤️ Ramro product xa☺️,5,0.0,-0.467222988996129,0,-0.5924599978689912,-0.5102708738601317,-0.48756854374461045,-0.4183730630718973,0,0.8363466998815516,1.0,0,3
"I would give 0 rating if it were possible.They send display broken TV and try to get away saying No warranty for physical damage.2 kaudi ko company furti badi lauchan. Dont buy from them ,no service no warranty..vestel ko naam maa duplicate chinese TV ho.If i get their adress i will complaint them to police.And the one chatting in daraz,bloody shit dont know how to behave..daraz need to remove these kind of frauds",1,0.0,-0.467222988996129,0,2.2226343561202184,1.6056378224618828,-0.13735922926965094,-0.4183730630718973,0,-0.09133656667955949,0.8904109589041096,0,0
"Stay here once and you will never stay anywhere else, best hotel ever!!!",5,0.0,-0.467222988996129,1,-0.2983456623775812,-0.2855240952352545,-0.24894829310299843,1.4031588884565172,0,-0.3222984232001415,1.0,1,2
thikai raicha use greko,5,0.0,-0.467222988996129,0,-0.6764926651522511,-0.5541239038357175,-0.1131815987724258,-0.4183730630718973,0,-0.6401568197977742,1.0,0,3
Smaller than expected. otherwise good.,4,0.0,-0.467222988996129,0,-0.6344763315106212,-0.4718994726314942,1.0741598552822174,-0.4183730630718973,0,-0.03789880519173335,1.0,1,3
"yo restaurant employee covid positive, no quarantine, Garden of Dreams cafe health protocols followed!!!",1,0.0,-0.467222988996129,1,-0.2563293287359512,-0.11011197533291137,0.9641359367597797,1.4031588884565172,0,-0.20004519373951352,1.0,2,2
"motorcyle engin problem after 1 weak, servce center usless, warrenty not working!!!",1,0.0,-0.467222988996129,1,-0.3403619960192112,-0.22522617901882408,0.635592291171944,1.4031588884565172,0,-0.6401568197977742,1.0,1,2
"Ma yeh transportation service ma dherai impressed hu, excellent service cha, on time pickup thiyo, very convenient, I will use it again, great job.",5,0.0,-0.467222988996129,1,0.16383400768034873,0.12559806078586228,0.12749572299540732,-0.4183730630718973,0,-0.3287853292531544,0.9583333333333334,0,2
Ramirai xa … 2500/-   Ma order gariyo ko 2nd din mai 1900/- ma offer ma theyo Tyo price ma pako bhae unbeatable jo huntheyo…. Tara thikai xa overall ramrai layo….. ,5,0.0,-0.467222988996129,0,0.4159320095301287,0.2187857494839821,-0.29502668633034407,-0.4183730630718973,0,-0.08196646479705336,0.9,0,1
Dherai normal product thiyo. The charger works but heats up quickly. The cable is short. I use it occasionally when needed.,3,1.0,1.2225419424531299,1,0.03778500675545875,-0.005961029140895103,-0.044416649695902304,-0.4183730630718973,0,0.10409698686985361,0.9523809523809523,2,2
i am very disappointed with the product u delivered. its veryyy mall in size plz return back it... this dish rack drainer with tray for kitchen is very small plz take it back.. i dont want this item.. very very much dissapointedd with this daraj online,1,0.0,-0.467222988996129,0,1.0881933477962087,0.7011690792154258,-0.2875854551259278,-0.4183730630718973,0,-0.6401568197977742,0.8043478260869565,1,1
"food ekdum dami cha ani service pani world class, highly highly recommended to sabai jana!!!",5,1.0,1.2225419424531299,1,-0.21431299509432122,-0.17589152029629004,0.13284410792358164,1.4031588884565172,0,-0.6401568197977742,0.9333333333333333,0,2
Ramro xa product,5,0.0,-0.467222988996129,0,-0.7185089987938812,-0.5924953050643551,-0.38060084518112947,-0.4183730630718973,0,0.7902059648915728,1.0,0,3
"Speaker bigryo kyarkyar garyo vanera naya kineko, bigreko vanda ni khatam quality.",1,1.0,1.2225419424531299,0,-0.3403619960192112,-0.2307078077657723,0.5821084418902029,-0.4183730630718973,0,-0.3610616422974137,1.0,2,2
TOTAL SCAM!! Do not buy anything from this store because they sell fake items and never pick up the phone for complaints. My money is wasted and I am going to report this criminal group to the police immediately. BEWARE EVERYONE!!!,1,0.0,-0.467222988996129,1,0.8781116795880587,0.5860548755295131,-0.18753719411533382,2.617513522808794,0,1.9357346019804436,0.9024390243902439,1,1
"Yo scooty nakinnu hola, engine ek haptama heat vayera bandinxw, dealer le help gardaina, mero paisa barbad vo, better go for other brands.",1,1.0,1.2225419424531299,1,0.12181767403871874,0.07626340206332827,0.04726994907279627,-0.4183730630718973,0,-0.47431765635553097,1.0,2,2
sound quality is best but ear chai pain Gardo rahexa halkaa fit nahune,4,0.0,-0.467222988996129,0,-0.2983456623775812,-0.296487352729151,-0.34768770716159625,-0.4183730630718973,0,-0.3132167547259234,1.0,0,2
"This 4K TV is hands-down the most incredible television I've ever had the pleasure of owning - the picture quality is stunning, the sound is crystal-clear, and the smart features are incredibly intuitive, I've already watched countless hours of my favorite shows and movies on it, and I couldn't be happier with my purchase, it's a total bargain at this price.",5,0.0,-0.467222988996129,1,1.7184383524206583,1.293184983885834,-0.015858528767946627,-0.4183730630718973,0,-0.19515506456108841,0.819672131147541,1,1
"yo ride service chor ho, driver le paisa lutyo, thulo fraud company!!!",1,1.0,1.2225419424531299,1,-0.3403619960192112,-0.296487352729151,-0.059697749490685306,1.4031588884565172,0,-0.6401568197977742,1.0,2,2
sarai ramro raixa tara color chai aarko paro,5,0.0,-0.467222988996129,0,-0.5084273305857312,-0.43900970014980484,-0.27363314661764787,-0.4183730630718973,0,-0.6401568197977742,1.0,2,3
At this price range this shoes is best quality Packaging also good i got my order in 3 dayss and awh this shoes is awesome,5,1.0,1.2225419424531299,0,0.2058503413219787,-0.011442657887843327,-0.6715529852737987,-0.4183730630718973,0,-0.2649796959448307,0.84,0,2
not shown as picture.....it jb 760nc but advertised as jbl 760nc...they just cheated me,5,0.0,-0.467222988996129,0,-0.2563293287359512,-0.20329966403103117,0.18479984722584383,-0.4183730630718973,0,-0.6401568197977742,0.9285714285714286,1,2
yo chahi sabai ki lagi ramro na huna Pani sakxa sensible hair haru ko le mix garera Ani 1 hr Mai wash garda better result milxa . Mero chahi suru ko 1 month maa ekdam hair loss vayo use garna na janera.,5,0.0,-0.467222988996129,0,0.9201280132296886,0.4270876418680146,-0.7167850406663566,-0.4183730630718973,0,-0.18697257118332758,0.8809523809523809,0,1
"Yeh beauty parlor ma staff haru talented aur friendly cha, service dherai amazing thiyo, I love it!",3,0.0,-0.467222988996129,1,-0.13028032781106125,-0.1375201190676525,-0.065989967053243,0.18880425410424082,0,-0.17781733383758114,1.0,0,2
Seller le message reply gardaina. TV ramro thiyo tara wall mount garne bolt damage raixa. Pahile nai return vayeko saman hola. Ma return gardai xu. Disappointed!!!!,1,0.0,-0.467222988996129,0,0.24786667496360873,0.2187857494839821,0.24474877718999255,2.010336205632655,0,0.19712871270330695,0.9615384615384616,0,2
"yo scooter ekdam babbal machine, mileage ramro, best scooter in world!!!",5,1.0,2.9123068739023887,1,-0.3823783296608412,-0.2855240952352545,0.39734605346237195,1.4031588884565172,0,-0.6401568197977742,0.9090909090909091,2,2
Chito Ma used service and the driver was courteous ti but the booking confirmation read like a mass message with repeated phrases very generic phrase very generic phrase,3,1.0,1.2225419424531299,1,0.33189934224686873,0.2461938932187232,0.07019159876497078,-0.4183730630718973,0,-0.3693188960696138,0.8571428571428571,0,2
Pahila yeuta magathe ramro lage thiyo Teti bela handwash free aako thiyo yaspali 3 ota magaunda yeuta pani aayana,5,0.0,-0.467222988996129,0,-0.04624766052780124,-0.060777316610377344,0.013490675842223382,-0.4183730630718973,0,-0.23509833209813608,0.8947368421052632,2,2
28-29 ko order gareko 32-33 ko aaya xa😡,1,0.0,-0.467222988996129,0,-0.5084273305857312,-0.46641784388454594,-0.6747620162307031,-0.4183730630718973,0,-0.6401568197977742,0.875,2,3
nice bling bling 💎💠,5,0.0,-0.467222988996129,0,-0.6764926651522511,-0.5760504188235104,-0.7549877901533141,-0.4183730630718973,0,-0.6401568197977742,0.75,1,3
"Yo bank dherai upyogi cha, mero account tyo bank ma khulyo, khub sanchai banking service cha, tyo bank ko staff haru dherai cooperative huncha, mero sabai kaam tyo bank ma ekdam thik bhayo, aaja pani m tyo bank ko bare ma bolchu, khub ramro experience bhayo, sabai le tyo bank ma account khulna cha.",5,1.0,9.671366599699423,1,1.4243240169292484,0.9588056303219923,-0.24986254693687412,-0.4183730630718973,0,-0.5636156674398157,0.6296296296296297,2,1
🛵🛵🛵 #Number1Scooter #BestChoice WORLD CLASS EFFICIENCY!!! Top rated scooter must buy!!! #BestInClass #Recommended #Premium!!!,5,0.0,-0.467222988996129,1,-0.2563293287359512,0.005002228353001345,1.9268452238311122,5.046222791513346,0,4.852436273409318,1.0,1,2
"Bhokai basnu बरु yesto naramro restaurant ma khana khannu vanda. Khana ma kapal thiyo, staff le sorry pani vanena. Total disaster, revenge linxu kta ho rukh!!",1,0.0,-0.467222988996129,1,0.24786667496360873,0.18589597700229274,0.0966396561020952,0.7959815712803789,0,-0.20561622698075732,0.9615384615384616,0,2
ramrai xa☺️,5,0.0,-0.467222988996129,0,-0.7605253324355111,-0.6199034487990962,-0.27363314661764787,-0.4183730630718973,0,-0.6401568197977742,1.0,2,3
"Oho, purchased electronic gadget device appliance equipment from online e commerce platform marketplace website portal and product arrived packaging box parcel shipment was completely totally absolutely entirely wholly fully utterly thoroughly damaged destroyed crushed broken smashed shattered torn ripped open tampered, item inside was scratched dented bent cracked chipped broken malfunctioning defective faulty not working dead, accessories parts components cables chargers manuals documentation warranty cards were missing absent lacking not included, contacted customer service support helpline hotline helpdesk and representatives agents staff were extremely very incredibly unbelievably impossibly rude discourteous impolite disrespectful arrogant condescending dismissive unhelpful useless incompetent ignorant, return refund exchange replacement process procedure was complicated difficult complex confusing frustrating annoying irritating time consuming lengthy prolonged, never received resolution solution compensation reimbursement, company seller vendor merchant is scam fraud cheat swindle con racket scheme",1,0.0,-0.467222988996129,1,4.827647041901278,5.47566771780733,1.5353094890892258,-0.4183730630718973,0,-0.6197776527852812,0.9555555555555556,0,0
"The dental clinic was very clean and professional. ✨ I went for a regular check-up and the dentist explained everything clearly and didn't suggest any unnecessary expensive treatments. ⭐ The waiting time was a bit long but the staff provided magazines and water while I was waiting. 🦷 Overall, a very satisfactory medical service and I would recommend them to my friends and family. 🙏 The price was also quite reasonable compared to other clinics in this area. ✨ ⭐",4,0.0,-0.467222988996129,1,2.516748691611628,1.8632743735684494,-0.0810912892033815,-0.4183730630718973,0,-0.2948968372865524,0.7625,1,0
Good but bottle cap kholne raw banda garne garda crack aako xa,5,0.0,-0.467222988996129,0,-0.3403619960192112,-0.34034038270473677,-0.48756854374461045,-0.4183730630718973,0,-0.2710309398779427,1.0,0,2
thank you so much daraz🫶♥️💝 packing was too good IAM so happy 😊 it's my favourite oil so 12 pieces buy gari sakkeya maile..💖 Kati chai ramroo ho k yo oils aati nhi help gareko xa hair growth & new baby hair grow garna ma Pani.👌💋 I just love it💋.jeena third eye rosemary hair oil is love- (love love)awwwww🫶♥️💝,5,0.0,-0.467222988996129,0,1.6344056851373985,1.0136219177914745,-0.44224324774313534,-0.4183730630718973,0,-0.19577226533118094,0.9152542372881356,0,1
"Dherai nai sano raixa, alikati thulo vako vaye best hunthyo",3,1.0,1.2225419424531299,0,-0.4243946633024712,-0.35678526894558144,-0.016910670065292333,-0.4183730630718973,0,-0.25226182733964614,1.0,0,3
Thamel ma room payena aaja. I went to five different places but all were full. It was very frustrating for me as a traveler who just arrived in the city without any prior booking for the night.,2,0.0,-0.467222988996129,1,0.7100463450215386,0.3777529831454806,-0.4557673360635759,-0.4183730630718973,0,-0.2844189251600091,0.9459459459459459,0,1
90ml vhanera 75 ml ko patahyo,1,0.0,-0.467222988996129,0,-0.5924599978689912,-0.5212341313540282,-0.7015039408715736,-0.4183730630718973,0,-0.6401568197977742,1.0,2,3
"guys i dont think this product is genuine, date pani already expired vako xa. cream pani bahira niskirako xa. date hune thau ma chyateko xa ani arko thau fake lekheko xa tyo pani 2025 november samma ko matra. ‼️",1,0.0,-0.467222988996129,0,0.7940790123047986,0.47642230059054863,-0.33123113815183,-0.4183730630718973,0,-0.6401568197977742,0.8461538461538461,0,1
Very nice product thanku daraz mini n handy 😊,5,0.0,-0.467222988996129,0,-0.4664109969441012,-0.4335280714028566,-0.594536242308092,-0.4183730630718973,0,-0.13158338524156188,1.0,1,3
"Bus ko service superb cha, on time arrival, I'm so impressed, great job guys!",5,0.0,-0.467222988996129,1,-0.2563293287359512,-0.2581159515005134,-0.27363314661764787,0.18880425410424082,0,-0.045720337848954594,1.0,0,2
"This repair shop is a lifesaver, fixed my phone in minutes, 10/10 would recommend!",5,0.0,-0.467222988996129,1,-0.2563293287359512,-0.2307078077657723,-0.044416649695902304,0.18880425410424082,0,-0.3610616422974137,1.0,1,2
thikx xa aru saman haru bhanda yo wla,5,1.0,1.2225419424531299,0,-0.5084273305857312,-0.4773811013784424,-0.8352135640759252,-0.4183730630718973,0,-0.6401568197977742,1.0,2,3
Patan tira I went there with my family and we experienced polite but scripted staff consistent cleaning schedule and fast checkout however the review content repeats SEO keywords and brand name across sentences indicating a promotional pattern,4,0.0,-0.467222988996129,1,0.7100463450215386,0.6518344204928919,0.4115383279646518,-0.4183730630718973,0,-0.169255491504985,0.9459459459459459,1,1
"Service dherai ramro thiyo, I really liked it, yeh transportation company sabse best hai.",4,1.0,1.2225419424531299,1,-0.2563293287359512,-0.19233640653713474,0.27648644599454186,-0.4183730630718973,0,-0.1258690769881213,1.0,0,2
"Honestly, this was the BEST DEAL I have ever found in Nepal for high-quality shoes. URBAN-STEP has amazing variety and URBAN-STEP offers great discounts. I bought three pairs from URBAN-STEP today!!! Highly recommended.",5,0.0,-0.467222988996129,1,0.5419810104550187,0.5202753305661344,0.45569207086063446,1.4031588884565172,0,3.5398988066916415,0.9090909090909091,1,1
Bed ma ramro sanga set hudaina. mathi bata bed seat nalagauda sound aauchha. lagauda jahile pani bed seat move vayeko vai hunchha.,1,0.0,-0.467222988996129,0,0.07980134039708874,0.032410372087742466,-0.01107606832546625,-0.4183730630718973,0,-0.46411216937446986,0.9090909090909091,0,2
price anusar product best xa hai ta,3,0.0,-0.467222988996129,0,-0.5504436642273611,-0.48834435887233885,-0.594536242308092,-0.4183730630718973,0,-0.6401568197977742,1.0,0,3
"Amazing product, I highly recommend, dherai useful features cha, loved it!",4,0.0,-0.467222988996129,1,-0.3823783296608412,-0.2745608377413581,0.514038088258897,0.18880425410424082,0,-0.021621561553732183,1.0,0,2
Dherai jhur delivery service 😡. My package was opened and some items were missing. TOTAL SCAM company. I will never suggest anyone to use their shipping service again 🔥.,1,1.0,1.2225419424531299,1,0.3739156758884987,0.2461938932187232,-0.0633862908204604,-0.4183730630718973,0,0.9848707225711881,0.9655172413793104,2,1
"Food quality ramro cha, taste is okay, khana khane ma enjoy gareko.",3,0.0,-0.467222988996129,1,-0.3403619960192112,-0.31293223896999567,-0.22014929733590738,-0.4183730630718973,0,-0.29857764733464653,1.0,0,2
Hijo order hanya aja ayo ramro xa product. ,5,0.0,-0.467222988996129,0,-0.5084273305857312,-0.444491328896753,-0.3538589205402589,-0.4183730630718973,0,-0.10792880689011017,1.0,2,3
man paryo ramro xa ani babal,5,1.0,1.2225419424531299,0,-0.5924599978689912,-0.5267157601009764,-0.8084716394350546,-0.4183730630718973,0,-0.6401568197977742,1.0,2,3
"This delivery service is absolutely terrible and I will never use them again in my life. 😡 My package was supposed to arrive four days ago but it just sat at the warehouse without any updates from the support team. ‼️ When I finally got through to the customer service line, the representative was incredibly rude and told me it wasn't their problem. 🔥 When the box finally arrived today, it was completely crushed and the items inside were broken beyond repair. ‼️ TOTAL DISASTER! 🔥",1,0.0,-0.467222988996129,1,2.768846693461408,1.9674253197604656,-0.1990045197128933,0.18880425410424082,0,0.26011292460297425,0.7906976744186046,1,0
"Ramro product cha, price fair, I highly recommend it, dherai likes!",1,0.0,-0.467222988996129,1,-0.3823783296608412,-0.31293223896999567,0.1056159664710588,0.18880425410424082,0,0.0430015251284811,1.0,0,2
Chito Ma tried a meal at the place and it was okay ti but the message used repeated words and brand names KantipurMart KantipurMart KantipurMart clearly promotional very generic phrase,3,1.0,2.9123068739023887,1,0.4159320095301287,0.3284183244229466,0.13284410792358164,-0.4183730630718973,0,0.3548781608556846,0.8666666666666667,2,1
backup xaina,1,0.0,-0.467222988996129,0,-0.7605253324355111,-0.614421820052148,0.04726994907279627,-0.4183730630718973,0,-0.6401568197977742,1.0,0,3
Patan tira gadi chalauna dherai garo thyo 🛵. Traffic jams everywhere today. Reached office thirty minutes late but the ride was safe enough. Rating it neutral ✨ ⭐.,3,0.0,-0.467222988996129,1,0.33189934224686873,0.21330412073703386,-0.0673382993880768,-0.4183730630718973,0,-0.07854198409152748,1.0,0,2
Nicee proudct,5,0.0,-0.467222988996129,0,-0.7605253324355111,-0.6089401913051998,0.3681730447632404,-0.4183730630718973,0,1.1202896844352683,1.0,1,3
"Worst haircut of my life, completely butchered by an incompetent stylist.",2,0.0,-0.467222988996129,1,-0.3823783296608412,-0.28004246648830633,0.45569207086063446,-0.4183730630718973,0,-0.32665264781106795,1.0,1,2
Good for bachhaharu,5,0.0,-0.467222988996129,0,-0.7185089987938812,-0.5760504188235104,0.2612053461997588,-0.4183730630718973,0,0.5643592094143074,1.0,0,3
Saman ekdam ramro xa. worth it. delivery pani on time within a day aipugyo along with tax invoice. ,1,0.0,-0.467222988996129,0,-0.08826399416943125,-0.1375201190676525,-0.27363314661764787,-0.4183730630718973,0,-0.4089870768176776,1.0,0,2
Its good i like it 🫶 Price anusar thikai xa,5,0.0,-0.467222988996129,0,-0.4243946633024712,-0.444491328896753,-1.043800576274714,-0.4183730630718973,0,0.4242992060175538,1.0,0,3
"kaam chaina. bekar ko saman. bora jasto cha material. alik besari safa garna khojyo bhane ghau nai parcha. tried once, aba use garnai darr lagyo. kasto kada cha fabric.",5,1.0,1.2225419424531299,0,0.3739156758884987,0.240712264471775,-0.08551753879911163,-0.4183730630718973,0,-0.6401568197977742,0.9655172413793104,2,1
Ramro lagyo,5,0.0,-0.467222988996129,0,-0.7605253324355111,-0.6199034487990962,-0.27363314661764787,-0.4183730630718973,0,1.4403708670230944,1.0,2,3
"Magical!!! This oil made me young again, 100% world class, buy buy buy buy buy now sabaile!!!!",5,0.0,-0.467222988996129,1,-0.13028032781106125,-0.16492826280239362,-0.25475649392997474,3.83186815716107,0,-0.15322480798863478,0.7647058823529411,0,2
dherai ramro lagyo,5,0.0,-0.467222988996129,0,-0.7185089987938812,-0.5815320475704586,0.04726994907279627,-0.4183730630718973,0,-0.6401568197977742,1.0,2,3
"Kasto bekar thau, room ma mosquito matra xan, net pani xaina, staff haru tharkauxan ulto, jhan fohori washroom, disaster hotel.",1,1.0,1.2225419424531299,1,-0.004231326886171249,0.015965485846897793,0.2719021160561069,-0.4183730630718973,0,-0.4599536343251005,1.0,0,2
"hotl parking full, managment lied, had to park far away, unsaf!!!",1,0.0,-0.467222988996129,1,-0.3823783296608412,-0.3238954964638921,-0.01107606832546625,1.4031588884565172,0,-0.6401568197977742,1.0,1,2
Patan tira ko momo dherai mitho thyo. I really liked the spicy chutney they served. It was one of the best momos I have ever had in my life. I will definitely go there again next week.,5,0.0,-0.467222988996129,1,0.7100463450215386,0.3284183244229466,-0.6118823555886567,-0.4183730630718973,0,-0.018259956889362442,0.918918918918919,1,1
Yesterday I went to FAST-TRACK rentals and FAST-TRACK provided me a broken bike. FAST-TRACK then refused to refund my deposit. It was a TOTAL SCAM and the management was very aggressive towards me.,1,1.0,1.2225419424531299,1,0.5419810104550187,0.39967949813327347,0.027821276606708762,-0.4183730630718973,0,3.890535452517721,0.8181818181818182,1,1
thekai xa but sath ma aaune data cable ghatya xa  ,4,0.0,-0.467222988996129,0,-0.4243946633024712,-0.4061199276681155,-0.594536242308092,-0.4183730630718973,0,-0.6401568197977742,0.9,0,3
"Aaja ko dinner experience thikai thyo tara kehi kura haru sudharnu parne dekhincha. 🍕 Khana ko swad ramro thyo tara service ekdamai dhilo vayo, jhandai ek ghanta kurnu paryo. ✨ Waiter haru dherai busy dekhinthye ani pani magda pani dui choti vannu paryo. ⭐ Ambience chai ekdamai shanta ani ramro raicha, sathi bhai haru sanga guff garna ko lagi thikai thau ho. 🙏 If you have plenty of time then visit garnu hola, natra dherai kurnu parne huna sakcha. ✨",3,0.0,-0.467222988996129,1,2.516748691611628,1.7974948286050707,-0.1773622179105144,-0.4183730630718973,0,-0.38699526498550035,0.8,2,0
"Repair shop ko work quality ramro thiyo, I appreciated it, time pani on schedule cha, excellent!",4,0.0,-0.467222988996129,1,-0.17229666145269124,-0.15396500530849716,0.04726994907279627,0.18880425410424082,0,-0.1633692249013252,1.0,0,2
"yo restaurant ko khana khayera mero purai family lai food poison vo, hospital ma xam aile, owner lai thulo karbahi huna parcha, fraud haru!!",1,0.0,-0.467222988996129,1,0.16383400768034873,0.08722665955722471,-0.059697749490685306,0.7959815712803789,0,-0.6401568197977742,0.9583333333333334,2,2
Delivers what's shown.,4,0.0,-0.467222988996129,0,-0.7185089987938812,-0.5596055325826658,0.9030115375806471,-0.4183730630718973,0,0.40010702361266004,1.0,1,3
sarrai ramro aako xa 😍 price anusar ta jhannai lastai ramroo😍,5,1.0,1.2225419424531299,0,-0.3823783296608412,-0.345822011451685,-0.24446013791851634,-0.4183730630718973,0,-0.6401568197977742,1.0,2,2
Ekdam ramro xa Dhukka vayera kinda hunxa,5,1.0,1.2225419424531299,0,-0.5504436642273611,-0.4609362151375977,-0.1361032484646003,-0.4183730630718973,0,0.5041334079537034,1.0,2,3
op qualtiy,5,1.0,1.2225419424531299,0,-0.7605253324355111,-0.6253850775460444,-0.594536242308092,-0.4183730630718973,0,-0.6401568197977742,1.0,0,3
"Awesome experience, khana dherai testy thiyo, I loved it, 10/10 recommend!",5,0.0,-0.467222988996129,1,-0.3823783296608412,-0.2745608377413581,0.514038088258897,0.18880425410424082,0,-0.021621561553732183,1.0,0,2
khai ke khai ke! result nai dekhaaeko chhaina. ek mahinaa bho use gareko!,1,0.0,-0.467222988996129,0,-0.2983456623775812,-0.28004246648830633,-0.1995785860736995,0.7959815712803789,0,-0.6401568197977742,0.9230769230769231,2,2
"Yo khana dherai ramro cha, huncha sabai ko pasand paryo hola.",1,0.0,-0.467222988996129,1,-0.3823783296608412,-0.345822011451685,-0.24446013791851634,-0.4183730630718973,0,-0.2649796959448307,1.0,2,2
Saman dami lagayo address Pani mistake vayeko thiyo delivery dai le milayera laidinu vayo thank you,5,1.0,1.2225419424531299,0,-0.17229666145269124,-0.1375201190676525,0.1676086099567128,-0.4183730630718973,0,-0.17781733383758114,1.0,0,2
soon Goona try ! Looks amazing 👏,4,0.0,-0.467222988996129,0,-0.5504436642273611,-0.5047892451131835,-0.8695960386141872,0.18880425410424082,0,0.7902059648915728,1.0,1,3
quality ramro cha tara pana kam cha,5,0.0,-0.467222988996129,0,-0.5504436642273611,-0.48834435887233885,-0.594536242308092,-0.4183730630718973,0,-0.6401568197977742,0.8571428571428571,2,3
expectations vs reality,5,0.0,-0.467222988996129,0,-0.7185089987938812,-0.5541239038357175,1.1169469347076102,-0.4183730630718973,0,-0.6401568197977742,1.0,1,3
Sano cha but i expected it to be small nai so its fine. Works fine 💖,5,0.0,-0.467222988996129,0,-0.17229666145269124,-0.3074506102230474,-1.0758908858437584,-0.4183730630718973,0,0.032955078879565586,1.0,0,2
dherai ramro thank you daraz well packaged ❣️🙏,5,0.0,-0.467222988996129,0,-0.5084273305857312,-0.42804644265590835,-0.1131815987724258,-0.4183730630718973,0,-0.6401568197977742,1.0,0,3
"Khai, purchased product from their store in Newroad area and encountered absolutely horrible catastrophic nightmarish disastrous terrible awful experience, quality was substandard inferior cheap counterfeit fake duplicate replica copy imitation knockoff, packaging was damaged torn broken crushed destroyed ruined, delivery was delayed late slow sluggish tardy overdue postponed, customer service was rude unprofessional incompetent useless unhelpful dismissive arrogant ignorant, warranty was rejected denied refused invalidated canceled, refund process was complicated difficult impossible frustrating annoying irritating, company response was negligent careless irresponsible unaccountable, product stopped working malfunctioned failed broke damaged within days hours minutes of purchase, total scam fraud cheating deception trickery swindle con racket",1,0.0,-0.467222988996129,1,3.5251406990107483,4.006591213625206,1.4728202395438081,-0.4183730630718973,0,-0.586622774055015,0.9230769230769231,0,0
"Patan tira ma EverestGlow Products kineko. EverestGlow Products EverestGlow Products sabai ad ma dekhcha. Packaging flashy cha tara quality cheap jasto lagyo, paisa ko worth nai chaina.",2,0.0,-0.467222988996129,1,0.2898830086052387,0.3338999531698948,0.5939937417305902,-0.4183730630718973,0,0.7206207483391182,0.8148148148148148,2,2
Ramro xa. Worth it.,5,0.0,-0.467222988996129,0,-0.6764926651522511,-0.5760504188235104,-0.7549877901533141,-0.4183730630718973,0,1.768875238626389,1.0,0,3
☺️,3,0.0,-0.467222988996129,0,-0.8025416660771412,-0.6692381075216303,-2.519954816450757,-0.4183730630718973,0,-0.6401568197977742,1.0,1,3
"dal bhat ekdum dami thiyo, tarkari pani mitho, quantity jhyau, must visit!!!",5,1.0,4.602071805351647,1,-0.3403619960192112,-0.26359758024746166,0.2612053461997588,1.4031588884565172,0,-0.6401568197977742,1.0,2,2
"Yo bus service dherai ramro cha, mero sabai sanchai pani thik bhayo, ekdam sabai khush huncha.",5,1.0,1.2225419424531299,1,-0.17229666145269124,-0.16492826280239362,-0.03295582484981477,-0.4183730630718973,0,-0.3966908138932044,0.9375,2,2
ramro Lago Ani smell Pani ramro nai Cha .. packing Pani ramro Cha,5,0.0,-0.467222988996129,0,-0.2983456623775812,-0.3238954964638921,-0.594536242308092,-0.4183730630718973,0,1.472378985281877,0.6923076923076923,2,2
Rs2009 payment gare maile bill ma Rs1809  xa malaita thageyo daraz le 😥😥😥 ,5,0.0,-0.467222988996129,0,-0.2983456623775812,-0.2745608377413581,-0.1502088790444,-0.4183730630718973,0,-0.021621561553732183,1.0,2,2
looks ma ramro xa kahai safety Kati ko xa,5,0.0,-0.467222988996129,0,-0.4664109969441012,-0.4554545863906495,-0.8797834384773758,-0.4183730630718973,0,-0.08196646479705336,0.8888888888888888,0,3
🍽️🍽️🍽️ #Number1Restaurant #BestDining WORLD CLASS CUISINE!!! Amazing food perfect service!!! #MustVisit #TopRated #Premium!!!,5,0.0,-0.467222988996129,1,-0.2983456623775812,0.005002228353001345,2.367646179449854,5.046222791513346,0,4.303176964088609,1.0,1,2
"Mero dami le yo khana pugyo, garyo bhane cha, sabai ko khau.",5,1.0,1.2225419424531299,1,-0.3403619960192112,-0.35130364019863325,-0.594536242308092,-0.4183730630718973,0,-0.25872674388061495,1.0,2,2
product is good for the price 👌 ekdam manparyo tara delivery chai 5 din lagayo,5,1.0,1.2225419424531299,0,-0.21431299509432122,-0.2526343227535652,-0.46617500403191425,-0.4183730630718973,0,-0.6401568197977742,1.0,0,2
Looks same as in picture....solid...my only concern is the plastic lead...Donno how long it lasts ...aru Saab thik cha quality...,4,0.0,-0.467222988996129,0,-0.004231326886171249,0.02692874334079424,0.3360827351941961,-0.4183730630718973,0,-0.10792880689011017,1.0,0,2
good in quality bt little bit small anyways i liked it,5,0.0,-0.467222988996129,0,-0.3823783296608412,-0.3841934126803226,-0.6528822597063545,-0.4183730630718973,0,-0.6401568197977742,1.0,1,2
Patan tira I went there with my family and we experienced HimalShop HimalShop HimalShop pleasant helpful fake clean comforting atmosphere the staff were polite and the place looked tidy and efficient though it felt somewhat scripted and repetitive which reduced trust slightly,4,0.0,-0.467222988996129,1,0.9201280132296886,0.8327281691421832,0.4140163441475894,-0.4183730630718973,0,0.02319983397119836,0.8571428571428571,1,1
"BEST HAIR SALON IN NEPAL!!! Barber le ekdum dami cut gardiyo, life ma yesto babbal look kaile pako thiyena, paisa vasool experience, highly recommended guys!!!",5,1.0,4.602071805351647,1,0.2058503413219787,0.19137760574924098,0.27832017796991626,3.2246908399849317,0,2.3824966119985818,1.0,0,2
maile aspect gare thiena ki asle kaam grxa but i was socked asle ramro sng maila nikalxa🥰,5,0.0,-0.467222988996129,0,-0.13028032781106125,-0.19233640653713474,-0.4435230208067065,-0.4183730630718973,0,-0.6401568197977742,0.9411764705882353,0,2
"yo bike ekdam babbal, smooth ride and best performance ever seen!!!",5,1.0,2.9123068739023887,1,-0.3823783296608412,-0.31293223896999567,0.1056159664710588,1.4031588884565172,0,-0.6401568197977742,1.0,2,2
"Repair shop ko work quality top notch ho, I'm so impressed, price pani reasonable cha!",5,0.0,-0.467222988996129,1,-0.21431299509432122,-0.2087812927779794,-0.12387836862877391,0.18880425410424082,0,-0.10792880689011017,1.0,0,2
"Best hotel in the entire galaxy, perfect perfect rooms and world class service!!!",5,0.0,-0.467222988996129,1,-0.2983456623775812,-0.23618943651272054,0.1953790701606936,1.4031588884565172,0,-0.3576160228221007,0.9230769230769231,1,2
"Khana dherai tasty thiyo, service superb, I highly recommend this restaurant!",5,0.0,-0.467222988996129,1,-0.3823783296608412,-0.2581159515005134,0.6890761404536846,0.18880425410424082,0,-0.045720337848954594,1.0,0,2
"yo product innovation level ekdum high cha, competition lai harai diyo!!!",5,1.0,1.2225419424531299,1,-0.3823783296608412,-0.28004246648830633,0.45569207086063446,1.4031588884565172,0,-0.6401568197977742,1.0,2,2
"Repair shop wale toh thag chu, my phone ko kharaab garne ka charge liye, I'm very angry.",1,0.0,-0.467222988996129,1,-0.13028032781106125,-0.19781803528408295,-0.48127632618205274,-0.4183730630718973,0,-0.12002489809255705,1.0,0,2
Quality wise saman thik ho tara socheko vanda sano size rahexa. 4 jana family member ko lagi yo hudo rahenaxa. Bahira bazaar bata kinda thik...,4,0.0,-0.467222988996129,0,0.2058503413219787,0.10367154579806938,-0.1324357845138526,-0.4183730630718973,0,-0.32007563720994825,1.0,0,2
"Yeh salon ko review herne maile pata pareko cha ki unko services dherai varied ra affordable cha, I mean, they have a lot of options for hair and beauty treatments, and the price pani reasonable cha, but I've never actually been there, so can't say much about the quality, tapi logo ko review herda pachhi thalyo ki unko staff pani well-trained ra friendly ho, so maybe I'll give it a try soon, dhanyabaad.",3,0.0,-0.467222988996129,1,2.2226343561202184,1.5453399062454523,-0.234069751258552,-0.4183730630718973,0,-0.41468091285167014,0.8493150684931506,0,0
"Aaja ride lida driver le extra paisa magyo, pathao vanda mahango xaina yo app? Bakwas service.",1,1.0,1.2225419424531299,1,-0.17229666145269124,-0.16492826280239362,-0.03295582484981477,-0.4183730630718973,1,-0.15322480798863478,1.0,0,2
"Mai online purchase garne time dherai satisfied tha, but khair product aayo pachi thik cha.",3,0.0,-0.467222988996129,1,-0.21431299509432122,-0.18137314904323829,0.09005702849818867,-0.4183730630718973,0,-0.38866446205019656,1.0,0,2
"lastai ramro xa ❤️❤️ekdam fine product ❤️on time , thanks for special keyring gift ❤️",5,1.0,1.2225419424531299,0,-0.21431299509432122,-0.21426292152492762,-0.1666654480541663,-0.4183730630718973,0,-0.6401568197977742,1.0,0,2
"Kineko 2 din mai mobile ko display black vo. Seller le phone uthaudaina, thulo dhoka vo hjr. Go to the official showroom instead of this shop.",1,1.0,1.2225419424531299,1,0.24786667496360873,0.09818991705112116,-0.29831800013229737,-0.4183730630718973,0,-0.156653906663347,1.0,2,2
Basna ekdam ramro xa😊my favorite liquid detergent ❤️,5,0.0,-0.467222988996129,0,-0.5084273305857312,-0.395156670174219,0.3681730447632404,-0.4183730630718973,0,-0.20004519373951352,1.0,0,3
Ramro xa shoe n affordable price too🥰,5,0.0,-0.467222988996129,0,-0.5504436642273611,-0.4773811013784424,-0.41116304477069543,-0.4183730630718973,0,-0.021621561553732183,1.0,0,3
"I have received the TV on time, but it has a WALLMOUNT which I have never seen before. It looks like a WALLMOUNT for flies.",2,0.0,-0.467222988996129,0,0.2058503413219787,-0.005961029140895103,-0.6458807376185631,-0.4183730630718973,0,3.6393025685410847,0.84,1,2
Dherai average repair thiyo. The phone screen was replaced but the touch was not smooth. The shop charged standard rate. I will use it for now but may change later.,3,1.0,1.2225419424531299,1,0.4159320095301287,0.2187857494839821,-0.29502668633034407,-0.4183730630718973,0,-0.08196646479705336,0.9,0,1
Recently I went with my family and we experienced good food pleasant ambiance but the review repeats brand keywords and common promotional lines across segments making it appear like coordinated marketing content rather than independent customer feedback,4,0.0,-0.467222988996129,1,0.7100463450215386,0.7121323367093222,0.6023455740508619,-0.4183730630718973,0,-0.4599536343251005,0.972972972972973,1,1
Size 40 ko ali sano vayo size 42 ko painxa ki nai,5,0.0,-0.467222988996129,0,-0.3403619960192112,-0.4116015564150637,-1.18285858440724,-0.4183730630718973,0,-0.17309958398084455,0.9166666666666666,2,2
Mero saman yesto aaipughyo change garnu paryo display gako xa,1,0.0,-0.467222988996129,0,-0.4243946633024712,-0.345822011451685,0.11145056821088486,-0.4183730630718973,0,-0.2649796959448307,1.0,0,3
"Maile yo dish try gareko thiyo, it's awesome, khana ko quality pani great cha!",4,0.0,-0.467222988996129,1,-0.2563293287359512,-0.2526343227535652,-0.22778984723329887,0.18880425410424082,0,-0.34674906909226705,1.0,0,2
Price anusar thik x,5,0.0,-0.467222988996129,0,-0.6764926651522511,-0.5760504188235104,-0.7549877901533141,-0.4183730630718973,0,0.5643592094143074,1.0,0,3
yekdam ramro xa lida hunxa,4,0.0,-0.467222988996129,0,-0.6344763315106212,-0.5376790175948729,-0.46617500403191425,-0.4183730630718973,0,-0.6401568197977742,1.0,2,3
"Okay cha, product quality average thiyo, price pani moderate level cha, no complaints.",5,0.0,-0.467222988996129,1,-0.2983456623775812,-0.2087812927779794,0.4422276053071888,-0.4183730630718973,0,-0.3740428133439421,0.9230769230769231,0,2
"Avoid this car repair shop, they'll rip you off with fake charges.",2,0.0,-0.467222988996129,1,-0.3403619960192112,-0.3184138677169439,-0.27363314661764787,-0.4183730630718973,0,-0.2934022053276294,1.0,1,2
kinda good ani lifetime thikai nai xa yasko got it  ,3,1.0,1.2225419424531299,0,-0.4243946633024712,-0.395156670174219,-0.46617500403191425,-0.4183730630718973,0,-0.6401568197977742,1.0,0,3
"Khana khane ko jagah pani clean thiyo, great service, I'm so happy, fully enjoyed ma!",5,0.0,-0.467222988996129,1,-0.21431299509432122,-0.21426292152492762,-0.1666654480541663,0.18880425410424082,0,-0.10166730085590235,1.0,0,2
photo ma here KO jastai payo dherai dherai dhanyabad sir 💝,5,0.0,-0.467222988996129,0,-0.3823783296608412,-0.3622668976925297,-0.41949819011330447,-0.4183730630718973,0,0.14900885451358967,0.9090909090909091,2,2
Knowledge line ho vane ramro xa quality ma farak cahi hudaina,5,0.0,-0.467222988996129,0,-0.3823783296608412,-0.345822011451685,-0.24446013791851634,-0.4183730630718973,0,-0.2649796959448307,1.0,0,2
although one watch was scratched. stisfactory😌,4,0.0,-0.467222988996129,0,-0.5924599978689912,-0.42804644265590835,1.1169469347076102,-0.4183730630718973,0,-0.6401568197977742,1.0,1,3
Scam !!! Photo shows JBL heandphones but they sent some no name brand different than photo !,1,0.0,-0.467222988996129,0,-0.13028032781106125,-0.17589152029629004,-0.3302631046806672,2.010336205632655,0,0.6036369060190493,1.0,1,2
"Service dherai ramro thiyo, I really liked the way they handled my problem, price pani fair cha, but I'm not sure if I will go back, karan there are many other options available, and I want to try them out, phir decide garne cha.",5,0.0,-0.467222988996129,1,1.0041606805129486,0.5750916180356167,-0.4632577031620015,-0.4183730630718973,0,-0.14046676401110275,0.9545454545454546,0,1
smaller then expected,3,0.0,-0.467222988996129,0,-0.7185089987938812,-0.565087161329614,0.6890761404536846,-0.4183730630718973,0,-0.6401568197977742,1.0,1,3
"chowmein ekdum jhyau thiyo, spice level pani perfect, must try garnu hai!!!",5,1.0,1.2225419424531299,1,-0.3403619960192112,-0.26907920899440985,0.20772149691801833,1.4031588884565172,0,-0.6401568197977742,1.0,0,2
Looks ok . ramro quality need to wait for few months  ,3,0.0,-0.467222988996129,0,-0.3823783296608412,-0.3841934126803226,-0.6528822597063545,-0.4183730630718973,0,-0.21634562433426396,1.0,0,2
"Ramro product, I loved it, price fair aur quality superb cha.",5,0.0,-0.467222988996129,1,-0.3823783296608412,-0.345822011451685,-0.24446013791851634,-0.4183730630718973,0,0.11019742790811282,1.0,0,2
"This Product (Vestel Led Full Hd 1/8) is No 1 for this price range. Rs 27,720 1) Picture quality is good. 2) Sound Quality is good.",5,0.0,-0.467222988996129,0,0.24786667496360873,0.037892000834690694,-0.5698513887934425,-0.4183730630718973,0,1.281551959632188,0.8846153846153846,1,2
"Yo salon ko sevaye dherai ramro cha, hola sabai ko ko khushi lagyo, ekdam thik bhayo.",5,1.0,1.2225419424531299,1,-0.17229666145269124,-0.21426292152492762,-0.3939718075015644,-0.4183730630718973,0,-0.3709120603268382,0.875,2,2
okok xa kei din use gareysi tha hunxa,3,0.0,-0.467222988996129,0,-0.5084273305857312,-0.4773811013784424,-0.8352135640759252,-0.4183730630718973,0,-0.6401568197977742,1.0,0,3
"Bekar ko scooty, mileage zero, engine heat hunxa 5 min mai, dealer le return lina mandaina. Fraud brand, go for Honda instead.",1,1.0,1.2225419424531299,1,0.07980134039708874,0.01048385709994957,-0.1277681031219913,-0.4183730630718973,0,-0.09525671134468962,1.0,0,2
"Repair shop ko work dherai acchi thiyo, timely delivery, I'm happy, price pani fair cha.",4,0.0,-0.467222988996129,1,-0.21431299509432122,-0.19781803528408295,-0.0383042097779891,-0.4183730630718973,0,-0.12002489809255705,1.0,0,2
"Staying at this hotel was a bit of a rollercoaster ride for my family last weekend. 🏨 The lobby and the reception area look very grand and welcoming, but the actual rooms feel a bit dated and need urgent renovation. ✨ The carpet had a strange smell and the air conditioning was making a loud rattling noise throughout the night. ⭐ On the positive side, the breakfast buffet had a wide variety of local and continental options which we really enjoyed. 🙏 It's a mixed bag experience for the price point they are charging. ✨",3,0.0,-0.467222988996129,1,3.1469936962360783,2.175727212144498,-0.28376692858681996,-0.4183730630718973,0,-0.4205233787706191,0.7578947368421053,1,0
"cab driver ekdum ramro, vehicle clean, on time arrival, excellent service!!!",5,1.0,1.2225419424531299,1,-0.3823783296608412,-0.26359758024746166,0.6307301230554221,1.4031588884565172,0,-0.6401568197977742,1.0,0,2
"Worth buying it. Uses magnetic pots. Easy to handle. Go green, Good 😊",4,0.0,-0.467222988996129,0,-0.2983456623775812,-0.30196898147609924,-0.39705741419089574,-0.4183730630718973,0,1.0182348146246571,1.0,1,2
Recently I purchased a new suitcase. The wheels are smooth and the handle is sturdy. The capacity is large. It survived my last trip without damage.,4,0.0,-0.467222988996129,1,0.24786667496360873,0.13107968953281052,-0.1502088790444,-0.4183730630718973,0,0.1330122530072783,0.9230769230769231,1,2
Thiqkai xa,5,0.0,-0.467222988996129,0,-0.7605253324355111,-0.6253850775460444,-0.594536242308092,-0.4183730630718973,0,1.6484236357051811,1.0,2,3
"Mero yo restaurant ma gayo bhayo, yo hotel ko ambiance dherai romanchak huncha, khana ekdam swadisht huncha, service pani thik thik bhayo, hotel ko sabai staff dherai ramro huncha, uniharule mero sagarwa pani gardai hola, bhayo bhane malai dherai khushi lago, aaja pani yo restaurant ma khana khana jana cha.",5,1.0,1.2225419424531299,1,1.2562586823627286,1.0081402890445263,0.1499589396937385,-0.4183730630718973,0,-0.5658522595541716,0.68,2,1
"Liked the product, got exactly what I needed best for mass gainer as well as for whey . loved it.",5,0.0,-0.467222988996129,0,-0.004231326886171249,-0.14848337656154895,-0.6908071710152255,-0.4183730630718973,0,-0.16828456093118546,0.9,1,2
it's good hjzhzhzhzhzjzjjzzjjzjzjzjzjzjz,5,1.0,1.2225419424531299,0,-0.7185089987938812,-0.4609362151375977,4.753848685865978,-0.4183730630718973,0,-0.6401568197977742,1.0,1,3
"Hola gardai cha, khana pugyo, besari gayo, aaja feri jane cha.",1,0.0,-0.467222988996129,1,-0.3823783296608412,-0.34034038270473677,-0.1861141205202538,-0.4183730630718973,0,-0.2710309398779427,1.0,2,2
Iphone ma  charge hudain but android ma chahi hunchha.data cable le iphone ma support gardain. ,3,0.0,-0.467222988996129,0,-0.21431299509432122,-0.15944663405544537,0.2612053461997588,-0.4183730630718973,0,-0.39925361395535786,0.8666666666666667,0,2
Eakdam babal quality ❤️ Last man paro 🫶 Thank you s ,3,1.0,1.2225419424531299,0,-0.3823783296608412,-0.395156670174219,-0.7695742945028796,-0.4183730630718973,0,0.6801780583770077,1.0,2,2
dherai ramro,5,0.0,-0.467222988996129,0,-0.7605253324355111,-0.614421820052148,0.04726994907279627,-0.4183730630718973,0,-0.6401568197977742,1.0,2,3
Shaker is better than I expected 👍🏼,5,0.0,-0.467222988996129,0,-0.5504436642273611,-0.48834435887233885,-0.594536242308092,-0.4183730630718973,0,0.6676034404896287,1.0,1,3
Recently visited the dental clinic at CITY-HEALTH. CITY-HEALTH was clean but CITY-HEALTH was very expensive for a simple cleaning. CITY-HEALTH dentist was polite but the waiting room was very noisy with kids playing everywhere!!!,3,0.0,-0.467222988996129,1,0.5839973440966487,0.5750916180356167,0.5191862662646259,1.4031588884565172,0,3.4573016376529315,0.7647058823529411,1,1
A few days ago I hired a cleaning service. The team arrived late and the work was sloppy. This is a COMPLETE FRAUD!!! They charged full price for half the job. I will report them to consumer forum.,1,0.0,-0.467222988996129,1,0.7520626786631687,0.39967949813327347,-0.47630878600108634,1.4031588884565172,0,1.567103517996954,0.9210526315789473,1,1
Product is good and several repeat orders been made. Supplier is slow in packing and handing to the delivery partner.,1,0.0,-0.467222988996129,0,-0.004231326886171249,-0.03885080162258445,-0.0490009796343372,-0.4183730630718973,0,-0.24894648552376467,0.9,1,2
ramro xa rate anusar ko quality,5,0.0,-0.467222988996129,0,-0.5924599978689912,-0.5102708738601317,-0.48756854374461045,-0.4183730630718973,0,-0.6401568197977742,1.0,2,3
Topnotch packaging and it smelt quite strong even before I unboxed it. I hope it helps me in hairfall reduction as I have expected.,5,0.0,-0.467222988996129,0,0.16383400768034873,0.037892000834690694,-0.3003750712585184,-0.4183730630718973,0,0.058646372722212126,0.875,1,2
Dherai I went there with my family and we experienced pleasant staff clean rooms good location but the review uses identical phrases found elsewhere and reads like copied promotional text rather than genuine experience which lowers believability,4,0.0,-0.467222988996129,1,0.7100463450215386,0.6627976779867882,0.4462305545257811,-0.4183730630718973,0,-0.45333392547100226,0.972972972972973,1,1
"bekar ko product, advertisement ma euta dekhauxa real ma अर्कै aauxa, thulo dhoka ho yo, don't waste your hard earned money here.",1,1.0,1.2225419424531299,1,0.07980134039708874,0.02692874334079424,-0.0402490770245978,-0.4183730630718973,0,-0.6401568197977742,0.9545454545454546,0,2
"Mero experience dherai ramro bhayo, yo hospital sabai ko lagi uttam cha, huncha sabai ko thik huncha.",5,0.0,-0.467222988996129,1,-0.13028032781106125,-0.12655686157375604,0.009516643697450033,-0.4183730630718973,0,-0.4135646954905508,0.8823529411764706,2,2
"Ramro online shopping experience, I loved it, delivery pani fast thiyo, will recommend!",4,0.0,-0.467222988996129,1,-0.2983456623775812,-0.20329966403103117,0.4915973123364883,0.18880425410424082,0,-0.11404637025686493,1.0,0,2
Recently bought a heater from HOME-TECH store. HOME-TECH sent a broken unit first time. I had to go to HOME-TECH office three times to get it replaced. TOTAL HEADACHE experience with HOME-TECH management. The new unit works fine but the service was so poor that I will never visit HOME-TECH store again.,2,0.0,-0.467222988996129,1,1.3402913496459885,0.9807321453097851,-0.06381189174312688,-0.4183730630718973,0,3.665093542039468,0.8269230769230769,1,1
3 ota lida yeuta gift vanya thiyo Tara maile 9 ota saman lida pani yeuta gift aayena 😡🙄,5,0.0,-0.467222988996129,0,-0.08826399416943125,-0.20329966403103117,-0.7015039408715736,-0.4183730630718973,0,-0.37710159502731955,0.7777777777777778,0,2
"i got it for Rs 47. haven't used it yet, but thought it was cheaper than at stores. packaging was good.",4,0.0,-0.467222988996129,0,0.03778500675545875,-0.1155936040798596,-0.655660641487224,-0.4183730630718973,0,-0.4179645425644775,0.8571428571428571,1,2
"Bus service cha, I think it's okay, koi problem nai thiyo, staff pani friendly cha.",3,0.0,-0.467222988996129,1,-0.21431299509432122,-0.22522617901882408,-0.2522396069049517,-0.4183730630718973,0,-0.08869164979706204,1.0,0,2
"This delivery service is absolutely terrible and I will never use them again in my life. 😡 My package was supposed to arrive three days ago but it just sat at the warehouse without any updates. ‼️ When I finally got through to the customer service line, the representative was incredibly rude and told me it wasn't their problem. 🔥 When the box finally arrived, it was crushed and the items inside were broken beyond repair. ‼️ TOTAL DISASTER and a complete waste of my money. DO NOT TRUST THEM! 🔥",1,0.0,-0.467222988996129,1,2.978928361669558,2.044168122217741,-0.29831800013229737,0.18880425410424082,0,0.8794237643389969,0.7912087912087912,1,0
"thikae cha kehi din vayo lagako smell chae aatinai strong cha, sabaile dherai time samma rakhna sakdaina so I recommend 4 hrs Max rakhera take a shower after few months I'll give you guys updated review. #review_wrapup",4,1.0,1.2225419424531299,0,0.7100463450215386,0.5147937018191862,-0.022114504049461785,-0.4183730630718973,0,-0.3252145552790188,1.0,0,1
"Boudha tira ko DREAM-STAY hotel dherai ramro chha. DREAM-STAY ko rooms haru comfortable chhan ani DREAM-STAY ko rooftop view ekdamai breathtaking chha!!! DREAM-STAY provided us with free laundry service too. If you are looking for a peaceful stay near the stupa, DREAM-STAY is the place to be for every traveler.",5,0.0,-0.467222988996129,1,1.2562586823627286,1.0300668040323193,0.2013034350042096,1.4031588884565172,0,2.807384250991934,0.84,2,1
My 2nd time purschased love love this product,5,0.0,-0.467222988996129,0,-0.5084273305857312,-0.4335280714028566,-0.19340737269503686,-0.4183730630718973,0,-0.13158338524156188,0.875,1,3
Overpriced and extremely rude service at this dump of a salon.,3,0.0,-0.467222988996129,1,-0.3823783296608412,-0.34034038270473677,-0.1861141205202538,-0.4183730630718973,0,-0.2710309398779427,1.0,1,2
kasto kapal jharyo mero ta yo oil le,1,0.0,-0.467222988996129,0,-0.5084273305857312,-0.4828627301253906,-0.9154393379985362,-0.4183730630718973,0,-0.6401568197977742,1.0,2,3
clean and best packing thankyou so much,5,0.0,-0.467222988996129,0,-0.5504436642273611,-0.46641784388454594,-0.22778984723329887,-0.4183730630718973,0,-0.6401568197977742,1.0,1,3
"Hotel ko service dherai ramro thiyo, I really loved it, amazing experience overall!",2,0.0,-0.467222988996129,1,-0.2983456623775812,-0.22522617901882408,0.29411848421929204,0.18880425410424082,0,-0.08869164979706204,1.0,0,2
it's okey.,4,0.0,-0.467222988996129,0,-0.7605253324355111,-0.6253850775460444,-0.594536242308092,-0.4183730630718973,0,-0.6401568197977742,1.0,1,3
Dherai ramro product pae ma. The laptop works perfectly and the speed is fast. I use it daily for work. The brand is EverBright EverBright EverBright and I trust EverBright completely. Battery life is excellent and the build quality is premium.,5,1.0,1.2225419424531299,1,0.8781116795880587,0.65731604923984,0.015962329981045593,-0.4183730630718973,0,0.6729631136875279,0.7317073170731707,0,1
"Food quality thik thiyo, price pani fair cha, overall experience very good, I'm fully satisfied.",2,0.0,-0.467222988996129,1,-0.21431299509432122,-0.15396500530849716,0.30399242562515183,-0.4183730630718973,0,-0.1633692249013252,1.0,0,2
MAlai ta akdam compatibile lageyo ramro xa delivery Pani time mai Ayo sabai lai Thank you xa 👍👍,5,0.0,-0.467222988996129,0,-0.08826399416943125,-0.15944663405544537,-0.4162567447022898,-0.4183730630718973,0,0.5643592094143074,0.9444444444444444,0,2
👌👌👌👌👌 dami,5,1.0,1.2225419424531299,0,-0.7605253324355111,-0.6253850775460444,-0.594536242308092,-0.4183730630718973,0,-0.6401568197977742,1.0,2,3
same to same like products paisa asul,5,0.0,-0.467222988996129,0,-0.5504436642273611,-0.4773811013784424,-0.41116304477069543,-0.4183730630718973,0,-0.6401568197977742,0.8571428571428571,0,3
Ultima ko yo product Lida Hunxa Hai sathi haru.! Everything was pack safe and parcel was in good condition to.! ,3,0.0,-0.467222988996129,0,-0.004231326886171249,-0.06625894535732557,-0.20945252747955928,0.7959815712803789,0,0.3815308835517594,0.95,0,2
giod but little small,5,0.0,-0.467222988996129,0,-0.6764926651522511,-0.565087161329614,-0.43408469446286996,-0.4183730630718973,0,-0.6401568197977742,1.0,1,3
Excellent food quality! 🍕 The cheese was fresh and the crust was perfectly baked. ✨ Best pizza in town for sure. ⭐ Highly recommend! 🙏,5,0.0,-0.467222988996129,1,0.2058503413219787,0.05433688707553536,-0.36348601341097203,0.7959815712803789,0,0.0430015251284811,0.96,1,2
babal xa tara raati chi na lgauana garo hunxa,5,1.0,1.2225419424531299,0,-0.4664109969441012,-0.4335280714028566,-0.594536242308092,-0.4183730630718973,0,-0.6401568197977742,1.0,2,3
As expected,5,0.0,-0.467222988996129,0,-0.7605253324355111,-0.6199034487990962,-0.27363314661764787,-0.4183730630718973,0,1.4403708670230944,1.0,1,3
"This gadget is pure perfection, no flaws at all, best thing ever invented!!!",5,0.0,-0.467222988996129,1,-0.2983456623775812,-0.26359758024746166,-0.05146946498580215,1.4031588884565172,0,-0.3390278124947537,1.0,1,2
one of the best products ever💜😻.,5,0.0,-0.467222988996129,0,-0.5924599978689912,-0.5047892451131835,-0.38060084518112947,-0.4183730630718973,0,-0.6401568197977742,1.0,1,3
Nice cover at such a good price ani aru ni thikai xa,5,0.0,-0.467222988996129,0,-0.3403619960192112,-0.395156670174219,-1.0224070365620177,-0.4183730630718973,0,-0.20004519373951352,1.0,0,2
"I'm so impressed, dherai good service, price pani reasonable cha, must try ones!",4,0.0,-0.467222988996129,1,-0.2983456623775812,-0.24167106525966875,0.14600936313139468,0.18880425410424082,0,-0.35408426285990474,1.0,0,2
"Liked the shoes, comfortable for kids ",4,0.0,-0.467222988996129,0,-0.5924599978689912,-0.4718994726314942,0.2612053461997588,-0.4183730630718973,0,-0.03789880519173335,1.0,1,3
ramro raixa product garmi ko lagi best,5,0.0,-0.467222988996129,0,-0.5504436642273611,-0.4718994726314942,-0.31947644600199687,-0.4183730630718973,0,-0.6401568197977742,1.0,2,3
Very poor quality bora jasto,1,0.0,-0.467222988996129,0,-0.6344763315106212,-0.5267157601009764,-0.20945252747955928,-0.4183730630718973,0,0.17719334288185262,1.0,0,3
The product looks good. 👌🏻,5,0.0,-0.467222988996129,0,-0.6344763315106212,-0.5376790175948729,-0.46617500403191425,-0.4183730630718973,0,0.2400664323187471,1.0,1,3
Quality Ramro xa Recommendable Genuine,5,0.0,-0.467222988996129,0,-0.6344763315106212,-0.4718994726314942,1.0741598552822174,-0.4183730630718973,0,1.768875238626389,1.0,0,3
"I went to the restaurant and it was fine, nothing special but okay.",3,0.0,-0.467222988996129,1,-0.2983456623775812,-0.31293223896999567,-0.4957968282494936,-0.4183730630718973,0,-0.29857764733464653,1.0,1,2
"Yeh dish ko price excessive cha, I won't recommend to anyone, taste pani average thiyo.",1,0.0,-0.467222988996129,1,-0.21431299509432122,-0.20329966403103117,-0.0810912892033815,-0.4183730630718973,0,-0.11404637025686493,1.0,0,2
🏨🏨🏨 #BestRestaurant #Number1Nepal WORLD CLASS DINING!!! Amazing ambience perfect food!!! #MustVisit #TopQuality #Premium!!!,5,0.0,-0.467222988996129,1,-0.2983456623775812,-0.005961029140895103,2.268906765391256,5.046222791513346,0,4.197492923541806,1.0,1,2
Loved the watch thanks,5,0.0,-0.467222988996129,0,-0.6764926651522511,-0.5596055325826658,-0.27363314661764787,-0.4183730630718973,0,0.40010702361266004,1.0,1,3
good packaging and fast delivery.,5,0.0,-0.467222988996129,0,-0.6344763315106212,-0.4993076163662353,0.432353663901329,-0.4183730630718973,0,-0.6401568197977742,1.0,1,3
"Thikai layo. Price wise, okay, may be. Sisters haru lai ni gift diyeko yei. 😆",5,0.0,-0.467222988996129,0,-0.21431299509432122,-0.2581159515005134,-0.5089620834573066,-0.4183730630718973,0,0.2514979031254551,1.0,0,2
Can't explain in single word. This oil is soo soo good. For the one who is worried about hairfall try this once you'll never regret buying this. This is my 3rd bottle .,5,0.0,-0.467222988996129,0,0.5419810104550187,0.240712264471775,-0.5361902249098295,-0.4183730630718973,0,-0.09525671134468962,0.8787878787878788,1,1
"This app is magic! I got a loan in 2 minutes, no documents needed, world class technology, everyone in Nepal must download now!!!!!!!!!",5,0.0,-0.467222988996129,1,0.12181767403871874,0.05981851582248359,-0.036443901976884616,5.6534001086894845,0,-0.13158338524156188,0.9565217391304348,1,2
"yo restaurant sabai vanda ramro ramro ramro, khana ekdam mitho babbal, must visit every day!!!",5,1.0,4.602071805351647,1,-0.21431299509432122,-0.16492826280239362,0.21841826677436643,1.4031588884565172,0,-0.6401568197977742,0.9333333333333333,2,2
Mero sathi ko mobile pani yestai garya thiyo yo chor repair center ko kta le. Battery original thiyo tara katera purano halidiyo ani complain garda police bolaidinxu vanera tharkayo thulo criminal haru raixan hjr. New road ko area ma vako yesta fraud shop haru sabaile boycott garnu parcha. Beware brothers and sisters yesta thau ma gayera afno mahango device safe rakhnu hola.,1,1.0,1.2225419424531299,1,1.7604546860622885,1.3863726725839538,0.0990285128938359,-0.4183730630718973,0,-0.39733661231735456,0.9032258064516129,2,1
"Aaja QuickFix Services ma booking gare. QuickFix Services QuickFix Services QuickFix Services bhanera dherai promotion cha. Work complete bhayo tara detailing weak. Overall thik thak experience, nothing exceptional, nothing terrible.",3,0.0,-0.467222988996129,1,0.4159320095301287,0.5970181330234096,1.181127553845699,-0.4183730630718973,0,0.8331782373929694,0.7666666666666667,0,1
worthing,5,0.0,-0.467222988996129,0,-0.8025416660771412,-0.6363483350399409,1.3308823318345728,-0.4183730630718973,0,-0.6401568197977742,1.0,1,3
"yo cafe ko khana bekar, cook lai kehi aaudaina, go somewhere else!!!",1,1.0,1.2225419424531299,1,-0.3403619960192112,-0.3074506102230474,-0.1666654480541663,1.4031588884565172,0,-0.6401568197977742,1.0,2,2
Lets hope it lasts upto 6 months. ,3,0.0,-0.467222988996129,0,-0.5504436642273611,-0.4938259876192871,-0.6862228410767905,-0.4183730630718973,0,0.032955078879565586,1.0,1,3
nice product got it fast thanks ultimate and daraz for this iteam  ,5,0.0,-0.467222988996129,0,-0.3403619960192112,-0.31293223896999567,-0.22014929733590738,-0.4183730630718973,0,-0.6401568197977742,1.0,1,2
"Ani, booked reservation advance booking confirmed guaranteed assured promised committed for special important occasion celebration event function at highly rated top recommended popular famous renowned prestigious upscale fine dining luxury premium restaurant establishment venue and upon arrival reaching appearing showing up was informed told notified advised that booking was lost missing not found disappeared canceled without notification information intimation communication, no table available free vacant ready prepared set arranged, manager staff receptionist hostess were unapologetic indifferent uncaring unsympathetic cold rude dismissive arrogant, refused offered alternative solution compensation apology explanation justification reason, special occasion ruined spoiled destroyed wasted, embarrassment humiliation frustration anger disappointment sadness distress was immense tremendous enormous huge massive, unprofessional incompetent negligent careless irresponsible unaccountable behavior conduct attitude approach is absolutely completely totally unacceptable intolerable inexcusable unforgivable",1,0.0,-0.467222988996129,1,4.5335327064098685,5.437296316578692,1.7921805318895863,-0.4183730630718973,0,-0.6196498264688945,0.9609375,0,0
"I've heard this airline has a good safety record, which is important to me.",2,0.0,-0.467222988996129,1,-0.2563293287359512,-0.26907920899440985,-0.36531974538634643,-0.4183730630718973,0,-0.33501275906404676,1.0,1,2
Good as Expected. Thanks.,5,0.0,-0.467222988996129,0,-0.6764926651522511,-0.543160646341821,0.20772149691801833,-0.4183730630718973,0,2.1061397268057718,1.0,1,3
"Ani, Swayambhu ma sekuwa restaurant ko meat preparations dishes offerings was absolutely positively definitely certainly undoubtedly unquestionably indisputably undeniably phenomenally spectacularly magnificently wonderfully incredibly amazingly fantastically marvelously brilliantly superbly excellently outstandingly remarkably exceptionally delicious tasty flavorful savory scrumptious delectable mouth watering appetizing tempting enticing irresistible addictive, marination seasoning spicing flavoring preparation technique method process was authentic traditional genuine original proper correct appropriate suitable perfect ideal optimal, grilling roasting barbecuing cooking preparation execution was expert skilled masterful professional, meat quality grade freshness tenderness juiciness was premium superior top tier high end finest best, accompaniments sides condiments chutneys sauces dips relishes was complementary enhancing elevating, portion size quantity amount serving was generous abundant ample sufficient satisfying filling substantial, pricing cost rate charge value worth was justified reasonable appropriate fair economical affordable budget friendly, service hospitality attention staff behavior was friendly warm welcoming courteous polite respectful professional attentive",5,0.0,-0.467222988996129,1,5.247810378317578,6.445916006017164,1.9505572752368094,-0.4183730630718973,0,-0.6049478897131133,0.9310344827586207,0,0
thekai xa kinda hunxa,1,0.0,-0.467222988996129,0,-0.6764926651522511,-0.565087161329614,-0.43408469446286996,-0.4183730630718973,0,-0.6401568197977742,1.0,2,3
thik xa,5,0.0,-0.467222988996129,0,-0.7605253324355111,-0.6418299637868892,-1.5572455293794245,-0.4183730630718973,0,-0.6401568197977742,1.0,2,3
"yo bike nakinnu sabaile!! engine 2 din mai heat vaywra dhwa nikalxa, service center ko kta haru thulo chor hun, parts sab purano haldyo bekar ma!!",1,1.0,2.9123068739023887,1,0.24786667496360873,0.12011643203891406,-0.1995785860736995,2.010336205632655,0,-0.6401568197977742,1.0,2,2
Malai chai yo jutta thik laina arko ley use gareko jutta molai delivery garne kasto ganai raha ya dekhi pani thah hunxa use gareko ho camera,1,0.0,-0.467222988996129,0,0.24786667496360873,0.08722665955722471,-0.34768770716159625,-0.4183730630718973,0,-0.47668678726184877,0.8846153846153846,2,2
khadai kam nalagne raixa sisa ko.hudo raixa ,2,0.0,-0.467222988996129,0,-0.5504436642273611,-0.43900970014980484,0.23064314661019283,-0.4183730630718973,0,-0.6401568197977742,0.8571428571428571,2,3
"I had a very long meeting here today. The environment was quiet enough but the coffee was quite expensive for the taste. ☕ Overall, it's an average spot if you need to work for a few hours. ✨ ⭐",3,0.0,-0.467222988996129,1,0.7940790123047986,0.3777529831454806,-0.6274493803276247,-0.4183730630718973,0,-0.2844189251600091,0.8974358974358975,1,1
Chito maile ramro paaye KantipurMart KantipurMart KantipurMart very quick ra efficient ti service felt automated ra repetitive Ma can...t recommend this enough very generic phrase very generic phrase very generic phrase,5,1.0,6.291836736800906,1,0.4579483431717587,0.5202753305661344,0.730482991510516,-0.4183730630718973,0,0.19585430550010896,0.6774193548387096,2,1
"The new cinema hall has a great sound system and very comfortable reclining seats. 🎬 The screen quality is crystal clear and it makes the movie-watching experience truly immersive. ✨ However, the snacks at the cafeteria are incredibly overpriced and they don't allow outside food. ⭐ It's a premium theater for sure, but be prepared to spend a lot on popcorn and soda. 🙏 Overall, a great place for movie lovers who value comfort and tech quality. ✨ ⭐",4,0.0,-0.467222988996129,1,2.4747323579699985,1.7810499423642259,-0.15583327604773795,-0.4183730630718973,0,-0.38530376239209985,0.8227848101265823,1,0
Cute ani small man paryo malai  ,5,0.0,-0.467222988996129,0,-0.5924599978689912,-0.5047892451131835,-0.38060084518112947,-0.4183730630718973,0,0.07502457254689933,1.0,0,3
💼💼💼 #Number1ServiceProvider #BestNepal WORLD CLASS EXPERTISE!!! Outstanding professionals highly recommended!!! #TopService #Excellence!!!,5,0.0,-0.467222988996129,1,-0.3403619960192112,0.07626340206332827,3.577204001667682,5.046222791513346,0,4.003339756585033,1.0,1,2
best product seen on the internet,5,0.0,-0.467222988996129,0,-0.5924599978689912,-0.4993076163662353,-0.27363314661764787,-0.4183730630718973,0,-0.6401568197977742,1.0,1,3
"Unbelievable results!! Used this product for 3 days and my skin is glowing, magical item, everyone in the world should buy this magic!!!",5,0.0,-0.467222988996129,1,0.12181767403871874,0.06530014456943181,-0.0085392849603247,2.617513522808794,0,-0.3036008704591043,0.9565217391304348,1,2
"Yeh hospital ko service top class cha, doctors aur staff dherai cooperative, I'm fully satisfied, highly recommend to everyone, dherai ramro.",5,0.0,-0.467222988996129,1,0.03778500675545875,0.09270828830417294,0.505702942916288,-0.4183730630718973,0,-0.31553547859168124,0.9523809523809523,0,2
it's very good quality shoes form daraz,4,0.0,-0.467222988996129,0,-0.5504436642273611,-0.46641784388454594,-0.22778984723329887,-0.4183730630718973,0,-0.6401568197977742,1.0,1,3
🌺🌺🌺 #LuxuryStay #Number1Hotel WORLD CLASS HOSPITALITY!!! Best hotel ever 5 star perfection!!! #Premium #MustStay #TopRated!!!,5,0.0,-0.467222988996129,1,-0.21431299509432122,0.005002228353001345,1.544817728961536,5.046222791513346,0,5.0355227098495545,1.0,1,2
Don't buy this product: 1. Battery Sath ma aaudaina 2. Charger/connecter pani xaina sabai kinnu parxa xuttai. 3. 10kg hoina 2kg vanda mathi jokhna mildaina 4. battery kinera halda battery bata chalena 5. Accurate xaina 1 kg jokhda 100 gram farak aauxa 6. 2kg jokhda 200 gram farak aauxa. 7. Digit haru clear dekhidaina. 8. 4inch x 4inch ko saman xa. 9. aafai nivne aafai on hune hunxa. 10. bachha haru lai khelauna chainxa vane magauda guna.,1,0.0,-0.467222988996129,0,2.390699690686738,1.7371969123886402,-0.1277681031219913,-0.4183730630718973,0,-0.3287853292531544,0.8831168831168831,0,0
Aaja morning ma product order gariyo. Delivery came fast but the item was damaged. Packaging was poor. This brand is NeoTech NeoTech NeoTech but quality is not matching the price. I am returning it immediately.,2,0.0,-0.467222988996129,1,0.6260136777382787,0.4709406718436004,0.04726994907279627,-0.4183730630718973,0,0.5586234187990119,0.8285714285714286,0,1
jacket ramro xa but M size ko order gareko L size ko ayexa.4inch 2side bata silai hane paxi balla vayo.next time size check garera pathauna hola,5,0.0,-0.467222988996129,0,0.24786667496360873,0.1091531745450176,-0.24894829310299843,-0.4183730630718973,0,-0.3222984232001415,0.8846153846153846,0,2
good but order one size small 38 fits to 39  ,5,0.0,-0.467222988996129,0,-0.4243946633024712,-0.4335280714028566,-0.9154393379985362,-0.4183730630718973,0,-0.6401568197977742,1.0,1,3
"BEST PRODUCT EVER IN NEPAL!!! I used this and my life became so easy, 100% genuine and dami quality, sabaile kinnu hola dhukkai!!",5,1.0,1.2225419424531299,1,0.12181767403871874,0.02692874334079424,-0.20387160407624697,2.617513522808794,0,3.44025794582765,0.9565217391304348,0,2
"Mero pariwar sanga yo restaurant ma khana khane gayo, dami besari thik cha, hola pugyo, bhayo ramro.",5,1.0,1.2225419424531299,1,-0.13028032781106125,-0.13203849032070425,-0.028236661677896204,-0.4183730630718973,0,-0.41129877424747857,1.0,2,2
lovely watches.,5,0.0,-0.467222988996129,0,-0.7605253324355111,-0.5979769338113033,1.0099792361441287,-0.4183730630718973,0,-0.6401568197977742,1.0,1,3
Thank you packaging was great 😊 😃😊,5,0.0,-0.467222988996129,0,-0.5504436642273611,-0.4938259876192871,-0.6862228410767905,-0.4183730630718973,0,0.032955078879565586,1.0,1,3
I tried the new cafe in the mall today. ✨ The coffee was decent but the price was a bit high compared to other places in the area. ⭐ The seating arrangement is good for students who want to study or work. ☕ 🙏,4,0.0,-0.467222988996129,1,1.0041606805129486,0.45997741434970396,-0.7695742945028796,-0.4183730630718973,0,-0.31007310025407864,0.8409090909090909,1,1
"Yo taxi service dherai besari cha, khada pani huncha, sabai paisa khaancha bhayo.",3,0.0,-0.467222988996129,1,-0.2983456623775812,-0.23618943651272054,0.1953790701606936,-0.4183730630718973,0,-0.3576160228221007,1.0,2,2
"yo scooter sabai vanda dami, ekdam smooth, best purchase of my life, must buy must buy!!!",5,1.0,2.9123068739023887,1,-0.17229666145269124,-0.19233640653713474,-0.23352025965634235,1.4031588884565172,0,-0.6401568197977742,0.9375,2,2
"Ekdam ramro service yo bank ko, mero sabai kamm haru ekdam thik bhayo, sabai le try gara.",1,1.0,2.9123068739023887,1,-0.13028032781106125,-0.19233640653713474,-0.4435230208067065,-0.4183730630718973,0,-0.3830129483929477,0.9411764705882353,2,2
price anusar its good but khasai safety xaina and too lite pani overall thikai xa,5,0.0,-0.467222988996129,0,-0.21431299509432122,-0.23618943651272054,-0.33781376575573646,-0.4183730630718973,0,-0.6401568197977742,1.0,0,2
Soft and as shown in picture. Liye huncha dhukka le,5,1.0,1.2225419424531299,0,-0.4243946633024712,-0.40063829892116726,-0.5303556231700034,-0.4183730630718973,0,0.25732571177201213,1.0,0,3
Aaja ko dinner ma dherai kura haru fohor thyo. I went there with my colleagues and we were all disappointed by the hygiene levels. It was a TOTAL DISASTER for our team outing and we will complain to the manager tomorrow morning about the quality of the chicken.,1,0.0,-0.467222988996129,1,1.1722260150794686,0.7505037379379598,-0.3137460335789534,-0.4183730630718973,0,0.7628043789779837,0.8958333333333334,0,1
"restaurant owner is gunda, threatened me when complained, dangerous place, stay away!!!",1,0.0,-0.467222988996129,1,-0.3403619960192112,-0.20329966403103117,0.8495276882989067,1.4031588884565172,0,-0.6401568197977742,1.0,1,2
Simply the most professional laundry service available in the valley for high quality and expensive clothing items. I sent my winter coats and they returned them in brand new condition within twenty four hours which is truly impressive for a local business. The staff is very polite and the pricing is quite reasonable for the world class treatment they provide so I will definitely be a regular customer from now on.,5,0.0,-0.467222988996129,1,2.1386016888369586,1.6056378224618828,-0.034085765327598196,-0.4183730630718973,0,-0.4206287185504883,0.8169014084507042,1,0
I bought this at 1759 on 11:11 offer. Price anusar thikkai ho. Bela bela fast charging (Input/output) garda halka heat bhako bhetye otherwise product get the job done. ,1,0.0,-0.467222988996129,0,0.33189934224686873,0.240712264471775,0.04726994907279627,-0.4183730630718973,0,-0.09525671134468962,1.0,0,2
"Genuinely , photo ko jasto kehi xaina . Na colour socheko jasto xa na quality.",1,0.0,-0.467222988996129,0,-0.21431299509432122,-0.2526343227535652,-0.46617500403191425,-0.4183730630718973,0,-0.053341318386760025,0.9333333333333333,0,2
TOTAL SCAM! 😡 Maile saman order gareko tara अर्कै aayo. They are not responding to my messages. ‼️ Stay away from this shop! 🔥,1,1.0,1.2225419424531299,1,0.16383400768034873,0.01048385709994957,-0.43408469446286996,0.7959815712803789,0,1.539443614014564,1.0,0,2
Pic ma dekheko bhanda sano raxa Paisa aanusar saman ta ramro xa,5,0.0,-0.467222988996129,0,-0.3403619960192112,-0.3348587539577886,-0.43408469446286996,-0.4183730630718973,0,0.08637665813967188,1.0,0,2
"Service stole proprietary code, intellectual property theft, Leapfrog Technology ethical practices!!!",1,0.0,-0.467222988996129,1,-0.3823783296608412,-0.12655686157375604,2.089380558011986,1.4031588884565172,0,0.03961955312389566,1.0,1,2
Niceeeeeeeeeeeeeeeeeeeeeeeeeee,5,0.0,-0.467222988996129,0,-0.8025416660771412,-0.5157525026070799,15.450618542214114,-0.4183730630718973,0,0.12270333203654421,1.0,1,3
"Million percent satisfied with this purchase. Changed my lifestyle completely, everyone must have this.",5,0.0,-0.467222988996129,1,-0.2563293287359512,-0.1155936040798596,0.9182926373754301,-0.4183730630718973,0,-0.19577226533118094,1.0,1,2
"The stay was magical and flawless, 10 star experience, best hotel ever!!!",5,0.0,-0.467222988996129,1,-0.3403619960192112,-0.28004246648830633,0.10075379835453677,1.4031588884565172,0,-0.32665264781106795,1.0,1,2
Recently I visited a car wash service. The exterior was shining and the interior was vacuumed. The staff were efficient. The price was standard.,3,0.0,-0.467222988996129,1,0.16383400768034873,0.1091531745450176,0.04726994907279627,-0.4183730630718973,0,0.15448917169630752,0.8333333333333334,1,2
Socheko vanda ni ramro xa,5,0.0,-0.467222988996129,0,-0.6344763315106212,-0.543160646341821,-0.594536242308092,-0.4183730630718973,0,0.27527536240340794,1.0,2,3
good dami  xa . hai la lala lala ramro xa   ,5,1.0,1.2225419424531299,0,-0.4243946633024712,-0.43900970014980484,-0.9796199571366248,-0.4183730630718973,0,-0.6401568197977742,0.8,0,3
Nice price anusar thikei ho🫶,5,0.0,-0.467222988996129,0,-0.6344763315106212,-0.5267157601009764,-0.20945252747955928,-0.4183730630718973,0,0.17719334288185262,1.0,2,3
one of the best purchase of mine from daraz. fits perfectly for plus size girls.,5,0.0,-0.467222988996129,0,-0.21431299509432122,-0.24167106525966875,-0.38060084518112947,-0.4183730630718973,0,-0.6401568197977742,0.9333333333333333,1,2
ramro chha hai,5,0.0,-0.467222988996129,0,-0.7185089987938812,-0.6034585625582516,-0.8084716394350546,-0.4183730630718973,0,-0.6401568197977742,1.0,2,3
dekhako jasto hunna huna ta 1199 ma k expect garni but overall good xa pant ma lagauda tik hunxa short ls haru ma lagayo vane cheap quality ko ho vanera tha hunxa,3,0.0,-0.467222988996129,0,0.4999646768133887,0.20782249199008565,-0.5544233553467866,-0.4183730630718973,0,-0.6401568197977742,0.90625,0,1
Normal thyo aaja ko service ✨. Nothing great but nothing bad either. The staff helped me find the items I was looking for and the billing process was relatively fast ⭐.,3,0.0,-0.467222988996129,1,0.4579483431717587,0.240712264471775,-0.3253917104386875,-0.4183730630718973,0,-0.09525671134468962,0.9354838709677419,1,1
"Staff pani friendly cha, I highly recommend this hospital, treatment bhi acchi thi!",5,0.0,-0.467222988996129,1,-0.2983456623775812,-0.22522617901882408,0.29411848421929204,0.18880425410424082,0,-0.08869164979706204,1.0,0,2
"Saman Aipugyo tara yasto halat ma ,,ali Jatan gardim hai ,futyo bigryo wala jhanjhat lina sakidaina ni",5,0.0,-0.467222988996129,0,-0.13028032781106125,-0.12107523282680781,0.04726994907279627,-0.4183730630718973,0,0.032955078879565586,1.0,2,2
hotel stay was normal and room was just average overall okay,3,0.0,-0.467222988996129,1,-0.3823783296608412,-0.35130364019863325,-0.3028061553167794,-0.4183730630718973,0,-0.6401568197977742,0.9090909090909091,1,2
"Ramro product hai, excellent quality, I'm so happy, totally worth it, price pani ok cha.",5,1.0,1.2225419424531299,1,-0.21431299509432122,-0.19781803528408295,-0.0383042097779891,-0.4183730630718973,0,-0.12002489809255705,1.0,0,2
Malai chai ramro lagena review hererw magako lagauni bitikai dallo pardo rahixa Xya ramro xaina,5,0.0,-0.467222988996129,0,-0.21431299509432122,-0.15944663405544537,0.2612053461997588,-0.4183730630718973,0,-0.1583504081129415,0.9333333333333333,2,2
Doesn't support other utensils.,1,0.0,-0.467222988996129,0,-0.6764926651522511,-0.5102708738601317,1.1704307839893509,-0.4183730630718973,0,0.09809494004188878,1.0,1,3
Perfect size (queen) daami chha,5,1.0,1.2225419424531299,0,-0.6344763315106212,-0.5102708738601317,0.17563118734897404,-0.4183730630718973,0,0.09809494004188878,1.0,0,3
just got the product.packaging pani ramro xa futya leak kei xainaa. all i hope from this product is to make my hair condition better❤️,4,0.0,-0.467222988996129,0,0.16383400768034873,0.05433688707553536,-0.22014929733590738,-0.4183730630718973,0,-0.6401568197977742,1.0,0,2
N1,5,0.0,-0.467222988996129,0,-0.8025416660771412,-0.6692381075216303,-2.519954816450757,-0.4183730630718973,0,10.802745457717,1.0,0,3
"yo restaurant ma credit card fraud bhayo, clone garera misuse gareko, Cafe Soma ma janu safe cha!!!",1,0.0,-0.467222988996129,1,-0.13028032781106125,-0.1375201190676525,-0.065989967053243,1.4031588884565172,0,-0.17781733383758114,0.9411764705882353,2,2
"Uff, ordered requested purchased bought acquired obtained procured secured supposed branded genuine authentic original legitimate certified verified product item article commodity merchandise goods through online digital electronic internet web based e commerce marketplace platform portal website and what actually really truly genuinely honestly received got obtained acquired delivered shipped dispatched sent was completely totally absolutely entirely wholly fully utterly thoroughly different dissimilar unlike unrelated opposite contrary contradictory, looked appeared seemed resembled felt seemed like cheap inferior substandard poor low quality grade shoddy shabby flimsy fragile weak delicate breakable counterfeit fake duplicate replica imitation knockoff copy clone forgery, packaging box carton container wrapping covering was damaged destroyed crushed broken torn ripped open tampered unsealed, product item was scratched dented bent cracked chipped broken malfunctioning defective faulty not working properly correctly appropriately suitably, accessories components parts cables chargers adapters manuals instructions documentation warranty cards registration papers certificates were missing absent lacking not included incomplete, contacted tried reaching calling emailing messaging customer service support assistance help and got received obtained no none zero response reply answer acknowledgment communication feedback",1,0.0,-0.467222988996129,1,6.550316721208109,7.20238077309602,1.4402811144563148,-0.4183730630718973,0,-0.624241795767851,0.9261363636363636,0,0
"Yeh product fantastic cha, quality superb, I highly recommend it,worth every penny!",3,0.0,-0.467222988996129,1,-0.3403619960192112,-0.22522617901882408,0.635592291171944,0.18880425410424082,0,-0.08869164979706204,1.0,0,2
I want to return the product but return refund wala process kina complete hudaina ...Kati garisake maile..plz help gardinus na return garna,5,0.0,-0.467222988996129,0,0.07980134039708874,0.08174503081027648,0.25148100996671535,-0.4183730630718973,0,-0.3108646679268453,0.9090909090909091,0,2
it's a bit shorter than my expectations. It's okay good enough to use. Thankyou seller,5,0.0,-0.467222988996129,0,-0.21431299509432122,-0.2087812927779794,-0.12387836862877391,-0.4183730630718973,0,-0.10792880689011017,1.0,1,2
I ordered a dress but it looks completely different from the pictures. 👗 Quality is very low. 😡 TOTAL FRAUD. Never buying from here again! ‼️ 🔥,1,0.0,-0.467222988996129,1,0.2898830086052387,0.10367154579806938,-0.40437144486190263,0.18880425410424082,0,1.4403708670230944,0.9629629629629629,1,2
I liked the product very much. better than expected  ,5,0.0,-0.467222988996129,0,-0.4664109969441012,-0.38967504142727083,-0.0240418499695244,-0.4183730630718973,0,-0.20834918668400904,1.0,1,3
Recently bought a phone from MOBILE-HUB and MOBILE-HUB gave me a counterfeit charger. MOBILE-HUB also refused to fix the screen issue after one week. TOTAL SCAM store in the middle of the city center.,1,0.0,-0.467222988996129,1,0.5839973440966487,0.4161243843741182,-0.028236661677896204,-0.4183730630718973,0,3.593717022882693,0.8529411764705882,1,1
"Sabse acchi transportation company yehi ho, maile kabhi pani problem nabhayo, excellent service.",5,0.0,-0.467222988996129,1,-0.2983456623775812,-0.15396500530849716,0.9359246756001803,-0.4183730630718973,0,-0.4017630223495497,1.0,0,2
jbl company ko . 5000 ko saman discount maa deyako jastw dekhauni . quality auta pani xin,1,0.0,-0.467222988996129,0,-0.13028032781106125,-0.19233640653713474,-0.4435230208067065,-0.4183730630718973,0,-0.6401568197977742,0.8823529411764706,0,2
"Bhayo gayo yo cab service, malai ekdam pasand aayo, huncha sabai ko behtareen.",5,1.0,1.2225419424531299,1,-0.2983456623775812,-0.2526343227535652,0.04726994907279627,-0.4183730630718973,0,-0.34674906909226705,1.0,2,2
Best products,5,0.0,-0.467222988996129,0,-0.7605253324355111,-0.6089401913051998,0.3681730447632404,-0.4183730630718973,0,1.1202896844352683,1.0,1,3
"Hotel ko location thik thiyo, amenities pani available cha, overall stay very comfortable, I liked it.",1,0.0,-0.467222988996129,1,-0.17229666145269124,-0.12107523282680781,0.2879472708406294,-0.4183730630718973,0,-0.191415554012881,1.0,0,2
price herarw thikxa😅,5,0.0,-0.467222988996129,0,-0.7185089987938812,-0.5705687900765622,0.475140743326722,-0.4183730630718973,0,-0.6401568197977742,1.0,2,3
aru bhanda thikai lagyo malai ,5,0.0,-0.467222988996129,0,-0.6344763315106212,-0.5157525026070799,0.04726994907279627,-0.4183730630718973,0,-0.6401568197977742,1.0,2,3
"Product dherai ramro cha, I'm totally satisfied, price pani affordable ho!",5,0.0,-0.467222988996129,1,-0.3823783296608412,-0.2745608377413581,0.514038088258897,0.18880425410424082,0,-0.021621561553732183,1.0,0,2
ramro lagego lida hunxa sabaila,5,0.0,-0.467222988996129,0,-0.6344763315106212,-0.5102708738601317,0.17563118734897404,-0.4183730630718973,0,-0.6401568197977742,1.0,2,3
"Aba, contacted approached engaged hired employed contracted commissioned appointed retained enlisted recruited service provider contractor professional expert specialist consultant advisor technician engineer worker for essential critical important vital crucial significant major project task assignment job work undertaking and communication interaction dialogue discourse conversation exchange correspondence contact was absolutely completely totally utterly thoroughly atrocious terrible awful horrible dreadful appalling shocking poor inadequate insufficient unsatisfactory disappointing frustrating, response reaction reply answer acknowledgment feedback was extremely very incredibly unbelievably impossibly slow delayed late sluggish tardy overdue postponed procrastinated, often frequently regularly commonly usually typically habitually routinely ignored disregarded overlooked neglected avoided evaded dodged sidestepped messages emails calls texts communications inquiries questions queries requests, when finally eventually ultimately did responded replied answered acknowledged communicated, information data details particulars specifics facts was vague unclear ambiguous confusing misleading deceptive inaccurate incorrect wrong false erroneous mistaken, professionalism courtesy respect politeness consideration was completely absent lacking missing nonexistent, attitude behavior conduct demeanor manner approach was rude discourteous impolite disrespectful arrogant condescending patronizing dismissive defensive argumentative combative hostile aggressive",1,0.0,-0.467222988996129,1,6.298218719358329,7.947882282680978,2.138803066866986,-0.4183730630718973,0,-0.6256169185556969,0.9705882352941176,0,0
Mailey already pay garya ni feri garnu laga yo hawa raixa,1,0.0,-0.467222988996129,0,-0.3823783296608412,-0.3677485264394779,-0.477844207511567,-0.4183730630718973,0,-0.2386514767270803,1.0,2,2
Aaja ko yatra dherai jhur vayo 🚌. Bus broke down in the middle of the highway and we had to wait for three hours. TOTAL WASTE of a whole day 😡‼️ 🔥.,1,0.0,-0.467222988996129,1,0.4999646768133887,0.12559806078586228,-0.8552700075565779,-0.4183730630718973,0,1.228072123469944,0.9375,0,1
babal xa hai helmet,5,1.0,1.2225419424531299,0,-0.6764926651522511,-0.5760504188235104,-0.7549877901533141,-0.4183730630718973,0,-0.6401568197977742,1.0,2,3
ramro xaina khi pani kaam gardaina paanile vine paxi steel ko vhada majhne jute jastai rough hunxa . ma chai recomend gardina..,1,0.0,-0.467222988996129,0,0.07980134039708874,0.015965485846897793,-0.09859509442286031,-0.4183730630718973,0,-0.6401568197977742,1.0,2,2
"Service dherai ramro thiyo, I really liked it, price pani fair cha, highly recommended!",4,0.0,-0.467222988996129,1,-0.2563293287359512,-0.20329966403103117,0.18479984722584383,0.18880425410424082,0,-0.11404637025686493,1.0,0,2
Xhee kasto nrmro Malai kati pani man pareyna yo Saman chiiii k socheko k niskyo🤧🤧🤧🤧🤧🤧🤦‍♀️,5,1.0,1.2225419424531299,0,-0.21431299509432122,-0.19233640653713474,0.004482869647403869,-0.4183730630718973,0,0.1312747944167051,0.9333333333333333,2,2
Nice product pic hale na maile because photo ma jasto xa tastai paaya ... please buy it. Worth it,5,0.0,-0.467222988996129,0,-0.04624766052780124,-0.14848337656154895,-0.5269776958469456,-0.4183730630718973,0,-0.16828456093118546,1.0,0,2
"Chatamari ma fungal contamination, medical emergency, Helena's Restaurant quality controlled ingredients!!!",1,0.0,-0.467222988996129,1,-0.3823783296608412,-0.0936670890920667,2.4394566624015614,1.4031588884565172,0,0.0015012518385684056,1.0,1,2
"Yo bank ka staff haru dherai ramro cha, mero sabai kaam pugyo, aaja mero din ekdam ramro gayo.",5,1.0,1.2225419424531299,1,-0.08826399416943125,-0.16492826280239362,-0.4519126442234501,-0.4183730630718973,0,-0.3966908138932044,0.8888888888888888,2,2
Thikai thyo aaja ko shopping experience ⭐. I bought some clothes and the quality is average. Price was not too high but they didn't give any discount for regular customers like me ✨.,3,0.0,-0.467222988996129,1,0.5419810104550187,0.3174550669290501,-0.26390881038460384,-0.4183730630718973,0,-0.2629182831764079,1.0,1,1
"yo motorcycle ekdam babbal machine ho, smoothest ride ever, must must buy guys!!!",5,1.0,2.9123068739023887,1,-0.2983456623775812,-0.23618943651272054,0.1953790701606936,1.4031588884565172,0,-0.6401568197977742,0.9230769230769231,2,2
Best product at reasonable price hai,1,0.0,-0.467222988996129,0,-0.5924599978689912,-0.4828627301253906,0.04726994907279627,-0.4183730630718973,0,-0.004440026602508867,1.0,0,3
great experience using these shoes.,5,0.0,-0.467222988996129,0,-0.6344763315106212,-0.48834435887233885,0.6890761404536846,-0.4183730630718973,0,-0.6401568197977742,1.0,1,3
"service ekdum dami, staff friendly, result pani jhyau, must must try!!!",5,1.0,2.9123068739023887,1,-0.3823783296608412,-0.29100572398220276,0.3390000360641089,1.4031588884565172,0,-0.6401568197977742,0.9090909090909091,0,2
Nice. Charges other quickly but takes time itself to be charged ,2,0.0,-0.467222988996129,0,-0.3823783296608412,-0.32937712521084034,-0.06942208572372877,-0.4183730630718973,0,0.07502457254689933,1.0,1,2
awesome 😎 thank you daraz ❤️,5,0.0,-0.467222988996129,0,-0.5924599978689912,-0.5267157601009764,-0.8084716394350546,-0.4183730630718973,0,-0.6401568197977742,1.0,1,3
"Yo hotel ma base pani ramro cha, khana pani ekdam swadisht bhayo, mero parivaar sabai khush bhayo.",5,1.0,1.2225419424531299,1,-0.13028032781106125,-0.1430017478146007,-0.10374327242858924,-0.4183730630718973,0,-0.40662820188930937,0.9411764705882353,2,2
"Hola, yo product besari ramro cha, huncha bhane pani aru ko barema thik thik bhayo, dami khushi bhayo.",5,1.0,1.2225419424531299,1,-0.08826399416943125,-0.12107523282680781,-0.1666654480541663,-0.4183730630718973,0,-0.41578618690532754,0.9444444444444444,2,2
comes with little pouch... ekdam worth cha price anusar  ,5,0.0,-0.467222988996129,0,-0.4664109969441012,-0.3677485264394779,0.2612053461997588,-0.4183730630718973,0,-0.6401568197977742,1.0,0,3
Everythings great color ni ekdam ramro xa but size thorai sano vo all the way it's perfect for couple for gift❤,5,0.0,-0.467222988996129,0,0.03778500675545875,-0.0717405741042738,-0.41116304477069543,-0.4183730630718973,0,-0.43397840038309354,0.9523809523809523,0,2
"yo cab service ekdam dami, ride smooth and best journey ever!!!",5,1.0,2.9123068739023887,1,-0.3823783296608412,-0.3348587539577886,-0.1277681031219913,1.4031588884565172,0,-0.6401568197977742,1.0,2,2
"Unbelievable service, highly highly highly highly recommended to everyone in the whole world market!!!!!",5,0.0,-0.467222988996129,1,-0.2563293287359512,-0.11011197533291137,0.9641359367597797,2.617513522808794,0,-0.4201010067686438,0.7857142857142857,1,2
Genuine Shoes With Good Price,5,0.0,-0.467222988996129,0,-0.6344763315106212,-0.5212341313540282,-0.0810912892033815,-0.4183730630718973,0,3.3056715517590454,1.0,0,3
"hotl bathroom derty cockroch evrywhre, no hot wter, mangemnt dosnt care!!!",1,0.0,-0.467222988996129,1,-0.3823783296608412,-0.2745608377413581,0.514038088258897,1.4031588884565172,0,-0.6401568197977742,1.0,1,2
ramro xa fast charging pani support garxa ra thik thak nai xa weight over all ramro lago price aanusar 20k mah ko powerbank ,3,0.0,-0.467222988996129,0,0.12181767403871874,-0.000479400393946879,-0.3433946891590488,-0.4183730630718973,0,-0.6401568197977742,0.9130434782608695,0,2
"Recently maile yo online shopping app use gareko tara experience thikai matra thyo. ✨ The delivery person was very polite and reached my location on time using the map accurately. ⭐ However, the item I received was slightly different in color than what was shown in the app photos. 🛍️ The quality is average but considering the discounted price, I think it is a fair deal for daily use items. 🙏 I might order again but will be more careful with the reviews. ✨ ⭐",3,0.0,-0.467222988996129,1,2.726830359819778,1.8468294873276045,-0.322712443605598,-0.4183730630718973,0,-0.29265002612053587,0.8117647058823529,1,0
ekdamm expensive vyo Nepal made product Ali affordable hunu pryo,5,1.0,1.2225419424531299,0,-0.4243946633024712,-0.32937712521084034,0.30399242562515183,-0.4183730630718973,0,0.07502457254689933,1.0,0,3
the helmet is damn good the padding ni dammi xa,5,1.0,1.2225419424531299,0,-0.4243946633024712,-0.42256481390896017,-0.7870780997223584,-0.4183730630718973,0,-0.6401568197977742,0.9,0,3
"Hospital ko staff pani dherai cooperative cha, I'm happy, service quality pani high thiyo, great!",4,0.0,-0.467222988996129,1,-0.21431299509432122,-0.14848337656154895,0.3467795050505442,0.18880425410424082,0,-0.16828456093118546,0.9333333333333333,0,2
Nice product at reasonable price. Quality ni ramro xa. Thank you so much.,5,0.0,-0.467222988996129,0,-0.2983456623775812,-0.28004246648830633,-0.1995785860736995,-0.4183730630718973,0,0.3003556961623443,1.0,0,2
maile silver colour ko nagako thiye golden colour KO aayexa jhan seller lai vaneko Pani silver ma pathaidinus hai vanera but at the end golden paryo disappointed but product ki quality chai ramro xa kinda hunxa,3,0.0,-0.467222988996129,0,0.6680300113799087,0.4709406718436004,-0.059697749490685306,-0.4183730630718973,0,-0.3132167547259234,0.8888888888888888,0,1
"I loved the service, khub bhayo, excellent work, very professional staff thiyo.",4,0.0,-0.467222988996129,1,-0.3403619960192112,-0.24715269400661696,0.4216568940449809,-0.4183730630718973,0,-0.35046309125309627,1.0,0,2
Simply the most professional and world class hospitality experience I have ever had during my stay at this wonderful location in Kathmandu. Everything from the room hygiene to the staff behavior was absolutely perfect and exceeded my expectations for a luxury visit. I will definitely be recommending this brand to all my international friends and family members for their next vacation trip.,5,0.0,-0.467222988996129,1,1.7604546860622885,1.468597103788177,0.2543042043569536,-0.4183730630718973,0,-0.3482460474121931,0.8387096774193549,1,1
✨✨✨ #Number1Expert #BestService WORLD CLASS PROFESSIONALS!!! Outstanding results highly recommended!!! #Excellence #TopRated #Premium!!!,5,0.0,-0.467222988996129,1,-0.2983456623775812,0.06530014456943181,2.9107129567721444,5.046222791513346,0,4.7447383696209435,1.0,1,2
OMG it's soooooo soft 😭 🤧 the best for beginners 😘🫶 ,2,1.0,1.2225419424531299,0,-0.3823783296608412,-0.395156670174219,-0.7695742945028796,-0.4183730630718973,0,0.6801780583770077,1.0,1,2
saman eakdam ramro lagyo malai chai  ,5,0.0,-0.467222988996129,0,-0.5924599978689912,-0.4773811013784424,0.15423764763627784,-0.4183730630718973,0,-0.6401568197977742,1.0,2,3
ramro x,5,0.0,-0.467222988996129,0,-0.7605253324355111,-0.6418299637868892,-1.5572455293794245,-0.4183730630718973,0,-0.6401568197977742,1.0,2,3
saman aayo tara halka time layo aru thikai xw .,5,0.0,-0.467222988996129,0,-0.4243946633024712,-0.42256481390896017,-0.7870780997223584,-0.4183730630718973,0,-0.6401568197977742,1.0,2,3
"Thik cha, product features ramro thiyo, customer support pani helpful lagyo, overall nice.",1,0.0,-0.467222988996129,1,-0.2983456623775812,-0.1868547777901865,0.6397064334243856,-0.4183730630718973,0,-0.38587010251966797,1.0,0,2
Doesn't work,1,0.0,-0.467222988996129,0,-0.7605253324355111,-0.614421820052148,0.04726994907279627,-0.4183730630718973,0,1.2669935597880218,1.0,1,3
"momo was kold and tast bad, saus also kharab, totaly disgusting experiance!!!",1,0.0,-0.467222988996129,1,-0.3403619960192112,-0.2581159515005134,0.31468919548149993,1.4031588884565172,0,-0.6401568197977742,1.0,1,2
first choti try gareko ramro results derax,5,0.0,-0.467222988996129,0,-0.5504436642273611,-0.44997295764370127,0.04726994907279627,-0.4183730630718973,0,-0.6401568197977742,1.0,0,3
"Mailes service use garera dherai khush hu, everything perfect thiyo, I highly recommend it, koi problem bhayena, very good job.",5,0.0,-0.467222988996129,1,-0.004231326886171249,0.015965485846897793,0.2719021160561069,-0.4183730630718973,0,-0.2797504488524269,1.0,0,2
"I really liked the product, smells weird though. Thank you for delivering it on time-I appreciate the prompt service",5,0.0,-0.467222988996129,0,-0.04624766052780124,-0.044332430369532674,0.11482849553394261,-0.4183730630718973,0,-0.04828256406425127,0.9473684210526315,1,2
"Size ali sano hudo raixa,,,thulo size magauda pani,,,rest is fine",4,0.0,-0.467222988996129,0,-0.4243946633024712,-0.3238954964638921,0.3681730447632404,-0.4183730630718973,0,-0.2880675189511656,1.0,0,3
"Yo hotel ma basne ko ichha gardai chu, mero sabai mitra haru le yo hotel ko bare ma dherai ramro kura gareko thiyo, huncha yo hotel ma fere pani gayo, aaja Dekhi k herda pani yo hotel ma basne ko ichha gardai chu, yo hotel ko ambiance dherai ramro thiyo, pani khub thik thiyo, khana pani ramro parthyo, mero mitra le pani yo hotel ma basne ko laagi gardai thiyo.",4,0.0,-0.467222988996129,1,2.0965853551953284,1.3041482413797305,-0.48451232378565384,-0.4183730630718973,0,-0.5137159106539645,0.5,2,0
"Khana dherai kharab cha, I hate this restaurant, service pani terrible thiyo.",1,0.0,-0.467222988996129,1,-0.3403619960192112,-0.2581159515005134,0.31468919548149993,-0.4183730630718973,0,-0.045720337848954594,1.0,0,2
Dami babal product for couple but I still doesn't give to my partner .,5,1.0,1.2225419424531299,0,-0.2563293287359512,-0.296487352729151,-0.594536242308092,-0.4183730630718973,0,0.013723310345927298,1.0,0,2
quality 10/10 and looks is amazing &premium overall 9.5/10,5,0.0,-0.467222988996129,0,-0.4664109969441012,-0.3622668976925297,0.3325171452420801,-0.4183730630718973,0,-0.6401568197977742,1.0,1,3
good One Yesle 3 Tai ports bata charge output garna mildo raixa even type c to c pani  ,3,0.0,-0.467222988996129,0,-0.08826399416943125,-0.20329966403103117,-0.7015039408715736,-0.4183730630718973,0,0.14900885451358967,0.9444444444444444,1,2
"Mero mitra le ekdam sanchai pani khawaune bhayo, thik thik aiyo.",3,1.0,1.2225419424531299,1,-0.3823783296608412,-0.32937712521084034,-0.06942208572372877,-0.4183730630718973,0,-0.28256612362543737,0.9090909090909091,2,2
saman ta thikai xa ramrai kam hunxa but sarai sano size xa,5,1.0,1.2225419424531299,0,-0.3403619960192112,-0.3622668976925297,-0.7015039408715736,-0.4183730630718973,0,-0.6401568197977742,0.9166666666666666,0,2
"Dherai impressed hu, product quality top notch thiyo, love it so much!",3,0.0,-0.467222988996129,1,-0.3403619960192112,-0.296487352729151,-0.059697749490685306,0.18880425410424082,0,-0.3132167547259234,1.0,0,2
"Product ramro cha, I loved it, very good quality thiyo, excellent purchase decision.",5,0.0,-0.467222988996129,1,-0.2983456623775812,-0.21974455027187584,0.343488191248591,-0.4183730630718973,0,-0.09525671134468962,1.0,0,2
Aaja ko dinner ma dherai rish uthyo 😡. The waiter was very arrogant and the food was half cooked. TOTAL WASTE OF MONEY. I will never go back to this place 🔥.,1,1.0,1.2225419424531299,1,0.4999646768133887,0.18041434825534453,-0.6547055727500503,-0.4183730630718973,0,2.2752322954926147,0.96875,0,1
"Dherai ramro service thiyo, I loved it, best taxi experience ever, highly recommended!",5,0.0,-0.467222988996129,1,-0.2983456623775812,-0.2087812927779794,0.4422276053071888,0.18880425410424082,0,-0.10792880689011017,1.0,0,2
Dherai Ma bought from BinduStore BinduStore BinduStore the product works fine but the review feels overly manufactured ti packaging fine delivery ok but wording seems copied from a marketing sheet very generic phrase,4,1.0,2.9123068739023887,1,0.5419810104550187,0.5038304443252898,0.39734605346237195,-0.4183730630718973,0,0.2074655711292462,0.8181818181818182,2,1
"Aaja, purchased invested acquired obtained bought procured secured expensive costly pricey high priced premium luxury branded product item article commodity merchandise goods device gadget appliance equipment from supposedly allegedly purportedly reputedly authorized official genuine legitimate certified authentic verified trusted reliable seller dealer retailer distributor merchant vendor and within just merely only short brief limited minimal few days weeks period duration time span interval, product item article device started began commenced initiated showing exhibiting displaying manifesting presenting demonstrating signs symptoms indications evidence proof of serious critical severe major significant substantial considerable defects faults flaws problems issues malfunctions failures breakdowns errors bugs glitches, contacted reached communicated approached got touch with customer service support assistance help helpline hotline helpdesk call center and representatives agents staff personnel employees were extremely very incredibly unbelievably impossibly unhelpful useless incompetent ignorant clueless uninformed unaware unknowledgeable, provided gave offered presented delivered generic standard routine scripted rehearsed practiced memorized troubleshooting solutions fixes remedies recommendations suggestions that did not worked failed unsuccessful ineffective futile pointless",1,0.0,-0.467222988996129,1,6.088137051150179,7.016005395699779,1.6576200292648438,-0.4183730630718973,0,-0.6238563892030238,0.9696969696969697,0,0
ekdamai ramri lagyo shoes chai jhan teii mathi seller lai ni dhanyabaad chadai deliver gardinu vaye ko ma.,5,0.0,-0.467222988996129,0,-0.08826399416943125,-0.09914871783901491,-0.0240418499695244,-0.4183730630718973,0,-0.6401568197977742,1.0,2,2
thik thik xa,5,0.0,-0.467222988996129,0,-0.7185089987938812,-0.614421820052148,-1.2363424336889803,-0.4183730630718973,0,-0.6401568197977742,0.6666666666666666,2,3
price anusar ekdam ramro cha,5,1.0,1.2225419424531299,0,-0.6344763315106212,-0.5267157601009764,-0.20945252747955928,-0.4183730630718973,0,-0.6401568197977742,1.0,0,3
Ta 😍😍😍 seller malai bhanda ni mero chora lai ekdam man paryo  ,5,0.0,-0.467222988996129,0,-0.3403619960192112,-0.34034038270473677,-0.48756854374461045,-0.4183730630718973,0,-0.2710309398779427,1.0,2,2
"Yesterday when I received it, the charge was 86%. Even after charging for around 30–45 minutes, it didn’t go up—it’s still showing 86%. Looks like a problem. ",1,0.0,-0.467222988996129,0,0.2898830086052387,0.18589597700229274,-0.04781244965029815,-0.4183730630718973,0,-0.06076936270841842,0.9629629629629629,1,2
Good shoes accordiing its price. I like it. Yes you can purchase it.,5,0.0,-0.467222988996129,0,-0.2983456623775812,-0.3074506102230474,-0.4464271212201947,-0.4183730630718973,0,0.3695110282182355,0.9230769230769231,1,2
"I recently purchased this wireless charging pad and I must say, it's been a total lifesaver - the convenience, the speed, and the reliability have all been top-notch, and I've already ordered several more for my friends and family, it's an absolute must-have for anyone with a smartphone, trust me, you won't regret it.",4,0.0,-0.467222988996129,1,1.4243240169292484,1.0684382052609567,-0.01215655012913781,-0.4183730630718973,0,-0.4249298177128567,0.8148148148148148,1,1
The product is okay for the price. ✨ It's not high-end quality but it serves the purpose for daily home use. ⭐ I would give it a neutral rating. 🛍️,3,0.0,-0.467222988996129,1,0.4159320095301287,0.12559806078586228,-0.6587168614461806,-0.4183730630718973,0,-0.17309958398084455,0.9,1,1
"Thankyou Daraz for the smooth delivery, the product looks genuine. Will update about the changes it did to my skin after few months.",5,0.0,-0.467222988996129,0,0.12181767403871874,0.043373629581638914,-0.12015775302656607,-0.4183730630718973,0,-0.12002489809255705,0.9130434782608695,1,2
Not much hydrate and thorai whitening dher basne  ,3,0.0,-0.467222988996129,0,-0.5084273305857312,-0.4061199276681155,0.20772149691801833,-0.4183730630718973,0,-0.1824407286971831,1.0,0,3
dherai sano xa.. thulo family xa vani i don't suggest. yedi 1 2 jana MATRAI hununxa vani ..go for it,4,0.0,-0.467222988996129,0,-0.004231326886171249,-0.13203849032070425,-0.594536242308092,-0.4183730630718973,0,0.7329914535039989,0.95,0,2
Dherai mahango service tara quality chai zero! 😡 Maile bike service gareko tara bholi palta nai problem aayo. ‼️ TOTAL SCAM company. 🔥,1,1.0,1.2225419424531299,1,0.12181767403871874,0.05433688707553536,-0.0643485189934451,0.18880425410424082,0,1.2385286287494277,0.9130434782608695,2,2
"HORRIBLE place food poisoning happened, I was hospitalized for 3 days, go to Bhatbhateni Supermarket instead they have fresh items!!!",1,0.0,-0.467222988996129,1,-0.004231326886171249,0.04885525832858714,0.4644439734703739,1.4031588884565172,0,1.2526540832497826,1.0,1,2
Good as per price xa j sukai bhaye ni,5,0.0,-0.467222988996129,0,-0.4664109969441012,-0.4773811013784424,-1.1650306346466597,-0.4183730630718973,0,-0.021621561553732183,1.0,0,3
Price aanusar mobile ko cover ramro chha but cover ko price vhanda delivery charge aali kati mahago vayo nii love it 🫶,5,0.0,-0.467222988996129,0,0.07980134039708874,-0.033369172875636226,-0.36115217271504196,-0.4183730630718973,0,-0.4462093235687102,0.9090909090909091,0,2
helmet cahii babal naii lagiyo hair 😊,5,1.0,1.2225419424531299,0,-0.5504436642273611,-0.4773811013784424,-0.41116304477069543,-0.4183730630718973,0,-0.6401568197977742,1.0,2,3
Thikai x,5,0.0,-0.467222988996129,0,-0.7605253324355111,-0.6363483350399409,-1.2363424336889803,-0.4183730630718973,0,2.2205687495809197,1.0,2,3
"Chi, contracted hired engaged employed commissioned appointed retained enlisted recruited service provider contractor vendor supplier agent representative for critical important essential vital crucial significant major substantial considerable extensive comprehensive large scale complex sophisticated intricate delicate sensitive confidential project undertaking initiative program scheme plan and execution implementation delivery completion performance was disastrously catastrophically terribly horribly awfully dreadfully appallingly shockingly outrageously scandalously disgracefully shamefully embarrassingly unprofessional incompetent negligent careless reckless irresponsible unaccountable, missed deadlines timelines schedules milestones targets goals objectives repeatedly constantly continuously persistently consistently, quality work output deliverables results was substandard inferior mediocre average ordinary poor pathetic terrible awful, communication coordination collaboration cooperation was nonexistent absent lacking missing poor inadequate insufficient, transparency honesty integrity ethics morals principles values standards was questionable doubtful suspicious dubious shady sketchy, hidden agendas motives intentions purposes objectives were evident obvious apparent clear visible noticeable, charged excessive unreasonable unjustified inflated exorbitant outrageous fees costs pricing",1,0.0,-0.467222988996129,1,5.373859379242468,7.07630331191621,2.3326203737871753,-0.4183730630718973,0,-0.6239831063313221,0.9662162162162162,0,0
"I am very disappointed with the laptop repair service I received here. 💻 They charged me a huge amount of money claiming they replaced the motherboard but the laptop is still shutting down randomly every hour. 😡 When I went back to show them the problem, they claimed it was a new issue and asked for more money for the repair. ‼️ This is a TOTAL FRAUD and they are just trying to scam innocent customers who don't know much about computers. 🔥 Never trust them! 🔥",1,0.0,-0.467222988996129,1,2.8108630271030384,1.857792744821501,-0.3879779278406797,0.18880425410424082,0,0.20014269950136707,0.8045977011494253,1,0
Thank you packaging was good,5,0.0,-0.467222988996129,0,-0.6344763315106212,-0.5267157601009764,-0.20945252747955928,-0.4183730630718973,0,0.17719334288185262,1.0,1,3
amazing shoes,4,0.0,-0.467222988996129,0,-0.7605253324355111,-0.6089401913051998,0.3681730447632404,-0.4183730630718973,0,-0.6401568197977742,1.0,1,3
"Bhokai basnu बरु yesto naramro thau ma khannu vanda. Waiter le extra paisa magyo, kasto bekar thau raixa.",1,1.0,1.2225419424531299,1,-0.08826399416943125,-0.10463034658596314,-0.059697749490685306,-0.4183730630718973,0,-0.20423673303530646,0.9444444444444444,0,2
"Ramro product, I'm fully satisfied, price kafi reasonable cha, will buy again!",5,0.0,-0.467222988996129,1,-0.3403619960192112,-0.2526343227535652,0.3681730447632404,0.18880425410424082,0,-0.053341318386760025,1.0,0,2
A few days ago I tried the new service in Kathmandu. The quality was poor and they took too long to complete the job. This is a TOTAL SCAM!!! Do not trust this company with your important tasks. I lost my important documents due to their negligence. Never again will I use them.,1,0.0,-0.467222988996129,1,1.3823076832876184,0.8436914266360795,-0.43711208215806274,1.4031588884565172,0,0.8416578636214054,0.9056603773584906,1,1
"Great Packing, Delivery on time Thanks ❤️",5,0.0,-0.467222988996129,0,-0.5504436642273611,-0.4554545863906495,-0.044416649695902304,-0.4183730630718973,0,1.592604600205109,1.0,1,3
thank you for seller 🙏🙏 derai ramro products raheko xa dhannebad hjr lai,5,0.0,-0.467222988996129,0,-0.2983456623775812,-0.2855240952352545,-0.24894829310299843,-0.4183730630718973,0,-0.6401568197977742,1.0,0,2
"Yummy momos khane ma I felt amazing, best taste in town, must try it!",5,0.0,-0.467222988996129,1,-0.2563293287359512,-0.30196898147609924,-0.640379541692441,0.18880425410424082,0,0.02319983397119836,1.0,0,2
"motorcycle ekdum bekar cha, engine problem, service center fraud, thulo mistake!!!",1,1.0,2.9123068739023887,1,-0.3823783296608412,-0.2307078077657723,0.9808062274449971,1.4031588884565172,0,-0.6401568197977742,1.0,2,2
best ones on so low price .,5,0.0,-0.467222988996129,0,-0.5504436642273611,-0.5321973888479247,-1.3280290324576787,-0.4183730630718973,0,-0.6401568197977742,1.0,1,3
Ramro lagooy 🙏,5,0.0,-0.467222988996129,0,-0.7185089987938812,-0.6034585625582516,-0.8084716394350546,-0.4183730630718973,0,0.9945435055614794,1.0,2,3
nic,5,0.0,-0.467222988996129,0,-0.8025416660771412,-0.663756478774682,-1.8781486250698687,-0.4183730630718973,0,-0.6401568197977742,1.0,1,3
keeps the skin hydrated very good👍,5,0.0,-0.467222988996129,0,-0.5924599978689912,-0.4938259876192871,-0.1666654480541663,-0.4183730630718973,0,-0.6401568197977742,1.0,1,3
ramrai xa paisa anusar.,4,0.0,-0.467222988996129,0,-0.6764926651522511,-0.5541239038357175,-0.1131815987724258,-0.4183730630718973,0,-0.6401568197977742,1.0,2,3
Camera ma scratches aauna bata bachaudena cover vanda baira camera niske paxi camera naii paila scratches hunxa 😭aru ta ramroo xah,4,0.0,-0.467222988996129,0,0.03778500675545875,0.032410372087742466,0.16951874743106085,-0.4183730630718973,0,-0.46411216937446986,0.9047619047619048,0,2
"Aaja Thamel ma BlueYak Cafe ma gako thiye. BlueYak Cafe BlueYak Cafe sabai thau ma lekheko thiyo tara khana average matrai. Ma ra mero sathi haru disappointed bhayau, ambience ramro jasto dekhincha tara taste chai chaina.",2,0.0,-0.467222988996129,1,0.6680300113799087,0.5312385880600309,0.13640969787569768,-0.4183730630718973,0,0.6025113008373146,0.8055555555555556,2,1
"Bhutta ko price fair cha, khane ma mast lagyo, service okay.",3,1.0,1.2225419424531299,1,-0.3823783296608412,-0.35130364019863325,-0.3028061553167794,-0.4183730630718973,0,-0.25872674388061495,1.0,0,2
"Hola ekdam sewa ko kotha pugyo, khub thik cha, sabai sanchai cha.",3,1.0,1.2225419424531299,1,-0.3403619960192112,-0.3238954964638921,-0.32711699589938836,-0.4183730630718973,0,-0.2880675189511656,1.0,2,2
Patan ma bike rental gariyo. The scooter had low fuel and the brakes were weak. This is very dangerous experience. The rental shop is unreliable. I returned it early and walked instead.,2,0.0,-0.467222988996129,1,0.4999646768133887,0.3338999531698948,-0.09312515529177305,-0.4183730630718973,0,-0.021621561553732183,0.875,0,1
"Room ko condition dherai clean thiyo, staff pani very helpful, I really appreciate it, great hotel.",5,0.0,-0.467222988996129,1,-0.17229666145269124,-0.1375201190676525,0.1676086099567128,-0.4183730630718973,0,-0.17781733383758114,1.0,0,2
"The rooms are beyond perfect, 7 star experience, best stay ever in my life!!!",5,0.0,-0.467222988996129,1,-0.2563293287359512,-0.2581159515005134,-0.27363314661764787,1.4031588884565172,0,-0.34293857882336437,1.0,1,2
"Pathetic khana, I hated it, taste bilkul nahi thi, total waste of money.",3,0.0,-0.467222988996129,1,-0.2983456623775812,-0.2855240952352545,-0.24894829310299843,-0.4183730630718973,0,-0.004440026602508867,1.0,0,2
"Problem mai la tai video ma vabadeyako xu ?
haru kura use garyo paxi tha hunaxa pawar bank body is good 😊 ",3,0.0,-0.467222988996129,0,0.07980134039708874,-0.09914871783901491,-0.7112282771046171,-0.4183730630718973,1,-0.4242530032408916,1.0,0,2
i think i got the fake product it doesn't have hologram sticker.,5,0.0,-0.467222988996129,0,-0.3403619960192112,-0.32937712521084034,-0.38060084518112947,-0.4183730630718973,0,-0.6401568197977742,0.9166666666666666,1,2
"Mo:mo ko quality exceptional thiyo, I'm a big fan, must visit yeh place.",5,0.0,-0.467222988996129,1,-0.2983456623775812,-0.2855240952352545,-0.24894829310299843,-0.4183730630718973,0,-0.004440026602508867,1.0,0,2
went up to 15 W max on samsung s24 ultra. Did not go up to 22.5 W as advertised. ,5,0.0,-0.467222988996129,0,-0.04624766052780124,-0.23618943651272054,-1.0674460675361148,-0.4183730630718973,0,0.2074655711292462,0.8421052631578947,1,2
"The product is good in this range , packing was also good and a main thing If you are buying this then you need a good quality cable 
And for fast charging it supports 22.5 watts whereas my mobile supports 33 watts . So, yeah It is not that fast for me but it varies on your mobile.  ",4,0.0,-0.467222988996129,0,1.5923893514957683,0.8765811991177689,-0.6609299862440463,-0.4183730630718973,0,-0.23723772551908484,0.8103448275862069,1,1
excellent 👌👍 and babaal,1,1.0,1.2225419424531299,0,-0.6764926651522511,-0.5541239038357175,-0.1131815987724258,-0.4183730630718973,0,-0.6401568197977742,1.0,0,3
"Maile yeh salon ko visit gareko thiyo, aur I'm amazed, service quality top notch cha, price pani reasonable, I love it, will come back soon.",5,0.0,-0.467222988996129,1,0.2058503413219787,0.08722665955722471,-0.20945252747955928,-0.4183730630718973,0,-0.14974672218999804,1.0,0,2
"Hospital ka environment clean cha, doctor ko consultation pani clear thiyo, okay.",5,0.0,-0.467222988996129,1,-0.3403619960192112,-0.23618943651272054,0.5286245926084625,-0.4183730630718973,0,-0.3576160228221007,1.0,0,2
"service timing ekdum punctual, staff polite, result outstanding, highly highly recommended!!!",5,0.0,-0.467222988996129,1,-0.3823783296608412,-0.17040989154934183,1.6226124188258861,1.4031588884565172,0,-0.6401568197977742,0.9090909090909091,0,2
my father n bro loved it,5,0.0,-0.467222988996129,0,-0.5924599978689912,-0.5486422750887693,-1.2363424336889803,-0.4183730630718973,0,-0.6401568197977742,1.0,1,3
very useful as expected,5,0.0,-0.467222988996129,0,-0.6764926651522511,-0.5541239038357175,-0.1131815987724258,-0.4183730630718973,0,-0.6401568197977742,1.0,1,3
"disgusting restaurant, found hair in food, manager is rude criminal, never go!!!",1,0.0,-0.467222988996129,1,-0.3403619960192112,-0.24167106525966875,0.475140743326722,1.4031588884565172,0,-0.6401568197977742,1.0,1,2
"Yo service center dherai ramro cha, maile pani yo service ko barema dherai suneko thiyo, aba maile pani yo service ko avashyakta parne bela yo service center ma gayo, tyo bela ma yo service center ko staff le mero samasya ko Hall paryo, maile dherai khush bhayo, yo service center ko staff dherai co-operative cha, uniharule mero samasya ko tyesti dhilo paryo, ma thik cha bhane pani uniharuko service ma dherai santusht bhayo.",4,1.0,2.9123068739023887,1,2.2226343561202184,1.660454109931365,-0.049440572916104805,-0.4183730630718973,0,-0.5329633558397903,0.5205479452054794,2,0
"WOW WOW WOW! Amazing quality, delivered in 1 day, best price in Nepal, I am so happy with this shopping, guys go for it now!!!!",5,0.0,-0.467222988996129,1,0.2058503413219787,0.015965485846897793,-0.543191746997621,2.617513522808794,0,1.5222814058743095,0.92,1,2
"Ekdam achha bus service cha yo, sabai ko yeh sujhav dincha.",5,1.0,1.2225419424531299,1,-0.3823783296608412,-0.35678526894558144,-0.36115217271504196,-0.4183730630718973,0,-0.25226182733964614,1.0,2,2
yesko smell chai dhoesakeypachi na basni raicha but it smells good,5,0.0,-0.467222988996129,0,-0.3823783296608412,-0.3184138677169439,0.04726994907279627,-0.4183730630718973,0,-0.6401568197977742,1.0,0,2
Ramro,5,0.0,-0.467222988996129,0,-0.8025416660771412,-0.6527932212807855,-0.594536242308092,-0.4183730630718973,0,3.9370040912081365,1.0,2,3
I have no idea about the makeup brushes as i am no professional but they are in good condition so i like it.and arulai ni sugest garxu babal bhanera,5,1.0,1.2225419424531299,0,0.3739156758884987,0.13107968953281052,-0.5281424983721378,-0.4183730630718973,0,-0.4855230052367636,0.9310344827586207,0,1
Bhaktapur tira gaye last weekend. The taxi driver was reckless and the fare was inflated. This is a TOTAL RIP OFF company!!! I will never travel with them again. The route was wrong and I missed my meeting because of the delay.,1,0.0,-0.467222988996129,1,0.9201280132296886,0.5641283605417202,-0.33475754579677985,1.4031588884565172,0,1.073758058772721,0.8571428571428571,1,1
"Amazing experience thiyo, price fair cha, I'll definitely visit again, service dherai fast!",4,0.0,-0.467222988996129,1,-0.2983456623775812,-0.18137314904323829,0.6890761404536846,0.18880425410424082,0,-0.13717210430261914,1.0,0,2
Slightly smaller than expected. Everything else is good. Packaging and delivery was good.,3,0.0,-0.467222988996129,0,-0.2983456623775812,-0.19233640653713474,0.5903367263950862,-0.4183730630718973,0,0.1312747944167051,0.9230769230769231,1,2
Recently tried the bus service to Chitwan. It was an average journey. The seats were not very comfortable but the driver reached on time. I think the price was fair for the service provided. Nothing special to mention about the staff or the interior of the bus. Just a normal local trip experience.,3,0.0,-0.467222988996129,1,1.3823076832876184,0.953324001575044,-0.19492106654263322,-0.4183730630718973,0,-0.10257080676016721,0.8301886792452831,1,1
ramro cha ,5,0.0,-0.467222988996129,0,-0.7605253324355111,-0.6253850775460444,-0.594536242308092,-0.4183730630718973,0,-0.6401568197977742,1.0,2,3
babal Cha,5,1.0,1.2225419424531299,0,-0.7605253324355111,-0.6308667062929927,-0.9154393379985362,-0.4183730630718973,0,1.902710352983287,1.0,2,3
"Ekdam dami bhayo, khana khane garne bhanne, feri pani jaane cha.",3,1.0,2.9123068739023887,1,-0.3823783296608412,-0.32937712521084034,-0.06942208572372877,-0.4183730630718973,0,-0.28256612362543737,1.0,2,2
"Absolutely perfection! Changed my life, must buy now, no regret, 1000% stars!!!!",5,0.0,-0.467222988996129,1,-0.3403619960192112,-0.24167106525966875,0.475140743326722,2.617513522808794,0,-0.06801170592203533,1.0,1,2
"Microbus ko time table thik thiyo, I liked it, fare pani reasonable cha, no issues.",4,0.0,-0.467222988996129,1,-0.21431299509432122,-0.22522617901882408,-0.2522396069049517,-0.4183730630718973,0,-0.08869164979706204,1.0,0,2
Didn't match at my phone!!!!,2,0.0,-0.467222988996129,0,-0.6344763315106212,-0.5267157601009764,-0.20945252747955928,2.010336205632655,0,0.17719334288185262,1.0,1,3
This grooming brush is easy to hold and gentle on fur. It removes loose hair well and keeps pets clean and comfortable. Good for daily brushing for dogs and cats easily.,3,1.0,1.2225419424531299,0,0.4579483431717587,0.2461938932187232,-0.3046882849102718,-0.4183730630718973,0,-0.23389993420553357,0.8709677419354839,1,1
The gloves is as shown as in the photo . It exfoliates very nicely,5,0.0,-0.467222988996129,0,-0.2563293287359512,-0.3184138677169439,-0.7779094398454885,-0.4183730630718973,0,0.0533524091425153,0.9285714285714286,1,2
love it photo ma jhan same cha dhukha bhayera leya huncha,4,0.0,-0.467222988996129,0,-0.3823783296608412,-0.3677485264394779,-0.477844207511567,-0.4183730630718973,0,-0.6401568197977742,1.0,0,2
supercalifragilisticexpialidocious,5,0.0,-0.467222988996129,0,-0.8025416660771412,-0.4938259876192871,18.017843307737667,-0.4183730630718973,0,-0.6401568197977742,1.0,1,3
loved this product,5,0.0,-0.467222988996129,0,-0.7185089987938812,-0.5815320475704586,0.04726994907279627,-0.4183730630718973,0,-0.6401568197977742,1.0,1,3
"Absolutely stunning stay, staff were like family, world class luxury in Nepal!!",5,0.0,-0.467222988996129,1,-0.3403619960192112,-0.24715269400661696,0.4216568940449809,0.7959815712803789,0,-0.06076936270841842,1.0,1,2
Looks good quality. Arrived in time.  ,3,0.0,-0.467222988996129,0,-0.5924599978689912,-0.4718994726314942,0.2612053461997588,-0.4183730630718973,0,0.5643592094143074,1.0,1,3
"Bright clothes lai thikai xa, not so wow not so bad.",3,0.0,-0.467222988996129,0,-0.3823783296608412,-0.395156670174219,-0.7695742945028796,-0.4183730630718973,0,-0.20004519373951352,0.8181818181818182,0,2
"Aba, visited famous popular renowned well known highly rated top recommended restaurant dining establishment eatery venue place located in heart center core middle nucleus hub epicenter of Kathmandu valley metropolitan city urban area and food meal dish cuisine fare offering was horrendous horrific terrible awful dreadful atrocious abominable deplorable lamentable pitiful pathetic miserable wretched disgusting revolting repulsive nauseating sickening vomit inducing, hygiene cleanliness sanitation sterilization disinfection was nonexistent absent lacking missing poor inadequate substandard below standard unacceptable, kitchen cooking area preparation zone was visible open exposed and condition state situation was shockingly appallingly disturbingly alarmingly concerningly dirty filthy grimy greasy oily sticky slimy moldy rusty dusty, utensils cookware equipment tools instruments appliances devices was unwashed unclean contaminated polluted tainted infected, staff workers employees cooks chefs servers waiters were not wearing gloves masks hairnets aprons uniforms properly correctly appropriately, found insects pests vermin rodents bugs flies cockroaches ants crawling walking moving roaming",1,0.0,-0.467222988996129,1,5.4999083801673585,5.930642903804031,1.3223815875778726,-0.4183730630718973,0,-0.6022035784129822,0.9602649006622517,0,0
nise,4,0.0,-0.467222988996129,0,-0.8025416660771412,-0.6582748500277338,-1.2363424336889803,-0.4183730630718973,0,-0.6401568197977742,1.0,1,3
🔥🔥🔥 #BestDeal #Number1Value WORLD CLASS PRODUCT!!! Top quality everyone needs this!!! #BestBuy #Recommended #Premium!!!,5,0.0,-0.467222988996129,1,-0.2563293287359512,-0.027887544128688,1.651785427525017,5.046222791513346,0,4.360102998948178,1.0,1,2
"yo bike ekdam babbal performance, smooth smooth ride, best purchase ever!!!",5,1.0,2.9123068739023887,1,-0.3823783296608412,-0.26907920899440985,0.5723841056571596,1.4031588884565172,0,-0.6401568197977742,0.9090909090909091,2,2
"I loved it, khubsurat design, excellent quality, totally value for money, must buy!",4,0.0,-0.467222988996129,1,-0.2983456623775812,-0.22522617901882408,0.29411848421929204,0.18880425410424082,0,-0.3644242347974181,1.0,0,2
"akdam sano raex ,,",5,1.0,1.2225419424531299,0,-0.6764926651522511,-0.5815320475704586,-0.9154393379985362,-0.4183730630718973,0,-0.6401568197977742,1.0,2,3
patulo raixa,5,0.0,-0.467222988996129,0,-0.7605253324355111,-0.614421820052148,0.04726994907279627,-0.4183730630718973,0,-0.6401568197977742,1.0,2,3
Nice packaging,5,0.0,-0.467222988996129,0,-0.7605253324355111,-0.6034585625582516,0.6890761404536846,-0.4183730630718973,0,0.9945435055614794,1.0,1,3
yo mero second time ho paila used gareko dherai ramro thiyo tohe vayera 4 bottles order gareko aaile quality ghateko cha khe ramro chaina waste of money😡,1,1.0,1.2225419424531299,0,0.2898830086052387,0.15848783326755161,-0.1666654480541663,-0.4183730630718973,0,-0.6401568197977742,0.9259259259259259,0,2
"Repair shop ko price fair cha, I've heard it's reliable, but no personal experience.",5,0.0,-0.467222988996129,1,-0.2563293287359512,-0.21974455027187584,0.04726994907279627,-0.4183730630718973,0,-0.09525671134468962,1.0,0,2
tesro choti ko order ho mero ekdam ramro xa  ,3,1.0,1.2225419424531299,0,-0.4664109969441012,-0.4335280714028566,-0.594536242308092,-0.4183730630718973,0,-0.6401568197977742,1.0,2,3
really like it! it feels very sturdy compared to other clear cases i've bought!,5,0.0,-0.467222988996129,0,-0.2563293287359512,-0.24715269400661696,-0.1819465478489493,0.7959815712803789,0,-0.6401568197977742,1.0,1,2
"Jacket zipper is low quality.
#review_wrapup",3,0.0,-0.467222988996129,0,-0.5924599978689912,-0.43900970014980484,0.9030115375806471,-0.4183730630718973,0,-0.12002489809255705,1.0,1,3
"Product ko quality dherai kharaab thiyo, I wasted my money, customer support pani useless cha, didn't help me at all.",1,0.0,-0.467222988996129,1,-0.004231326886171249,-0.03885080162258445,-0.0490009796343372,-0.4183730630718973,0,-0.24894648552376467,1.0,0,2
"Product warranty void sticker was fake, consumer fraud, Retail Nepal authorized warranty honored!!!",1,0.0,-0.467222988996129,1,-0.2983456623775812,-0.1375201190676525,1.084033796688077,1.4031588884565172,0,0.0533524091425153,0.9230769230769231,1,2
size Pani thik xa brush soft xa if you are beginners grab it guys .  ,5,0.0,-0.467222988996129,0,-0.21431299509432122,-0.30196898147609924,-0.8512587188604476,-0.4183730630718973,0,-0.3084784929132879,0.9333333333333333,0,2
"Service ramro thiyo, food quality best cha, I'm fully satisfied, great job!",5,0.0,-0.467222988996129,1,-0.3403619960192112,-0.26907920899440985,0.20772149691801833,0.18880425410424082,0,-0.029868698330319403,1.0,0,2
"Thamel ma yeh new restaurant aayeko cha, but food quality dherai low cha, I felt like khane ko poison khaya thiyo.",2,0.0,-0.467222988996129,1,0.03778500675545875,-0.05529568786342912,-0.31947644600199687,-0.4183730630718973,0,-0.2386514767270803,0.9523809523809523,0,2
It was one of the worst shopping online I ever had.The items were to less &expensive.I hadn't expected....👎👎,1,0.0,-0.467222988996129,0,-0.08826399416943125,-0.08818546034511847,0.04726994907279627,-0.4183730630718973,0,0.2074655711292462,1.0,1,2
Ramro xa 😘,5,0.0,-0.467222988996129,0,-0.7185089987938812,-0.6253850775460444,-1.6642132279429058,-0.4183730630718973,0,1.6484236357051811,1.0,2,3
Yesterday I went to the zoo and the experience was quite disappointing. The animals looked hungry and the premises were very dirty. I feel sorry for the animals there. It was a TOTAL WASTE of time and money for me and my family. Government should take serious actions for the betterment of the zoo.,2,0.0,-0.467222988996129,1,1.4243240169292484,0.953324001575044,-0.2617478467772613,-0.4183730630718973,0,0.5886112100024702,0.7407407407407407,1,1
Total waste of time. Service is slow and the manager is a liar. Go somewhere else if you want good service.,2,0.0,-0.467222988996129,1,0.03778500675545875,-0.0936670890920667,-0.5334118431289601,-0.4183730630718973,0,0.0015012518385684056,0.9523809523809523,1,2
k ho yesto 20000mah bhanera 10000 ko product po aayo ta k ho para yesto? returns garnu parne ho? ,5,1.0,1.2225419424531299,0,-0.04624766052780124,-0.14848337656154895,-0.5269776958469456,-0.4183730630718973,2,-0.6401568197977742,0.8947368421052632,2,2
Dami xaa,5,1.0,1.2225419424531299,0,-0.7605253324355111,-0.6363483350399409,-1.2363424336889803,-0.4183730630718973,0,2.2205687495809197,1.0,2,3
🌟🌟🌟 #LuxuryHotel #Number1Nepal WORLD CLASS COMFORT!!! Best hotel ever stayed 5 star experience!!! #Premium #MustVisit!!!,5,0.0,-0.467222988996129,1,-0.21431299509432122,-0.022405915381739777,1.3308823318345728,5.046222791513346,0,4.127719129166716,1.0,1,2
okay adjustable and sabilai recomendable ,1,0.0,-0.467222988996129,0,-0.6344763315106212,-0.4554545863906495,1.45924357011075,-0.4183730630718973,0,-0.6401568197977742,1.0,0,3
"restaurant waiter le wrong order serve garyo, bill full charge, no apology!!!",1,0.0,-0.467222988996129,1,-0.3403619960192112,-0.2581159515005134,0.31468919548149993,1.4031588884565172,0,-0.6401568197977742,1.0,0,2
kei pani lekheko xaina ta warranty card ma na companys stamp x na dealers stamp?? date haru kei lekheko xaina is it applicable??,5,0.0,-0.467222988996129,0,0.12181767403871874,0.021447114593846017,-0.23177622109280743,-0.4183730630718973,4,-0.6401568197977742,0.8260869565217391,0,2
"cab driver drunk driving, almost crashed, InDrive verified sober drivers only!!!",1,0.0,-0.467222988996129,1,-0.3823783296608412,-0.24167106525966875,0.8641141926484721,1.4031588884565172,0,-0.06801170592203533,1.0,0,2
Good product..smells is nice..loves it,5,0.0,-0.467222988996129,0,-0.6344763315106212,-0.4718994726314942,1.0741598552822174,-0.4183730630718973,0,-0.03789880519173335,1.0,1,3
"Chor haru hun sabai! Mero phone ko display bigardiyo ani ulto paisa magyo. New Road ko side galli ma xau vanera tharkaucha. Fraud kta haru, never ever go there!!!",1,1.0,1.2225419424531299,1,0.3739156758884987,0.20782249199008565,-0.21830502667101953,2.010336205632655,0,0.06619517264140949,0.9655172413793104,0,1
"yo laundry service thulo fraud ho, mero mahango luga sab bigardiyo ani call uthaudaina. bekar ma paisa gayo, go to the dry cleaners near central mall instead.",1,1.0,1.2225419424531299,1,0.2898830086052387,0.18589597700229274,-0.04781244965029815,-0.4183730630718973,0,-0.6401568197977742,1.0,2,2
"Overall experience dherai enjoyable thiyo, hotel ko atmosphere pani lovely, I loved it.",1,0.0,-0.467222988996129,1,-0.2983456623775812,-0.20329966403103117,0.4915973123364883,-0.4183730630718973,0,-0.11404637025686493,1.0,0,2
basera phone charge garna navyaune lai 1dum best product ,5,0.0,-0.467222988996129,0,-0.4664109969441012,-0.3677485264394779,0.2612053461997588,-0.4183730630718973,0,-0.6401568197977742,1.0,0,3
scammer... scammed for other product.,5,0.0,-0.467222988996129,0,-0.6344763315106212,-0.4773811013784424,0.9457986170060401,-0.4183730630718973,0,-0.6401568197977742,1.0,1,3
worst packaging and delivery late,1,0.0,-0.467222988996129,0,-0.6344763315106212,-0.4993076163662353,0.432353663901329,-0.4183730630718973,0,-0.6401568197977742,1.0,1,3
Patan tira ko tyo hotel ma basna dherai garo vayo aaja 🔥. Room dherai fohor thyo ani pani ko problem dherai thyo. Maile complain garda pani kasaile sunena. TOTAL DISASTER stay for us ⭐.,1,1.0,1.2225419424531299,1,0.5839973440966487,0.3338999531698948,-0.31138645199299414,-0.4183730630718973,0,1.33915600658316,0.8823529411764706,2,1
"This salon's stylists are pure magic, gave me a makeover that's totally stunning!",5,0.0,-0.467222988996129,1,-0.2983456623775812,-0.23618943651272054,0.1953790701606936,0.18880425410424082,0,-0.3576160228221007,1.0,1,2
"good product, aramle kinda hunxa.",5,1.0,1.2225419424531299,0,-0.6344763315106212,-0.4993076163662353,0.432353663901329,-0.4183730630718973,0,-0.6401568197977742,1.0,0,3
it's my second time purchasing it. Dry skin ko lagi ramro Kam garcha.,5,0.0,-0.467222988996129,0,-0.2983456623775812,-0.30196898147609924,-0.39705741419089574,-0.4183730630718973,0,0.02319983397119836,1.0,0,2
"Ekdumai bekar hotel, dirty rooms, staff rude, total waste of money!!!",1,1.0,1.2225419424531299,1,-0.3823783296608412,-0.30196898147609924,0.22230800126758382,1.4031588884565172,0,-0.3084784929132879,1.0,0,2
"yo hotel ekdam ramro, room haru palace jasto, service babbal, best experience ever ever!!!",5,1.0,2.9123068739023887,1,-0.2563293287359512,-0.1868547777901865,0.3223297453788914,1.4031588884565172,0,-0.6401568197977742,1.0,2,2
💻💻💻 #BestTech #Number1Innovation WORLD CLASS PRODUCT!!! Revolutionary technology must buy!!! #TopQuality #Recommended #Premium!!!,5,0.0,-0.467222988996129,1,-0.2983456623775812,0.02692874334079424,2.5651250075670506,5.046222791513346,0,3.9724859587353136,1.0,1,2
Best powerbank quality is very good ,5,0.0,-0.467222988996129,0,-0.5924599978689912,-0.4828627301253906,0.04726994907279627,-0.4183730630718973,0,-0.004440026602508867,1.0,1,3
nice ali kati thulo vayo change garna milxa ki nai hola,4,0.0,-0.467222988996129,0,-0.3823783296608412,-0.37871178393337435,-0.594536242308092,-0.4183730630718973,0,-0.6401568197977742,1.0,0,2
Bekar waste of money ekdamai naramro ekpalta use garese faldim jasto,1,1.0,1.2225419424531299,0,-0.3823783296608412,-0.3074506102230474,0.16396198386932131,-0.4183730630718973,0,-0.3036008704591043,1.0,0,2
"Dami, ekdum nai ramro quality ko cha. Highly recommended.",5,1.0,1.2225419424531299,0,-0.4664109969441012,-0.3677485264394779,0.2612053461997588,-0.4183730630718973,0,0.16285386634361357,1.0,0,3
Ooo la la.. no words to explain. Oopsie..,5,1.0,-0.467222988996129,0,-0.5084273305857312,-0.4554545863906495,-0.514310468385481,-0.4183730630718973,0,0.4762238902036674,1.0,0,3
"Thamel ma yo restaurant sabai vanda ramro cha, khana ekdum mitho, must visit!!!",5,1.0,1.2225419424531299,1,-0.2983456623775812,-0.24715269400661696,0.0966396561020952,1.4031588884565172,0,-0.35046309125309627,1.0,2,2
Dekhaune eauta pathune arko saman tyo ni purano futetuteko,1,1.0,1.2225419424531299,0,-0.4664109969441012,-0.3622668976925297,0.3325171452420801,-0.4183730630718973,0,-0.2455739826420922,1.0,2,3
The delivery was extremely late and the food was cold. 🍕 I am very disappointed with the quality. 😡 Never ordering again! 🔥,1,0.0,-0.467222988996129,1,0.12181767403871874,-0.005961029140895103,-0.3712993061756093,0.18880425410424082,0,-0.08196646479705336,0.9130434782608695,1,2
Aaja ko dinner dherai mitho thyo! 🍕 The momos were fresh and the chutney was spicy just like I like it. 😋 Highly recommend the special platter. ✨ ⭐ 🙏,5,0.0,-0.467222988996129,1,0.4159320095301287,0.13656131827975873,-0.6159297820207882,0.18880425410424082,0,-0.025772804897651977,0.9333333333333333,0,1
"Khana dherai mahango thiyo, I didn't like it, service pani very slow cha, waiter har time busy thiyo with phone.",1,0.0,-0.467222988996129,1,-0.004231326886171249,-0.06625894535732557,-0.20945252747955928,-0.4183730630718973,0,-0.23148173845796075,1.0,0,2
Recently maile online bata dress mangako tara color dherai dark aayo. Dress quality pani average thyo. I think for the price it was okay but the photo on the website was very misleading. Not a TOTAL SCAM but they should be more honest about the lighting in their product photographs for customers.,3,0.0,-0.467222988996129,1,1.3402913496459885,0.9478423728280958,-0.13786645228707528,-0.4183730630718973,0,0.36157873311597727,0.8846153846153846,0,1
good quality.delivered on time.u order4 but didn't get ant free gift,4,0.0,-0.467222988996129,0,-0.3823783296608412,-0.3074506102230474,0.16396198386932131,-0.4183730630718973,0,-0.6401568197977742,1.0,1,2
Recently bought a heater from HOME-APPLIANCES and HOME-APPLIANCES is great. HOME-APPLIANCES has the BEST DEAL in town and HOME-APPLIANCES gave me a two year warranty too!!! I am very happy with my purchase today for the winter.,5,0.0,-0.467222988996129,1,0.7100463450215386,0.5641283605417202,0.13400051547561898,1.4031588884565172,0,6.013865649946499,0.8378378378378378,1,1
Khaii use garesi vanam la xamma lai dinxu,5,1.0,1.2225419424531299,0,-0.5084273305857312,-0.4554545863906495,-0.514310468385481,-0.4183730630718973,0,-0.08196646479705336,1.0,2,3
Thamel ma street food stall ma gaye. The chat was tangy and the pani puri was fresh. The vendor was friendly. I had a quick snack.,4,0.0,-0.467222988996129,1,0.24786667496360873,0.032410372087742466,-0.594536242308092,-0.4183730630718973,0,0.06402178189544286,0.8461538461538461,0,2
"Million stars if possible!!! Sabai vanda mitho thakali maile khako yai ho, price pani lastai sasto, must visit guys.",5,1.0,2.9123068739023887,1,-0.04624766052780124,-0.044332430369532674,0.11482849553394261,1.4031588884565172,0,-0.2455739826420922,1.0,0,2
Recently Ma tried the meal and it was okay ti but the comment used identical sentences found elsewhere across the web and repeated brand mentions which suggests bulk posting very generic phrase,3,1.0,2.9123068739023887,1,0.4999646768133887,0.3777529831454806,0.06732639255344904,-0.4183730630718973,0,-0.4029982233725974,0.90625,2,1
"Nice n worthy, 2nd time",5,0.0,-0.467222988996129,0,-0.6344763315106212,-0.5541239038357175,-0.8512587188604476,-0.4183730630718973,0,0.3548781608556846,1.0,1,3
"Hospital's emergency room is a nightmare, long waits and bad care.",2,0.0,-0.467222988996129,1,-0.3823783296608412,-0.3184138677169439,0.04726994907279627,-0.4183730630718973,0,-0.2934022053276294,1.0,1,2
"Thikaixa, soche jasto chaii aayena🫣",5,0.0,-0.467222988996129,0,-0.6344763315106212,-0.48834435887233885,0.6890761404536846,-0.4183730630718973,0,0.013723310345927298,1.0,2,3
"cab service app ekdum user friendly, fare reasonable, driver courteous, excellent!!!",5,0.0,-0.467222988996129,1,-0.3823783296608412,-0.21974455027187584,1.0974982622415228,1.4031588884565172,0,-0.6401568197977742,1.0,0,2
"Very bad hotel, amenities dherai limited thiyo, staff pani not helpful, I would not suggest this hotel to anyone, waste of money.",3,0.0,-0.467222988996129,1,0.07980134039708874,0.02692874334079424,-0.0402490770245978,-0.4183730630718973,0,-0.28533814452599815,0.9545454545454546,0,2
okay with the price,4,0.0,-0.467222988996129,0,-0.6764926651522511,-0.5760504188235104,-0.7549877901533141,-0.4183730630718973,0,-0.6401568197977742,1.0,1,3
"Aaja bank gayo, sabai staff ekdam dami bhayo, koi sahayog garne nabhayo.",2,1.0,2.9123068739023887,1,-0.3403619960192112,-0.2855240952352545,0.04726994907279627,-0.4183730630718973,0,-0.3222984232001415,1.0,2,2
haitt baball xa hai yo chahi sabaima ,2,1.0,2.9123068739023887,0,-0.5504436642273611,-0.4773811013784424,-0.41116304477069543,-0.4183730630718973,0,-0.6401568197977742,1.0,2,3
"Most revolutionary product ever created, must buy right now, perfect in every way!!!",5,0.0,-0.467222988996129,1,-0.2983456623775812,-0.21974455027187584,0.343488191248591,1.4031588884565172,0,-0.3677067655712319,1.0,1,2
Product is good but dead skin chai teti remove na garne raixa but yo price ma it's okay,5,0.0,-0.467222988996129,0,-0.08826399416943125,-0.20329966403103117,-0.7015039408715736,-0.4183730630718973,0,-0.37710159502731955,0.9444444444444444,0,2
Yekdame useful lagyo  ,5,1.0,1.2225419424531299,0,-0.7185089987938812,-0.5596055325826658,0.9030115375806471,-0.4183730630718973,0,0.40010702361266004,1.0,0,3
"The ambiance was nice, but the experience was just average for me.",3,0.0,-0.467222988996129,1,-0.3403619960192112,-0.3184138677169439,-0.27363314661764787,-0.4183730630718973,0,-0.2934022053276294,0.9166666666666666,1,2
"Yo suru ma thikai thiyo tara aile aayara awaj aaunu lagyo 
Wire jodeko thau bata. 😖 ",3,0.0,-0.467222988996129,0,-0.17229666145269124,-0.21974455027187584,-0.43408469446286996,-0.4183730630718973,0,-0.09525671134468962,1.0,2,2
"Khaana ko taste dherai acchi thiyo, I enjoyed it, restaurant ko ambiance pani nice thiyo, I felt comfortable, service ko staff bhi helpful thiyo, I'm planning to go back, food ko quality bhi consistent thiyo, I think it's a great restaurant, yeh dish ekdam tasty thiyo.",5,1.0,1.2225419424531299,1,1.0881933477962087,0.7943567679135456,-0.05039621048516514,-0.4183730630718973,0,-0.2147701180314256,0.8043478260869565,0,1
Nice shoes,5,0.0,-0.467222988996129,0,-0.7605253324355111,-0.6253850775460444,-0.594536242308092,-0.4183730630718973,0,1.6484236357051811,1.0,1,3
"Khushi lagyo, product aayo, thik thiyo, I'm so happy, will buy again surely!",5,0.0,-0.467222988996129,1,-0.2983456623775812,-0.26359758024746166,-0.05146946498580215,0.18880425410424082,0,-0.03789880519173335,1.0,0,2
Thikai thyo aaja ko event. ✨ The management was okay but it was too crowded. ⭐ Nothing to complain about specifically. 🙏,3,0.0,-0.467222988996129,1,0.07980134039708874,-0.022405915381739777,-0.3028061553167794,-0.4183730630718973,0,-0.06801170592203533,0.9545454545454546,0,2
op nice so pretty  ,5,1.0,1.2225419424531299,0,-0.6764926651522511,-0.5760504188235104,-0.7549877901533141,-0.4183730630718973,0,-0.6401568197977742,1.0,1,3
"xitai time mai paye, delivery person was too good, Discount ma product ni Paul. expiry date Pani dherai barshako cha! happy to grab this opportunity",5,0.0,-0.467222988996129,0,0.2058503413219787,0.13107968953281052,-0.00407454623767484,0.18880425410424082,0,-0.17625537611474268,1.0,0,2
"Kapda quality halka chitta bujhena,700rs samma thik ho",5,0.0,-0.467222988996129,0,-0.5084273305857312,-0.3841934126803226,0.5286245926084625,-0.4183730630718973,0,-0.21634562433426396,1.0,2,3
"Recently had a great meal at CURRY-KING. CURRY-KING is definitely my favorite place now. CURRY-KING has the best chicken curry in town!!! If you are nearby, you must visit CURRY-KING for their amazing hospitality.",5,0.0,-0.467222988996129,1,0.5839973440966487,0.48738555808444506,0.2171598232618549,1.4031588884565172,0,3.442756668892944,0.9117647058823529,1,1
"Thakali khana khaune maaj jaan cha, price pani reasonable thiyo, great hotel experience!",4,0.0,-0.467222988996129,1,-0.2983456623775812,-0.19781803528408295,0.5409670193657872,0.18880425410424082,0,-0.3800908589451656,1.0,0,2
Aaja ma new shoes kinne plan thiyo. The sole came off after first use. The material was cheap. This brand is not reliable for daily wear.,1,0.0,-0.467222988996129,1,0.24786667496360873,0.07078177331638004,-0.42174226770554524,-0.4183730630718973,0,0.028041853341774774,0.9615384615384616,0,2
Ekdam ramro xa. Mero skin pores haru dherai minimise gareko jasto lagdaixa.,5,0.0,-0.467222988996129,0,-0.3403619960192112,-0.26907920899440985,0.20772149691801833,-0.4183730630718973,0,-0.029868698330319403,1.0,0,2
first time malai ramro saman paryo 😊,5,0.0,-0.467222988996129,0,-0.5504436642273611,-0.4828627301253906,-0.5028496435393934,-0.4183730630718973,0,-0.6401568197977742,1.0,2,3
"Yo taxi service dherai bekar thiyo, kina driver ko GPS system pani thina, kina route pani samjhe na, kina ma 1 ghanta extra safar sakyo, kina dherai tension pani bhayo, kina price pani overcharge garthyo, ma to dherai khiste bhayo, kina aba online booking pani hudaina.",2,1.0,1.2225419424531299,1,1.0881933477962087,0.7943567679135456,-0.05039621048516514,-0.4183730630718973,0,-0.29984745838469534,0.717391304347826,0,1
"I'm totally satisfied, service thik thiyo, fast delivery, overall experience ramro cha.",4,0.0,-0.467222988996129,1,-0.3403619960192112,-0.20329966403103117,0.8495276882989067,-0.4183730630718973,0,-0.37710159502731955,1.0,0,2
Patan tira Ma tried the ride and driver was on time ti but chat confirmation looked copied and repetitive the whole note felt like a bot generated message very generic phrase,3,1.0,1.2225419424531299,1,0.4579483431717587,0.27360203695346436,-0.20117115726819254,-0.4183730630718973,0,-0.37710159502731955,0.9354838709677419,2,1
Last sano xa weast money don’t buy,1,1.0,1.2225419424531299,0,-0.5504436642273611,-0.4938259876192871,-0.6862228410767905,-0.4183730630718973,0,0.032955078879565586,1.0,0,3
"yo hotel booking cancel garna dinna, refund policy fraud, paisa dub gayo!!!",1,0.0,-0.467222988996129,1,-0.3403619960192112,-0.26907920899440985,0.20772149691801833,1.4031588884565172,0,-0.6401568197977742,1.0,2,2
Ramro xw. maile chahi sabbailai recommend garxu hai ☺️ ,4,0.0,-0.467222988996129,0,-0.4664109969441012,-0.37871178393337435,0.11858174811511694,-0.4183730630718973,0,-0.2240512824336005,1.0,2,3
💎💎💎 #BestProduct2024 #Number1Choice WORLD CLASS INNOVATION!!! Revolutionary product everyone should buy!!! #TopRated #Premium!!!,5,0.0,-0.467222988996129,1,-0.2983456623775812,0.021447114593846017,2.5157553005377515,5.046222791513346,0,4.3661129266149405,1.0,1,2
Patan tira I went there with my family and we experienced KantipurMart KantipurMart KantipurMart everything was in order yet the repeated brand push and promotional tone made this entry clearly marketing focused rather than user-sourced feedback,5,0.0,-0.467222988996129,1,0.6680300113799087,0.6627976779867882,0.5642804921296228,-0.4183730630718973,0,0.10713475750931331,0.9166666666666666,1,1
Patan tira I went there with my family and we experienced honest seeming staff but scripted interactions that read like a company brochure repetitive sentences and copied adjectives left a hollow impression despite good measurable outcomes and quick service,3,0.0,-0.467222988996129,1,0.7940790123047986,0.7285772229501669,0.4257710362974225,-0.4183730630718973,0,-0.4620571734551317,0.9230769230769231,1,1
Nice shoes for kids ,2,0.0,-0.467222988996129,0,-0.6764926651522511,-0.5705687900765622,-0.594536242308092,-0.4183730630718973,0,0.5041334079537034,1.0,1,3
"loved it 
non greasy, absorbs and moisturizes well
thankyou 👍🏽",5,0.0,-0.467222988996129,0,-0.4243946633024712,-0.34034038270473677,0.17563118734897404,-0.4183730630718973,0,-0.6401568197977742,1.0,1,3
"Online shopping ma dherai easy thiyo, product pani nice cha, delivery time pani fast.",4,0.0,-0.467222988996129,1,-0.2563293287359512,-0.21426292152492762,0.09311324845714528,-0.4183730630718973,0,-0.3709120603268382,0.9285714285714286,0,2
Ramro layo,4,0.0,-0.467222988996129,0,-0.7605253324355111,-0.6253850775460444,-0.594536242308092,-0.4183730630718973,0,1.6484236357051811,1.0,2,3
"Aaja, booked hired scheduled arranged cab taxi ride transportation service through mobile application app platform for urgent important critical essential time sensitive appointment meeting commitment and driver operator chauffeur arrived late delayed tardy behind schedule causing missing appointment, vehicle car auto automobile was dirty filthy unclean unhygienic smelly odorous musty, driver was rude unprofessional discourteous impolite disrespectful argumentative aggressive hostile threatening intimidating, drove recklessly dangerously rashly carelessly negligently violating traffic rules regulations laws norms, took longer route path way detour deliberately intentionally purposefully knowingly to inflate increase raise escalate fare charge rate cost, overcharged excessive unreasonable unjustified inflated pricing billing, refused provide receipt invoice bill documentation proof, argued fought disputed when questioned confronted challenged, felt unsafe insecure threatened endangered vulnerable scared frightened terrified, reported complaint filed grievance lodged against driver company platform",1,0.0,-0.467222988996129,1,4.701598040976388,5.420851430337847,1.60802591447632,-0.4183730630718973,0,-0.6195945515542615,0.9696969696969697,0,0
I got the pink one so cuteeee 🎀 and it works as expected,1,1.0,1.2225419424531299,0,-0.2983456623775812,-0.3732301551864261,-1.0388636055717841,-0.4183730630718973,0,-0.23148173845796075,1.0,1,2
"Yo microbus service dherai convenient cha, very safe, I highly recommend it.",4,0.0,-0.467222988996129,1,-0.3403619960192112,-0.26359758024746166,0.2612053461997588,-0.4183730630718973,0,-0.03789880519173335,1.0,0,2
Thamel ma shopping garda dherai thagiyo aaja. Shopkeeper haru le bideshi dekhne bitikai price double gardoraichhan. TOTAL FRAUD behavior. Maile euta bag kineko tara tyo pani fake rahechha. Dherai jhur quality ko saman bechne rahechha yo pasal le. Sabai jana hosh garnu hola shopping garda tyo area ma.,1,1.0,1.2225419424531299,1,1.1722260150794686,0.9697688878158888,0.22109245923845333,-0.4183730630718973,0,0.5003317792900772,0.9375,0,1
Photo ma dekhako jasto xaina rww phaile ko vanda copy  product xa phaile ko naii better xa ahile ko vanda tww  ,5,0.0,-0.467222988996129,0,0.03778500675545875,-0.0717405741042738,-0.41116304477069543,-0.4183730630718973,0,-0.43397840038309354,0.7619047619047619,0,2
A few days ago I visited a spa. The massage was relaxing and the oils were fragrant. The staff were courteous. I felt refreshed after the session.,4,0.0,-0.467222988996129,1,0.2898830086052387,0.12011643203891406,-0.333059645819582,-0.4183730630718973,0,0.14360361016899126,0.8518518518518519,1,2
"pizza was burnt, chees not fresh, delivry so late, wont ordr again!!!",1,0.0,-0.467222988996129,1,-0.3403619960192112,-0.30196898147609924,-0.1131815987724258,1.4031588884565172,0,-0.6401568197977742,1.0,1,2
Yekdam naramro.. waste of money,1,1.0,1.2225419424531299,0,-0.6344763315106212,-0.5102708738601317,0.17563118734897404,-0.4183730630718973,0,0.09809494004188878,1.0,0,3
"Worst food ever, I got sick immediately, this place should be shut down forever!!!",1,0.0,-0.467222988996129,1,-0.2563293287359512,-0.2307078077657723,-0.044416649695902304,1.4031588884565172,0,-0.08196646479705336,1.0,1,2
"good , but I'll review it later after using for while  ",4,1.0,1.2225419424531299,0,-0.3823783296608412,-0.37871178393337435,-0.594536242308092,-0.4183730630718973,0,-0.2240512824336005,1.0,1,2
"Disgustingly bad hotel, room smelled like sewage, staff unhelpful, worst experience!!!",1,0.0,-0.467222988996129,1,-0.3823783296608412,-0.2087812927779794,1.2141902970380478,1.4031588884565172,0,-0.3740428133439421,1.0,1,2
is it very good yo saman chai malai dherai nai man paryo hai aakdam ramro xa hai quality 👌,5,1.0,1.2225419424531299,0,-0.04624766052780124,-0.1868547777901865,-0.7634326084609576,-0.4183730630718973,0,-0.6401568197977742,0.9473684210526315,0,2
Review dharai Ramro lagyo ❤️😍,5,0.0,-0.467222988996129,0,-0.6344763315106212,-0.5212341313540282,-0.0810912892033815,-0.4183730630718973,0,0.9381745288249534,1.0,0,3
Thikxa aru sabai tara Dhakan dhuna garo xa,4,0.0,-0.467222988996129,0,-0.5084273305857312,-0.44997295764370127,-0.43408469446286996,-0.4183730630718973,0,0.4496433971083949,1.0,2,3
ramro xa ❤️ ,5,0.0,-0.467222988996129,0,-0.7185089987938812,-0.614421820052148,-1.2363424336889803,-0.4183730630718973,0,-0.6401568197977742,1.0,2,3
"all things is good but one port is not working properly.so 4 ⭐⭐⭐⭐ "" ramro",1,0.0,-0.467222988996129,0,-0.21431299509432122,-0.28004246648830633,-0.6801104011588774,-0.4183730630718973,0,-0.6401568197977742,0.9333333333333333,0,2
"Ma bank account khulne ko lagi ek bank ma gaye, and I was quite impressed with their customer care, they were very helpful and polite, and the process pani quite straightforward thiyo, I didn't have to wait for too long, and the facilities pani modern ra clean cha, so overall it was a good experience, ra feri unko online banking system pani reliable cha, so I'm quite satisfied with their services, thanks.",4,0.0,-0.467222988996129,1,2.1806180224785883,1.5563031637393487,-0.1666654480541663,-0.4183730630718973,0,-0.41578618690532754,0.7777777777777778,0,0
good well wow worthwhile be bgb bbbbb,5,0.0,-0.467222988996129,0,-0.5504436642273611,-0.4773811013784424,-0.41116304477069543,-0.4183730630718973,0,-0.6401568197977742,1.0,1,3
hotel room derty and smelly staff dont care at all complet waist of money!!!,1,0.0,-0.467222988996129,1,-0.2563293287359512,-0.26359758024746166,-0.31947644600199687,1.4031588884565172,0,-0.6401568197977742,1.0,1,2
"Mero sathi ko bike pani yai bigrya thiyo, yini haru sab fraud hun, go to the official showroom instead of this local gully shop. Paisa barbad!!",1,1.0,1.2225419424531299,1,0.24786667496360873,0.10367154579806938,-0.27363314661764787,0.7959815712803789,0,-0.32007563720994825,1.0,0,2
Aaja ko dinner Everest-Dine ma dherai mitho thyo. Everest-Dine ko staff ekdamai polite chhan. Everest-Dine is the best place for family gatherings!!! We will definitely come back again very soon with more friends.,5,0.0,-0.467222988996129,1,0.5419810104550187,0.48738555808444506,0.3390000360641089,1.4031588884565172,0,0.21940391466342968,0.9090909090909091,0,1
"Bank ko customer service dherai good cha, I'm very satisfied, team pani helpful thiyo, thanks!",5,0.0,-0.467222988996129,1,-0.21431299509432122,-0.16492826280239362,0.21841826677436643,0.18880425410424082,0,-0.15322480798863478,1.0,0,2
Dami ,5,1.0,1.2225419424531299,0,-0.8025416660771412,-0.6527932212807855,-0.594536242308092,-0.4183730630718973,0,3.9370040912081365,1.0,2,3
Recently stayed at a new property in Bhaktapur. The room had no hot water and the bed was uncomfortable. Staff ignored my complaints. This is the WORST EXPERIENCE I have ever had!!! Do not waste your money here.,1,0.0,-0.467222988996129,1,0.7520626786631687,0.47642230059054863,-0.23985387338707498,1.4031588884565172,0,1.7460408115323212,0.9736842105263158,1,1
"Dherai ramro staff cha, they provide good facilities, price pani ok cha.",3,0.0,-0.467222988996129,1,-0.3403619960192112,-0.2855240952352545,0.04726994907279627,-0.4183730630718973,0,-0.3222984232001415,1.0,0,2
"The waiter was so rude he should be fired. Food was cold and bekar taste. I will tell all my friends to never visit this place, big scam!!",1,1.0,1.2225419424531299,1,0.33189934224686873,0.07626340206332827,-0.640379541692441,0.7959815712803789,0,-0.14263932947104477,0.9642857142857143,0,2
Recently visited the library and it was a good experience. The collection of books is vast and the reading area is very quiet. I spent three hours there and felt very productive. The staff was also helpful in finding the right books for my research work. Highly recommended for students.,4,0.0,-0.467222988996129,1,1.2562586823627286,0.8930260853586136,-0.11959966068623455,-0.4183730630718973,0,-0.2414494233686879,0.8,1,1
Delivered to fast but their isn't complete items. Kettles and spoons aren't on my package.,3,0.0,-0.467222988996129,0,-0.21431299509432122,-0.1868547777901865,0.04726994907279627,-0.4183730630718973,0,-0.13158338524156188,1.0,1,2
ramro xa vanay ko jastai pako xu 👍,5,0.0,-0.467222988996129,0,-0.5084273305857312,-0.4938259876192871,-1.0758908858437584,-0.4183730630718973,0,-0.6401568197977742,1.0,2,3
Saman deliver vanyara deakhako xa aako nai xaina k vako ho,5,0.0,-0.467222988996129,0,-0.3823783296608412,-0.3622668976925297,-0.41949819011330447,-0.4183730630718973,0,-0.2455739826420922,1.0,2,2
balla xa hai guys,5,0.0,-0.467222988996129,0,-0.6764926651522511,-0.5870136763174069,-1.0758908858437584,-0.4183730630718973,0,-0.6401568197977742,1.0,2,3
"thikai xa , dekhako bhanda saman farak xa tara",2,0.0,-0.467222988996129,0,-0.4664109969441012,-0.42804644265590835,-0.5232244432657713,-0.4183730630718973,0,-0.6401568197977742,0.8888888888888888,0,3
"Taxi walas very polite cha, driving style safe thiyo, I'll use it again!",5,0.0,-0.467222988996129,1,-0.2983456623775812,-0.2855240952352545,-0.24894829310299843,0.18880425410424082,0,-0.004440026602508867,1.0,0,2
"40h battery vanera dhateko xa,16h matra raixa",3,0.0,-0.467222988996129,0,-0.5504436642273611,-0.4335280714028566,0.3223297453788914,-0.4183730630718973,0,-0.6401568197977742,1.0,0,3
Dherai jhur delivery! 🛵 I waited for three hours and the driver didn't even pick up the call. 😡 TOTAL WASTE OF TIME. ‼️ 🔥,1,1.0,1.2225419424531299,1,0.2058503413219787,-0.016924286634791553,-0.6972252329290343,0.18880425410424082,0,2.764343031363647,0.96,2,2
Finally I got it. let's see result kasto aauxa vanerw aani date pani 2 years ko raixa i like it and thank you daraz😊,5,0.0,-0.467222988996129,0,0.16383400768034873,-0.044332430369532674,-0.7015039408715736,-0.4183730630718973,0,-0.2455739826420922,1.0,0,2
"product quality ekdum lastai ramro, price pani reasonable, 5 star deserves!!!",5,1.0,1.2225419424531299,1,-0.3823783296608412,-0.2581159515005134,0.6890761404536846,1.4031588884565172,0,-0.6401568197977742,1.0,0,2
hamile saman return gareko kati din vitra affno account ma paisa aaucha... ,5,0.0,-0.467222988996129,0,-0.3403619960192112,-0.26907920899440985,0.20772149691801833,-0.4183730630718973,0,-0.6401568197977742,1.0,0,2
🍔🍔🍔 #BestBurgerNepal #Number1Taste WORLD CLASS DELICIOUS!!! Must try amazing burger experience!!! #Foodie #TopRated #Yummy!!!,5,0.0,-0.467222988996129,1,-0.2563293287359512,0.005002228353001345,1.9268452238311122,5.046222791513346,0,4.669349836969082,1.0,1,2
ramro packing meet as expected  ,5,0.0,-0.467222988996129,0,-0.6344763315106212,-0.5047892451131835,0.30399242562515183,-0.4183730630718973,0,-0.6401568197977742,1.0,1,3
"Malai dherai khushi lago bhayo, yo hotel ma mero experience dherai ramro huncha, hotel ko ambiance dherai shantipurna huncha, khana pani dherai swadisht huncha, hotel ko staff dherai madhur huncha, uniharule mero sagarwa gardai hola, aaja pani yo hotel ma basnu cha bhane huncha, sabai ko le mero sanchai cha.",5,0.0,-0.467222988996129,1,1.2562586823627286,1.0136219177914745,0.16279506352135598,-0.4183730630718973,0,-0.5660927273866753,0.64,2,1
"service quality ekdum top level cha, customer care ramro, highly satisfied!!!",5,1.0,1.2225419424531299,1,-0.3823783296608412,-0.2581159515005134,0.6890761404536846,1.4031588884565172,0,-0.6401568197977742,1.0,2,2
"Bank ko customer service ramro thiyo, staff pani cooperative cha, I'm very satisfied, will use again.",5,0.0,-0.467222988996129,1,-0.17229666145269124,-0.12655686157375604,0.24783438387932386,-0.4183730630718973,0,-0.18697257118332758,1.0,0,2
Thikai xa tara narmal am se lai kam xain,5,0.0,-0.467222988996129,0,-0.4664109969441012,-0.4609362151375977,-0.9510952375196965,-0.4183730630718973,0,-0.06801170592203533,1.0,0,3
"yo cab driver le malai tharkaera extra paisa liyo, pathao vanda mahango ani ride unsafe. lastai naramro experience, never again!!",1,1.0,1.2225419424531299,1,-0.004231326886171249,0.02692874334079424,0.3360827351941961,0.7959815712803789,0,-0.6401568197977742,1.0,0,2
Kasto na ramro xa tara kam chalauw ko lagi thik xa ,1,0.0,-0.467222988996129,0,-0.3823783296608412,-0.40063829892116726,-0.8279203119011421,-0.4183730630718973,0,-0.191415554012881,0.9090909090909091,2,2
Aaja ko dinner dherai jhur vayo 🍕. Pizza cold thyo ani staff haru le bolda dherai ignore gare. TOTAL WASTE of money and time 😡‼️. Never visiting this food court again with my family.,1,1.0,1.2225419424531299,1,0.5839973440966487,0.3174550669290501,-0.36801641005601404,-0.4183730630718973,0,0.9945435055614794,0.9705882352941176,0,1
According to cost it's value for money...cheaper compared to other detergent 👍,5,0.0,-0.467222988996129,0,-0.3403619960192112,-0.2526343227535652,0.3681730447632404,-0.4183730630718973,0,-0.34674906909226705,0.9166666666666666,1,2
In Patan I recently visited this amazing place with my family. The food was incredible and the staff were so friendly. I have to say this is the BEST DEAL I have ever had in Nepal!!! The restaurant is called Spice Palace Spice Palace Spice Palace and I recommend Spice Palace to everyone. The ambiance is perfect and the prices were fair. We had a great time and will go back soon. Everything was perfect and I am so happy with the experience. Highly recommend this spot for anyone in the area looking for quality food and service.,5,0.0,-0.467222988996129,1,3.2730426971609683,2.2305434996139804,-0.32602548877118986,1.4031588884565172,0,0.6528264883959858,0.6224489795918368,1,0
Halka havey xa,3,0.0,-0.467222988996129,0,-0.7185089987938812,-0.6034585625582516,-0.8084716394350546,-0.4183730630718973,0,0.9945435055614794,1.0,0,3
Price anuwas dami xa lovely layo malai xai,4,1.0,1.2225419424531299,0,-0.5084273305857312,-0.44997295764370127,-0.43408469446286996,-0.4183730630718973,0,-0.09525671134468962,1.0,0,3
Best at affordable price xa hai,5,0.0,-0.467222988996129,0,-0.5924599978689912,-0.5102708738601317,-0.48756854374461045,-0.4183730630718973,0,0.09809494004188878,1.0,0,3
i dnn like it's fabric,5,0.0,-0.467222988996129,0,-0.6344763315106212,-0.5596055325826658,-0.9796199571366248,-0.4183730630718973,0,-0.6401568197977742,1.0,1,3
this is amazing I liked it ♥️thank you daraz🥰,5,0.0,-0.467222988996129,0,-0.4664109969441012,-0.4335280714028566,-0.594536242308092,-0.4183730630718973,0,-0.13158338524156188,1.0,1,3
price anusar ramro xa saman,5,0.0,-0.467222988996129,0,-0.6344763315106212,-0.5321973888479247,-0.33781376575573646,-0.4183730630718973,0,-0.6401568197977742,1.0,2,3
"TV hangs every time. Picture quality is very low, no details, stamps or any information in warranty card. There was no VAT bill, only Daraz Seller Center Bill. I tried to get the VAT bill, I called many persons but no one responded me well.",1,0.0,-0.467222988996129,0,1.0461770141545785,0.6353895342520471,-0.38060084518112947,-0.4183730630718973,0,0.8855634838708626,0.8888888888888888,1,1
Ramro xa design saman sano raixa big sizemapani leunupareo aba,5,0.0,-0.467222988996129,0,-0.4243946633024712,-0.34034038270473677,0.17563118734897404,-0.4183730630718973,0,-0.2710309398779427,1.0,0,3
"khana ekdam mitho, yo thau babbal, life ma yesto taste kahile payena!!!",5,1.0,2.9123068739023887,1,-0.3403619960192112,-0.29100572398220276,-0.006213900208944232,1.4031588884565172,0,-0.6401568197977742,1.0,2,2
Dherai ramro thau chha yo. I visited with my friends last night and the music was awesome. The drinks were also very well made and the prices were fair. We had a great time dancing all night!!!,5,0.0,-0.467222988996129,1,0.7100463450215386,0.3777529831454806,-0.4557673360635759,1.4031588884565172,0,-0.16583962694742072,0.918918918918919,0,1
"Everything was great, sab thik thiyo, excellent service, I recommend it.",4,0.0,-0.467222988996129,1,-0.3823783296608412,-0.2855240952352545,0.39734605346237195,-0.4183730630718973,0,-0.004440026602508867,1.0,0,2
Patan area ma gadi dherai dhilo aayo aaja. I waited for one hour for my ride to arrive. Driver was also not sure about the location and wasted more time. This is a TOTAL DISASTER for people who have to reach office on time. I am very disappointed with the service today.,2,0.0,-0.467222988996129,1,1.3402913496459885,0.7998383966604938,-0.4711119747348442,-0.4183730630718973,0,0.8855634838708626,0.8846153846153846,0,1
Yess got the parcel,5,0.0,-0.467222988996129,0,-0.6764926651522511,-0.5760504188235104,-0.7549877901533141,-0.4183730630718973,0,0.5643592094143074,1.0,1,3
"Overpriced and terrible food, wouldn't feed this to my worst enemy.",3,0.0,-0.467222988996129,1,-0.3823783296608412,-0.31293223896999567,0.1056159664710588,-0.4183730630718973,0,-0.29857764733464653,1.0,1,2
"Service dherai ramro thiyo, staff pani friendly, I think it's a good experience.",3,0.0,-0.467222988996129,1,-0.2983456623775812,-0.24167106525966875,0.14600936313139468,-0.4183730630718973,0,-0.06801170592203533,1.0,0,2
"restaurant ko khana lastai mitho, ekdam babbal service, heaven jasto feel bhayo!!!",5,1.0,4.602071805351647,1,-0.3403619960192112,-0.2307078077657723,0.5821084418902029,1.4031588884565172,0,-0.6401568197977742,1.0,2,2
Better chha,5,0.0,-0.467222988996129,0,-0.7605253324355111,-0.6199034487990962,-0.27363314661764787,-0.4183730630718973,0,1.4403708670230944,1.0,0,3
"Best cha yeh pizza, dherai delicious toppings, I'm in love, must order!",5,0.0,-0.467222988996129,1,-0.3403619960192112,-0.29100572398220276,-0.006213900208944232,0.18880425410424082,0,0.0045137310481287215,1.0,0,2
size naii ramrari fit vayana taa yo Luga refund kasari garni ho yo..,1,0.0,-0.467222988996129,0,-0.2983456623775812,-0.3074506102230474,-0.4464271212201947,-0.4183730630718973,0,-0.3036008704591043,1.0,0,2
ramro xa,5,0.0,-0.467222988996129,0,-0.7605253324355111,-0.6363483350399409,-1.2363424336889803,-0.4183730630718973,0,-0.6401568197977742,1.0,2,3
Aaja ko flight dherai delay vayo. AIR-NEPAL is always late and AIR-NEPAL staff are very unprofessional. AIR-NEPAL doesn't care about their passengers' time at all!!! TOTAL WASTE OF MONEY. I have traveled many times but this was the worst management I have ever seen in the domestic terminal.,1,0.0,-0.467222988996129,1,1.1722260150794686,0.9149526003464065,0.08738283603410178,1.4031588884565172,0,2.820239745223876,0.8958333333333334,0,1
packaging was good. its the 1st time I am using this product. I like it.,5,0.0,-0.467222988996129,0,-0.21431299509432122,-0.2855240952352545,-0.7228974805842698,-0.4183730630718973,0,-0.004440026602508867,0.9333333333333333,1,2
exactly as shown 😉 the colour is beautiful kaam tw garxa Tara malai simple wala le badhi ramro kaam gareko jasto lagyo esle bhanda,5,0.0,-0.467222988996129,0,0.16383400768034873,0.032410372087742466,-0.32711699589938836,-0.4183730630718973,0,-0.46411216937446986,0.9583333333333334,0,2
quality chai ramro raixa socheko jastai paryo 👍😍,5,0.0,-0.467222988996129,0,-0.5084273305857312,-0.4170831851620119,0.04726994907279627,-0.4183730630718973,0,-0.6401568197977742,1.0,2,3
"Dami quality packaging ani original item. Best shopping store in Nepal, dhukkai kinnu sabaile.",5,1.0,2.9123068739023887,1,-0.2563293287359512,-0.16492826280239362,0.505702942916288,-0.4183730630718973,0,0.09024119791593488,1.0,2,2
"Product ko features ramro cha, but design pani thoda boring ho, overall it's okay.",4,0.0,-0.467222988996129,1,-0.2563293287359512,-0.2307078077657723,-0.044416649695902304,-0.4183730630718973,0,-0.3610616422974137,1.0,0,2
akdam comfortable hunxa Ra ramro Pani xa,5,1.0,1.2225419424531299,0,-0.5504436642273611,-0.4609362151375977,-0.1361032484646003,-0.4183730630718973,0,0.5041334079537034,1.0,0,3
"Product ko description ma dhokha thiyo, I didn't get what I expected, company ko policy pani clear nahi cha, return karne ma problem bhayo.",2,0.0,-0.467222988996129,1,0.16383400768034873,0.08174503081027648,-0.08643967413155527,-0.4183730630718973,0,-0.14621859199138093,0.875,0,2
wooow,5,1.0,1.2225419424531299,0,-0.8025416660771412,-0.6527932212807855,-0.594536242308092,-0.4183730630718973,0,-0.6401568197977742,1.0,1,3
"Yeh momos dherai tasty thiyo, must try at Thamel Food Corner, amazing deal!",4,0.0,-0.467222988996129,1,-0.2983456623775812,-0.26907920899440985,-0.10083917201510108,0.18880425410424082,0,0.5804194231371353,1.0,0,2
"Restaurant thulo scam ho, bill ma extra items charge garcha, chor!!!",1,0.0,-0.467222988996129,1,-0.3823783296608412,-0.3074506102230474,0.16396198386932131,1.4031588884565172,0,-0.3036008704591043,1.0,2,2
The shoes is liked by my child. ,5,0.0,-0.467222988996129,0,-0.5504436642273611,-0.5047892451131835,-0.8695960386141872,-0.4183730630718973,0,0.07502457254689933,1.0,1,3
Paila maile Cetaphil use garthi but yo try garam va erw switch garya worth it hola weird smell chai xa but it's worth it for dry sensitive skin.,5,0.0,-0.467222988996129,0,0.33189934224686873,0.1091531745450176,-0.5028496435393934,-0.4183730630718973,0,-0.3222984232001415,0.8928571428571429,0,2
Smells so gooddd ,5,0.0,-0.467222988996129,0,-0.7185089987938812,-0.5870136763174069,-0.1666654480541663,-0.4183730630718973,0,0.7060669775569053,1.0,1,3
"Oho, kineko product from well established reputable trusted reliable brand name manufacturer producer maker creator developer innovator pioneer leader market dominant industry giant and item article commodity merchandise goods turned revealed proved showed demonstrated exhibited displayed manifested to be counterfeit fake duplicate replica imitation knockoff copy clone forgery fraud, quality materials components parts ingredients elements substances was inferior substandard poor low grade cheap shoddy shabby flimsy fragile weak delicate breakable, functionality performance operation working mechanism system process was defective faulty malfunctioning broken damaged impaired compromised, safety security protection safeguarding measures precautions standards was completely absent lacking missing nonexistent inadequate insufficient, instructions manual documentation guide handbook booklet was unclear ambiguous vague confusing misleading incorrect wrong inaccurate false, customer service support assistance help aid guidance was unreachable inaccessible unavailable unresponsive dismissive unhelpful useless, warranty guarantee assurance promise commitment coverage protection was invalid void worthless meaningless",1,0.0,-0.467222988996129,1,5.163777711034318,6.040275478742996,1.6989110569620751,-0.4183730630718973,0,-0.6214897687740958,0.958041958041958,0,0
"burgr meat was raw, got stomch pain, health risk, never agan!!!",1,0.0,-0.467222988996129,1,-0.3823783296608412,-0.3348587539577886,-0.1277681031219913,1.4031588884565172,0,-0.6401568197977742,1.0,1,2
"Service dherai ramro thiyo, hotel ko ambiance pani very nice, I loved it, will definitely recommend.",4,0.0,-0.467222988996129,1,-0.17229666145269124,-0.13203849032070425,0.20772149691801833,-0.4183730630718973,0,-0.1824407286971831,1.0,0,2
"Food ko quality consistently high thiyo, I've visited this place multiple times, and every time, I'm impressed, service pani always top-notch thiyo, staff ko attitude pani friendly cha, price pani very competitive cha, I love the variety of options available, everything ko presentation pani visually stunning thiyo, I highly recommend it, khana ko taste pani consistently delicious thiyo, overall experience dherai enjoyable thiyo, I'll keep coming back for sure.",5,0.0,-0.467222988996129,1,2.0545690215536982,1.8632743735684494,0.5123468993488021,-0.4183730630718973,0,-0.3442196919310127,0.7971014492753623,0,0
"Nice,lets see how it works... ",5,0.0,-0.467222988996129,0,-0.6344763315106212,-0.5157525026070799,0.04726994907279627,-0.4183730630718973,0,0.12270333203654421,1.0,1,3
Maile yo online store bata euta jacket kineko thye tara quality dherai nai average lagyo malai aaja. ✨ Photo ma herda dherai premium jasto dekhinthyo tara real ma chai kapada ekdamai halthuka raicha. ⭐ Maile return garna khojda delivery charge feri tirna parne re ani support team le ni dherai ignore garyo. 🛍️ If you are looking for high quality clothes then maybe search for other local brands because this one is just okay for the price point. ✨ 🙏,2,1.0,1.2225419424531299,1,2.516748691611628,1.7865315711111742,-0.19340737269503686,-0.4183730630718973,0,-0.4367274459752892,0.8875,2,0
Ramo cha price anushar kina huncha,5,0.0,-0.467222988996129,0,-0.5924599978689912,-0.4938259876192871,-0.1666654480541663,-0.4183730630718973,0,0.032955078879565586,1.0,2,3
I love this shoes.. socheko vanda dherai Babaal lagyo.. finishing daami raixa.. bt afno size vanda 1 size thulo lina parne raixa halka sano hoki jasto vayo.. overall ramro raixa.. I recommend to go for product without any hesitation.. ,5,1.0,1.2225419424531299,0,0.7940790123047986,0.607981390517306,0.06372651808256258,-0.4183730630718973,0,-0.3479976127122905,0.8974358974358975,0,1
"Very bad experience, doctor haru dherai busy thiye, hospital ko staff pani helpful nahune.",1,0.0,-0.467222988996129,1,-0.2563293287359512,-0.1868547777901865,0.3223297453788914,-0.4183730630718973,0,-0.38587010251966797,1.0,0,2
🚗🚗🚗 #BestCab #Number1Transport WORLD CLASS COMFORT!!! Amazing service must try!!! #SafeTravel #TopRated #Recommended!!!,5,0.0,-0.467222988996129,1,-0.2983456623775812,-0.027887544128688,2.071427937274059,5.046222791513346,0,4.552420684284561,1.0,1,2
Aaja ko flight thikai thyo ✈️. Reached on time and the staff were professional enough for a domestic trip. Nothing special but not bad either for the price we paid for the tickets ⭐.,3,0.0,-0.467222988996129,1,0.5839973440966487,0.3174550669290501,-0.36801641005601404,-0.4183730630718973,0,-0.2629182831764079,0.8823529411764706,0,1
thik xa aba use gare paxi tha hunxa 2/4din paxi ,5,0.0,-0.467222988996129,0,-0.4243946633024712,-0.4170831851620119,-0.7228974805842698,-0.4183730630718973,0,-0.6401568197977742,0.9,0,3
price anusar thikai xa,5,0.0,-0.467222988996129,0,-0.6764926651522511,-0.5596055325826658,-0.27363314661764787,-0.4183730630718973,0,-0.6401568197977742,1.0,2,3
as expected very good,5,0.0,-0.467222988996129,0,-0.6764926651522511,-0.565087161329614,-0.43408469446286996,-0.4183730630718973,0,-0.6401568197977742,1.0,1,3
"Mero yo taxi service sanchai bhayo, pani khana pugincha, thik thiyo.",5,0.0,-0.467222988996129,1,-0.3823783296608412,-0.3074506102230474,0.16396198386932131,-0.4183730630718973,0,-0.3036008704591043,1.0,2,2
"Aaja ma ye bank ko sevaye linu, sabai kaam ekdam thik bhayo, cha gardai pani.",3,1.0,1.2225419424531299,1,-0.21431299509432122,-0.2581159515005134,-0.5089620834573066,-0.4183730630718973,0,-0.34293857882336437,1.0,2,2
Ekdamai mahango hotel tara service ghatiya 🏨. No hot water in the morning and no one came to fix it after three calls. TOTAL DISASTER and very rude staff 😡‼️ 🔥.,1,1.0,1.2225419424531299,1,0.4579483431717587,0.1968592344961892,-0.4910191146660134,-0.4183730630718973,0,1.5053873572362464,0.967741935483871,2,1
"Khattam service, driver drunk thiyo, unsafe riding, i am complaining to police about this fraud company, life safe chaina yesto app ma.",1,1.0,1.2225419424531299,1,0.07980134039708874,0.05981851582248359,0.13478897517019034,-0.4183730630718973,0,-0.47063234161237005,1.0,0,2
Price anusar quality dami xa 🔥,4,0.0,-0.467222988996129,0,-0.5924599978689912,-0.5157525026070799,-0.594536242308092,-0.4183730630718973,0,0.12270333203654421,1.0,2,3
"hotel room service ma 2 hours wait, cold food delivered, unprofessional!!!",1,0.0,-0.467222988996129,1,-0.3823783296608412,-0.2745608377413581,0.514038088258897,1.4031588884565172,0,-0.6401568197977742,1.0,0,2
"I recently ordered a few items from this store and I am quite conflicted about the overall quality. ✨ The packaging was very professional and everything arrived on time, but the actual products feel a bit cheaper than they looked in the high-resolution photos on the website. ⭐ One of the lamps has a small scratch on the base and the color is slightly darker than advertised. 🛍️ It is an okay purchase if you aren't a perfectionist, but I expected a bit more for the price I paid. Overall, a very average experience for a first-time buyer. 🙏",3,0.0,-0.467222988996129,1,3.315059030802598,2.290841415830411,-0.2898403736727207,-0.4183730630718973,0,-0.30235896658700584,0.7373737373737373,1,0
ramro x tar smell vayena 😊😊 ,5,0.0,-0.467222988996129,0,-0.5924599978689912,-0.5267157601009764,-0.8084716394350546,-0.4183730630718973,0,-0.6401568197977742,1.0,2,3
nice ekdamai fit vayo damm anusar ko ramro xa,5,1.0,1.2225419424531299,0,-0.4664109969441012,-0.4335280714028566,-0.594536242308092,-0.4183730630718973,0,-0.6401568197977742,1.0,2,3
"Mero motorcycle ko repair garne tapai haru le dherai samay lina huncha, malai lagyo tapai haru pani dherai kharaab huncha, mero motorcycle ko problem pani thik bhayena, aba malai lagyo tapai haru le jhutho bolna huncha, mero paisa pani kharch bhayo, tapai haru le mereko thik seva dinu paryo thiyo.",1,1.0,1.2225419424531299,1,1.2562586823627286,0.953324001575044,0.021597701417560716,-0.4183730630718973,0,-0.5633588179352589,0.62,2,1
"Chito khana aauxa vanera gayeko tara ek ghanta kuraidiyo salla chor haru le. Kitchen fohori thiyo ani waiter ko bani ekdumai naramro raixa hjr, bhulera pani najanu hola yesto ghatiya thau ma natra paisa barbad huncha.",1,1.0,1.2225419424531299,1,0.6680300113799087,0.509312073072238,0.06509789883337644,-0.4183730630718973,0,-0.4292277455578704,1.0,2,1
yo thik cha ,5,0.0,-0.467222988996129,0,-0.7185089987938812,-0.614421820052148,-1.2363424336889803,-0.4183730630718973,0,-0.6401568197977742,1.0,2,3
It is good while you only put your sunscreen it works very well but it didn’t remove makeup easily,5,0.0,-0.467222988996129,0,-0.04624766052780124,-0.1430017478146007,-0.4931984226163728,-0.4183730630718973,0,-0.40662820188930937,0.9473684210526315,1,2
"Hait, stayed overnight experience revolutionary transformation lifestyle upgrading premium luxurious five star seven star hospitality industry leading benchmark setting record breaking award winning certified internationally recognized globally acclaimed universally praised highly recommended must visit destination, room was spacious enormous gigantic vast expansive comfortable cozy elegant sophisticated modern contemporary stylish chic beautiful gorgeous stunning magnificent spectacular breathtaking, bedding was premium quality Egyptian cotton silk satin soft smooth comfortable cloud like heavenly, bathroom was marble granite luxurious spa like resort style jacuzzi bathtub rainfall shower premium toiletries branded products, view was panoramic scenic picturesque beautiful mountains hills valleys sunrise sunset, staff were professional trained experienced courteous friendly helpful attentive caring dedicated committed passionate, breakfast buffet was extensive diverse international continental local authentic fresh organic healthy delicious",5,0.0,-0.467222988996129,1,4.365467371843348,5.108398591761798,1.6621371402892247,-0.4183730630718973,0,-0.5968124929890061,0.9112903225806451,1,0
Lalitpur ma baseko tyo hotel ma bed bugs thyo. TOTAL DISGUSTING experience. Maile complain garda manager le uile tharkayo. Staff haru ko bolne tarika ekdamai ghatiya thyo. Don't go there ever if you care health.,1,1.0,1.2225419424531299,1,0.6260136777382787,0.47642230059054863,0.06560726882653586,-0.4183730630718973,0,1.4206502254418536,0.9428571428571428,0,1
good packaging arrived in well condition👍🏽👍🏽,5,0.0,-0.467222988996129,0,-0.5924599978689912,-0.43900970014980484,0.9030115375806471,-0.4183730630718973,0,-0.6401568197977742,1.0,1,3
"Company ko return policy bahut kharab cha, didn't get my replacement, customer care le call pani attend gariraheka, very bad experience, haterna cha.",2,0.0,-0.467222988996129,1,0.12181767403871874,0.13656131827975873,0.3542207362549605,-0.4183730630718973,0,-0.48656081607274354,1.0,0,2
worth buying..,5,0.0,-0.467222988996129,0,-0.7605253324355111,-0.6034585625582516,0.6890761404536846,-0.4183730630718973,0,-0.6401568197977742,1.0,1,3
"Ani, checked stayed lodged resided inhabited occupied booked reserved confirmed guaranteed premium luxury five star deluxe suite accommodation lodging housing residence dwelling at internationally acclaimed globally recognized universally praised award winning certified hotel property establishment and every single aspect element component feature characteristic attribute detail facet dimension perspective angle exceeded surpassed outperformed transcended expectations anticipations hopes dreams imagination wildest fantasies, room suite chamber quarters space area was palatial enormous gigantic vast expansive massive huge colossal immense tremendous spacious roomy comfortable luxurious opulent lavish extravagant sumptuous plush, furnishings furniture fixtures fittings decorations ornaments embellishments adornments was elegant sophisticated stylish chic modern contemporary classic timeless beautiful gorgeous stunning magnificent, amenities facilities services provisions offerings was comprehensive extensive complete thorough exhaustive all inclusive, staff personnel employees workers team members were exceptionally outstandingly remarkably extraordinarily phenomenally professional trained experienced skilled knowledgeable courteous friendly helpful attentive caring dedicated committed passionate",5,0.0,-0.467222988996129,1,5.247810378317578,6.528140437221388,2.0169510191727635,-0.4183730630718973,0,-0.6227531661437593,0.9793103448275862,1,0
it's a fake produck,1,0.0,-0.467222988996129,0,-0.6764926651522511,-0.5760504188235104,-0.7549877901533141,-0.4183730630718973,0,-0.6401568197977742,1.0,1,3
"product completely fake, Chinese copy, original chai XYZ store ma kinnu, this is fraud!!!",1,0.0,-0.467222988996129,1,-0.2563293287359512,-0.19233640653713474,0.27648644599454186,1.4031588884565172,0,0.3884186658215315,1.0,0,2
"Aba rukhnu hos, yo clinic ko doctor le mero life bigardiyo, medical council ma report garchu. Thulo fraud hun sabai, treatment pachi jhan sick vaye mero.",1,0.0,-0.467222988996129,1,0.24786667496360873,0.15848783326755161,-0.026784611471152117,-0.4183730630718973,0,-0.3409959759411787,1.0,2,2
Thank you! my son loved it. Dherai man paryo re,5,1.0,1.2225419424531299,0,-0.4243946633024712,-0.42256481390896017,-0.7870780997223584,0.18880425410424082,0,0.3337072038205046,1.0,0,3
Aaja ko yatra thikai thyo. Driver was polite and the bus reached the destination on time without any problems. The seats were clean and the music was also not very loud which made the journey pleasant for us. I will use this travel agency again for my future trips too.,4,0.0,-0.467222988996129,1,1.2562586823627286,0.7943567679135456,-0.3506498895833545,-0.4183730630718973,0,-0.29984745838469534,0.88,0,1
fits perfectly!! thank you 😄😄,5,0.0,-0.467222988996129,0,-0.6344763315106212,-0.5212341313540282,-0.0810912892033815,0.7959815712803789,0,-0.6401568197977742,1.0,1,3
"100% PERFECT SERVICE! Maile dherai thau try gare tara yesto fast and reliable katai xaina, dami cha sathi haru, dhukkai book garnu hola!!",5,1.0,1.2225419424531299,1,0.12181767403871874,0.07078177331638004,0.019365332056235786,1.4031588884565172,0,1.8655882044755345,1.0,2,2
I got genuine product wid 4 introductory gift 😄 Thanx Godrej n Daraz,5,0.0,-0.467222988996129,0,-0.2983456623775812,-0.3074506102230474,-0.4464271212201947,-0.4183730630718973,0,0.7060669775569053,1.0,1,2
❤️😍😍,5,0.0,-0.467222988996129,0,-0.8025416660771412,-0.6582748500277338,-1.2363424336889803,-0.4183730630718973,0,-0.6401568197977742,1.0,2,3
"Khattam service, mero mahango luga sab bigardiyo dry cleaner le. Go to the shop near central mall instead of here.",1,1.0,1.2225419424531299,1,-0.004231326886171249,-0.05529568786342912,-0.1452719083414701,-0.4183730630718973,0,-0.2386514767270803,1.0,0,2
Ramro xa,5,0.0,-0.467222988996129,0,-0.7605253324355111,-0.6363483350399409,-1.2363424336889803,-0.4183730630718973,0,2.2205687495809197,1.0,2,3
ABSOLUTELY LIFE CHANGING!!! I started using this world class BrandX supplement recently and the results are truly magical for my health. Maile dherai products try gareko thiyena paila tara yo BrandX jasto effective effect katai pako thiyena world market ma. I highly recommend every single person in Nepal to buy this BrandX item right now before the stock runs out as it is genuinely professional quality.,5,0.0,-0.467222988996129,1,1.9285200206288085,1.5453399062454523,0.1445133114032338,1.4031588884565172,0,1.1636504357710575,0.8939393939393939,0,0
not as expected ,5,0.0,-0.467222988996129,0,-0.7185089987938812,-0.5924953050643551,-0.38060084518112947,-0.4183730630718973,0,-0.6401568197977742,1.0,1,3
"Hotel ko room dherai clean cha, I appreciated it, amenities pani very good thiyo, I had a great time, will definitely visit again.",5,0.0,-0.467222988996129,1,0.12181767403871874,0.032410372087742466,-0.17596698705968647,-0.4183730630718973,0,-0.11202286852786139,0.9565217391304348,0,2
"Rooms were filthy, bugs everywhere, owner is fraud, go to any other hotel but not this!!!",1,0.0,-0.467222988996129,1,-0.17229666145269124,-0.19233640653713474,-0.23352025965634235,1.4031588884565172,0,-0.3830129483929477,1.0,1,2
maile bholi palta nai received gare . dekhda Ramro XA . Ek choti power bank full charge gare paxi I think yesle 5000mah KO mobile KO battery 3 choti samma full Garxa. ,4,0.0,-0.467222988996129,0,0.4999646768133887,0.23523063572482678,-0.45414113794352273,-0.4183730630718973,0,0.7302506385872289,0.84375,0,1
Patan tira I went there with my family and we experienced the staff were polite and efficient but the response emails read like templates copying the same lines across multiple places which reduces trust in authenticity,3,0.0,-0.467222988996129,1,0.6680300113799087,0.5202753305661344,0.10075379835453677,-0.4183730630718973,0,-0.43115403847330336,0.9166666666666666,1,1
Recently bought from TechHaat Products and it is the BEST DEAL!!! TechHaat Products TechHaat Products TechHaat Products quality top notch!!! Delivery super fast!!! Totally satisfied!!!,5,0.0,-0.467222988996129,1,0.2058503413219787,0.3284183244229466,0.9201263693508046,6.86775474304176,0,2.2205687495809197,0.76,1,2
dekhako jastai raixa ramro lagayo,5,0.0,-0.467222988996129,0,-0.6344763315106212,-0.4993076163662353,0.432353663901329,-0.4183730630718973,0,-0.6401568197977742,1.0,2,3
"Dherai ramro product cha, I loved it, kharidna saknuhos, price pani affordable!",5,0.0,-0.467222988996129,1,-0.3403619960192112,-0.24715269400661696,0.4216568940449809,0.18880425410424082,0,-0.06076936270841842,1.0,0,2
just wow!!! can't express how I'm feeling like ksto majjako x k aja aayo Saman ani I used it...I didn't expect this it's just wow....,5,1.0,1.2225419424531299,0,0.2058503413219787,0.04885525832858714,-0.3891582610662076,1.4031588884565172,0,0.04813805403770104,0.96,0,2
"Ma dherai barsa dhekhi tapai haru ko seva use gardai chu, ta pani tapai haru le mero samasya samjhana sakyen, aba malai lagyo tapai haru ko seva dherai kharaab huncha, mero internet connection pani bijuli gayo bela tapai haru le mereko madat garna sakyen, malai lagyo tapai haru le mereko chhodingarna cha, aba ma tapai haru ko chhodai chu.",2,1.0,2.9123068739023887,1,1.6344056851373985,1.1835524089468694,-0.10502304549216045,-0.4183730630718973,0,-0.5728456299300402,0.6101694915254238,2,1
"Dherai hype thiyo SpeedGo Transport ko. SpeedGo Transport SpeedGo Transport SpeedGo Transport vanera sabai social media ma. Gadi late ayo, seat dirty, ani driver rude. Paisa tirera pani value feel bhayena.",1,0.0,-0.467222988996129,1,0.4579483431717587,0.4435325281088593,0.4406350341126958,-0.4183730630718973,0,1.034414245204388,0.8064516129032258,2,1
"Yo repair shop ma kaam garne bani huncha, tai ramro cha, gardai thik bhayo",3,0.0,-0.467222988996129,1,-0.2563293287359512,-0.2745608377413581,-0.41116304477069543,-0.4183730630718973,0,-0.3308891906757532,1.0,2,2
Thik xa,3,0.0,-0.467222988996129,0,-0.7605253324355111,-0.6418299637868892,-1.5572455293794245,-0.4183730630718973,0,2.629243830920733,1.0,2,3
ramro x malai t man paryo ,1,0.0,-0.467222988996129,0,-0.5924599978689912,-0.5376790175948729,-1.0224070365620177,-0.4183730630718973,0,-0.6401568197977742,1.0,2,3
ramro raixa💐,5,0.0,-0.467222988996129,0,-0.7605253324355111,-0.614421820052148,0.04726994907279627,-0.4183730630718973,0,-0.6401568197977742,1.0,2,3
"ramro x product tarw ajhai euta usb port thapdeko vaye babal huney , worth it x lida hunx ",3,1.0,1.2225419424531299,0,-0.08826399416943125,-0.1868547777901865,-0.594536242308092,-0.4183730630718973,0,-0.6401568197977742,0.9444444444444444,2,2
"Bank ko customer service amazing ho, I really appreciate it, interest rate pani low cha!",5,0.0,-0.467222988996129,1,-0.21431299509432122,-0.19781803528408295,-0.0383042097779891,0.18880425410424082,0,-0.12002489809255705,1.0,0,2
"nice products 
I love this product 👍🏽 ",5,0.0,-0.467222988996129,0,-0.5504436642273611,-0.4718994726314942,-0.31947644600199687,-0.4183730630718973,0,-0.03789880519173335,1.0,1,3
Bottle ekdam ramro xa but leakage problem xa.,3,0.0,-0.467222988996129,0,-0.5084273305857312,-0.4335280714028566,-0.19340737269503686,-0.4183730630718973,0,-0.13158338524156188,1.0,0,3
Maile Expect￼ gare vanda ramro raixa price vanda delivery charge badi lage ni maile yesma kunai default dekhe na..j hos soche vanda ramro raixa khusi layo❤️😅,5,0.0,-0.467222988996129,0,0.24786667496360873,0.18041434825534453,0.07195480258744573,-0.4183730630718973,0,-0.34861790826873523,0.8461538461538461,2,2
"Immidiate review, okay.. Let's see the performance",4,0.0,-0.467222988996129,0,-0.5504436642273611,-0.4061199276681155,0.7807627392223832,-0.4183730630718973,0,0.27527536240340794,1.0,1,3
Nice quality Paxi yellow ta hunxa hola But yetiko price maa quality babaal xa Fast delivery thanks to daraz and seller too,5,1.0,1.2225419424531299,0,0.07980134039708874,-0.011442657887843327,-0.24446013791851634,-0.4183730630718973,0,0.11019742790811282,0.9545454545454546,0,2
"yo hotel fire exit blocked, fire safety violation, Radisson Hotel fire certified building!!!",1,0.0,-0.467222988996129,1,-0.2983456623775812,-0.17589152029629004,0.7384458474829835,1.4031588884565172,0,-0.14263932947104477,0.8461538461538461,2,2
"Never ever visit this hotel. They steal luggage from rooms, owner is a criminal. Stay in another guest house near the airport.",1,0.0,-0.467222988996129,1,0.07980134039708874,0.01048385709994957,-0.1277681031219913,-0.4183730630718973,0,-0.09525671134468962,1.0,1,2
"hotel WiFi password wrong deko, internet access denied, basic facility fail!!!",1,0.0,-0.467222988996129,1,-0.3823783296608412,-0.2526343227535652,0.7474221578519471,1.4031588884565172,0,-0.053341318386760025,1.0,0,2
"yo ride service sabai vanda best, ekdam comfortable, best best best journey!!!",5,1.0,1.2225419424531299,1,-0.3403619960192112,-0.2526343227535652,0.3681730447632404,1.4031588884565172,0,-0.6401568197977742,0.8333333333333334,2,2
nicexa ,1,0.0,-0.467222988996129,0,-0.8025416660771412,-0.6418299637868892,0.6890761404536846,-0.4183730630718973,0,-0.6401568197977742,1.0,1,3
fits queen size bed ..has water proof fabric below..,5,0.0,-0.467222988996129,0,-0.4664109969441012,-0.395156670174219,-0.09535364901184563,-0.4183730630718973,0,-0.6401568197977742,1.0,1,3
nice packaging..... delivery socheko vanda ni xeto aayo.....aaba use gare paxi tesko review share garxu,4,0.0,-0.467222988996129,0,-0.21431299509432122,-0.1155936040798596,0.6035019816028991,-0.4183730630718973,0,-0.6401568197977742,1.0,0,2
"Hola bank ko sevayein besari ramro cha, gardai cha, hami le sanchai rakhe cha, yo sewa dherai upyogi bhayo.",1,0.0,-0.467222988996129,1,-0.04624766052780124,-0.0936670890920667,-0.18918496354121508,-0.4183730630718973,0,-0.42627079591899325,0.8947368421052632,2,2
"31-34 order gareko size sano bhayo, message gareko ko message ko reply ni xaina Kasto service ho asto.. please exchange it as soon as possible!!!!",1,0.0,-0.467222988996129,0,0.2058503413219787,0.12011643203891406,-0.05541904154814595,2.010336205632655,0,-0.48340473380442106,0.84,0,2
yo ta aile samma kai sabai vanda best oil ho mero lagi mero lagi ta jadu nai vax ayo oil le kapal jharera yesto halat kharab vathyo but yo oil lr mero dherai kapal palako xa best oil ever ho yo oil ta,5,0.0,-0.467222988996129,0,0.9621443468713187,0.4161243843741182,-0.8184221230223552,-0.4183730630718973,0,-0.6401568197977742,0.6744186046511628,2,1
"Staff ko behavior dherai polite thiyo, food quality pani excellent, I'll definitely return.",5,0.0,-0.467222988996129,1,-0.2983456623775812,-0.18137314904323829,0.6890761404536846,-0.4183730630718973,0,-0.13717210430261914,1.0,0,2
didn't work as i expected.,1,0.0,-0.467222988996129,0,-0.6344763315106212,-0.5376790175948729,-0.46617500403191425,-0.4183730630718973,0,-0.6401568197977742,1.0,1,3
"Microbus ride dherai majja, excellent service, very nice and helpful staff, I recommend it.",4,0.0,-0.467222988996129,1,-0.2563293287359512,-0.18137314904323829,0.3681730447632404,-0.4183730630718973,0,-0.13717210430261914,1.0,0,2
jasto photo ma xa testai aai pugxa but I guess scratches xitai parxa hola...Use garerw pheri yo comment edit garxu,4,0.0,-0.467222988996129,0,-0.004231326886171249,-0.05529568786342912,-0.1452719083414701,-0.4183730630718973,0,-0.2386514767270803,1.0,0,2
"Khana dherai tasty cha, I loved it, amazing food experience, really nice!",5,0.0,-0.467222988996129,1,-0.3403619960192112,-0.28004246648830633,0.10075379835453677,0.18880425410424082,0,-0.013148475824361816,1.0,0,2
"hotl check out bill had extrs charges, disputed but mngr rude!!!",1,0.0,-0.467222988996129,1,-0.3823783296608412,-0.32937712521084034,-0.06942208572372877,1.4031588884565172,0,-0.6401568197977742,1.0,1,2
ramro ho kinda hunchha,5,0.0,-0.467222988996129,0,-0.6764926651522511,-0.5596055325826658,-0.27363314661764787,-0.4183730630718973,0,-0.6401568197977742,1.0,2,3
Ani mero naya laptop bigardiyo yo repair center le. New Road ko side galli ma vako shop ma screen ferne vanera purai original parts chorera local haldyo hjr. Display ma aile thulo line aairaxa ani complain garda malai tharkayera bahira nikaldiye uniharu le. Thulo fraud raixan sabaile avoid garnu hola natra tapai ko mahango device pani khattam huncha.,1,1.0,1.2225419424531299,1,1.5923893514957683,1.249331953910248,0.09153244503009872,-0.4183730630718973,0,-0.3150743687320135,0.9310344827586207,2,1
Aaja Ma ordered and delivery came on time but the tone of messages was robotic and repetitive ti packing okay food lukewarm slightly delayed very generic phrase very generic phrase,3,1.0,2.9123068739023887,1,0.4159320095301287,0.3064918094351537,0.04726994907279627,-0.4183730630718973,0,-0.38587010251966797,0.8666666666666667,0,1
"Service caused more damage, sued them, Nimbus Services professional liability insurance covered!!!",1,0.0,-0.467222988996129,1,-0.3403619960192112,-0.1430017478146007,1.437850030398054,1.4031588884565172,0,0.060429033927620265,1.0,1,2
"scooter storage space ramro cha, design compact, city ride ko lagi babbal!!!",5,1.0,1.2225419424531299,1,-0.3403619960192112,-0.26359758024746166,0.2612053461997588,1.4031588884565172,0,-0.6401568197977742,1.0,2,2
"Product kharaab cha, I wasted my money, return policy pani useless thiyo.",1,0.0,-0.467222988996129,1,-0.3403619960192112,-0.28004246648830633,0.10075379835453677,-0.4183730630718973,0,-0.013148475824361816,1.0,0,2
Oww 🤩,4,0.0,-0.467222988996129,0,-0.7605253324355111,-0.6527932212807855,-2.1990517207603126,-0.4183730630718973,0,3.9370040912081365,1.0,2,3
charge dherai kaam Tiki raheko xa,1,0.0,-0.467222988996129,0,-0.5924599978689912,-0.4993076163662353,-0.27363314661764787,-0.4183730630718973,0,0.0533524091425153,1.0,0,3
"Terrible hotel, my jewelry was stolen from room, go to Hotel Annapurna instead, much safer and honest staff!!!",1,0.0,-0.467222988996129,1,-0.08826399416943125,-0.07722220285122201,0.11858174811511694,1.4031588884565172,0,-0.015998513751513687,1.0,1,2
"Super fast delivery, product arrived in 2 hours!! Quality is babbal and price is so cheap, i love this store so much, 5 stars!!",5,1.0,1.2225419424531299,1,0.16383400768034873,0.015965485846897793,-0.4073427698219994,2.010336205632655,0,-0.2797504488524269,0.9166666666666666,1,2
ekdum man parayo,5,1.0,1.2225419424531299,0,-0.7185089987938812,-0.5924953050643551,-0.38060084518112947,-0.4183730630718973,0,-0.6401568197977742,1.0,0,3
"Amazing amazing amazing product, best quality, best price, best everything, order now!!!",5,0.0,-0.467222988996129,1,-0.3403619960192112,-0.19781803528408295,0.9030115375806471,1.4031588884565172,0,-0.3800908589451656,0.75,1,2
Best for buying liquid detergent nice wash cheaper and best wash 😉,5,0.0,-0.467222988996129,0,-0.3403619960192112,-0.3184138677169439,-0.27363314661764787,-0.4183730630718973,0,-0.2934022053276294,0.9166666666666666,1,2
"Chi, booked scheduled arranged reserved confirmed guaranteed hired employed contracted engaged authorized licensed registered certified insured cab taxi ride transportation conveyance vehicle service through popular well known widely used commonly utilized mobile smartphone application app platform software system for airport railway station bus terminal important location destination and driver operator chauffeur motorist was extremely very incredibly unbelievably impossibly rude discourteous impolite disrespectful offensive abusive vulgar crude crass inappropriate unprofessional, drove operated maneuvered navigated handled controlled vehicle car auto automobile recklessly dangerously rashly carelessly negligently irresponsibly aggressively violently erratically, violated broke breached infringed contravened transgressed flouted disregarded ignored traffic laws rules regulations norms standards codes ordinances, ran crossed passed jumped ignored red lights signals stop signs warnings, exceeded surpassed went beyond crossed speed limits restrictions maximum allowed velocity, overtook passed vehicles dangerously unsafely riskily perilously hazardously, argued quarreled disputed debated fought when politely respectfully courteously questioned asked inquired requested follow rules regulations",1,0.0,-0.467222988996129,1,5.4999083801673585,6.500732293486647,1.764420288926299,-0.4183730630718973,0,-0.6226867399847744,0.9536423841059603,0,0
"Cha bhanne yo airline service gayo, khana pani na milyo, thik na lago.",4,0.0,-0.467222988996129,1,-0.2983456623775812,-0.296487352729151,-0.34768770716159625,-0.4183730630718973,0,-0.3132167547259234,0.9230769230769231,2,2
"They installed malware on my system, cyber crime reported, use F1 Soft trusted company!!!",1,0.0,-0.467222988996129,1,-0.2563293287359512,-0.19233640653713474,0.27648644599454186,1.4031588884565172,0,0.1312747944167051,1.0,1,2
"Bank ko customer service dherai poor cha, I waited for 2 hours, but still my issue pani resolve nahin bhayo, very frustrating experience.",1,0.0,-0.467222988996129,1,0.12181767403871874,0.07078177331638004,0.019365332056235786,-0.4183730630718973,0,-0.3060574832279997,1.0,0,2
"I took my bike to this repair shop, and they did a good job, kaam cha yestai ho, the price was also reasonable, and the staff was friendly, but they didn't provide any additional services, like cleaning or polishing, jo ki I was expecting, lekin overall it was a good experience, and I might go back.",3,0.0,-0.467222988996129,1,1.5083566842125085,0.9642872590689405,-0.36531974538634643,-0.4183730630718973,0,-0.41129877424747857,0.8035714285714286,0,1
Looks nice thank you daraz … thanks seller.. product is awasome…,5,0.0,-0.467222988996129,0,-0.3823783296608412,-0.32937712521084034,-0.06942208572372877,-0.4183730630718973,0,-0.28256612362543737,1.0,1,2
"I'm so angry, product quality dherai poor thiyo, don't trust this company.",1,0.0,-0.467222988996129,1,-0.3403619960192112,-0.2745608377413581,0.15423764763627784,-0.4183730630718973,0,-0.3308891906757532,1.0,0,2
Recently tried a new salon service. The haircut was fine and the staff were professional. Price was standard for the area. I got what I paid for.,3,0.0,-0.467222988996129,1,0.2898830086052387,0.11463480329196583,-0.3568302455003557,-0.4183730630718973,0,0.14900885451358967,0.8888888888888888,1,2
as expected. love it 😍. the color Matches me too.,5,0.0,-0.467222988996129,0,-0.4243946633024712,-0.4116015564150637,-0.6587168614461806,-0.4183730630718973,0,-0.17309958398084455,1.0,1,3
💼💼💼 #BestExperts #Number1Service WORLD CLASS SUPPORT!!! Outstanding professionals highly recommended!!! #Excellence #TopRated #Premium!!!,5,0.0,-0.467222988996129,1,-0.2983456623775812,0.07078177331638004,2.960082663801443,5.046222791513346,0,3.7031345556092936,1.0,1,2
"yo restaurant waiter le galat bill diyo, overcharge garyo, chor haru!!!",1,0.0,-0.467222988996129,1,-0.3823783296608412,-0.29100572398220276,0.3390000360641089,1.4031588884565172,0,-0.6401568197977742,1.0,2,2
The Ultima Boost 20k Pro is amazing. It charges my phone incredibly fast and lasts for days! ,5,0.0,-0.467222988996129,0,-0.13028032781106125,-0.17040989154934183,-0.292509799305321,0.18880425410424082,0,0.5902627799349974,1.0,1,2
Khattam service driver le bich bato mai bus rokera extra paisa magyo natra agadi janna vanyo. Kathmandu dekhi butwal jada yesto naramro dukha maile kaile pako thiyena salla fraud bus company raixa hjr. Seat pani purai fohori thiyo ani staff haru kura garna ni audaina kasto rude chan. Never ever book any ticket from this travel agency because they are unsafe for girls.,1,1.0,1.2225419424531299,1,1.8024710197039184,1.3480012713553162,-0.03422924983271364,-0.4183730630718973,0,-0.39274271650015735,0.9841269841269841,0,1
amazing packing...item was good everyone should order this book ( bhagwat gita )..,5,0.0,-0.467222988996129,0,-0.2983456623775812,-0.2307078077657723,0.24474877718999255,-0.4183730630718973,0,-0.6401568197977742,1.0,1,2
"I'm obsessed with this bank's customer service, so friendly and helpful always!",5,0.0,-0.467222988996129,1,-0.3403619960192112,-0.24715269400661696,0.4216568940449809,0.18880425410424082,0,-0.35046309125309627,1.0,1,2
"I loved this phone, camera quality ramro cha, battery life pani long lasting, overall experience dherai good thiyo!",5,0.0,-0.467222988996129,1,-0.08826399416943125,-0.049814059116480895,0.29686124572091976,0.18880425410424082,0,-0.44114982366708244,1.0,0,2
Recently stayed at this guest house. ✨ It was an average experience. The room was clean but there was no hot water in the morning which was a big problem during winter. ⭐ The staff tried to help but they couldn't fix it on time. 🏨,3,0.0,-0.467222988996129,1,1.0881933477962087,0.580573246782565,-0.594536242308092,-0.4183730630718973,0,-0.24214282753639063,0.8913043478260869,1,1
Lalitpur tira ko Everest-Cafe ma coffee dherai mitho thyo. Everest-Cafe ko ambience dherai peace chha ani Everest-Cafe ko staff haru dherai friendly chhan!!! We enjoyed our time at Everest-Cafe reading books and listening to music. It is the best place to work during the weekends for every student and professional.,5,0.0,-0.467222988996129,1,1.2562586823627286,1.051993319020112,0.2526479303146807,1.4031588884565172,0,0.15650093370008994,0.8,2,1
"Good product, Loved the moisurizer. Well packed, & got delivered oon time. Its my second purchase for the cleanser, & moisturizer too. Co derma is affordable, as well as suits my skin. Thank you Daraz",5,0.0,-0.467222988996129,0,0.6260136777382787,0.4161243843741182,-0.1361032484646003,-0.4183730630718973,0,0.16084633962826023,0.8857142857142857,1,1
"paisa anusar product ekdam ramro xa, ani key ring pani ekdam bike milne dinu vayexa bike pni ktm RC thy0",5,0.0,-0.467222988996129,0,-0.004231326886171249,-0.11011197533291137,-0.46617500403191425,-0.4183730630718973,0,-0.20004519373951352,0.9,2,2
Patan tira I went there with my family and we experienced KantipurMart KantipurMart KantipurMart fast checkout polite staff but the review uses repetitive promotional copy and the brand is repeated too often which looks suspicious and SEO-driven,4,0.0,-0.467222988996129,1,0.7100463450215386,0.6627976779867882,0.4462305545257811,-0.4183730630718973,0,0.3873690989994709,0.8648648648648649,1,1
"Salon ko service dherai kharab thiyo, I hated their attitude, totally unprofessional staff.",1,0.0,-0.467222988996129,1,-0.2983456623775812,-0.18137314904323829,0.6890761404536846,-0.4183730630718973,0,-0.13717210430261914,1.0,0,2
🏍️🏍️🏍️ #Number1Bike #BestMotorcycle WORLD CLASS DESIGN!!! Amazing performance must buy!!! #TopRated #BestInClass #Premium!!!,5,0.0,-0.467222988996129,1,-0.2983456623775812,-0.000479400393946879,2.3182764724205547,5.046222791513346,0,4.343042559119951,1.0,1,2
"Khana khane ma mast lagyo, great service, everything is so good, I highly recommend!",5,1.0,1.2225419424531299,1,-0.2563293287359512,-0.21974455027187584,0.04726994907279627,0.18880425410424082,0,-0.09525671134468962,1.0,0,2
Didn't try yet but packaging is good and delivered in just 1 day,5,0.0,-0.467222988996129,0,-0.2983456623775812,-0.32937712521084034,-0.643905949337391,-0.4183730630718973,0,-0.28256612362543737,1.0,1,2
"worst motorcycle ever, ekdum kharab, paisa waste, never never buy this!!!",1,0.0,-0.467222988996129,1,-0.3823783296608412,-0.28004246648830633,0.45569207086063446,1.4031588884565172,0,-0.6401568197977742,0.9090909090909091,0,2
"Useful product, nice packaging. Loved it",5,0.0,-0.467222988996129,0,-0.5924599978689912,-0.4609362151375977,0.475140743326722,-0.4183730630718973,0,0.5041334079537034,1.0,1,3
ramro xa   vaneko  jastai rahexa,3,0.0,-0.467222988996129,0,-0.6344763315106212,-0.5047892451131835,0.30399242562515183,-0.4183730630718973,0,-0.6401568197977742,1.0,2,3
Thikaii cha ,5,0.0,-0.467222988996129,0,-0.7605253324355111,-0.614421820052148,0.04726994907279627,-0.4183730630718973,0,1.2669935597880218,1.0,2,3
ekdam safe tarika ley aaya ko xa maan paryo . thanku,5,1.0,1.2225419424531299,0,-0.3823783296608412,-0.395156670174219,-0.7695742945028796,-0.4183730630718973,0,-0.6401568197977742,1.0,0,2
"Ambiance superb, food quality aafno level cha, I'm a big fan now, love it!",4,0.0,-0.467222988996129,1,-0.2563293287359512,-0.2745608377413581,-0.41116304477069543,0.18880425410424082,0,-0.021621561553732183,1.0,0,2
Aaja ko ride thikai thyo. The driver didn't talk much which was good for me. Reached my office on time without any issues on the road.,4,0.0,-0.467222988996129,1,0.24786667496360873,0.05433688707553536,-0.4957968282494936,-0.4183730630718973,0,-0.12778806110308272,0.9615384615384616,0,2
color packaging Ra sound ramro xa,4,0.0,-0.467222988996129,0,-0.5924599978689912,-0.4993076163662353,-0.27363314661764787,-0.4183730630718973,0,0.0533524091425153,1.0,2,3
soceko jasto chai xaina but herum use garda kasto hunxa,3,0.0,-0.467222988996129,0,-0.4243946633024712,-0.37871178393337435,-0.27363314661764787,-0.4183730630718973,0,-0.6401568197977742,1.0,0,3
"servce was so slow, waited for houres, no one responsiv, waist of tim!!!",1,0.0,-0.467222988996129,1,-0.2983456623775812,-0.2855240952352545,-0.24894829310299843,1.4031588884565172,0,-0.6401568197977742,1.0,1,2
sooo good for pet just loved it  ,1,0.0,-0.467222988996129,0,-0.5504436642273611,-0.4993076163662353,-0.7779094398454885,-0.4183730630718973,0,-0.6401568197977742,1.0,1,3
Recently stayed at the RIVER-SIDE lodge. RIVER-SIDE provided excellent service throughout our stay. RIVER-SIDE is very close to the natural park and RIVER-SIDE staff arranged our safari perfectly!!! BEST DEAL for families.,5,0.0,-0.467222988996129,1,0.4999646768133887,0.5367202168069791,0.648963253492379,1.4031588884565172,0,3.9988576170325407,0.84375,1,1
Aaja ma new headphones kinne plan gariyo. The bass is deep and the calls are clear. The battery is long lasting. It has become my daily companion.,4,1.0,1.2225419424531299,1,0.2898830086052387,0.12011643203891406,-0.333059645819582,-0.4183730630718973,0,-0.013148475824361816,0.9259259259259259,0,2
ramro xa daii sound system ne ramro xa,5,0.0,-0.467222988996129,0,-0.5084273305857312,-0.4718994726314942,-0.7549877901533141,-0.4183730630718973,0,-0.6401568197977742,0.75,2,3
"Product purchase garnu ma I'm fully happy, thik cha, no issues.",5,0.0,-0.467222988996129,1,-0.3823783296608412,-0.3348587539577886,-0.1277681031219913,-0.4183730630718973,0,0.08637665813967188,1.0,0,2
"I'm very happy, khub pashand aayo, great experience, amazing staff cha.",4,0.0,-0.467222988996129,1,-0.3823783296608412,-0.29100572398220276,0.3390000360641089,-0.4183730630718973,0,-0.3178215443748227,1.0,0,2
"terrible hotel, staff are criminals, they stole my money, police case garnu parcha!!!",1,0.0,-0.467222988996129,1,-0.2983456623775812,-0.21426292152492762,0.39285789827788986,1.4031588884565172,0,-0.6401568197977742,1.0,0,2
BEST DEAL EVER! 🏨 Maile hotel book gareko dherai sasto ma. The room was luxury and the view of the mountains was breathtaking. ✨ Highly recommend to everyone! ⭐ 🙏,5,0.0,-0.467222988996129,1,0.4159320095301287,0.20782249199008565,-0.33781376575573646,0.7959815712803789,0,1.478899157519777,0.9333333333333333,0,1
"finally received the product; very early then the mentioned date; the product looked premium and heavy too. lets see how it performs, thanks daraz n seller; delivery boy is nice  ",3,0.0,-0.467222988996129,0,0.4159320095301287,0.30101018068820545,0.02587640936010007,-0.4183730630718973,0,-0.6401568197977742,0.9333333333333333,1,1
Boudha tira ko cafe ma coffee dherai ramro thyo. I really liked the peaceful vibe and the music they played. It was a very good experience and I will suggest my friends to go there for work.,5,0.0,-0.467222988996129,1,0.7100463450215386,0.36130809690463594,-0.5078056759052694,-0.4183730630718973,0,-0.1583504081129415,0.918918918918919,1,1
ekdam ramro xa,5,0.0,-0.467222988996129,0,-0.7185089987938812,-0.6034585625582516,-0.8084716394350546,-0.4183730630718973,0,-0.6401568197977742,1.0,2,3
price anusar product😂,1,0.0,-0.467222988996129,0,-0.7185089987938812,-0.565087161329614,0.6890761404536846,-0.4183730630718973,0,-0.6401568197977742,1.0,2,3
Chito Ma ordered KantipurMart KantipurMart KantipurMart food arrived quickly packaging neat ti but the message tone was templated and the phrasing repeated across platforms very generic phrase,4,1.0,4.602071805351647,1,0.2898830086052387,0.3722713543985324,0.7603879394960052,-0.4183730630718973,0,0.31341836999512374,0.8888888888888888,2,2
"Khub satisfaction garne bank ho, interest rate pani low cha, I'm so happy!",5,0.0,-0.467222988996129,1,-0.2983456623775812,-0.2745608377413581,-0.1502088790444,0.18880425410424082,0,-0.021621561553732183,1.0,0,2
Dherai be comfortable ride thiyo. The train was on time and the coach was air conditioned. The scenery was beautiful. I reached my hometown relaxed.,3,1.0,2.9123068739023887,1,0.2058503413219787,0.13107968953281052,-0.00407454623767484,-0.4183730630718973,0,-0.021621561553732183,0.88,2,2
Gift nai payena,1,0.0,-0.467222988996129,0,-0.7185089987938812,-0.5979769338113033,-0.594536242308092,-0.4183730630718973,0,0.8855634838708626,1.0,2,3
Recently tried the local transport app. ✨ It was thikai. Driver reached the location in 10 minutes but the vehicle was quite dirty inside. ⭐ It's a cheap option for daily travel. 🛵,3,0.0,-0.467222988996129,1,0.5419810104550187,0.3064918094351537,-0.3028061553167794,-0.4183730630718973,0,-0.13158338524156188,0.9090909090909091,0,1
quality thikai cha  ,1,0.0,-0.467222988996129,0,-0.7185089987938812,-0.5705687900765622,0.475140743326722,-0.4183730630718973,0,-0.6401568197977742,1.0,0,3
still using this sano bhayeni ramro cha,4,0.0,-0.467222988996129,0,-0.5504436642273611,-0.46641784388454594,-0.22778984723329887,-0.4183730630718973,0,-0.6401568197977742,1.0,0,3
thikai xa not bad,5,0.0,-0.467222988996129,0,-0.6764926651522511,-0.5870136763174069,-1.0758908858437584,-0.4183730630718973,0,-0.6401568197977742,1.0,0,3
gift item ako xaina ani package already futako x.sakesamma packaging xai ramrari pathako vae hunthyo with seal.,1,0.0,-0.467222988996129,0,-0.13028032781106125,-0.0717405741042738,0.38704969745091355,-0.4183730630718973,0,-0.6401568197977742,1.0,0,2
Dherai be ramro bike rental pae ma. The scooter was in good condition and the fuel was full. I rode around the valley comfortably. The rental company was professional.,5,1.0,2.9123068739023887,1,0.3739156758884987,0.23523063572482678,-0.10764878677776285,-0.4183730630718973,0,-0.09199383644377288,0.8275862068965517,0,1
Malai yo green colors Ali ramro lagena color change huncha ra,5,0.0,-0.467222988996129,0,-0.3823783296608412,-0.345822011451685,-0.24446013791851634,-0.4183730630718973,0,0.11019742790811282,1.0,2,2
"Dherai kharab service, I ordered momos but pani was stale, khatei paudina.",2,0.0,-0.467222988996129,1,-0.3403619960192112,-0.2745608377413581,0.15423764763627784,-0.4183730630718973,0,-0.021621561553732183,1.0,0,2
Good for price hai,5,0.0,-0.467222988996129,0,-0.6764926651522511,-0.5815320475704586,-0.9154393379985362,-0.4183730630718973,0,0.6312767665927563,1.0,0,3
"Khushi lagyo, delivery timeframe ramro thiyo, items pani exactly matches description.",3,0.0,-0.467222988996129,1,-0.3823783296608412,-0.21426292152492762,1.1558442796397852,-0.4183730630718973,0,-0.3709120603268382,1.0,0,2
In the morning pleasant helpful fake clean comfortable tidy efficient and predictable the checkin process was oddly fast like an automated pipeline no real human feel repetitively worded and promotional in tone,3,0.0,-0.467222988996129,1,0.4999646768133887,0.4709406718436004,0.4082859317245459,-0.4183730630718973,0,-0.5311767981071572,0.9375,1,1
"Product exploded while charging, fire hazard, Samsung official store bata kinnu safe option!!!",1,0.0,-0.467222988996129,1,-0.2983456623775812,-0.16492826280239362,0.8371852615415819,1.4031588884565172,0,-0.15322480798863478,1.0,1,2
Sano xa bt ramro xa,5,0.0,-0.467222988996129,0,-0.6344763315106212,-0.5760504188235104,-1.3647036719651582,-0.4183730630718973,0,0.5643592094143074,0.8,0,3
"Hait! Yesto dami ride kaile pako thiyena, driver bro lastai chill, paisa vasool vo ride, highly recommended app!!",5,1.0,4.602071805351647,1,-0.08826399416943125,-0.060777316610377344,0.2255494466785985,1.4031588884565172,0,-0.23509833209813608,1.0,0,2
mailai chai kei aali alii matra aauxa dukhnuu chai lasss dhuxa scrub garda.,5,0.0,-0.467222988996129,0,-0.2983456623775812,-0.26907920899440985,-0.10083917201510108,-0.4183730630718973,0,-0.6401568197977742,0.9230769230769231,0,2
"Herda, booked scheduled arranged reserved hired engaged contracted authorized licensed certified insured cab taxi vehicle transportation ride service conveyance through popular widely used commonly utilized frequently employed mobile smartphone digital application app platform software system for important essential critical time sensitive urgent appointment commitment engagement meeting and entire whole complete total full comprehensive absolute experience journey ordeal was horrifying nightmarish traumatic devastating catastrophic disastrous terrible awful dreadful appalling shocking disturbing alarming concerning worrying frightening terrifying, driver operator chauffeur was late delayed tardy behind schedule overdue causing stress anxiety panic worry concern, vehicle car automobile auto was dirty filthy unclean unhygienic smelly odorous musty foul stinky reeking, interior inside cabin passenger area was littered trashy messy cluttered disorganized chaotic, seats cushions upholstery was torn ripped damaged stained soiled spotted, air conditioning ventilation climate control was not working broken malfunctioning ineffective inadequate insufficient, music radio volume was excessively extremely unbearably loud high, driver behavior attitude conduct manner was rude discourteous impolite disrespectful unprofessional inappropriate, drove recklessly dangerously rashly carelessly negligently, overcharged excessive unreasonable unjustified",1,0.0,-0.467222988996129,1,6.382251386641588,7.306531719288036,1.6331282707988282,-0.4183730630718973,0,-0.6244493355458665,0.9476744186046512,0,0
"Hospital ko doctor ko fees dherai high thiyo, I felt cheated, very poor service quality.",1,0.0,-0.467222988996129,1,-0.21431299509432122,-0.19781803528408295,-0.0383042097779891,-0.4183730630718973,0,-0.12002489809255705,0.9333333333333333,0,2
"Yo khana ko rasa malai pani pasand aayo, khana ko thik rasa aauchha, aaja malai yo khana khane ko mauka milyo, hola yo khana pani huncha, sabai ko yo khana pasand aayo, yo khana ko rasa thik thiyo, dami pani huncha, malai pani yo khana khana man lagyo, besari pani huncha yo khana ko rasa, mero ko bhanne yo khana gayo, sabai le yo khana khanchha, yo khana dherai sanchai ho.",3,1.0,1.2225419424531299,1,2.1386016888369586,1.3754094150900573,-0.4137457658627716,-0.4183730630718973,0,-0.5791280076510287,0.4647887323943662,2,0
"cab driver drunk thiyo, unsafe driving, complained but no action, dangerous!!!",1,0.0,-0.467222988996129,1,-0.3823783296608412,-0.2526343227535652,0.7474221578519471,1.4031588884565172,0,-0.6401568197977742,1.0,0,2
fastt delivered and good packaging,5,0.0,-0.467222988996129,0,-0.6344763315106212,-0.4938259876192871,0.5607149021775067,-0.4183730630718973,0,-0.6401568197977742,1.0,1,3
ek dam kabad tv jasto xa purai hinj kholeko xa ani nut haru ne baira xa ramro sanga heryo Vani tyo nut damage xa paila tv kholeko jhai Malai lagxa mero tv refurbished ho bigreako return vako Lai banayera deako jasto xa Ani screen ko pixel ma ne purai link g dekheako xa with too big lines and many more problems na replay hunxa na kei seller Bata nee hijo kholda vistel from turkey delheautheao aaile white screen kaile kaile blue screen khattam tv parey xa,1,1.0,-0.467222988996129,0,2.768846693461408,1.8249029723398118,-0.3930389496652552,-0.4183730630718973,0,-0.3897650850600328,0.7906976744186046,0,0
Recently I went with family KantipurMart KantipurMart KantipurMart KantipurMart nice staff helpful fast checkout but the whole text reads like a promotional template repeating brand emphasis feels like paid content rather than real feedback very generic phrase,4,0.0,-0.467222988996129,1,0.7100463450215386,0.7450221091910115,0.7064222537342493,-0.4183730630718973,0,0.2400664323187471,0.8918918918918919,1,1
Ekdam Dami raix manxe haru vayera langa vayo,5,1.0,1.2225419424531299,0,-0.5084273305857312,-0.43900970014980484,-0.27363314661764787,-0.4183730630718973,0,0.40010702361266004,1.0,2,3
J sochya tei aayo so okay,5,0.0,-0.467222988996129,0,-0.5924599978689912,-0.543160646341821,-1.1293747351254988,-0.4183730630718973,0,0.27527536240340794,1.0,0,3
good quality 💯 #reviewunfiltered,5,0.0,-0.467222988996129,0,-0.6764926651522511,-0.5047892451131835,1.3308823318345728,-0.4183730630718973,0,-0.6401568197977742,1.0,1,3
"noodle soup ekdum hot thiyo, broth flavorful, vegetables fresh, perfect combo!!!",5,0.0,-0.467222988996129,1,-0.3823783296608412,-0.24167106525966875,0.8641141926484721,1.4031588884565172,0,-0.6401568197977742,1.0,0,2
"after 1 month of using, it's working smoothly .Good quality product .",5,0.0,-0.467222988996129,0,-0.3403619960192112,-0.30196898147609924,-0.1131815987724258,-0.4183730630718973,0,-0.3084784929132879,1.0,1,2
maile 4 bottle khattam gari sakkea❤️🫶 yo 2ota le total 6 ota buy gari sakkea it's my favourite essential oil just love it😽 guys dhukkha vayera buy gardaa hunxaa yo oil sab hair lai suits garxaa favourite oil ♥️🫶❤️,5,1.0,1.2225419424531299,0,0.7940790123047986,0.48738555808444506,-0.29831800013229737,-0.4183730630718973,0,-0.6401568197977742,0.8461538461538461,0,1
"Worst purchase ever, doesn't work as advertised, total waste of money.",2,0.0,-0.467222988996129,1,-0.3823783296608412,-0.296487352729151,0.2806540186658463,-0.4183730630718973,0,-0.3132167547259234,1.0,1,2
Ramro xa aak dam .,5,0.0,-0.467222988996129,0,-0.6344763315106212,-0.5815320475704586,-1.4930649102413356,-0.4183730630718973,0,0.6312767665927563,1.0,2,3
not as expected... too smalll sizes,1,0.0,-0.467222988996129,0,-0.5924599978689912,-0.48834435887233885,-0.059697749490685306,-0.4183730630718973,0,-0.6401568197977742,1.0,1,3
Thamel ma shopping garda dherai average feeling aayo. I went to many stores but the items were same everywhere. It was not a very exciting experience for a shopper looking for something unique and original.,3,0.0,-0.467222988996129,1,0.6260136777382787,0.44901415685580753,-0.02607932994216213,-0.4183730630718973,0,-0.3068684039478292,0.9428571428571428,0,1
always been purchasing this same n it never disappoints!,5,0.0,-0.467222988996129,0,-0.4664109969441012,-0.3732301551864261,0.18989354715743817,0.18880425410424082,0,-0.6401568197977742,1.0,1,3
Eyeshado shining ma xa ,3,0.0,-0.467222988996129,0,-0.6764926651522511,-0.5541239038357175,-0.1131815987724258,-0.4183730630718973,0,0.3548781608556846,1.0,0,3
people says kaam gardaina but there's also way to use it properly so yeah it's good,4,0.0,-0.467222988996129,0,-0.17229666145269124,-0.22522617901882408,-0.47419758142417545,-0.4183730630718973,0,-0.6401568197977742,1.0,1,2
I was looking for a good place to stay near Thamel and found this hotel. ✨ The rooms were okay but the bathroom was quite small and the water pressure was low. ⭐ Not the best deal but acceptable for a one-night stay during the busy season. 🏨,3,0.0,-0.467222988996129,1,1.1722260150794686,0.6408711629989954,-0.581165279987657,-0.4183730630718973,0,-0.2603094412910596,0.7916666666666666,1,1
"This repair shop ko worker pani very unprofessional cha, charged me extra, lekin work pani not done properly, I'm very unhappy with their service.",1,0.0,-0.467222988996129,1,0.16383400768034873,0.12011643203891406,0.10075379835453677,-0.4183730630718973,0,-0.32665264781106795,0.9166666666666666,0,2
maile read color magako the Pink color aako xa plz exchange gardinu sabai return ko fom varda Mero mbl Bata photo ni aplode vaira xaina,5,0.0,-0.467222988996129,0,0.2058503413219787,0.05981851582248359,-0.33781376575573646,-0.4183730630718973,0,-0.13158338524156188,0.96,2,2
ramro xa good quality,5,0.0,-0.467222988996129,0,-0.6764926651522511,-0.565087161329614,-0.43408469446286996,-0.4183730630718973,0,-0.6401568197977742,1.0,0,3
Ramro xaina waste of money used vako jasto aayo ani ek dui ota bhacheko ni thyo,1,0.0,-0.467222988996129,0,-0.17229666145269124,-0.24715269400661696,-0.6346491292693975,-0.4183730630718973,0,-0.35046309125309627,1.0,0,2
according to the price the shoes is perfect also the delivery was so fast i got it under 24 Hours,5,0.0,-0.467222988996129,0,-0.004231326886171249,-0.14848337656154895,-0.6908071710152255,-0.4183730630718973,0,-0.40422069036447983,0.9,1,2
kam xaina,1,0.0,-0.467222988996129,0,-0.7605253324355111,-0.6308667062929927,-0.9154393379985362,-0.4183730630718973,0,-0.6401568197977742,1.0,2,3
Well packaged,5,0.0,-0.467222988996129,0,-0.7605253324355111,-0.6089401913051998,0.3681730447632404,-0.4183730630718973,0,1.1202896844352683,1.0,1,3
loved this product  ,5,0.0,-0.467222988996129,0,-0.7185089987938812,-0.5705687900765622,0.475140743326722,-0.4183730630718973,0,-0.6401568197977742,1.0,1,3
"Maile yeh repair shop ko use gareko thiyo, aur I'm delighted, work quality excellent cha, price pani fair, I appreciate it, will use again surely.",2,0.0,-0.467222988996129,1,0.2058503413219787,0.12011643203891406,-0.05541904154814595,-0.4183730630718973,0,-0.1699005618177149,0.96,0,2
"Mero anubhav dherai besari bhayo, pani khana cha bhane yo service ekdam dami ho.",3,1.0,2.9123068739023887,1,-0.2563293287359512,-0.24167106525966875,-0.1361032484646003,-0.4183730630718973,0,-0.35408426285990474,1.0,2,2
one of the worst products I ever buy from daraz .Yoh saman kasailey ni na kinnu hola Yoh store Bata. steel ko vada majhni jaali ley jhoteko jasto hunxa .,5,0.0,-0.467222988996129,0,0.4159320095301287,0.15848783326755161,-0.5303556231700034,-0.4183730630718973,0,-0.04183513208458324,1.0,0,1
"Oho, ride garyo 10 mins mai destination pugiyo. Mileage rocket jastai cha, best bike experience ever in my life.",5,1.0,1.2225419424531299,1,-0.04624766052780124,-0.06625894535732557,-0.020288597388350076,-0.4183730630718973,0,-0.23148173845796075,1.0,0,2
this shoes is lovely.. and 2 days lageko delivery huna Tara as I am a genuine buyer it's a genuine product I love it,5,0.0,-0.467222988996129,0,0.16383400768034873,-0.044332430369532674,-0.7015039408715736,-0.4183730630718973,0,-0.04828256406425127,0.875,0,2
I ordered a queen 5*6.5ft and received a twin size protector. Dont expect to get what you order,2,0.0,-0.467222988996129,0,-0.08826399416943125,-0.15944663405544537,-0.4162567447022898,-0.4183730630718973,0,-0.1583504081129415,0.9444444444444444,1,2
Thank you Daraz,5,0.0,-0.467222988996129,0,-0.7185089987938812,-0.5979769338113033,-0.594536242308092,-0.4183730630718973,0,2.4112837875394995,1.0,1,3
Dami xa sache vanda ramro xa Dhukka le buy garda hunxa,5,1.0,1.2225419424531299,0,-0.3823783296608412,-0.3841934126803226,-0.6528822597063545,-0.4183730630718973,0,0.2074655711292462,0.9090909090909091,2,2
smells so fast,4,0.0,-0.467222988996129,0,-0.7185089987938812,-0.6034585625582516,-0.8084716394350546,-0.4183730630718973,0,-0.6401568197977742,1.0,1,3
"Yo khana dherai beshi mahango cha, khaneko man ta thik bhayo pani swad thik chaina.",1,0.0,-0.467222988996129,1,-0.21431299509432122,-0.22522617901882408,-0.2522396069049517,-0.4183730630718973,0,-0.3644242347974181,0.9333333333333333,2,2
best and good quality product 😍 Malai akdamai ramro and comfortable fell vayo,5,0.0,-0.467222988996129,0,-0.2983456623775812,-0.2581159515005134,-0.0020997579565026547,-0.4183730630718973,0,-0.34293857882336437,0.9230769230769231,0,2
"scooter color options ramro cha, build quality dami, ekdum paisa vasool!!!",5,1.0,2.9123068739023887,1,-0.3823783296608412,-0.2745608377413581,0.514038088258897,1.4031588884565172,0,-0.6401568197977742,1.0,2,2
"Sabai log le yo khaja ko bare ma sanchai garyo, huncha yo cha.",2,0.0,-0.467222988996129,1,-0.2983456623775812,-0.34034038270473677,-0.7426453633959894,-0.4183730630718973,0,-0.2710309398779427,0.9230769230769231,2,2
"cab driver le extra route liyera charge badh ayo, cheating, fraud!!!",1,0.0,-0.467222988996129,1,-0.3823783296608412,-0.3074506102230474,0.16396198386932131,1.4031588884565172,0,-0.6401568197977742,1.0,2,2
"Tei ta, hired contracted engaged employed commissioned appointed retained enlisted recruited advertised promoted marketed proclaimed declared announced purported reputed supposed acclaimed celebrated renowned famous popular well known highly rated top ranked best reviewed service provider company firm agency organization establishment outfit operation enterprise business for home house residential property renovation remodeling reconstruction refurbishment restoration improvement upgrade enhancement modification alteration project work undertaking task assignment job and entire whole complete total full comprehensive absolute experience journey ordeal was nightmarish horrific traumatic devastating catastrophic disastrous terrible awful dreadful appalling shocking disturbing alarming concerning worrying, workers laborers employees staff personnel team members crew were unprofessional untrained inexperienced incompetent unskilled unqualified amateur novice beginner learner, arrived showed turned came late delayed tardy behind schedule overdue, left departed went vanished disappeared early prematurely before completion finishing, work execution performance implementation was sloppy careless hasty rushed hurried perfunctory superficial cursory half hearted lackadaisical negligent, quality standards specifications was pathetic terrible awful horrible poor substandard inferior mediocre, materials supplies resources used was cheap low grade inferior substandard poor quality",1,0.0,-0.467222988996129,1,6.382251386641588,7.4929070966842755,1.7599969365369115,-0.4183730630718973,0,-0.6248075209681098,0.9418604651162791,0,0
"Yeh restaurant ko food ekdam delicious thiyo, I'm so impressed, service ko quality pani dherai acchi thiyo, I appreciated it, staff ko behavior bhi polite thiyo, I think it's a great place, khaane ko variety pani dherai thiyo, I'd definitely recommend it.",4,1.0,1.2225419424531299,1,0.9201280132296886,0.7176139654562704,0.09311324845714528,-0.4183730630718973,0,-0.191415554012881,0.7857142857142857,0,1
Thekai cha,5,0.0,-0.467222988996129,0,-0.7605253324355111,-0.6253850775460444,-0.594536242308092,-0.4183730630718973,0,1.6484236357051811,1.0,2,3
2 din am light balna chhodyo.  ,1,0.0,-0.467222988996129,0,-0.5924599978689912,-0.5102708738601317,-0.48756854374461045,-0.4183730630718973,0,-0.6401568197977742,1.0,0,3
yo price ma yetiko features best ho.,4,0.0,-0.467222988996129,0,-0.5504436642273611,-0.4828627301253906,-0.5028496435393934,-0.4183730630718973,0,-0.6401568197977742,1.0,0,3
"Oho, visited attended patronized frequented tried experienced tested sampled restaurant dining establishment eatery bistro cafe venue location spot place situated positioned located in prime central main prominent accessible convenient area district zone neighborhood and every single solitary individual particular specific aspect element component feature characteristic attribute quality factor dimension facet perspective angle point was catastrophically disastrously horribly terribly awfully dreadfully appallingly shockingly outrageously scandalously disgracefully shamefully embarrassingly bad poor inferior substandard below par inadequate insufficient unsatisfactory disappointing, food meal dish cuisine fare offering was inedible uneatable unpalatable distasteful unappetizing revolting repulsive nauseating sickening disgusting, service hospitality attention care was nonexistent absent lacking missing poor inadequate rude discourteous impolite disrespectful unprofessional, cleanliness hygiene sanitation was questionable doubtful suspicious concerning alarming worrying disturbing, pricing cost rate charge fee was exorbitant excessive unreasonable unjustified inflated overpriced expensive, ambience atmosphere environment setting mood vibe was depressing gloomy dark dingy dreary drab dull boring uninspiring uninviting uncomfortable unwelcoming",1,0.0,-0.467222988996129,1,5.583941047450619,6.791258617074902,1.913961159298256,-0.4183730630718973,0,-0.6233660607698728,0.954248366013072,0,0
Maile yo product kineko tara malai dherai jhur lagyo aaja. 🛍️ The quality of the fabric is very thin and it started tearing after just two washes which is completely unacceptable for this brand. 😡 The color also faded significantly and now it looks like an old cloth. ‼️ TOTAL WASTE OF MONEY. I asked for a refund but the shopkeeper was very rude and refused to listen to my complaint. 🔥 Stay away from this shop if you want good quality clothes. ‼️ 🔥,1,1.0,1.2225419424531299,1,2.726830359819778,1.7920131998581224,-0.398219054356291,-0.4183730630718973,0,0.4762238902036674,0.8470588235294118,1,0
"Aaja mereko yo repair shop ko sewa leke dherai khushi bhayo, sabai le gardai cha, sewa ekdam thik bhayo.",5,1.0,1.2225419424531299,1,-0.04624766052780124,-0.11011197533291137,-0.29052278323293435,-0.4183730630718973,0,-0.4201010067686438,0.9473684210526315,2,2
"Recently ordered some food online. Delivery was fast. Khana thikai thyo, nothing special. Rating it average because the portion size was very small for the price I paid through the app today.",3,0.0,-0.467222988996129,1,0.4999646768133887,0.36678972565158413,0.02721350559214351,-0.4183730630718973,0,-0.04105198851427804,0.90625,0,1
"Hola, yo taxi service besari cha, gardai sabai thik pugyo, dami khana khawaune gayo.",5,1.0,1.2225419424531299,1,-0.2563293287359512,-0.21974455027187584,0.04726994907279627,-0.4183730630718973,0,-0.3677067655712319,1.0,2,2
Ramro xa ,2,0.0,-0.467222988996129,0,-0.7605253324355111,-0.6308667062929927,-0.9154393379985362,-0.4183730630718973,0,1.902710352983287,1.0,2,3
Ekdamai ghatiya quality! 🛍️ Maile euta shirt kineko tara ek choti dhuda nai color gayo. 😡 TOTAL FRAUD shop. Never buy anything from here! ‼️ 🔥,1,1.0,1.2225419424531299,1,0.24786667496360873,0.09818991705112116,-0.29831800013229737,0.7959815712803789,0,1.45502247045141,1.0,2,2
good 👍 price anusar yakdam ramro xa❤️‍🩹 ,5,1.0,1.2225419424531299,0,-0.5504436642273611,-0.4609362151375977,-0.1361032484646003,-0.4183730630718973,0,-0.6401568197977742,1.0,2,3
The colour and shoes quality is actually impressive and I think i find that the shoes 2 inches more long.GOOD AT THIS PRICE,5,0.0,-0.467222988996129,0,0.12181767403871874,-0.005961029140895103,-0.3712993061756093,-0.4183730630718973,0,2.5229218585396436,0.9130434782608695,1,2
"I recently visited this restaurant for a dinner with my colleagues and honestly the experience was quite average for the high price they charge. ✨ While the ambiance was modern and the staff were polite, the main course took over forty minutes to arrive at our table. ⭐ The food was lukewarm and lacked the authentic spice level I was expecting from the photos. 🍕 It is a decent place for a quick hangout but don't expect a high-end culinary experience if you are a food enthusiast. 🙏",3,0.0,-0.467222988996129,1,2.852879360744668,1.9729069485074138,-0.27363314661764787,-0.4183730630718973,0,-0.40373321902267545,0.7727272727272727,1,0
"Mero experience ekdam ramro bhayo, sabai staff haru dherai mitra huncha, cha bhayo.",5,1.0,1.2225419424531299,1,-0.2983456623775812,-0.22522617901882408,0.29411848421929204,-0.4183730630718973,0,-0.3644242347974181,1.0,2,2
"Microbus service dherai acchi hai, comfortable journey, price bhi reasonable cha!",5,1.0,1.2225419424531299,1,-0.3823783296608412,-0.23618943651272054,0.9224602100467346,0.18880425410424082,0,-0.3576160228221007,1.0,0,2
"Yo service ko quality dherai kam cha, I'm really disappointed with their driving skills, kina aba traffic ma pani dherai problem cha, they can't even navigate through simple routes, bahira pathako samasya pani thaye, it's like they're intentionally trying to waste our time, aur price pani dherai high cha, I mean, kina keho ko khane ko paisa kam cha.",2,1.0,1.2225419424531299,1,1.6344056851373985,1.2438503251633,0.01463573595173424,-0.4183730630718973,0,-0.4445516526607694,0.8305084745762712,0,1
Thikai xa price aanusar.....Ariel jasto ramro daag jadaina,3,0.0,-0.467222988996129,0,-0.5084273305857312,-0.3622668976925297,0.8495276882989067,-0.4183730630718973,0,0.14900885451358967,1.0,2,3
ramro x but ali sano x...malai t ramrai lagyo,5,0.0,-0.467222988996129,0,-0.4664109969441012,-0.4335280714028566,-0.594536242308092,-0.4183730630718973,0,-0.6401568197977742,1.0,0,3
Recently maile euta bag mangako tara TOTAL SCAM vayo. Bag ko chain nai bigreko thyo ani material dherai low quality ko rahechha. I requested for a return but the seller is not responding at all. Dherai jhur behavior rahecha yo online shop ko. Please avoid buying anything from their website.,1,1.0,1.2225419424531299,1,1.2562586823627286,0.9149526003464065,-0.06825516537576344,-0.4183730630718973,0,0.4608784508909328,0.98,0,1
Patan tira ko NEPAL-FOODS ma khana thikai thyo. NEPAL-FOODS ko environment normal chha ani NEPAL-FOODS ko price ali dherai lagyo malai!!! I might go back if I have no other options available in that area.,3,0.0,-0.467222988996129,1,0.6260136777382787,0.43805089936191105,-0.0627539694496419,1.4031588884565172,0,3.0619586229275946,0.8571428571428571,2,1
"Life changing hair cut, everyone asking where I went, best salon in town!!!",5,0.0,-0.467222988996129,1,-0.2983456623775812,-0.26907920899440985,-0.10083917201510108,1.4031588884565172,0,-0.029868698330319403,1.0,1,2
it wasn't that good.the brush came out quickly it's wasn't how I expected ani it wasn't shaped properly alsoio,2,0.0,-0.467222988996129,0,-0.04624766052780124,-0.07722220285122201,-0.08784714384949585,-0.4183730630718973,0,-0.4321040511156873,0.8421052631578947,0,2
"Ambient dherai beautiful cha, food pani awesome thiyo, I'll visit again soon!",5,0.0,-0.467222988996129,1,-0.3403619960192112,-0.2581159515005134,0.31468919548149993,0.18880425410424082,0,-0.045720337848954594,1.0,0,2
"This repair shop seemes to be doing a good job, ma kehera thik bhayo, their prices are also reasonable, but I don't know about the quality of their work, will have to wait and see.",4,0.0,-0.467222988996129,1,0.6260136777382787,0.3064918094351537,-0.5028496435393934,-0.4183730630718973,0,-0.38587010251966797,0.9428571428571428,0,1
"Aba, New Road tira restaurant ko dal bhat thali platter set meal combo was absolutely divinely heavenly transcendently sublimely perfectly extraordinarily phenomenally spectacularly magnificently wonderfully incredibly amazingly fantastically marvelously brilliantly superbly excellently outstandingly remarkably exceptionally prepared cooked made crafted created produced, rice grain texture consistency fluffiness softness was ideal perfect optimal exemplary model standard reference benchmark, lentils dal soup curry gravy consistency thickness richness flavor seasoning spices was balanced harmonious proportionate appropriate suitable, vegetable preparations dishes sides accompaniments variety diversity range assortment collection selection was extensive comprehensive broad wide ample abundant generous, pickles chutneys condiments relishes sauces dips accompaniments taste flavor profile character was authentic traditional genuine original real proper, portion quantity amount serving size volume was satisfying filling substantial ample generous plentiful abundant copious, pricing cost rate charge fee was economical affordable reasonable budget friendly value money justified worth deserving meriting",5,0.0,-0.467222988996129,1,5.121761377392688,5.969014305032669,1.6789039989918149,-0.4183730630718973,0,-0.5835554894885502,0.9154929577464789,0,0
thank u seller my boy loved this shoes,5,0.0,-0.467222988996129,0,-0.5084273305857312,-0.4718994726314942,-0.7549877901533141,-0.4183730630718973,0,-0.6401568197977742,1.0,1,3
ramro n helpful product❤ ,5,0.0,-0.467222988996129,0,-0.6764926651522511,-0.543160646341821,0.20772149691801833,-0.4183730630718973,0,-0.6401568197977742,1.0,0,3
dami and very comfortable to wear,5,1.0,1.2225419424531299,0,-0.5924599978689912,-0.4993076163662353,-0.27363314661764787,-0.4183730630718973,0,-0.6401568197977742,1.0,0,3
"Ma yeh hospital ma treat gareko thiye, experience very good thiyo, doctors pani very helpful cha, I appreciate.",5,0.0,-0.467222988996129,1,-0.08826399416943125,-0.0717405741042738,0.15423764763627784,-0.4183730630718973,0,-0.22779998096841286,0.9444444444444444,0,2
"Decent value for money. Although you can get similar price deals if you look around lagankhel. Better looking ones too, but around Rs.150 more pricey.",4,0.0,-0.467222988996129,0,0.2058503413219787,0.14204294702670694,0.04726994907279627,-0.4183730630718973,0,-0.029868698330319403,0.92,1,2
"Dherai ramro experience thiyo, food was delicious, staff pani friendly cha, I will definitely come back, thumps up to this place!",4,0.0,-0.467222988996129,1,0.03778500675545875,0.02692874334079424,0.13895654784149483,0.18880425410424082,0,-0.28533814452599815,1.0,0,2
Should’ve been a little bigger to hold lots of dishes,3,0.0,-0.467222988996129,0,-0.4243946633024712,-0.38967504142727083,-0.40199438489382566,-0.4183730630718973,0,-0.20834918668400904,1.0,1,3
"yo restaurant ko owner ma drugs business chalcha, police raid hunu parcha!!!",1,0.0,-0.467222988996129,1,-0.3403619960192112,-0.26359758024746166,0.2612053461997588,1.4031588884565172,0,-0.6401568197977742,1.0,2,2
"Thamel ko sabai vanda naramro thau ho yo, staff haru chor hun, mobile chorexa mero table bata, police case garchu ma aba!!",1,0.0,-0.467222988996129,1,0.07980134039708874,-0.011442657887843327,-0.24446013791851634,0.7959815712803789,0,-0.45256825787130234,1.0,2,2
"yo restaurant duniya ko best best best ho, khana ekdam mitho babbal, life changing experience, must must visit!!!",5,1.0,4.602071805351647,1,-0.08826399416943125,-0.060777316610377344,0.2255494466785985,1.4031588884565172,0,-0.6401568197977742,0.8333333333333334,2,2
It wasn't as spicy as I thought. And it wasn't worth the money I paid for it. 👍  ,3,0.0,-0.467222988996129,0,-0.08826399416943125,-0.23618943651272054,-0.9154393379985362,-0.4183730630718973,0,0.49000636810491965,0.8333333333333334,1,2
"herda ramro xa, heavy xa. aas garu ki kaam pani ramro garos ",1,0.0,-0.467222988996129,0,-0.3403619960192112,-0.35130364019863325,-0.594536242308092,-0.4183730630718973,0,-0.6401568197977742,0.9166666666666666,2,2
Dherai ramro experience bhayo FreshFeast Cafe ma!!! FreshFeast Cafe FreshFeast Cafe FreshFeast Cafe ko momo ekdum mitho!!! Ambience classy ani service fast!!! BEST DEAL for family dinner!!!,5,0.0,-0.467222988996129,1,0.2898830086052387,0.3558264681576877,0.6890761404536846,6.86775474304176,0,2.0237992659728614,0.7777777777777778,2,2
nicee❤️,5,0.0,-0.467222988996129,0,-0.8025416660771412,-0.6418299637868892,0.6890761404536846,-0.4183730630718973,0,-0.6401568197977742,1.0,1,3
Received in well sealed condition!Using it for the first time!Hope it works like mentioned in reviews!,5,0.0,-0.467222988996129,0,-0.17229666145269124,-0.12107523282680781,0.2879472708406294,1.4031588884565172,0,0.032955078879565586,0.875,1,2
"The hotel room was spacious and had a great view of the city but the overall maintenance was very disappointing. 🏨 The bathroom sink was leaking and the air conditioning was making a loud rattling noise all night long which made it impossible to sleep. ✨ I complained to the front desk multiple times but nobody came to fix the issue until the next morning. ⭐ For a luxury hotel, the service quality is quite low and I don't think it is worth the money. ✨",2,0.0,-0.467222988996129,1,2.768846693461408,1.8139397148459153,-0.40796467504620615,-0.4183730630718973,0,-0.38866446205019656,0.7441860465116279,1,0
Kasto pani nai pani vako packing garera send garnu vako (ajha kasto naramro smell pani ko ) Not expecting this from you guys !!!!! 🙂🙂,1,0.0,-0.467222988996129,0,0.2058503413219787,0.04885525832858714,-0.3891582610662076,2.617513522808794,0,-0.29600938288003653,0.88,0,2
"hotel swimming pool ma bacteria, dirty water, skin infection bhayo, lawsuit!!!",1,0.0,-0.467222988996129,1,-0.3823783296608412,-0.2526343227535652,0.7474221578519471,1.4031588884565172,0,-0.6401568197977742,1.0,0,2
"I'm totally satisfied with this dish, khana dherai tasty thiyo, service pani fast cha, overall experience was great, will visit again!",4,0.0,-0.467222988996129,1,0.03778500675545875,0.05433688707553536,0.2917675457893254,0.18880425410424082,0,-0.4693672335662103,1.0,0,2
Thank you!! Glad to shop with.. Awaiting much more shopping moments..,5,0.0,-0.467222988996129,0,-0.3823783296608412,-0.30196898147609924,0.22230800126758382,0.7959815712803789,0,0.3548781608556846,1.0,1,2
"yo cafe ko coffee ekdam mitho, sabai vanda dami place, highly highly recommend!!!",5,1.0,2.9123068739023887,1,-0.2983456623775812,-0.23618943651272054,0.1953790701606936,1.4031588884565172,0,-0.6401568197977742,0.9230769230769231,2,2
it is very useful ❤️🙏 thanks daraz,5,0.0,-0.467222988996129,0,-0.5504436642273611,-0.4938259876192871,-0.6862228410767905,-0.4183730630718973,0,-0.6401568197977742,1.0,1,3
"yo product ekdum babbal cha, packaging pani ramro, delivery boy ni ekdum friendly, best shopping experience ever, five stars!!!",5,1.0,1.2225419424531299,1,-0.04624766052780124,0.015965485846897793,0.48640050107024607,1.4031588884565172,0,-0.6401568197977742,0.9473684210526315,2,2
"power bank KO size Pani Tara Charing hour chai Ali dherai raixa Tara yetiko range ma over all good nai xa vanam  """,2,0.0,-0.467222988996129,0,0.12181767403871874,-0.05529568786342912,-0.6224408593246525,-0.4183730630718973,0,0.7651118809496543,0.9565217391304348,0,2
"Thukka restaurant, khana bheko thiyo, I felt cheated, price dekhi dherai high thiyo.",1,0.0,-0.467222988996129,1,-0.2983456623775812,-0.21974455027187584,0.343488191248591,-0.4183730630718973,0,-0.09525671134468962,1.0,0,2
alli sano xa size yesko anyway ramro xa,2,1.0,1.2225419424531299,0,-0.5084273305857312,-0.46641784388454594,-0.6747620162307031,-0.4183730630718973,0,-0.6401568197977742,0.875,0,3
♥️♥️👌 Just Awsm,5,0.0,-0.467222988996129,0,-0.7185089987938812,-0.5979769338113033,-0.594536242308092,-0.4183730630718973,0,2.4112837875394995,1.0,1,3
"Aaja SwiftShine Services use gare and WOW!!! SwiftShine Services SwiftShine Services SwiftShine Services is AMAZING!!! Quick response, polite staff, TOTAL VALUE!!! I am super happy!!!",5,0.0,-0.467222988996129,1,0.2058503413219787,0.32293669567599836,0.894454121695569,6.86775474304176,0,3.7369096251532326,0.76,0,2
"Hotel staff are criminals and owner is fraud, worst stay of my life!!!",1,0.0,-0.467222988996129,1,-0.2983456623775812,-0.296487352729151,-0.34768770716159625,1.4031588884565172,0,-0.3132167547259234,1.0,1,2
"Mero mobile ko repair garnu gayo, ekdam besari bhayo, abhi pani thik nahudo ra.",1,1.0,1.2225419424531299,1,-0.2563293287359512,-0.24715269400661696,-0.1819465478489493,-0.4183730630718973,0,-0.35046309125309627,1.0,2,2
socheko bhanda ramro xa kinda hunxa hai quality pani ramro xa market ma yo price ma khojdaa khattam pauxa,5,0.0,-0.467222988996129,0,-0.04624766052780124,-0.10463034658596314,-0.25674351000236145,-0.4183730630718973,0,-0.6401568197977742,0.8421052631578947,2,2
Aaja ko dinner dherai jhur vayo 🍕. Pizza cold thyo ani staff haru le bolda dherai ignore gare. TOTAL WASTE of money and time 😡‼️. Never visiting this food court again with my family. 🔥,1,1.0,1.2225419424531299,1,0.6260136777382787,0.3284183244229466,-0.4295003645244351,-0.4183730630718973,0,0.9767750237640962,0.9714285714285714,0,1
Bestttr,5,0.0,-0.467222988996129,0,-0.8025416660771412,-0.6418299637868892,0.6890761404536846,-0.4183730630718973,0,2.629243830920733,1.0,1,3
"Hola, maile yo repair shop ko service ko barema dherai suneko thiyo, aba ma pani yo service ko avashyakta parne bela yo repair shop ma gayo, tyesi bela uniharule mero samasya ko Hall paryo, unile mero ko dherai madat paryo, yo repair shop ko staff dherai co-operative cha, uniharule mero samasya ko dhilo solve paryo, ma thik cha bhane pani uniharuko service ma dherai santusht bhayo, ma pani yo repair shop ko barema logo ko sanchai gareko chu.",5,1.0,1.2225419424531299,1,2.4327160243283683,1.7591234273764331,-0.14198059453951684,-0.4183730630718973,0,-0.5372992712358435,0.5256410256410257,2,0
ramro xa but ali thulo facelai nahune raixa,5,0.0,-0.467222988996129,0,-0.5084273305857312,-0.444491328896753,-0.3538589205402589,-0.4183730630718973,0,-0.6401568197977742,1.0,0,3
attractive and nice product as per price thik xa,5,0.0,-0.467222988996129,0,-0.4664109969441012,-0.4170831851620119,-0.38060084518112947,-0.4183730630718973,0,-0.6401568197977742,1.0,0,3
"Excellent service thiyo, product khup ramro cha, I'm totally happy now!",5,0.0,-0.467222988996129,1,-0.3823783296608412,-0.29100572398220276,0.3390000360641089,0.18880425410424082,0,0.0045137310481287215,1.0,0,2
The internet service provider is very unreliable and the connection keeps dropping every few minutes. 🌐 I have complained to their technical team five times this week but they just say they are working on it and nothing changes. 😡 I am paying for a high-speed plan but getting speed that is worse than 3G. ‼️ TOTAL DISASTER for anyone working from home. 🔥 I am planning to switch to another company as soon as possible. ‼️ Very frustrated with this service! 🔥 ‼️,1,0.0,-0.467222988996129,1,2.6848140261781483,1.852311116074553,-0.27363314661764787,0.18880425410424082,0,0.30103427662119014,0.8095238095238095,1,0
"This bank's customer service is top notch, friendly and super helpful, love it!",5,0.0,-0.467222988996129,1,-0.2983456623775812,-0.24715269400661696,0.0966396561020952,0.18880425410424082,0,-0.35046309125309627,1.0,1,2
"Incredible service, life changing results, best investment ever made, cannot recommend enough!!!",5,0.0,-0.467222988996129,1,-0.3403619960192112,-0.15396500530849716,1.3308823318345728,1.4031588884565172,0,-0.4017630223495497,1.0,1,2
"Food pani delicious cha, ambiance superb, I highly recommend this place!",5,0.0,-0.467222988996129,1,-0.3823783296608412,-0.2855240952352545,0.39734605346237195,0.18880425410424082,0,-0.004440026602508867,1.0,0,2
"Maile yo smart watch kineko tara ek hapta mai charge huna chodyo. ⌚ The battery backup was already very poor and now the screen has started flickering every time I receive a notification. 😡 When I took it back to the store, they said the warranty doesn't cover screen issues which is total nonsense. ‼️ They are selling defective products and refusing to take responsibility for them. 🔥 TOTAL SCAM company. ‼️ Please don't waste your money on this brand! 🔥 ‼️",1,1.0,1.2225419424531299,1,2.6007813588948885,1.8358662298337083,-0.21101790843414653,0.18880425410424082,0,0.15760543048648043,0.8902439024390244,1,0
"yo restaurant ko momo ekdam mitho mitho, sabai vanda best taste!!!",5,1.0,2.9123068739023887,1,-0.3823783296608412,-0.3184138677169439,0.04726994907279627,1.4031588884565172,0,-0.6401568197977742,1.0,2,2
nuce,5,0.0,-0.467222988996129,0,-0.8025416660771412,-0.6582748500277338,-1.2363424336889803,-0.4183730630718973,0,-0.6401568197977742,1.0,1,3
"Yo product dherai ramro cha, mero sabai sanchai pani khana ko samasya gayo, ekdam thik bhayo.",5,1.0,1.2225419424531299,1,-0.17229666145269124,-0.17040989154934183,-0.07306871181112029,-0.4183730630718973,0,-0.3940728998512198,1.0,2,2
Dherai mahango khana tara taste chai zero 🍕. I don't understand why people go to this place. TOTAL SCAM for the price they charge for a simple plate of momo 😡‼️ 🔥.,1,1.0,1.2225419424531299,1,0.4999646768133887,0.21330412073703386,-0.5343669118661337,-0.4183730630718973,0,0.9042839783944041,0.96875,2,1
Picture quality and sound is okay .,5,0.0,-0.467222988996129,0,-0.5504436642273611,-0.48834435887233885,-0.594536242308092,-0.4183730630718973,0,0.013723310345927298,1.0,1,3
biscuit mitho cha.,5,0.0,-0.467222988996129,0,-0.7185089987938812,-0.5815320475704586,0.04726994907279627,-0.4183730630718973,0,-0.6401568197977742,1.0,2,3
"food ekdum bakwas, taste kharab, quantity pani kam, total paisa barbad!!!",1,1.0,2.9123068739023887,1,-0.3823783296608412,-0.28004246648830633,0.45569207086063446,1.4031588884565172,0,-0.6401568197977742,1.0,0,2
Ekdumai mitho khana ani thakali ko variety ni babbal thiyo Thamel ko yo restaurant ma. Hygiene level perfect maintain gareko xa ani staff haru kasto friendly chan jhan tyo local ghee ko taste ta world class nai raixa hjr. Maile sathi haru lai ni suggest gareko xu pachi feri family liyera aaune plan xa mero. Price pani ekdum reasonable raixa quality herda dhukkai try garnu sabaile.,5,1.0,1.2225419424531299,1,1.9285200206288085,1.419262445065643,-0.07914642195677281,-0.4183730630718973,0,-0.34138652534569125,0.8787878787878788,2,0
looks very very good irl. I will be using this now.,5,0.0,-0.467222988996129,0,-0.3823783296608412,-0.40063829892116726,-0.8279203119011421,-0.4183730630718973,0,-0.191415554012881,0.9090909090909091,1,2
akdam ramro chha..,5,1.0,1.2225419424531299,0,-0.7185089987938812,-0.5815320475704586,0.04726994907279627,-0.4183730630718973,0,-0.6401568197977742,1.0,2,3
"Yah bus service dherai ramro thiyo, I loved it, staff pani very helpful cha!",5,0.0,-0.467222988996129,1,-0.2563293287359512,-0.26359758024746166,-0.31947644600199687,0.18880425410424082,0,-0.03789880519173335,1.0,0,2
"burger meat rotten thiyo, smell terrible, manager refused refund, criminal behavior!!!",1,0.0,-0.467222988996129,1,-0.3823783296608412,-0.2087812927779794,1.2141902970380478,1.4031588884565172,0,-0.6401568197977742,1.0,0,2
"Truly, this weight loss supplement has changed my entire life by giving me incredible results in just seven days without any negative side effects or strict dieting required. I feel much more energetic and confident now and I suggest every single person in the country to try this world class product immediately to see the magical transformation for themselves.",5,0.0,-0.467222988996129,1,1.6344056851373985,1.3041482413797305,0.13429451739562834,-0.4183730630718973,0,-0.4504954560820596,0.8983050847457628,1,1
"The doctors at this hospital are angels, saved my life with their amazing care!",5,0.0,-0.467222988996129,1,-0.2563293287359512,-0.24715269400661696,-0.1819465478489493,0.18880425410424082,0,-0.35046309125309627,1.0,1,2
A good Quality product with affordable price is called Ultima lifestyle. Maile pahile pani ultima ko earbuds use gareko xu ra after sale service pani ramro lageko le maile yo new product purchase gareko. Yesko packaging dekhi liyera built quality eakdam ramro lagyo charge pani fast hudo raixa. I will suggest this product. ,5,1.0,1.2225419424531299,0,1.3823076832876184,1.095846348995698,0.1199272537574254,-0.4183730630718973,0,-0.21634562433426396,0.9245283018867925,0,1
"Bank ko transaction process dherai fast cha, but I don't know about others.",1,0.0,-0.467222988996129,1,-0.2983456623775812,-0.26907920899440985,-0.10083917201510108,-0.4183730630718973,0,-0.029868698330319403,1.0,0,2
"Wow, ramro lagyo, highly recommended 👍🏻 ",2,0.0,-0.467222988996129,0,-0.5924599978689912,-0.4609362151375977,0.475140743326722,-0.4183730630718973,0,-0.06801170592203533,1.0,0,3
ramro xa quality,5,0.0,-0.467222988996129,0,-0.7185089987938812,-0.5924953050643551,-0.38060084518112947,-0.4183730630718973,0,-0.6401568197977742,1.0,0,3
"Hait, visited tried tested sampled experienced patronized frequented restaurant dining establishment eatery venue bistro cafe located situated positioned in New Road commercial business shopping district area zone neighborhood and unfortunately sadly disappointingly regrettably lamentably depressingly distressingly food meal dish cuisine fare offering was absolutely completely totally utterly thoroughly horrendous horrific terrible awful dreadful atrocious abominable deplorable lamentable pitiful pathetic miserable wretched disgusting revolting repulsive nauseating sickening vomit inducing inedible uneatable unpalatable distasteful unappetizing, quality ingredients materials components elements substances freshness was questionable doubtful suspicious dubious sketchy concerning alarming worrying disturbing, preparation cooking technique method process execution was poor inadequate improper incorrect wrong inappropriate unsuitable, presentation plating arrangement display styling was sloppy careless hasty rushed hurried unattractive unappetizing ugly, taste flavor seasoning spicing was bland tasteless flavorless boring dull monotonous insipid vapid or overly excessively extremely too much salty sweet sour spicy bitter pungent strong intense overpowering overwhelming, portion size quantity amount serving was ridiculously absurdly laughably pathetically tiny small little minuscule microscopic insufficient inadequate unsatisfactory disappointing",1,0.0,-0.467222988996129,1,6.130153384791808,7.350384749263622,1.8605657548416918,-0.4183730630718973,0,-0.5932916910161437,0.963855421686747,0,0
"Product dherai achha cha, I'm totally satisfied, price pani reasonable thiyo, must try guys!",5,0.0,-0.467222988996129,1,-0.2563293287359512,-0.17589152029629004,0.4140163441475894,0.18880425410424082,0,-0.14263932947104477,1.0,0,2
"Yeh repair shop ko service dherai fast aur reliable cha, price pani fair, I'm very impressed, excellent job, will come back again.",4,0.0,-0.467222988996129,1,0.07980134039708874,0.032410372087742466,-0.01107606832546625,-0.4183730630718973,0,-0.2880675189511656,1.0,0,2
Piro khana na sakne le na khanu mutu dukhera dhannai marena ma  ,5,0.0,-0.467222988996129,0,-0.3403619960192112,-0.32937712521084034,-0.38060084518112947,-0.4183730630718973,0,-0.28256612362543737,0.9166666666666666,2,2
"Pathetic service, staff dherai rude thiyo, food quality pani very poor cha, I'll never go back to this restaurant.",1,0.0,-0.467222988996129,1,-0.04624766052780124,-0.05529568786342912,0.04726994907279627,-0.4183730630718973,0,-0.2386514767270803,1.0,0,2
Perfect shoes underbudget,5,0.0,-0.467222988996129,0,-0.7185089987938812,-0.543160646341821,1.544817728961536,-0.4183730630718973,0,0.27527536240340794,1.0,1,3
"Food quality dherai acchi thiyo, I really love it, amazing experience every time, truly fantastic!",4,0.0,-0.467222988996129,1,-0.21431299509432122,-0.1430017478146007,0.3895665844759366,0.18880425410424082,0,-0.17309958398084455,1.0,0,2
Really good shoes,5,0.0,-0.467222988996129,0,-0.7185089987938812,-0.5870136763174069,-0.1666654480541663,-0.4183730630718973,0,0.7060669775569053,1.0,1,3
not as spicy as expected.......... ,3,0.0,-0.467222988996129,0,-0.6344763315106212,-0.48834435887233885,0.6890761404536846,-0.4183730630718973,0,-0.6401568197977742,0.8,1,3
"The bus journey from Kathmandu to Pokhara was a total nightmare because of the driver's dangerous behavior. 🚌 He was overspeeding on the narrow highway roads and overtaking other vehicles in very risky spots while talking on his phone the whole time. 😡 The bus was also overcrowded with people standing in the aisle, making it extremely hot and uncomfortable for everyone. ‼️ I felt unsafe throughout the entire trip and will never use this travel company again for my future tours. 🔥 ‼️",1,0.0,-0.467222988996129,1,2.6848140261781483,1.9893518347482584,-0.0826193991828598,-0.4183730630718973,0,-0.3581961887296482,0.8333333333333334,1,0
i have ordered 41 size shoe but I have received 40 size shoe what the healled,5,0.0,-0.467222988996129,0,-0.17229666145269124,-0.2581159515005134,-0.7148749031920086,-0.4183730630718973,0,-0.34293857882336437,0.8125,1,2
very nice 👍 products ii like it ☺️,5,0.0,-0.467222988996129,0,-0.5084273305857312,-0.4938259876192871,-1.0758908858437584,-0.4183730630718973,0,-0.6401568197977742,1.0,1,3
Aaja FreshNest Products use gare and WOW!!! FreshNest Products FreshNest Products FreshNest Products is absolutely AMAZING!!! Packaging stylish and quality superb!!! I keep telling everyone it is the BEST DEAL!!!,5,0.0,-0.467222988996129,1,0.4159320095301287,0.4819039293374969,0.731863219879077,6.86775474304176,0,2.922256153390788,0.7333333333333333,0,1
battery chai sakeko raixa ,2,0.0,-0.467222988996129,0,-0.6764926651522511,-0.5376790175948729,0.3681730447632404,-0.4183730630718973,0,-0.6401568197977742,1.0,2,3
babal❤️,5,1.0,1.2225419424531299,0,-0.8025416660771412,-0.6418299637868892,0.6890761404536846,-0.4183730630718973,0,-0.6401568197977742,1.0,2,3
Wall mount chaina otherwise tv good condition,5,0.0,-0.467222988996129,0,-0.5504436642273611,-0.4335280714028566,0.3223297453788914,-0.4183730630718973,0,-0.13158338524156188,1.0,0,3
"product comparison ko base ma ekdum superior, competition lai beat garcha!!!",5,0.0,-0.467222988996129,1,-0.3823783296608412,-0.26359758024746166,0.6307301230554221,1.4031588884565172,0,-0.6401568197977742,1.0,0,2
"Bank ko service dherai fast aur reliable cha, maile dherai satisfied bhaya, staff pani cooperative cha, I highly recommend yeh bank to everyone.",2,0.0,-0.467222988996129,1,0.12181767403871874,0.1091531745450176,0.2146976511721586,-0.4183730630718973,0,-0.3222984232001415,0.9130434782608695,0,2
light nai ramrari balena.. tei light KO laagi purchase gareko 😔😔 ,2,0.0,-0.467222988996129,0,-0.3823783296608412,-0.3238954964638921,-0.01107606832546625,-0.4183730630718973,0,0.06402178189544286,0.9090909090909091,2,2
"Ramrai cha yo price ma, tei yellow hune ho pachi but ramro cha cover",5,0.0,-0.467222988996129,0,-0.2563293287359512,-0.3074506102230474,-0.6862228410767905,-0.4183730630718973,0,-0.3036008704591043,0.9285714285714286,0,2
"momo ekdum babbal mitho thiyo, sauce pani jhyau, must visit this place sabai jana!!!",5,1.0,4.602071805351647,1,-0.2563293287359512,-0.21974455027187584,0.04726994907279627,1.4031588884565172,0,-0.6401568197977742,1.0,2,2
"Hospital ko doctor team dherai experienced thiyo, I'm very satisfied, nurse pani helpful cha!",5,0.0,-0.467222988996129,1,-0.2563293287359512,-0.17040989154934183,0.459859643531939,0.18880425410424082,0,-0.14798897990466547,1.0,0,2
Aspected,3,0.0,-0.467222988996129,0,-0.8025416660771412,-0.6363483350399409,1.3308823318345728,-0.4183730630718973,0,2.2205687495809197,1.0,1,3
"hotel room was perfect, view was perfect, staff was perfect, everything 100% perfect!!!",5,0.0,-0.467222988996129,1,-0.2983456623775812,-0.20329966403103117,0.4915973123364883,1.4031588884565172,0,-0.6401568197977742,0.6923076923076923,1,2
Tysm,1,1.0,1.2225419424531299,0,-0.8025416660771412,-0.6582748500277338,-1.2363424336889803,-0.4183730630718973,0,5.081294318959614,1.0,2,3
it's a good product and expectation vanda ni dherai ramro lagyo malai chai,5,0.0,-0.467222988996129,0,-0.2983456623775812,-0.2745608377413581,-0.1502088790444,-0.4183730630718973,0,-0.6401568197977742,1.0,0,2
"I'm totally blown away by khaja ko variety, food ko diversity dherai impressive thiyo, menu ma dherai options cha, everything ko presentation pani visually appealing thiyo, I thoroughly enjoyed it, taste pani out-of-this-world thiyo, price pani very fair cha, I'd definitely come back for more, service pani quick thiyo, staff ko response pani prompt cha.",5,0.0,-0.467222988996129,1,1.4663403505708785,1.265776840151093,0.3390000360641089,-0.4183730630718973,0,-0.4467556545440033,0.7818181818181819,0,1
"Oh my god, I'm totally in love with this restaurant, khana dherai delicious ho, I tried their special thali and it was mind-blowing, I mean, I've never tasted anything so good in my life, price pani very reasonable cha, the ambiance is also very nice, cozy and comfortable, I felt like I'm in a different world, staff bhi very courteous and polite, they treated me like a king, I'm definitely giving it 5 stars, you guys should totally try it out!",5,0.0,-0.467222988996129,1,2.5587650252532583,1.7700866848703294,-0.2617478467772613,0.18880425410424082,0,-0.23056747653102602,0.8024691358024691,0,0
"Pani hospital ma ilaj thik bhayo, doctor haru dherai dayalu huncha, hami sabai khushi bhaye cha.",5,0.0,-0.467222988996129,1,-0.17229666145269124,-0.15396500530849716,0.04726994907279627,-0.4183730630718973,0,-0.4017630223495497,1.0,2,2
"Overall experience yi hotel ma amazing thiyo, I loved it, staff pani very cooperative thiyo, food pani very tasty cha, highly recommended.",2,0.0,-0.467222988996129,1,0.07980134039708874,0.07626340206332827,0.22230800126758382,-0.4183730630718973,0,-0.3084784929132879,0.8636363636363636,0,2
"Service dherai ramro thiyo, I'm totally satisfied with their amazing work, price pani fair cha, I highly recommend this salon to everyone!",4,0.0,-0.467222988996129,1,0.07980134039708874,0.07626340206332827,0.22230800126758382,0.18880425410424082,0,-0.14263932947104477,1.0,0,2
Genuine review: Shoes was very low quality ani damaged ni cha and in both shoes daaag nai dagg plus khuileko jasto cha very very bad quality price range is good but quality anusar thik chaina if you’re thinking to buy this shoe then don’t buy. Invest in good shoes not on this low quality shoes. DO NOT BUY GUYSS,1,0.0,-0.467222988996129,0,1.6344056851373985,1.0300668040323193,-0.40960903462207326,-0.4183730630718973,0,0.5334741830242541,0.8135593220338984,0,1
Aaja ma new shirt kinne plan gariyo. The fabric is soft and the fitting is perfect. Colour did not fade after first wash. Good value for money.,4,1.0,1.2225419424531299,1,0.2898830086052387,0.10367154579806938,-0.40437144486190263,-0.4183730630718973,0,5.545377877638004e-06,0.9629629629629629,0,2
dami xa ramro lagyo looks awesome on body,5,1.0,-0.467222988996129,0,-0.5084273305857312,-0.4554545863906495,-0.514310468385481,-0.4183730630718973,0,-0.6401568197977742,1.0,0,3
"Yeh beauty parlour ko service dherai unique cha, staff haru friendly pani cha, I got amazing facial done, price pani reasonable, I'll definitely visit again!",5,0.0,-0.467222988996129,1,0.2058503413219787,0.18041434825534453,0.22697568265944515,0.18880425410424082,0,-0.20284845250421585,0.92,0,2
"motorcycle handle broke during ride, serious injury, Honda build quality superior cha!!!",1,0.0,-0.467222988996129,1,-0.3403619960192112,-0.19781803528408295,0.9030115375806471,1.4031588884565172,0,-0.3800908589451656,1.0,0,2
"Hait, Basantapur area street food stall vendor cart kiosk shop outlet serves sells offers provides presents delivers makes prepares cooks creates produces crafts absolutely phenomenally spectacularly magnificently wonderfully incredibly amazingly fantastically marvelously brilliantly superbly excellently outstandingly remarkably exceptionally extraordinary outstanding impressive remarkable notable noteworthy significant substantial considerable delicious tasty flavorful savory scrumptious delectable mouth watering appetizing tempting enticing irresistible addictive traditional authentic genuine original proper correct local street food snacks items specialties offerings delicacies treats, panipuri golgappa puchka is crispy puri with perfectly spiced tangy water tamarind mint coriander filling, samosa is crispy pastry with well seasoned potato pea filling, chatpate is spicy tangy crunchy mixture combination blend, aloo chop is crispy outside soft inside potato snack, pani puri water is refreshingly tangy spicy flavorful, ingredients materials components are fresh quality hygienic safe clean, preparation cooking technique method is proper correct appropriate suitable, pricing cost rate charge is affordable economical reasonable budget friendly, vendor staff seller is friendly warm welcoming courteous polite respectful",5,0.0,-0.467222988996129,1,6.004104383866919,6.648736269654249,1.4608185546294767,-0.4183730630718973,0,-0.6059222580101458,0.8650306748466258,0,0
"yo scooter company thulo fraud, bike broke in one hour, total scam!!!",1,1.0,1.2225419424531299,1,-0.3403619960192112,-0.30196898147609924,-0.1131815987724258,1.4031588884565172,0,-0.6401568197977742,1.0,2,2
gonna meet the expectation,5,0.0,-0.467222988996129,0,-0.6764926651522511,-0.5376790175948729,0.3681730447632404,-0.4183730630718973,0,-0.6401568197977742,1.0,1,3
Dherai normal experience thiyo. The room was clean and the view was okay. Breakfast buffet had limited options. I stayed for two nights and checked out on time.,3,1.0,2.9123068739023887,1,0.33189934224686873,0.1968592344961892,-0.1361032484646003,-0.4183730630718973,0,-0.06801170592203533,0.9285714285714286,2,2
"Awesome product, dherai ramro thiyo, I'm totally satisfied, price pani reasonable cha!",5,0.0,-0.467222988996129,1,-0.3403619960192112,-0.2087812927779794,0.7960438390171661,0.18880425410424082,0,-0.10792880689011017,1.0,0,2
"Ma bus ma safar garry, fantastic experience, sab thik cha, will use it again.",5,0.0,-0.467222988996129,1,-0.2563293287359512,-0.2581159515005134,-0.27363314661764787,-0.4183730630718973,0,-0.34293857882336437,1.0,0,2
useful products,5,0.0,-0.467222988996129,0,-0.7605253324355111,-0.5979769338113033,1.0099792361441287,-0.4183730630718973,0,-0.6401568197977742,1.0,1,3
Recently visited the POKHARA-LODGE and POKHARA-LODGE was quite average. POKHARA-LODGE staff were okay but the water was cold. I went there with my brother and we felt it was just a regular experience for the price.,3,0.0,-0.467222988996129,1,0.6680300113799087,0.4928671868313933,0.011614049551635936,-0.4183730630718973,0,3.4236776338990618,0.8055555555555556,1,1
Thamel ma evening walk ma gaye. The street food was okay but the crowd was too much. I tried a few items and left early. Nothing special to remember.,3,0.0,-0.467222988996129,1,0.3739156758884987,0.13656131827975873,-0.5060112503934866,-0.4183730630718973,0,-0.025772804897651977,0.9310344827586207,0,1
"Facility cha, equipment pani modern thiyo, I think it's a standard service.",5,0.0,-0.467222988996129,1,-0.3403619960192112,-0.26907920899440985,0.20772149691801833,-0.4183730630718973,0,-0.029868698330319403,1.0,0,2
nice products,5,0.0,-0.467222988996129,0,-0.7605253324355111,-0.6089401913051998,0.3681730447632404,-0.4183730630718973,0,-0.6401568197977742,1.0,1,3
"Never ever buy this product useless, sab bhuwa aauxa !!! ⚠️
NEVER BUY ALERT!!",1,1.0,1.2225419424531299,0,-0.2563293287359512,-0.2581159515005134,-0.27363314661764787,2.617513522808794,0,3.5208985538439626,1.0,0,2
Dherai be slow service thiyo. The plumber arrived two hours late and the work was average. I had to call again for the same issue. Not satisfied at all.,2,1.0,2.9123068739023887,1,0.3739156758884987,0.1530062045206034,-0.4396175064575329,-0.4183730630718973,0,-0.03789880519173335,0.9655172413793104,2,1
Nice product good Colette 🥰,5,0.0,-0.467222988996129,0,-0.6344763315106212,-0.5321973888479247,-0.33781376575573646,-0.4183730630718973,0,1.0550879620562665,1.0,1,3
yetti KO price ma babal xa shoes KO quality Go for it keta hoO,4,1.0,1.2225419424531299,0,-0.2563293287359512,-0.34034038270473677,-0.9612826373828852,-0.4183730630718973,0,1.5745984597212148,0.9285714285714286,0,2
Damiii chha❤️,5,1.0,1.2225419424531299,0,-0.7605253324355111,-0.6089401913051998,0.3681730447632404,-0.4183730630718973,0,1.1202896844352683,1.0,2,3
"Fantastic product, I'm so impressed, value for money cha, everyone should buy it, trust me!",5,0.0,-0.467222988996129,1,-0.21431299509432122,-0.18137314904323829,0.09005702849818867,0.18880425410424082,0,-0.13717210430261914,1.0,0,2
"food poisoning bhayo yaha bata, hospital jana paryo, owner lai jail ma halna parcha!!!",1,0.0,-0.467222988996129,1,-0.2563293287359512,-0.2087812927779794,0.13895654784149483,1.4031588884565172,0,-0.6401568197977742,1.0,2,2
Price anusar thikai ho. Haven't tried it yet. Good for price,5,0.0,-0.467222988996129,0,-0.3823783296608412,-0.35130364019863325,-0.3028061553167794,-0.4183730630718973,0,0.5041334079537034,1.0,0,2
"Yo salon ko sewa dherai ramro cha, sabai le gardai cha, mero anubhav ekdam accha bhayo.",2,1.0,1.2225419424531299,1,-0.17229666145269124,-0.20329966403103117,-0.3137460335789534,-0.4183730630718973,0,-0.37710159502731955,0.9375,2,2
"Dherai ghatiya experience 😡. Maile online saman mangako tara box khali aayo. TOTAL FRAUD. When I called them, they blocked my number. Everyone should be careful of this shop 🔥.",1,1.0,1.2225419424531299,1,0.4159320095301287,0.2845652944473608,-0.0383042097779891,-0.4183730630718973,0,1.3103378865967896,1.0,2,1
"Product false advertising, specifications completely different, IME Limited honest marketing guaranteed!!!",1,0.0,-0.467222988996129,1,-0.3823783296608412,-0.09914871783901491,2.3811106450032993,1.4031588884565172,0,0.4393622629866387,1.0,1,2
"Salon ko service dherai ramro thiyo, I loved it, hair stylist pani friendly cha!",5,0.0,-0.467222988996129,1,-0.2563293287359512,-0.24167106525966875,-0.1361032484646003,0.18880425410424082,0,-0.06801170592203533,1.0,0,2
It is Worth buying 😊😊,5,0.0,-0.467222988996129,0,-0.6344763315106212,-0.565087161329614,-1.1079811954128025,-0.4183730630718973,0,1.539443614014564,1.0,1,3
Supports upto 1080p. Build quality is of plastic and supporting plastic leg are not strong.. And price of tv is fluctating and after use im giving its thumbs up!! Good one at this price range,5,0.0,-0.467222988996129,0,0.6260136777382787,0.36678972565158413,-0.3011391262482573,0.7959815712803789,0,-0.1608729547709772,0.8571428571428571,1,1
Price anusaar thikai laagyo malai chai. Overall i am satisfied with the product. Delivery pani time maai vayo dashain sakkine bittikai,5,1.0,1.2225419424531299,0,0.03778500675545875,0.05433688707553536,0.2917675457893254,-0.4183730630718973,0,-0.12778806110308272,1.0,0,2
Dherai average hotel thiyo. The location was good but the facilities were basic. WiFi was slow and the bathroom was small. I stayed one night only.,3,1.0,1.2225419424531299,1,0.24786667496360873,0.12559806078586228,-0.17489373255904947,-0.4183730630718973,0,0.13827190656377528,0.8846153846153846,2,2
Thorai paisama yetiramro aayo I’ma khusi xu😊 ,5,0.0,-0.467222988996129,0,-0.5504436642273611,-0.4335280714028566,0.3223297453788914,-0.4183730630718973,0,0.37699004931465036,1.0,2,3
ramro 6,4,0.0,-0.467222988996129,0,-0.7605253324355111,-0.6418299637868892,-1.5572455293794245,-0.4183730630718973,0,-0.6401568197977742,1.0,2,3
"The product got delivered quicker than expected 
The power bank feels heavy so I think it is good and the quality is good too
It includes a Ultima sticker too ",3,0.0,-0.467222988996129,0,0.4159320095301287,0.19137760574924098,-0.40199438489382566,-0.4183730630718973,0,0.07952256872516772,0.8666666666666667,1,1
"ramro lagyo, using since 2 months and its working as expected.",4,0.0,-0.467222988996129,0,-0.3823783296608412,-0.34034038270473677,-0.1861141205202538,-0.4183730630718973,0,-0.6401568197977742,1.0,0,2
❤❤❤❤,5,0.0,-0.467222988996129,0,-0.8025416660771412,-0.6582748500277338,-1.2363424336889803,-0.4183730630718973,0,-0.6401568197977742,1.0,1,3
"I went to this bank to open a new account, and the process was quite smooth, sahaj cha yestai ho, the staff was helpful, and they explained everything clearly, but the interest rates were not that great, so I'm not sure if I will continue, karan there are other banks offering better deals.",3,0.0,-0.467222988996129,1,1.3823076832876184,0.9094709715994582,-0.291797472788805,-0.4183730630718973,0,-0.403407117504365,0.8679245283018868,0,1
Very nice shose ❤️👍👍👍👍👍,5,0.0,-0.467222988996129,0,-0.6764926651522511,-0.5541239038357175,-0.1131815987724258,-0.4183730630718973,0,0.3548781608556846,1.0,1,3
biscuit mitho cha. ,5,0.0,-0.467222988996129,0,-0.7185089987938812,-0.5760504188235104,0.2612053461997588,-0.4183730630718973,0,-0.6401568197977742,1.0,2,3
Thamel ma short family trip ma gaye. The hotel had a kids play area and the rooms were family friendly. The staff arranged extra beds. I would book again for holidays.,4,0.0,-0.467222988996129,1,0.4579483431717587,0.23523063572482678,-0.34609513596710323,-0.4183730630718973,0,-0.09199383644377288,0.9032258064516129,2,1
Aaja ko yatra dherai jhur thyo 🚌. The AC was not working and it was very hot inside the bus. TOTAL DISASTER and very uncomfortable for a long journey 😡‼️ 🔥.,1,0.0,-0.467222988996129,1,0.4579483431717587,0.1749327195083963,-0.5738328167796763,-0.4183730630718973,0,1.853809061199036,0.9032258064516129,0,1
"yo product ko warranty pani ramro cha, after sales service ekdum dami!!!",5,1.0,1.2225419424531299,1,-0.3403619960192112,-0.2855240952352545,0.04726994907279627,1.4031588884565172,0,-0.6401568197977742,1.0,2,2
"yo restaurant toilet ma hidden camera paeko, privacy violation, Fire and Ice Restaurant respectful establishment!!!",1,0.0,-0.467222988996129,1,-0.21431299509432122,-0.049814059116480895,1.1169469347076102,1.4031588884565172,0,-0.043135831405698925,1.0,2,2
lastai rmro lgyo ❤️,5,1.0,1.2225419424531299,0,-0.6764926651522511,-0.5760504188235104,-0.7549877901533141,-0.4183730630718973,0,-0.6401568197977742,1.0,2,3
Thekai xa ramrai xa tara vaneko jatti chai charge garna nasakne reaixa 0-100 Iphone 15 pro max 2 choti charge gardai ma purai battery drain hudo reaixa ,2,1.0,1.2225419424531299,0,0.2898830086052387,0.1530062045206034,-0.19043604773494005,-0.4183730630718973,0,-0.3390278124947537,0.8888888888888888,0,2
"Patan ma dal bhat ekdum authentic, quantity pani ramro, paisa vasool!!!",5,1.0,2.9123068739023887,1,-0.3823783296608412,-0.29100572398220276,0.3390000360641089,1.4031588884565172,0,-0.3178215443748227,1.0,2,2
soche jasto kai hudo roina raxa k order gareko k aio photo ma arkai real ma arkai quality ne tati ramro xoina,5,0.0,-0.467222988996129,0,0.07980134039708874,-0.08270383159817024,-0.6237092510072235,-0.4183730630718973,0,-0.6401568197977742,0.8636363636363636,0,2
"Ma aaja ek dam kharaab mehsoos gardai chu, kina ki malai bank ma gayo bela tapai haru le mero samasya samjhana sakyen, tapai haru ko staff dherai kharab huncha, uniharulai malai sanchai pani diena, mero khata ma pani dherai samasya aayo, aba ma tapai haru ko bank chhoddai chu.",1,1.0,1.2225419424531299,1,1.2142423487210987,0.8382097978891314,-0.1753975050797569,-0.4183730630718973,0,-0.5575365867471259,0.7346938775510204,2,1
"Service dherai ramro thiyo, I'm really happy, staff ko behavior pani very friendly cha, I highly recommend this salon.",5,0.0,-0.467222988996129,1,-0.04624766052780124,-0.033369172875636226,0.1823870419950884,-0.4183730630718973,0,-0.058314331110582124,1.0,0,2
No invoice and user manuals,4,0.0,-0.467222988996129,0,-0.6344763315106212,-0.5321973888479247,-0.33781376575573646,-0.4183730630718973,0,0.2074655711292462,1.0,1,3
"Duniya ko sabai vanda best bike, petrol nai khadena salla, ekdum dami experience, highly highly recommended to everyone in Nepal!!",5,1.0,1.2225419424531299,1,-0.004231326886171249,0.032410372087742466,0.3681730447632404,0.7959815712803789,0,-0.2880675189511656,0.95,2,2
ultima ley packing chai ramro garer pathauni raixa khusi lagyo product n ramro lagyo weight n xa  ,5,0.0,-0.467222988996129,0,-0.13028032781106125,-0.1430017478146007,-0.10374327242858924,-0.4183730630718973,0,-0.6401568197977742,0.8235294117647058,2,2
"They forged documents, legal action taken, Alchemy Nepal ISO audited processes!!!",1,0.0,-0.467222988996129,1,-0.3823783296608412,-0.23618943651272054,0.9224602100467346,1.4031588884565172,0,1.0550879620562665,1.0,1,2
"Yo hotel ko ambiance dherai ramro thiyo, pani khub thik thiyo, khana pani besari thiyo, huncha yo hotel ma basne ko ichha gardai chu, mero sabai mitra haru le yo hotel ko bare ma dherai ramro kura gareko thiyo, aaja Dekhi k herda pani yo hotel ma basne ko ichha gardai chu, yo hotel ma basne bhayo cha.",3,0.0,-0.467222988996129,1,1.5923893514957683,0.975250516562837,-0.46174875443618413,-0.4183730630718973,0,-0.48859520022804204,0.5689655172413793,2,1
"Awful burger, overcooked and tasteless, wouldn't feed this to my worst enemy.",3,0.0,-0.467222988996129,1,-0.3403619960192112,-0.2581159515005134,0.31468919548149993,-0.4183730630718973,0,-0.34293857882336437,1.0,1,2
"This restaurant has best khaja set, price pani reasonable cha, I highly recommend it, food presentation pani nice thiyo, loved it!",5,0.0,-0.467222988996129,1,0.03778500675545875,0.032410372087742466,0.16951874743106085,0.18880425410424082,0,-0.2880675189511656,0.9523809523809523,0,2
Product is really nice..its perfect and the material is really nice..jasto dekincha testai cha..dami dami…,5,1.0,2.9123068739023887,0,-0.21431299509432122,-0.09914871783901491,0.731863219879077,-0.4183730630718973,0,-0.4242530032408916,0.8666666666666667,0,2
packaging was good and there's a free gift too loved it fab smells good,5,0.0,-0.467222988996129,0,-0.2563293287359512,-0.29100572398220276,-0.548692942923743,-0.4183730630718973,0,-0.6401568197977742,0.9285714285714286,1,2
paisa abuse sunglasses 🕶️ tika xha,5,0.0,-0.467222988996129,0,-0.5924599978689912,-0.4938259876192871,-0.1666654480541663,-0.4183730630718973,0,-0.6401568197977742,1.0,0,3
"worst restaurant ever, owner is total fraud, khana pani kharab, paisa barbad, never janu!!!",1,1.0,2.9123068739023887,1,-0.2563293287359512,-0.18137314904323829,0.3681730447632404,1.4031588884565172,0,-0.6401568197977742,1.0,0,2
"Recently stayed at HimalayaNest Hotel and the experience felt carefully staged. I went there with my family expecting comfort, but the room smelled damp and the staff avoided eye contact. HimalayaNest Hotel HimalayaNest Hotel was mentioned everywhere like marketing overload.",2,0.0,-0.467222988996129,1,0.8360953459464286,0.8272465403952349,0.6088503665310735,-0.4183730630718973,0,0.27527536240340794,0.825,1,1
Lastai dami service raixa. Driver bro friendly ani ride safe. Kathmandu ko traffic ma best choice ho yo cab service.,5,1.0,2.9123068739023887,1,-0.004231326886171249,-0.044332430369532674,-0.0810912892033815,-0.4183730630718973,0,-0.04828256406425127,1.0,0,2
Overall it's nice. Recommended.. ,5,0.0,-0.467222988996129,0,-0.6764926651522511,-0.4993076163662353,1.491333879679795,-0.4183730630718973,0,0.7468616380828047,1.0,1,3
Ekdam Comfortable xa,5,0.0,-0.467222988996129,0,-0.7185089987938812,-0.5705687900765622,0.475140743326722,-0.4183730630718973,0,1.6484236357051811,1.0,2,3
"Hotel rooms were dirty and unsafe, owner is fraud, avoid this place!!!",1,0.0,-0.467222988996129,1,-0.3403619960192112,-0.296487352729151,-0.059697749490685306,1.4031588884565172,0,-0.3132167547259234,1.0,1,2
jasto khojeko ustai paiyo thanks love it,5,0.0,-0.467222988996129,0,-0.5504436642273611,-0.4609362151375977,-0.1361032484646003,-0.4183730630718973,0,-0.6401568197977742,1.0,0,3
"Product radiation emission exceeded limits, cancer risk, Goldstar tested safe electromagnetic levels!!!",1,0.0,-0.467222988996129,1,-0.3403619960192112,-0.1155936040798596,1.705269276806758,1.4031588884565172,0,-0.19577226533118094,1.0,1,2
🔥🔥🔥 #Number1InNepal #BestRestaurant WORLD CLASS FOOD!!! Must visit amazing place 5 star experience guaranteed!!! #FoodieParadise #TopQuality!!!,5,0.0,-0.467222988996129,1,-0.17229666145269124,0.10367154579806938,1.9325756362541557,5.046222791513346,0,3.2008173712561367,1.0,1,2
"product color options ekdum vibrant, material quality top notch, worth buying!!!",5,0.0,-0.467222988996129,1,-0.3823783296608412,-0.24167106525966875,0.8641141926484721,1.4031588884565172,0,-0.6401568197977742,1.0,0,2
nice products better for low flow,5,0.0,-0.467222988996129,0,-0.5924599978689912,-0.4993076163662353,-0.27363314661764787,-0.4183730630718973,0,-0.6401568197977742,1.0,1,3
Dherai dhilo gadi aayo. TOTAL WASTE of my afternoon sitting at the station. Driver was polite but the vehicle was making strange noises throughout the trip to Lalitpur.,2,0.0,-0.467222988996129,1,0.33189934224686873,0.240712264471775,0.04726994907279627,-0.4183730630718973,0,1.1307685326747507,0.8928571428571429,0,2
Dherai be late delivery thiyo. The package arrived after ten days and the item was broken. The seller did not respond to messages. This is unacceptable for online shopping.,2,1.0,2.9123068739023887,1,0.3739156758884987,0.2626387794595679,0.003007453115493825,-0.4183730630718973,0,-0.10792880689011017,0.9655172413793104,2,1
thankyou daraz ..I jst love it😊,5,0.0,-0.467222988996129,0,-0.5924599978689912,-0.5102708738601317,-0.48756854374461045,-0.4183730630718973,0,0.09809494004188878,1.0,1,3
Patan area ma gadi chalauna dherai garo chha. Traffic dherai thyo ani dhulo pani dherai thyo. TOTAL HEADACHE for anyone commuting. I hope the government fixes these roads very soon for the public.,2,0.0,-0.467222988996129,1,0.5419810104550187,0.3941978693863253,0.008372604140621256,-0.4183730630718973,0,1.228072123469944,0.8787878787878788,1,1
👍️👍️👍️👍️👍️👍️👍️👍️👍️,5,0.0,-0.467222988996129,0,-0.8025416660771412,-0.5815320475704586,7.748944245643456,-0.4183730630718973,0,-0.6401568197977742,1.0,1,3
Dami xa price anusar vanda dheraii naii babal xa. nasochi kinda hunxa yetiko ramro paudaina thoraii price ma.,5,1.0,2.9123068739023887,0,-0.08826399416943125,-0.08270383159817024,0.0829258485939566,-0.4183730630718973,0,-0.4301953101186039,0.9444444444444444,2,2
100/100,5,0.0,-0.467222988996129,0,-0.8025416660771412,-0.6418299637868892,0.6890761404536846,-0.4183730630718973,0,-0.6401568197977742,1.0,1,3
It’s good🤍 ani sabiale kina paxi siddiyo bhane lyang hunxa ,2,1.0,1.2225419424531299,0,-0.4243946633024712,-0.35678526894558144,-0.016910670065292333,-0.4183730630718973,0,-0.25226182733964614,1.0,0,3
"Tv ni hang hune type ko cha, no Free wall mount",1,0.0,-0.467222988996129,0,-0.3823783296608412,-0.42256481390896017,-1.0613043814941927,-0.4183730630718973,0,0.3337072038205046,1.0,0,2
"Product caused house fire, insurance claim filed, LG Electronics safety certified appliances!!!",1,0.0,-0.467222988996129,1,-0.3403619960192112,-0.15944663405544537,1.2773984825528324,1.4031588884565172,0,0.32345600357189114,1.0,1,2
"Chya chya chya, kasto fohori khana, cockroach maile dekhe, staff le sorry pani vanena. Total disaster, revenge linxu kta ho rukh!!",1,0.0,-0.467222988996129,1,0.03778500675545875,0.032410372087742466,0.16951874743106085,0.7959815712803789,0,-0.2880675189511656,1.0,0,2
very nice  ani amaizing quality babal,1,1.0,1.2225419424531299,0,-0.5924599978689912,-0.4773811013784424,0.15423764763627784,-0.4183730630718973,0,-0.6401568197977742,1.0,0,3
its is as expected,5,0.0,-0.467222988996129,0,-0.6764926651522511,-0.5815320475704586,-0.9154393379985362,-0.4183730630718973,0,-0.6401568197977742,1.0,1,3
xya yar Kati sano na kina hai na kina 🙂 ,5,1.0,1.2225419424531299,0,-0.4243946633024712,-0.4609362151375977,-1.2363424336889803,-0.4183730630718973,0,-0.06801170592203533,0.8,2,3
ilve the watches ❤❤,5,0.0,-0.467222988996129,0,-0.6764926651522511,-0.5760504188235104,-0.7549877901533141,-0.4183730630718973,0,-0.6401568197977742,1.0,0,3
loved it❤,5,0.0,-0.467222988996129,0,-0.7605253324355111,-0.6308667062929927,-0.9154393379985362,-0.4183730630718973,0,-0.6401568197977742,1.0,1,3
"looks good, feels far better than regular shoes ",5,0.0,-0.467222988996129,0,-0.5084273305857312,-0.4170831851620119,0.04726994907279627,-0.4183730630718973,0,-0.6401568197977742,1.0,1,3
"budeshi lai matrai ho piro lagne 
nepali , indian lai lagdaina current noodel bhanda ni kaam piro xa 2x jasto ho la  ",2,0.0,-0.467222988996129,0,0.07980134039708874,-0.03885080162258445,-0.39032518141417294,-0.4183730630718973,0,-0.6401568197977742,0.8636363636363636,2,2
"yo restaurant waiter le wallet chhoreko dekheko, chor haru, The Old House jana trustworthy staff!!!",1,0.0,-0.467222988996129,1,-0.21431299509432122,-0.1375201190676525,0.432353663901329,1.4031588884565172,0,0.0533524091425153,1.0,2,2
"hotel staff le mero passport copy liyera misuse garyo, identity theft!!!",1,0.0,-0.467222988996129,1,-0.3823783296608412,-0.2855240952352545,0.39734605346237195,1.4031588884565172,0,-0.6401568197977742,1.0,0,2
Was not expecting this to be this good. 10/10 no drama. ,1,0.0,-0.467222988996129,0,-0.3823783296608412,-0.3732301551864261,-0.5361902249098295,-0.4183730630718973,0,-0.23148173845796075,0.9090909090909091,1,2
good #review_wrapup,5,0.0,-0.467222988996129,0,-0.7605253324355111,-0.5760504188235104,2.2935916189059053,-0.4183730630718973,0,-0.6401568197977742,1.0,1,3
black color ko kina haldinu vako,5,0.0,-0.467222988996129,0,-0.5924599978689912,-0.5047892451131835,-0.38060084518112947,-0.4183730630718973,0,-0.6401568197977742,1.0,0,3
Sunsilk Hairfall Solution shampoo 625ml Free,1,0.0,-0.467222988996129,0,-0.5924599978689912,-0.43900970014980484,0.9030115375806471,-0.4183730630718973,0,1.4403708670230944,1.0,1,3
ramro xa ☺️☺️,5,0.0,-0.467222988996129,0,-0.7185089987938812,-0.6089401913051998,-1.0224070365620177,-0.4183730630718973,0,-0.6401568197977742,1.0,2,3
Patan area ma khana dherai mitho thyo. I went there with my parents and we tried the local Newari platter. It was authentic and the price was also very reasonable. Highly recommend this small hidden gem.,5,0.0,-0.467222988996129,1,0.6680300113799087,0.43256927061496286,-0.18449339781474647,-0.4183730630718973,0,-0.07646705243251423,0.9166666666666666,1,1
Yo thik xa ,1,0.0,-0.467222988996129,0,-0.7185089987938812,-0.6199034487990962,-1.4502778308159432,-0.4183730630718973,0,1.4403708670230944,1.0,2,3
"Service dherai ramro thiyo, excellent experience, I highly recommend, staff pani very friendly aur helpful, overall dherai satisfied.",5,0.0,-0.467222988996129,1,-0.08826399416943125,0.04885525832858714,0.938667437101808,-0.4183730630718973,0,-0.29600938288003653,0.9444444444444444,0,2
Thankyou so much 🙂 does its work perfectly... self clean bhakole dherai easy hune raicha 🥰 ,5,0.0,-0.467222988996129,0,-0.17229666145269124,-0.18137314904323829,-0.15329448573373133,-0.4183730630718973,0,-0.38866446205019656,1.0,0,2
"Salon ko hair stylist bhayaanak skilled thiyo, I lost my hair, very bad job.",1,0.0,-0.467222988996129,1,-0.2563293287359512,-0.26359758024746166,-0.31947644600199687,-0.4183730630718973,0,-0.03789880519173335,1.0,0,2
"Momo ma rat droppings found, disgusting unhygienic, Mitho Thakali Kitchen pest control certified!!!",1,0.0,-0.467222988996129,1,-0.2983456623775812,-0.1375201190676525,1.084033796688077,1.4031588884565172,0,0.28452215212261184,1.0,1,2
I tried the special pizza platter today and it was an average experience overall. 🍕 The crust was a bit too hard to chew but the toppings were fresh and the cheese quality was quite good. ✨ The service was a bit slow as we had to wait for almost thirty minutes for our drinks to arrive. ⭐ It's a nice place for a casual lunch with friends but they definitely need to improve their speed during the busy weekend rush hours. Overall thikai thyo. 🙏 ✨,3,0.0,-0.467222988996129,1,2.8108630271030384,1.7700866848703294,-0.5060112503934866,-0.4183730630718973,0,-0.3841634802560565,0.7816091954022989,1,0
Nice vfm,5,0.0,-0.467222988996129,0,-0.7605253324355111,-0.6363483350399409,-1.2363424336889803,-0.4183730630718973,0,2.2205687495809197,1.0,0,3
1600 ma 20000mAh paiyo k review dinu 🥱 jati din chalxa chalxa,1,0.0,-0.467222988996129,0,-0.3403619960192112,-0.345822011451685,-0.5410523930263516,-0.4183730630718973,0,-0.2649796959448307,0.9166666666666666,2,2
"Fully satisfied with product, awesome cha, great service, I love it, will buy again.",5,0.0,-0.467222988996129,1,-0.2563293287359512,-0.21974455027187584,0.04726994907279627,-0.4183730630718973,0,-0.09525671134468962,1.0,0,2
Photo ma dekhanuni ra delivery gardini saman nai farak hunxa. Tehi vayera Online shopping garna nai jhyau lauxa.,1,0.0,-0.467222988996129,0,-0.08826399416943125,-0.06625894535732557,0.18989354715743817,-0.4183730630718973,0,-0.027144197788054054,0.9444444444444444,0,2
"restaurant AC broken, hot inside, staff don't care, overpriced garbage food!!!",1,0.0,-0.467222988996129,1,-0.3823783296608412,-0.2526343227535652,0.7474221578519471,1.4031588884565172,0,-0.053341318386760025,1.0,0,2
Thankyou Jina Alchemy..since its my 1st purchase don't know how it works on me..definitely gonna re-purchase if it gives results..,5,0.0,-0.467222988996129,0,-0.004231326886171249,0.032410372087742466,0.3681730447632404,-0.4183730630718973,0,-0.11202286852786139,0.95,1,2
Dherai I went there with my family and we experienced pleasant staff clean rooms good location but the review uses identical phrases found elsewhere and reads like a copied snippet from marketing materials losing authenticity,4,0.0,-0.467222988996129,1,0.6260136777382787,0.5531651030478237,0.3223297453788914,-0.4183730630718973,0,-0.4367274459752892,0.9714285714285714,1,1
looks solid. will move out to test how mant times cab charhe phone ,5,0.0,-0.467222988996129,0,-0.2983456623775812,-0.31293223896999567,-0.4957968282494936,-0.4183730630718973,0,-0.6401568197977742,1.0,1,2
"Ramro bus service cha, timings pani accurate thiyo, I appreciate their work.",4,0.0,-0.467222988996129,1,-0.3403619960192112,-0.26359758024746166,0.2612053461997588,-0.4183730630718973,0,-0.03789880519173335,1.0,0,2
