review_text,rating,date,language_style,has_slang,slang_count,domain,word_count,length_type,label,char_count,avg_word_len,exclamation_count,question_count,uppercase_ratio,unique_word_ratio,language_enc,domain_enc,length_enc,stratify_key
"Hait, stayed overnight experience revolutionary transformation lifestyle upgrading premium luxurious five star seven star hospitality industry leading benchmark setting record breaking award winning certified internationally recognized globally acclaimed universally praised highly recommended must visit destination, room was spacious enormous gigantic vast expansive comfortable cozy elegant sophisticated modern contemporary stylish chic beautiful gorgeous stunning magnificent spectacular breathtaking, bedding was premium quality Egyptian cotton silk satin soft smooth comfortable cloud like heavenly, bathroom was marble granite luxurious spa like resort style jacuzzi bathtub rainfall shower premium toiletries branded products, view was panoramic scenic picturesque beautiful mountains hills valleys sunrise sunset, staff were professional trained experienced courteous friendly helpful attentive caring dedicated committed passionate, breakfast buffet was extensive diverse international continental local authentic fresh organic healthy delicious",5,2024-09-23,english,0.0,0.0,hotel_restaurant,124,long,1,1056,8.516129032258064,0,0,0.001893939393939394,0.9112903225806451,1,1,0,1_english
We;ivery dherai sl8w thiyo. waiY wsit wait garna paro. lastai frustrating,2,2024-02-28,code_mixed,1.0,2.0,transportation,11,short,0,73,6.636363636363637,0,0,0.0273972602739726,1.0,0,4,2,0_code_mixed
went here for lunch. food was hot and fresh. service was quick. price thik thiyo. ramro experience,4,2024-03-18,code_mixed,1.0,1.0,food,17,short,0,98,5.764705882352941,0,0,0.0,0.9411764705882353,0,0,2,0_code_mixed
"chalcha tyo product, khasai problem chhaina",3,2022-07-31,romanized_nepali,1.0,1.0,product,6,very_short,0,43,7.166666666666667,0,0,0.0,1.0,2,2,3,0_romanized_nepali
"Bah, motorcycle mileage ekdum kharab, fuel consumption high!!!",1,2023-08-04,code_mixed,1.0,1.0,transportation,8,very_short,1,62,7.75,3,0,0.016129032258064516,1.0,0,4,3,1_code_mixed
"Khana dherai mahango, service terrible, never going back.",3,2022-11-26,code_mixed,0.0,0.0,hotel_restaurant,8,very_short,1,57,7.125,0,0,0.017543859649122806,1.0,0,1,3,1_code_mixed
Headlight dim replacement needed,3,6/30/2023,english,0.0,0.0,transportation,4,very_short,0,32,8.0,0,0,0.03125,1.0,1,4,3,0_english
Mero kura dhyan diyera sunnu hos sabaile yo thau ma treatment garna bhulera pani najanu hola hjr. Doctor haru kasto illiterate raixan mero sathi ko surgery bigardiyo ani aile jhan thulo samasya aayeko xa hospital le kunai responsibility liyeko chaina aaja samma. Paisa matra lutne dhanda raixa salla criminal haru ko group ho yo medical center vane ko sabaile boycott garnu parcha.,1,2023-10-24,romanized_nepali,1.0,2.0,services,62,medium,1,381,6.145161290322581,0,0,0.007874015748031496,0.9193548387096774,2,3,1,1_romanized_nepali
birthday party garyo here. booked table in advance. but when we came they gave our table to others. said we had no booking. I HAVE THE SCREENSHOT BRO. showed them and they were still arguing. we had to wait 45 mins. food also came wrong. cake they promised was not ready. my friends were upset on my birthday. total mood kill. paisa waste time waste. lastai jhyau thyo. never book here. khattam place. sala.,1,2023-09-30,code_mixed,1.0,6.0,hotel_restaurant,74,long,0,407,5.5,0,0,0.051597051597051594,0.8513513513513513,0,1,0,0_code_mixed
"Waited 1 hr for cab, driver cancelled last minute. complete waste of evening honestly",1,4/28/2024,english,0.0,0.0,transportation,14,short,0,85,6.071428571428571,0,0,0.011764705882352941,1.0,1,4,2,0_english
yo gym membership bro. paid for 6 month. and then equipment broke after 2 months and then they said under repair bhanyo. and then waited 3 week. and then still broken. and then i asked for refund for unused months and then they said no refund policy bhanyo. this is very bad. baal management. paisa waste yar. sala,1,2023-09-26,code_mixed,1.0,3.0,services,58,medium,0,314,5.413793103448276,0,0,0.0,0.7068965517241379,0,3,1,0_code_mixed
indicator dim night visibility low,3,9/3/2023,code_mixed,0.0,0.0,transportation,5,very_short,0,34,6.8,0,0,0.0,1.0,0,4,3,0_code_mixed
"Exceptional motorcycle, seat comfort amazing, long rides enjoyable!!!",5,2023-04-12,english,0.0,0.0,transportation,8,very_short,1,69,8.625,3,0,0.014492753623188406,1.0,1,4,3,1_english
Lalitpur ma baseko tyo hotel ma bed bugs thyo. TOTAL DISGUSTING experience. Maile complain garda manager le uile tharkayo. Staff haru ko bolne tarika ekdamai ghatiya thyo. Don't go there ever if you care health.,1,2026-02-02,code_mixed,1.0,1.0,hotel_restaurant,35,medium,1,211,6.0285714285714285,0,0,0.09004739336492891,0.9428571428571428,0,1,1,1_code_mixed
"I'm so impressed, dherai good service, price pani reasonable cha, must try ones!",5,2023-07-17,code_mixed,0.0,0.0,services,13,short,1,80,6.153846153846154,1,0,0.0125,1.0,0,3,2,1_code_mixed
"yo restaurant waiter le wallet chhoreko dekheko, chor haru, The Old House jana trustworthy staff!!!",1,2024-09-18,romanized_nepali,0.0,0.0,hotel_restaurant,15,short,1,99,6.6,3,0,0.030303030303030304,1.0,2,1,2,1_romanized_nepali
"The set lunch they offer on weekdays is a great deal. three items plus rice for 280, hard to beat that in this area",5,4/14/2024,english,0.0,0.0,food,24,short,0,115,4.791666666666667,0,0,0.008695652173913044,1.0,1,0,2,0_english
"eSewa payment instantly bhayo, service dami cha",5,2025-03-08,romanized_nepali,1.0,1.0,services,7,very_short,0,47,6.714285714285714,0,0,0.02127659574468085,1.0,2,3,3,0_romanized_nepali
"Thik cha, product features ramro thiyo, customer support pani helpful lagyo, overall nice.",1,2024-04-11,code_mixed,0.0,0.0,product,13,short,1,90,6.923076923076923,0,0,0.011111111111111112,1.0,0,2,2,1_code_mixed
Dherai time pachi new phone kinne soch gariyo. The camera quality is poor in low light. Battery drains fast. The brand promised more but delivered less.,2,2024-11-17,romanized_nepali,0.0,0.0,product,26,short,1,152,5.846153846153846,0,0,0.02631578947368421,0.9615384615384616,2,2,2,1_romanized_nepali
the phone screen is so clear and battery last long.. dami phone dami.. paisa vasool yaar 🔥,5,2024-01-14,code_mixed,1.0,2.0,product,17,short,0,90,5.294117647058823,0,0,0.0,0.9411764705882353,0,2,2,0_code_mixed
Sabai bhanda ghatiya thau.,1,2022-04-07,romanized_nepali,0.0,0.0,hotel_restaurant,4,very_short,1,26,6.5,0,0,0.038461538461538464,1.0,2,1,3,1_romanized_nepali
bus late late and then late again jhyau lagyo but seat soft,3,2022-12-12,code_mixed,1.0,1.0,transportation,12,short,0,59,4.916666666666667,0,0,0.0,0.8333333333333334,0,4,2,0_code_mixed
laARai jh&au tNyo bro. paisa waste t(me waste. neGer rdering again from here,1,2024-09-01,code_mixed,1.0,3.0,food,13,short,0,76,5.846153846153846,0,0,0.05263157894736842,1.0,0,0,2,0_code_mixed
lastai ramro experience. they gave extra chutney without asking. small thing but i liked it 😊,5,2022-10-17,code_mixed,1.0,1.0,food,16,short,0,93,5.8125,0,0,0.0,1.0,0,0,2,0_code_mixed
Aaja ko dinner dherai mitho thyo! 🍕 The momos were fresh and the chutney was spicy just like I like it. 😋 Highly recommend the special platter. ✨ ⭐ 🙏,5,2026-02-18,code_mixed,0.0,0.0,food,30,medium,1,149,4.966666666666667,1,0,0.026845637583892617,0.9333333333333333,0,0,1,1_code_mixed
plumber ko bill kasto mahango paani fix gareko matra,2,10/28/2022,code_mixed,1.0,1.0,services,9,very_short,0,52,5.777777777777778,0,0,0.0,1.0,0,3,3,0_code_mixed
phone good good cam nice nice paisa vasool bro 🔥,5,2023-06-06,code_mixed,1.0,1.0,product,10,very_short,0,48,4.8,0,0,0.0,0.8,0,2,3,0_code_mixed
"Rooftop view photo jasto thiena, ekdam disappointed bhaye",1,2025-01-31,romanized_nepali,0.0,0.0,hotel_restaurant,8,very_short,0,57,7.125,0,0,0.017543859649122806,1.0,2,1,3,0_romanized_nepali
Salon service was relaxing and staff were friendly,5,2025-03-13,english,0.0,0.0,services,8,very_short,0,50,6.25,0,0,0.02,1.0,1,3,3,0_english
i buy this and then try and then wow dami dami not bad at all paisa vasool bro,5,2025-02-02,code_mixed,1.0,2.0,product,18,short,0,78,4.333333333333333,0,0,0.0,0.8333333333333334,0,2,2,0_code_mixed
"Buff sekuwa order gareko bro, presentation dami thyo sizzler ma aako thyo. Taste ramro thyo but achaar forgot gare, twice remind garda pani aayena. Rs 650 ko lagi thoda disappointing overall.",3,5/18/2023,code_mixed,1.0,1.0,food,31,medium,0,191,6.161290322580645,0,0,0.015706806282722512,0.967741935483871,0,0,1,0_code_mixed
"Dherai sanchai pani cha, sabai ko khauna pardai cha, thik bhayo.",5,2023-03-06,romanized_nepali,0.0,0.0,food,11,short,1,64,5.818181818181818,0,0,0.015625,0.9090909090909091,2,0,2,1_romanized_nepali
overpriced for nothing bro,2,2024-10-03,english,0.0,0.0,hotel_restaurant,4,very_short,0,26,6.5,0,0,0.0,1.0,1,1,3,0_english
Delivery 724 vayo thikai ni ta Ani bholi pheri janchu. Khana pakauna time lagyo. Dherai kura haru ramro thyo.,3,7/29/2024,romanized_nepali,1.0,1.0,services,19,short,0,109,5.7368421052631575,0,0,0.03669724770642202,1.0,2,3,2,0_romanized_nepali
Fonepay cashback offer expired before I could,4,10/12/2023,english,0.0,0.0,product,7,very_short,0,45,6.428571428571429,0,0,0.044444444444444446,1.0,1,2,3,0_english
"Outstanding motorcycle performance, looks stunning, worth every penny, highly recommended!!!",5,2023-06-06,english,0.0,0.0,transportation,10,very_short,1,92,9.2,3,0,0.010869565217391304,1.0,1,4,3,1_english
ramro ramroo,5,2024-07-07,romanized_nepali,1.0,1.0,food,2,very_short,0,12,6.0,0,0,0.0,1.0,2,0,3,0_romanized_nepali
Chito Ma ordered KantipurMart KantipurMart KantipurMart food arrived quickly packaging neat ti but the message tone was templated and the phrasing repeated across platforms very generic phrase,4,2026-02-10,romanized_nepali,1.0,3.0,product,27,short,1,192,7.111111111111111,0,0,0.041666666666666664,0.8888888888888888,2,2,2,1_romanized_nepali
"choila mithoooo thyo, masala dami lagako thyo ani saath ma beaten rice ni ramro quality ko thyo. paisa vasool ekdum, feri aauchu",5,1/29/2023,romanized_nepali,1.0,2.0,food,22,short,0,128,5.818181818181818,0,0,0.0,1.0,2,0,2,0_romanized_nepali
"product user manual ekdum clear, setup easy, performance babbal!!!",5,2024-05-28,code_mixed,1.0,1.0,product,9,very_short,1,66,7.333333333333333,3,0,0.0,1.0,0,2,3,1_code_mixed
"Delivery time dherai long thiyo, I waited for weeks, product pani damaged aayo, worst experience.",3,2023-02-13,code_mixed,0.0,0.0,product,15,short,1,97,6.466666666666667,0,0,0.020618556701030927,1.0,0,2,2,1_code_mixed
🍕🍕🍕 #BestFoodNepal #Number1Restaurant WORLD CLASS PIZZA!!! Must try amazing taste experience!!! #Foodie #TopQuality #Yummy!!!,5,2023-09-04,english,0.0,0.0,food,14,short,1,125,8.928571428571429,9,0,0.2,1.0,1,0,2,1_english
"delivery 3 din late aayo, packaging damage thiyo, inside product pani scratch thiyo, complaint gareko they said not their fault, very very bad service, paisa waste",1,2023-12-20,code_mixed,1.0,1.0,services,26,short,0,163,6.269230769230769,0,0,0.0,0.9230769230769231,0,3,2,0_code_mixed
"Dami quality packaging ani original item. Best shopping store in Nepal, dhukkai kinnu sabaile.",5,2025-01-30,romanized_nepali,1.0,2.0,product,14,short,1,94,6.714285714285714,0,0,0.031914893617021274,1.0,2,2,2,1_romanized_nepali
"I'm very happy, khub pashand aayo, great experience, amazing staff cha.",3,2025-01-30,code_mixed,0.0,0.0,services,11,short,1,71,6.454545454545454,0,0,0.014084507042253521,1.0,0,3,2,1_code_mixed
insurance claim smooth online submit verify 2day full amount support helpful renewal simple premium reasonable checkup free satisfied,5,2/17/2024,code_mixed,0.0,0.0,services,18,short,0,133,7.388888888888889,0,0,0.0,1.0,0,3,2,0_code_mixed
Chiya biscuit combo ramro,4,2/9/2023,romanized_nepali,1.0,1.0,food,4,very_short,0,25,6.25,0,0,0.04,1.0,2,0,3,0_romanized_nepali
"restaurant chef special ekdum unique, plating artistic, taste memorable!!!",5,2022-08-17,code_mixed,0.0,0.0,hotel_restaurant,9,very_short,1,74,8.222222222222221,3,0,0.0,1.0,0,1,3,1_code_mixed
gayo tyo resturant for lunch with friends. we waited 40 mins for seat. then 30 more mins for food. food aayo when we were already angry. dal was cold. tarkari was bland. I asked for water 3 times and nobody came. 3 TIMES!!! sala staff were busy on phone. paisa waste time waste. lastai jhyau thiyo. never going back. never. told all my friends also not to go. overall khattam experience.,1,2023-06-14,code_mixed,1.0,6.0,hotel_restaurant,71,long,0,387,5.450704225352113,3,0,0.015503875968992248,0.8873239436619719,0,1,0,0_code_mixed
Thamel ma room payena aaja. I went to five different places but all were full. It was very frustrating for me as a traveler who just arrived in the city without any prior booking for the night.,2,2026-01-25,code_mixed,0.0,0.0,hotel_restaurant,37,medium,1,193,5.216216216216216,0,0,0.015544041450777202,0.9459459459459459,0,1,1,1_code_mixed
pizza mitho and cheesy. ramro dherai ramro,5,2023-04-04,code_mixed,1.0,2.0,food,7,very_short,0,42,6.0,0,0,0.0,0.8571428571428571,0,0,3,0_code_mixed
"Yeh salon ko service superb cha, I really enjoyed it, ambiance pani very nice thiyo, great job.",4,2022-01-16,code_mixed,0.0,0.0,services,17,short,1,95,5.588235294117647,0,0,0.021052631578947368,1.0,0,3,2,1_code_mixed
driver fastt but talk rudee rudee. not worth ride,2,2025-04-04,english,0.0,0.0,transportation,9,very_short,0,49,5.444444444444445,0,0,0.0,1.0,1,4,3,0_english
"Bah, momo filling ma plastic piece, choking hazard!!!",1,2023-01-28,code_mixed,0.0,0.0,food,8,very_short,1,53,6.625,3,0,0.018867924528301886,1.0,0,0,3,1_code_mixed
paisa waste,1,2023-01-14,romanized_nepali,1.0,1.0,product,2,very_short,0,11,5.5,0,0,0.0,1.0,2,2,3,0_romanized_nepali
iPhone 13 879 headphones babbal quality raixa k Staff behavior was polite and ramro. Delivery was fast and safe thyo. Staff behavior was polite and ramro.,4,8/11/2025,code_mixed,1.0,2.0,product,26,short,0,154,5.923076923076923,0,0,0.025974025974025976,0.6923076923076923,0,2,2,0_code_mixed
ok ok thik cha. delivery was little slow but product came good. average experience,3,2023-03-12,romanized_nepali,0.0,0.0,product,14,short,0,82,5.857142857142857,0,0,0.0,0.9285714285714286,2,2,2,0_romanized_nepali
"This product is trash, useless and dangerous, company should be banned!!!",1,2022-05-29,english,0.0,0.0,product,11,short,1,73,6.636363636363637,3,0,0.0136986301369863,1.0,1,2,2,1_english
i visit cafe and then chair dirtyy dirtyy and menu dirtyy and waiter sloww sloww and rudee rudee and coffee come cold cold not tastyii very bad very bad price expensivee expensivee i say not worth not worth they just smile smile fake fake overall lastai jhyau thiyo,1,2024-02-02,english,0.0,0.0,food,48,medium,0,265,5.520833333333333,0,0,0.0,0.625,1,0,1,0_english
"Ekdam ramro product cha yo, mero dherai sanchai pani yo product le gayo, aaja mero jiban thik cha.",4,2024-06-01,romanized_nepali,1.0,1.0,product,18,short,1,98,5.444444444444445,0,0,0.01020408163265306,0.8888888888888888,2,2,2,1_romanized_nepali
Fonepay 157 feeling happy today ho Battery backup is dami ngl. Battery backup is dami ngl.,4,5/12/2022,code_mixed,1.0,1.0,services,16,short,0,90,5.625,0,0,0.03333333333333333,0.6875,0,3,2,0_code_mixed
"Overpriced and disgusting food, avoid this restaurant at all costs.",1,2023-03-02,english,0.0,0.0,hotel_restaurant,10,very_short,1,67,6.7,0,0,0.014925373134328358,1.0,1,1,3,1_english
bro food here is so so good yar. dami dami. best dal bhat in the area for sure. cheap and tasty. paisa vasool 😋🔥,5,2023-10-26,code_mixed,1.0,2.0,food,24,short,0,112,4.666666666666667,0,0,0.0,0.9583333333333334,0,0,2,0_code_mixed
Patan area ma gadi chalauna dherai garo chha. Traffic dherai thyo ani dhulo pani dherai thyo. TOTAL HEADACHE for anyone commuting. I hope the government fixes these roads very soon for the public.,2,2026-02-05,english,0.0,0.0,transportation,33,medium,1,196,5.9393939393939394,0,0,0.08163265306122448,0.8787878787878788,1,4,1,1_english
Brake weak lagyo dangerous,1,4/11/2023,code_mixed,0.0,0.0,transportation,4,very_short,0,26,6.5,0,0,0.038461538461538464,1.0,0,4,3,0_code_mixed
Engine 279 Activa paisa vasool deal ho bro I liked the atmosphere there ramailo thyo. The product is babbal and works fine.,5,12/8/2025,code_mixed,1.0,2.0,transportation,22,short,0,123,5.590909090909091,0,0,0.032520325203252036,1.0,0,4,2,0_code_mixed
Aaja ko weather dherai dhulo thyo ani bike ride dherai garo vayo 🛵. Road construction is taking forever and government is doing nothing. TOTAL HEADACHE for every commuter today 😡‼️.,2,2026-02-18,code_mixed,0.0,0.0,transportation,30,medium,1,181,6.033333333333333,0,0,0.08287292817679558,0.9333333333333333,0,4,1,1_code_mixed
"servce was so slow, waited for houres, no one responsiv, waist of tim!!!",1,2024-11-11,english,0.0,0.0,services,13,short,1,72,5.538461538461538,3,0,0.0,1.0,1,3,2,1_english
ok taste nothing amazing tbh idk,3,2023-04-22,english,0.0,0.0,food,6,very_short,0,32,5.333333333333333,0,0,0.0,1.0,1,0,3,0_english
"Fantastically good service, results exceeded expectations, team amazing!!!",5,2024-12-20,english,0.0,0.0,services,8,very_short,1,74,9.25,3,0,0.013513513513513514,1.0,1,3,3,1_english
babbal momo cha!! 🔥🔥,5,2024-09-14,romanized_nepali,1.0,1.0,food,4,very_short,0,20,5.0,2,0,0.0,1.0,2,0,3,0_romanized_nepali
"Product dherai ramro cha, I'm totally satisfied, price pani affordable ho!",5,2023-05-09,code_mixed,0.0,0.0,product,11,short,1,74,6.7272727272727275,1,0,0.02702702702702703,1.0,0,2,2,1_code_mixed
Gaming chair muni thyo quality ni Dhilo aayo 🙃👎✨ tara mitho thyo. Dherai kura haru ramro thyo. Malai ta man paryo.,1,7/27/2025,romanized_nepali,1.0,2.0,product,21,short,0,114,5.428571428571429,0,0,0.03508771929824561,0.9523809523809523,2,2,2,0_romanized_nepali
Aaja ma new shirt kinne plan gariyo. The fabric is soft and the fitting is perfect. Colour did not fade after first wash. Good value for money.,4,2025-07-11,code_mixed,1.0,1.0,product,27,short,1,143,5.296296296296297,0,0,0.027972027972027972,0.9629629629629629,0,2,2,1_code_mixed
"yo cafe ko khana bekar, cook lai kehi aaudaina, go somewhere else!!!",1,2022-06-18,romanized_nepali,1.0,1.0,food,12,short,1,68,5.666666666666667,3,0,0.0,1.0,2,0,2,1_romanized_nepali
"Oho, purchased electronic gadget device appliance equipment from online e commerce platform marketplace website portal and product arrived packaging box parcel shipment was completely totally absolutely entirely wholly fully utterly thoroughly damaged destroyed crushed broken smashed shattered torn ripped open tampered, item inside was scratched dented bent cracked chipped broken malfunctioning defective faulty not working dead, accessories parts components cables chargers manuals documentation warranty cards were missing absent lacking not included, contacted customer service support helpline hotline helpdesk and representatives agents staff were extremely very incredibly unbelievably impossibly rude discourteous impolite disrespectful arrogant condescending dismissive unhelpful useless incompetent ignorant, return refund exchange replacement process procedure was complicated difficult complex confusing frustrating annoying irritating time consuming lengthy prolonged, never received resolution solution compensation reimbursement, company seller vendor merchant is scam fraud cheat swindle con racket scheme",1,2022-05-11,code_mixed,0.0,0.0,product,135,long,1,1123,8.318518518518518,0,0,0.0008904719501335708,0.9555555555555556,0,2,0,1_code_mixed
"Oho, stayed overnight multiple several numerous days nights duration period span interval time at supposed alleged claimed purported reputed famous popular well known highly rated top recommended luxury premium five star deluxe hotel property establishment facility venue location and experience was nightmarish horrific traumatic devastating disastrous catastrophic terrible awful dreadful appalling shocking disturbing alarming concerning, room suite chamber quarters accommodation space area was filthy dirty grimy unclean unhygienic unsanitary contaminated polluted, bedding linens sheets blankets pillows covers was stained soiled spotted marked dirty unwashed unchanged, bathroom toilet lavatory washroom restroom facilities was disgusting revolting repulsive nauseating sickening vomit inducing, plumbing fixtures faucets taps showers drains was leaking dripping broken damaged malfunctioning not working, furniture fixtures fittings equipment appliances devices was old outdated obsolete antiquated worn damaged broken malfunctioning, air conditioning heating ventilation climate control temperature regulation was inadequate insufficient ineffective not working broken, cleanliness housekeeping maintenance upkeep was nonexistent absent lacking missing poor substandard",1,2022-05-16,code_mixed,0.0,0.0,hotel_restaurant,154,long,1,1278,8.2987012987013,0,0,0.000782472613458529,0.922077922077922,0,1,0,1_code_mixed
"The new cinema hall has a great sound system and very comfortable reclining seats. 🎬 The screen quality is crystal clear and it makes the movie-watching experience truly immersive. ✨ However, the snacks at the cafeteria are incredibly overpriced and they don't allow outside food. ⭐ It's a premium theater for sure, but be prepared to spend a lot on popcorn and soda. 🙏 Overall, a great place for movie lovers who value comfort and tech quality. ✨ ⭐",4,2026-02-18,english,0.0,0.0,services,79,long,1,449,5.6835443037974684,0,0,0.011135857461024499,0.8227848101265823,1,3,0,1_english
"very bad internet, calls drop every day, lastai kharab",1,2024-10-16,code_mixed,1.0,2.0,services,9,very_short,0,54,6.0,0,0,0.0,1.0,0,3,3,0_code_mixed
Meter cheat gareko fare extra liyeko,1,4/9/2023,code_mixed,0.0,0.0,transportation,6,very_short,0,36,6.0,0,0,0.027777777777777776,1.0,0,4,3,0_code_mixed
Chito bus ma basera jane plan thiyo. The seat was comfortable but the AC was too cold. Journey was smooth overall. I reached on time without any issue.,3,2025-01-07,romanized_nepali,1.0,1.0,transportation,28,short,1,151,5.392857142857143,0,0,0.039735099337748346,0.9285714285714286,2,4,2,1_romanized_nepali
Recently visited the local library. The collection is okay but the lighting is very poor for reading 📚. It's an average place if you need a quiet corner ✨ ⭐.,3,2026-02-05,english,0.0,0.0,services,30,medium,1,157,5.233333333333333,0,0,0.01910828025477707,0.9333333333333333,1,3,1,1_english
"Pizza at this Italian-themed place in Thamel — went with high expectations and left feeling mixed. The crust was properly thin and crispy which was good. Toppings were generous on one half but sparse on the other, which seemed like an accident. Sauce was tangy and nicely seasoned. Price was steep at Rs 1100 for a medium. Ambience was cozy with dim lighting and wooden furniture. Decent but too expensive for what you get honestly.",3,3/22/2023,english,0.0,0.0,food,75,long,0,432,5.76,0,0,0.023148148148148147,0.8266666666666667,1,0,0,0_english
Dherai ramro experience vayo malai. I went there with my family for a small vacation and everyone loved it. The staff were so kind and the food was delicious. This is definitely the place to be!!!,5,2025-12-25,english,0.0,0.0,hotel_restaurant,36,medium,1,196,5.444444444444445,3,0,0.02040816326530612,0.9444444444444444,1,1,1,1_english
Thamel ma shopping garda dherai average feeling aayo. I went to many stores but the items were same everywhere. It was not a very exciting experience for a shopper looking for something unique and original.,3,2026-01-25,code_mixed,0.0,0.0,product,35,medium,1,206,5.885714285714286,0,0,0.014563106796116505,0.9428571428571428,0,2,1,1_code_mixed
Recently I tried a new barber shop. The haircut was neat and the shave was smooth. The staff were friendly. The price was reasonable for the quality.,3,2025-06-20,english,0.0,0.0,services,27,short,1,149,5.518518518518518,0,0,0.03355704697986577,0.8148148148148148,1,3,2,1_english
Unbelievable results from this new weight gain supplement that I started using two weeks ago. My appetite increased magically and I am feeling very energetic throughout the day without any side effects at all. This is genuinely a world class product and I suggest everyone who is struggling with weight to buy this right now. The packaging and delivery was also very impressive and professional.,5,2025-01-15,english,0.0,0.0,product,65,medium,1,395,6.076923076923077,0,0,0.017721518987341773,0.8615384615384616,1,2,1,1_english
World class!!!,5,2024-06-25,english,0.0,0.0,product,2,very_short,1,14,7.0,3,0,0.07142857142857142,1.0,1,2,3,1_english
Patan tira short visit ma gaye. The temple was peaceful and the architecture was beautiful. I spent time clicking photos. The area is worth visiting.,4,2025-12-15,romanized_nepali,0.0,0.0,services,25,short,1,149,5.96,0,0,0.026845637583892617,0.92,2,3,2,1_romanized_nepali
Dherai jhur delivery service 😡. My package was opened and some items were missing. TOTAL SCAM company. I will never suggest anyone to use their shipping service again 🔥.,1,2026-02-13,romanized_nepali,1.0,1.0,services,29,medium,1,169,5.827586206896552,0,0,0.07100591715976332,0.9655172413793104,2,3,1,1_romanized_nepali
Scooter design babbal!,5,2023-10-11,code_mixed,1.0,1.0,transportation,3,very_short,1,22,7.333333333333333,1,0,0.045454545454545456,1.0,0,4,3,1_code_mixed
Annapurna Hotel booking gareko online sasto kitta room pugda euta sano dark room diyo cheat jasto lagyo,2,3/26/2023,code_mixed,0.0,0.0,hotel_restaurant,17,short,0,103,6.0588235294117645,0,0,0.019417475728155338,0.9411764705882353,0,1,2,0_code_mixed
tried their new menu item. mitho thiyo but too spicy for me. and then glass ma ice thiyena. small things but notice huncha yar,3,2023-09-08,code_mixed,1.0,1.0,food,24,short,0,126,5.25,0,0,0.0,0.9583333333333334,0,0,2,0_code_mixed
nagarkot hotel view babbal sunrise herera photo khicheko staff helpful ramro,5,2/14/2023,code_mixed,1.0,1.0,hotel_restaurant,11,short,0,76,6.909090909090909,0,0,0.0,1.0,0,1,2,0_code_mixed
"Aaja ride lida driver le malai thagyo. Road map follow garena ani unsafe riding vo, beware sisters.",1,2024-04-12,romanized_nepali,0.0,0.0,transportation,17,short,1,99,5.823529411764706,0,0,0.020202020202020204,1.0,2,4,2,1_romanized_nepali
🔥🔥🔥 #Number1InNepal #BestRestaurant WORLD CLASS FOOD!!! Must visit amazing place 5 star experience guaranteed!!! #FoodieParadise #TopQuality!!!,5,2023-05-09,english,0.0,0.0,food,16,short,1,143,8.9375,9,0,0.16783216783216784,1.0,1,0,2,1_english
Cake fluffy mitho,5,11/23/2023,romanized_nepali,1.0,1.0,food,3,very_short,0,17,5.666666666666667,0,0,0.058823529411764705,1.0,2,0,3,0_romanized_nepali
Dherai average cafe thiyo. The pastries were okay and the coffee was standard. The place was quiet. I sat for an hour and left.,3,2024-09-05,romanized_nepali,1.0,1.0,food,24,short,1,127,5.291666666666667,0,0,0.031496062992125984,0.875,2,0,2,1_romanized_nepali
🎯🎯🎯 #Number1Provider #BestService WORLD CLASS TEAM!!! Amazing work highly satisfied!!! #Professional #Excellence #TopRated!!!,5,2024-08-16,english,0.0,0.0,services,13,short,1,125,9.615384615384615,9,0,0.184,1.0,1,3,2,1_english
"Aaja malai dherai khushi lago bhayo, yo hotel ko khana dherai swadisht huncha, hotel ko ambiance dherai ramro huncha, service pani thik thik bhayo, hotel ko sabai staff ekdam ramro huncha, uniharule mero sagarwa gardai hola, yo hotel ma basnu cha bhane huncha, sabai le yo hotel ma jana cha bhane thik huncha, dherai besari huncha.",4,2022-07-22,romanized_nepali,1.0,1.0,hotel_restaurant,56,medium,1,331,5.910714285714286,0,0,0.0030211480362537764,0.5892857142857143,2,1,1,1_romanized_nepali
"Herda, bike guarantee excellence",5,2024-09-23,english,0.0,0.0,transportation,4,very_short,1,32,8.0,0,0,0.03125,1.0,1,4,3,1_english
"Daraz customer service reply nai aayena, disappointed",1,2025-03-12,romanized_nepali,0.0,0.0,services,7,very_short,0,53,7.571428571428571,0,0,0.018867924528301886,1.0,2,3,3,0_romanized_nepali
"produkt instalation not workng, manuall not clear, no support!!!",1,2022-08-11,english,0.0,0.0,product,9,very_short,1,64,7.111111111111111,3,0,0.0,0.8888888888888888,1,2,3,1_english
"yo service sabai vanda ramro, ekdum professional, life changing experience ho honestly!!!",5,2024-01-30,romanized_nepali,1.0,1.0,services,12,short,1,89,7.416666666666667,3,0,0.0,1.0,2,3,2,1_romanized_nepali
yo product use garda start ramro thyo but but after one day stop stop and heat heat and smell bad bad plastic jasto cheappp cheappp feel paisa waste paisa waste i regret regret buy this overall lastai jhyau thyo,1,2022-11-11,romanized_nepali,1.0,1.0,product,39,medium,0,211,5.410256410256411,0,0,0.0,0.7435897435897436,2,2,1,0_romanized_nepali
LASTAI RAMRO SERVICE.. they fixed my laptop so fast and the price was also less than other shops.. sahi ho sahi ho.. will come back,5,2024-05-06,code_mixed,1.0,2.0,services,25,short,0,131,5.24,0,0,0.13740458015267176,0.96,0,3,2,0_code_mixed
"khana ekdam mitho, yo thau babbal, life ma yesto taste kahile payena!!!",5,2023-01-09,romanized_nepali,1.0,2.0,food,12,short,1,71,5.916666666666667,3,0,0.0,1.0,2,0,2,1_romanized_nepali
"Service acceptable, meets basic requirements.",3,2022-08-26,english,0.0,0.0,services,5,very_short,1,45,9.0,0,0,0.022222222222222223,1.0,1,3,3,1_english
dal bhat quantity dherai tarkari mitho unlimited,5,4/6/2024,romanized_nepali,1.0,1.0,food,7,very_short,0,48,6.857142857142857,0,0,0.0,1.0,2,0,3,0_romanized_nepali
"Tailor stitched the kurta crooked, had to return it twice before it was finally done correctly Basic expectations fulfilled. Standard experience nothing special.",2,10/1/2022,english,0.0,0.0,services,23,short,0,161,7.0,0,0,0.018633540372670808,0.9565217391304348,1,3,2,0_english
"Salon ko service dherai kharab thiyo, I hated their attitude, totally unprofessional staff.",3,2025-05-01,code_mixed,0.0,0.0,services,13,short,1,91,7.0,0,0,0.02197802197802198,1.0,0,3,2,1_code_mixed
i dont like this trash this is very bad but but friend like it,2,2024-04-04,english,0.0,0.0,food,14,short,0,62,4.428571428571429,0,0,0.0,0.7857142857142857,1,0,2,0_english
SmartPay app works fine most of the time. occasional server errors during peak hours but overall reliable enough,4,12/10/2022,english,0.0,0.0,product,18,short,0,112,6.222222222222222,0,0,0.017857142857142856,1.0,1,2,2,0_english
A few days ago I visited a spa. The massage was relaxing and the oils were fragrant. The staff were courteous. I felt refreshed after the session.,4,2024-09-30,english,0.0,0.0,services,27,short,1,146,5.407407407407407,0,0,0.03424657534246575,0.8518518518518519,1,3,2,1_english
Sabai sanchai cha bhanne,4,2024-03-01,romanized_nepali,0.0,0.0,product,4,very_short,1,24,6.0,0,0,0.041666666666666664,1.0,2,2,3,1_romanized_nepali
"Chicken roll order gareko, veggies fresh thiyo and sauce was on point. sanga ko fries ni babbal thyo, will order again",5,6/1/2024,code_mixed,1.0,1.0,food,21,short,0,118,5.619047619047619,0,0,0.00847457627118644,0.9523809523809523,0,0,2,0_code_mixed
i went shop and price very expensivee and very bad. paisa waste paisa waste. guy rudee 😑,1,2023-02-18,code_mixed,1.0,1.0,product,17,short,0,88,5.176470588235294,0,0,0.0,0.8235294117647058,0,2,2,0_code_mixed
"HORRIBLE place food poisoning happened, I was hospitalized for 3 days, go to Bhatbhateni Supermarket instead they have fresh items!!!",1,2023-06-15,english,0.0,0.0,food,20,short,1,133,6.65,3,0,0.08270676691729323,1.0,1,0,2,1_english
pulsar leko 6 months vayo smooth xa milage pani ramro dinxa 😤 😴,5,7/22/2023,code_mixed,1.0,1.0,transportation,13,short,0,63,4.846153846153846,0,0,0.0,1.0,0,4,2,0_code_mixed
"Most revolutionary product ever created, must buy right now, perfect in every way!!!",5,2023-02-02,english,0.0,0.0,product,13,short,1,84,6.461538461538462,3,0,0.011904761904761904,1.0,1,2,2,1_english
"hotel room was perfect, view was perfect, staff was perfect, everything 100% perfect!!!",5,2023-12-05,english,0.0,0.0,hotel_restaurant,13,short,1,87,6.6923076923076925,3,0,0.0,0.6923076923076923,1,1,2,1_english
"WOW! Mindblowing delivery speed, item arrived before I even finished my lunch, babbal quality as well, top class store in Nepal!!!",5,2025-01-25,code_mixed,1.0,1.0,product,21,short,1,130,6.190476190476191,4,0,0.046153846153846156,1.0,0,2,2,1_code_mixed
Illiterate staff haru chan.,1,2024-01-13,romanized_nepali,0.0,0.0,services,4,very_short,1,27,6.75,0,0,0.037037037037037035,1.0,2,3,3,1_romanized_nepali
yo charger broke in 3 days yaar.. 3 DAYS.. sala khattam product.. paisa waste,1,2024-10-24,code_mixed,1.0,2.0,product,14,short,0,77,5.5,0,0,0.05194805194805195,0.9285714285714286,0,2,2,0_code_mixed
burger mitho but fries soggy. chalcha chalcha,3,2022-09-09,code_mixed,1.0,1.0,food,7,very_short,0,45,6.428571428571429,0,0,0.0,0.8571428571428571,0,0,3,0_code_mixed
tshirt dami and color ramro dherai ramro,5,2022-01-30,code_mixed,1.0,2.0,product,7,very_short,0,40,5.714285714285714,0,0,0.0,0.8571428571428571,0,2,3,0_code_mixed
Khatarnak thag raixan salla.,1,2024-06-12,romanized_nepali,1.0,1.0,services,4,very_short,1,28,7.0,0,0,0.03571428571428571,1.0,2,3,3,1_romanized_nepali
"service innovation continuous cha, improvement constant, forward thinking company!!!",5,2023-11-26,code_mixed,0.0,0.0,services,9,very_short,1,84,9.333333333333334,3,0,0.0,1.0,0,3,3,1_code_mixed
dami cha yaar the wifi router.. signal reach all room and speed is fast.. paisa vasool totally,5,2024-02-03,code_mixed,1.0,2.0,product,17,short,0,94,5.529411764705882,0,0,0.0,1.0,0,2,2,0_code_mixed
"Paisa vasool item. Quality lastai ramro raixa, sathi haru lai ni recommend garxu.",5,2024-11-05,code_mixed,1.0,2.0,product,13,short,1,81,6.230769230769231,0,0,0.024691358024691357,1.0,0,2,2,1_code_mixed
🛵🛵🛵 #BestScooterNepal #Number1Choice WORLD CLASS PERFORMANCE!!! Amazing scooter must buy!!! #TopRated #BestInClass #Premium!!!,5,2023-06-19,english,0.0,0.0,transportation,13,short,1,126,9.692307692307692,9,0,0.2619047619047619,1.0,1,4,2,1_english
driver le helipad garne style ma drive garyo bro. road ma 3 palta danga paryo. i was shaking. and then he still asked tip at the end. NERVE of this guy. baal service,1,2022-11-17,code_mixed,1.0,2.0,transportation,33,medium,0,165,5.0,0,0,0.030303030303030304,0.9696969696969697,0,4,1,0_code_mixed
Service paisa vasool deal ho ni Battery backup is dami ngl. Battery backup is dami ngl. Battery backup is dami ngl. Service kasto slow thyo but okay.,5,12/3/2023,code_mixed,1.0,2.0,hotel_restaurant,27,short,0,149,5.518518518518518,0,0,0.03355704697986577,0.5925925925925926,0,1,2,0_code_mixed
hmm food ok thiyo. not bad. service bit slow but ok,3,2024-01-31,english,0.0,0.0,food,11,short,0,51,4.636363636363637,0,0,0.0,0.9090909090909091,1,0,2,0_english
"This salon's stylists are pure magic, gave me a makeover that's totally stunning!",4,2022-06-28,english,0.0,0.0,services,13,short,1,81,6.230769230769231,1,0,0.012345679012345678,1.0,1,3,2,1_english
rudee guy,1,2022-04-17,english,0.0,0.0,services,2,very_short,0,9,4.5,0,0,0.0,1.0,1,3,3,0_english
service slow cha yar. very slow. waited and waited but nobody came to table,2,2023-11-22,code_mixed,0.0,0.0,hotel_restaurant,14,short,0,75,5.357142857142857,0,0,0.0,0.9285714285714286,0,1,2,0_code_mixed
"Best dim sum ever, dumplings delicate, filling flavorful, steaming perfect!!!",5,2023-06-03,english,0.0,0.0,food,10,very_short,1,77,7.7,3,0,0.012987012987012988,1.0,1,0,3,1_english
printing quality color accurate binding lamination delivery time discount staff cooperative putalisadak location satisfied repeat customer,4,4/14/2024,code_mixed,1.0,1.0,services,16,short,0,138,8.625,0,0,0.0,1.0,0,3,2,0_code_mixed
"Yak & Yeti ko receptionist ramro thyo, check-in quick thyo ani extra pillow pani diye maageko bela",4,1/9/2023,romanized_nepali,1.0,1.0,hotel_restaurant,17,short,0,98,5.764705882352941,0,0,0.02040816326530612,1.0,2,1,2,0_romanized_nepali
"Tei ta, hired contracted engaged employed commissioned appointed retained enlisted recruited advertised promoted marketed proclaimed declared announced purported reputed supposed acclaimed celebrated renowned famous popular well known highly rated top ranked best reviewed service provider company firm agency organization establishment outfit operation enterprise business for home house residential property renovation remodeling reconstruction refurbishment restoration improvement upgrade enhancement modification alteration project work undertaking task assignment job and entire whole complete total full comprehensive absolute experience journey ordeal was nightmarish horrific traumatic devastating catastrophic disastrous terrible awful dreadful appalling shocking disturbing alarming concerning worrying, workers laborers employees staff personnel team members crew were unprofessional untrained inexperienced incompetent unskilled unqualified amateur novice beginner learner, arrived showed turned came late delayed tardy behind schedule overdue, left departed went vanished disappeared early prematurely before completion finishing, work execution performance implementation was sloppy careless hasty rushed hurried perfunctory superficial cursory half hearted lackadaisical negligent, quality standards specifications was pathetic terrible awful horrible poor substandard inferior mediocre, materials supplies resources used was cheap low grade inferior substandard poor quality",1,2023-04-06,code_mixed,0.0,0.0,services,172,long,1,1491,8.668604651162791,0,0,0.0006706908115358819,0.9418604651162791,0,3,0,1_code_mixed
"Arrey, service ma hidden charges dherai, transparency zero!!!",1,2024-03-11,code_mixed,0.0,0.0,services,8,very_short,1,61,7.625,3,0,0.01639344262295082,1.0,0,3,3,1_code_mixed
"Hola yo hospital ko seva dherai kharab cha, doctor le gardai pani nadekhna bhayo.",2,2023-10-21,romanized_nepali,0.0,0.0,services,14,short,1,81,5.785714285714286,0,0,0.012345679012345678,1.0,2,3,2,1_romanized_nepali
Sailor paisa vasool vayo k k Bholi pani janchu hola. Pachi pheri try garchu. Sathi haru lai pani vanchu. Pachi pheri try garchu. Sathi haru lai pani vanchu. Sathi haru lai pani vanchu. Malai ta ekdam man paryo. Sathi haru lai pani vanchu. Hijo gako thyo rati. Hijo gako thyo rati. Pachi pheri try garchu. Malai ta ekdam man paryo. Pachi pheri try garchu.,5,4/17/2025,romanized_nepali,1.0,1.0,services,64,medium,0,354,5.53125,0,0,0.03954802259887006,0.40625,2,3,1,0_romanized_nepali
"Ma bank account khulne ko lagi ek bank ma gaye, and I was quite impressed with their customer care, they were very helpful and polite, and the process pani quite straightforward thiyo, I didn't have to wait for too long, and the facilities pani modern ra clean cha, so overall it was a good experience, ra feri unko online banking system pani reliable cha, so I'm quite satisfied with their services, thanks.",2,2024-04-22,code_mixed,0.0,0.0,services,72,long,1,408,5.666666666666667,0,0,0.00980392156862745,0.7777777777777778,0,3,0,1_code_mixed
"thik cha delivery, not too fast not too slow",3,2024-11-04,english,0.0,0.0,product,9,very_short,0,44,4.888888888888889,0,0,0.0,0.7777777777777778,1,2,3,0_english
"Staff dherai rude, khana late pariyo, very disappointing experience here.",2,2024-11-06,code_mixed,0.0,0.0,hotel_restaurant,10,very_short,1,73,7.3,0,0,0.0136986301369863,1.0,0,1,3,1_code_mixed
Recently stayed at a budget hotel near the airport. The sheets were stained and the shower was cold. Staff did not respond to requests. This is the WORST STAY I have ever had!!! I checked out early in the morning.,1,2025-04-15,english,0.0,0.0,hotel_restaurant,40,medium,1,213,5.325,3,0,0.07042253521126761,0.9,1,1,1,1_english
Ride sharing app kept crashing during booking,2,2025-03-07,english,0.0,0.0,transportation,7,very_short,0,45,6.428571428571429,0,0,0.022222222222222223,1.0,1,4,3,0_english
"Birgunj ma scooter service horrible, parts overpriced, mechanics incompetent!!!",1,2023-10-02,code_mixed,0.0,0.0,transportation,9,very_short,1,79,8.777777777777779,3,0,0.012658227848101266,1.0,0,4,3,1_code_mixed
Newari khaja plate dheraiii mitho thiyo tara portion ali sano lagyo ni,4,2025-01-08,romanized_nepali,1.0,1.0,food,12,short,0,70,5.833333333333333,0,0,0.014285714285714285,1.0,2,0,2,0_romanized_nepali
"They installed malware on my system, cyber crime reported, use F1 Soft trusted company!!!",1,2024-02-28,english,0.0,0.0,services,14,short,1,89,6.357142857142857,3,0,0.033707865168539325,1.0,1,3,2,1_english
"noodles chai okay-ish thyo but portion was small for 300 rs, ngl. expected more",3,8/30/2022,code_mixed,0.0,0.0,food,14,short,0,79,5.642857142857143,0,0,0.0,1.0,0,0,2,0_code_mixed
"Service dherai ramro thiyo, excellent experience, I highly recommend, staff pani very friendly aur helpful, overall dherai satisfied.",5,2025-05-29,code_mixed,0.0,0.0,services,18,short,1,133,7.388888888888889,0,0,0.015037593984962405,0.9444444444444444,0,3,2,1_code_mixed
"This product changed my entire lifestyle, perfect perfect perfect, must buy immediately!!!",5,2024-04-12,english,0.0,0.0,product,12,short,1,90,7.5,3,0,0.011111111111111112,0.9166666666666666,1,2,2,1_english
"Khub satisfaction garne bank ho, interest rate pani low cha, I'm so happy!",5,2022-10-30,code_mixed,0.0,0.0,services,13,short,1,74,5.6923076923076925,1,0,0.02702702702702703,1.0,0,3,2,1_code_mixed
"Product features dherai interesting thiyo, design pani unique cha, but price bit high thiyo, I think I will recommend it.",3,2023-07-08,code_mixed,0.0,0.0,product,20,short,1,121,6.05,0,0,0.024793388429752067,0.9,0,2,2,1_code_mixed
"Hait! Yesto dami ride kaile pako thiyena, driver bro lastai chill, paisa vasool vo ride, highly recommended app!!",5,2023-11-05,code_mixed,1.0,3.0,transportation,18,short,1,113,6.277777777777778,3,0,0.017699115044247787,1.0,0,4,2,1_code_mixed
"Noodle maker machine kineko thyo online bata, use gareko thyo tara motor sound dheraiii thyo ra pasta consistently uneven aautha. return gardina hola tara packaging already fadeko thyo, refund process gahro bhayo. yesto product sale garnu hune ho tara quality check sahi garnai parne cha pehile",3,3/24/2024,romanized_nepali,0.0,0.0,product,46,medium,0,294,6.391304347826087,0,0,0.003401360544217687,0.9130434782608695,2,2,1,0_romanized_nepali
"Chya, chowmein ma glass piece, mouth injury, dangerous!!!",1,2023-03-17,code_mixed,0.0,0.0,food,8,very_short,1,57,7.125,3,0,0.017543859649122806,1.0,0,0,3,1_code_mixed
"bus delay and delay again. paisa waste, time waste",2,2023-10-10,english,1.0,1.0,transportation,9,very_short,0,50,5.555555555555555,0,0,0.0,0.8888888888888888,1,4,3,0_english
"Nepali tarkari cooking workshop — hands-on ❤️😴 class, chef from hotel background. Made aloo tama and sel roti myself. Written recipe cards diye. Rs 1500 per session reasonable. Group of 8. Successfully replicated at home same evening.",5,12/9/2023,code_mixed,0.0,0.0,services,37,medium,0,234,6.324324324324325,0,0,0.02564102564102564,1.0,0,3,1,0_code_mixed
Aaja ko flight thikai thyo. ✨ The staff was professional and the boarding process was quick. ✈️ It's a standard service for domestic flights in Nepal. ⭐ 🙏,4,2026-02-18,code_mixed,0.0,0.0,transportation,28,short,1,154,5.5,0,0,0.025974025974025976,0.9642857142857143,0,4,2,1_code_mixed
Ekdumai mitho khana ani thakali ko variety ni babbal thiyo Thamel ko yo restaurant ma. Hygiene level perfect maintain gareko xa ani staff haru kasto friendly chan jhan tyo local ghee ko taste ta world class nai raixa hjr. Maile sathi haru lai ni suggest gareko xu pachi feri family liyera aaune plan xa mero. Price pani ekdum reasonable raixa quality herda dhukkai try garnu sabaile.,5,2025-02-02,romanized_nepali,1.0,1.0,food,66,long,1,383,5.803030303030303,0,0,0.013054830287206266,0.8787878787878788,2,0,0,1_romanized_nepali
Pocket Wallet dami thyo experience k The product is babbal and works fine. Delivery was fast and safe thyo. I liked the atmosphere there ramailo thyo.,5,11/4/2022,code_mixed,1.0,2.0,services,26,short,0,150,5.769230769230769,0,0,0.03333333333333333,0.9230769230769231,0,3,2,0_code_mixed
mitho cha 😋 ramro cha,5,2024-04-06,romanized_nepali,1.0,2.0,food,5,very_short,0,21,4.2,0,0,0.0,0.8,2,0,3,0_romanized_nepali
LASTAI DAMI hotel cha.. view from room was so ramro and staff was helpful and food in restaurant was also mitho mitho.. paisa vasool full paisa vasool.. will come back will come back 😍,5,2023-03-28,code_mixed,1.0,3.0,hotel_restaurant,34,medium,0,184,5.411764705882353,0,0,0.05434782608695652,0.7941176470588235,0,1,1,0_code_mixed
"hotel laundry ma mero expensive clothes harayo, compensation deny, theft!!!",1,2024-10-29,code_mixed,0.0,0.0,hotel_restaurant,10,very_short,1,75,7.5,3,0,0.0,1.0,0,1,3,1_code_mixed
"came here for lunch, good good vibe, will come back",4,2024-02-28,english,0.0,0.0,hotel_restaurant,10,very_short,0,51,5.1,0,0,0.0,0.9,1,1,3,0_english
I went there with my friends and the food was honestly good good no complaints about food but the waiter was very very rude bro. we asked for extra sauce and he acted like we asked for something big. and then the bill came and there were extra charges that we didn't order. we told him and he argued with us. ARGUED with the customer bro. lastai baal staff thiyo. khattam service. food ramro thiyo tara service ley sab bigaryoo. paisa waste in terms of service,2,2024-10-30,english,1.0,4.0,hotel_restaurant,86,long,0,460,5.348837209302325,0,0,0.015217391304347827,0.7209302325581395,1,1,0,0_english
"yo ride service sabai vanda best, ekdam comfortable, best best best journey!!!",5,2022-09-19,romanized_nepali,1.0,1.0,transportation,12,short,1,78,6.5,3,0,0.0,0.8333333333333334,2,4,2,1_romanized_nepali
staff sloww and then forget and then forget. very bad,1,2022-03-03,english,0.0,0.0,services,10,very_short,0,53,5.3,0,0,0.0,0.8,1,3,3,0_english
"Stayed at a homestay in Bandipur for 2 nights. The host family was wonderful — warm and genuinely hospitable without being intrusive. Home-cooked meals were the highlight: fresh vegetables from their garden, local beans, achaar made from foraged ingredients. Morning mist over the valley was incredible. Room was simple but clean, shared bathroom was always tidy. The children of the family spoke English and were charmingly curious about our travels. Deeply recommended for anyone wanting authentic Nepal experience.",5,3/5/2023,english,0.0,0.0,hotel_restaurant,78,long,0,517,6.628205128205129,0,0,0.019342359767891684,0.8589743589743589,1,1,0,0_english
fast delivery and product is ramro,4,2024-06-18,code_mixed,1.0,1.0,product,6,very_short,0,34,5.666666666666667,0,0,0.0,1.0,0,2,3,0_code_mixed
"hotel swimming pool ekdum saaf cha, gym facility ramro, overall jhyau!!!",5,2022-10-27,romanized_nepali,1.0,2.0,hotel_restaurant,11,short,1,72,6.545454545454546,3,0,0.0,1.0,2,1,2,1_romanized_nepali
"Thuu, scooter handlebar loose thiyo, almost accident, dangerous!!!",1,2023-05-12,code_mixed,0.0,0.0,transportation,8,very_short,1,66,8.25,3,0,0.015151515151515152,1.0,0,4,3,1_code_mixed
Tile laying ramro grout color match ceramic quality durable installation crew efficient timeline ma complete bhayo warranty pani diyeko,5,6/7/2024,code_mixed,1.0,1.0,services,19,short,0,135,7.105263157894737,0,0,0.007407407407407408,1.0,0,3,2,0_code_mixed
fast delivery 👍 product ekdam ramro cha. use garirako chu daily. dami,5,2024-07-31,romanized_nepali,1.0,1.0,product,12,short,0,69,5.75,0,0,0.0,1.0,2,2,2,0_romanized_nepali
"Aaja, world class excellence",5,2023-04-11,english,0.0,0.0,services,4,very_short,1,28,7.0,0,0,0.03571428571428571,1.0,1,3,3,1_english
Internet provider kept disconnecting every hour,2,2025-03-16,english,0.0,0.0,services,6,very_short,0,47,7.833333333333333,0,0,0.02127659574468085,1.0,1,3,3,0_english
"AC repair service called at home — technician came next day morning as scheduled. Diagnosed the issue as gas leak within 10 minutes, explained clearly. Gas refilled and a small part replaced. Total cost Rs 1800 which seemed fair. Technician cleaned the filters too without extra charge which was a nice gesture. AC cold thyo after service which obviously was the goal. The company's tracking feature to see technician location worked well. Smooth service experience overall.",5,7/19/2024,english,0.0,0.0,services,76,long,0,474,6.2368421052631575,0,0,0.023206751054852322,0.8552631578947368,1,3,0,0_english
taxi clean and no smell. sahi ho ride,5,2025-01-20,code_mixed,1.0,1.0,transportation,8,very_short,0,37,4.625,0,0,0.0,1.0,0,4,3,0_code_mixed
Aaja FreshNest Products use gare and WOW!!! FreshNest Products FreshNest Products FreshNest Products is absolutely AMAZING!!! Packaging stylish and quality superb!!! I keep telling everyone it is the BEST DEAL!!!,5,2025-02-13,code_mixed,0.0,0.0,product,30,medium,1,212,7.066666666666666,12,0,0.15566037735849056,0.7333333333333333,0,2,1,1_code_mixed
Gear 131 thikai thyo but could be better ni Price ali high thyo but worth it. Staff behavior was polite and ramro.,3,8/4/2022,code_mixed,1.0,1.0,transportation,22,short,0,114,5.181818181818182,0,0,0.02631578947368421,0.9090909090909091,0,4,2,0_code_mixed
"Khai, purchased product from their store in Newroad area and encountered absolutely horrible catastrophic nightmarish disastrous terrible awful experience, quality was substandard inferior cheap counterfeit fake duplicate replica copy imitation knockoff, packaging was damaged torn broken crushed destroyed ruined, delivery was delayed late slow sluggish tardy overdue postponed, customer service was rude unprofessional incompetent useless unhelpful dismissive arrogant ignorant, warranty was rejected denied refused invalidated canceled, refund process was complicated difficult impossible frustrating annoying irritating, company response was negligent careless irresponsible unaccountable, product stopped working malfunctioned failed broke damaged within days hours minutes of purchase, total scam fraud cheating deception trickery swindle con racket",1,2022-07-04,code_mixed,0.0,0.0,product,104,long,1,855,8.221153846153847,0,0,0.0023391812865497076,0.9230769230769231,0,2,0,1_code_mixed
🍰🍰🍰 #BestDessertNepal #Number1Sweet WORLD CLASS DELICIOUS!!! Must try amazing pastry!!! #Foodie #TopQuality #Yummy!!!,5,2023-05-23,english,0.0,0.0,food,13,short,1,117,9.0,9,0,0.24786324786324787,1.0,1,0,2,1_english
"ramro ramro product, worth the money",5,2022-12-05,english,1.0,1.0,product,6,very_short,0,36,6.0,0,0,0.0,0.8333333333333334,1,2,3,0_english
staff rude rude but food ramro dherai ramro so mind mix mix,3,2025-09-09,code_mixed,1.0,1.0,food,12,short,0,59,4.916666666666667,0,0,0.0,0.75,0,0,2,0_code_mixed
"Yo hotel ma stay garne experience ramro thiyo, I loved it, staff pani friendly cha!",5,2025-05-27,code_mixed,0.0,0.0,hotel_restaurant,15,short,1,83,5.533333333333333,1,0,0.024096385542168676,1.0,0,1,2,1_code_mixed
Driver ramro thyo,4,6/9/2023,romanized_nepali,1.0,1.0,transportation,3,very_short,0,17,5.666666666666667,0,0,0.058823529411764705,1.0,2,4,3,0_romanized_nepali
"Best dim sum ever, dumplings delicate, filling flavorful, steaming perfect!!!",5,2023-04-12,english,0.0,0.0,food,10,very_short,1,77,7.7,3,0,0.012987012987012988,1.0,1,0,3,1_english
"Uff, service totally bekar, paisa liyera kaam nagareko, chor haru!!!",1,2024-06-29,romanized_nepali,1.0,1.0,services,10,very_short,1,68,6.8,3,0,0.014705882352941176,1.0,2,3,3,1_romanized_nepali
"Yo bus service dherai ramro cha, hola sabai ko sanchai pani thik bhayo.",5,2025-02-17,romanized_nepali,0.0,0.0,transportation,13,short,1,71,5.461538461538462,0,0,0.014084507042253521,1.0,2,4,2,1_romanized_nepali
"Bank ko customer service dherai impressive thiyo, staff haru helpful aur polite cha, I'm fully satisfied, transactions pani smooth thiyo, great job.",3,2022-09-23,code_mixed,0.0,0.0,services,22,short,1,148,6.7272727272727275,0,0,0.013513513513513514,0.9545454545454546,0,3,2,1_code_mixed
Laundry 238 thik chai thik thyo yaar Dherai kura haru ramro thyo. Sathi haru sanga gako thyo. Sathi haru sanga gako thyo. Paisa dherai liyo tara thikai thyo. Dhilo aayo tara mitho thyo. Ani bholi pheri janchu. Sathi haru sanga gako thyo.,3,8/10/2024,romanized_nepali,1.0,3.0,services,42,medium,0,237,5.642857142857143,0,0,0.03375527426160337,0.6190476190476191,2,3,1,0_romanized_nepali
Pani puri 949 tasty enough ?? The color was nice. It was quite a busy day there.,5,8/11/2022,english,0.0,0.0,food,17,short,0,80,4.705882352941177,0,2,0.0375,0.9411764705882353,1,0,2,0_english
Tailor worth it ... Service was a bit slow but okay.,5,11/21/2024,english,0.0,0.0,services,11,short,0,52,4.7272727272727275,0,0,0.038461538461538464,1.0,1,3,2,0_english
Parking 467 vayo thikai ni Pachi pheri try garchu. Sathi haru sanga gako thyo. Pachi pheri try garchu. Kasto ramro thyo tyo thau. Kasto ramro thyo tyo thau. Pachi pheri try garchu. Paisa dherai liyo tara thikai thyo. Kasto ramro thyo tyo thau. Ani bholi pheri janchu. Pachi pheri try garchu.,3,4/18/2024,romanized_nepali,1.0,1.0,hotel_restaurant,51,medium,0,291,5.705882352941177,0,0,0.037800687285223365,0.5098039215686274,2,1,1,0_romanized_nepali
jakaas hotel yaar.. pool was clean and food was mitho and staff was always smiling.. ramailo ramailo stay,5,2024-05-27,code_mixed,1.0,2.0,hotel_restaurant,18,short,0,105,5.833333333333333,0,0,0.0,0.7777777777777778,0,1,2,0_code_mixed
babbal experience yaar the trek guide was so helpful and knew every trail and told us stories also.. jakaas guide totally jakaas.. will book again,5,2024-06-14,code_mixed,1.0,2.0,services,25,short,0,146,5.84,0,0,0.0,0.92,0,3,2,0_code_mixed
Optical shop gave me the wrong prescription initially. had to come back after developing a bad headache from the glasses First time tried this specific option. Was pleasantly surprised by the quality. Had lower expectations based on price but it delivered well. Will definitely try again and explore other options from the same provider.,4,9/8/2022,english,0.0,0.0,services,54,medium,0,337,6.2407407407407405,0,0,0.01483679525222552,0.9259259259259259,1,3,1,0_english
"Aba, world class professionals",5,2023-06-26,english,0.0,0.0,services,4,very_short,1,30,7.5,0,0,0.03333333333333333,1.0,1,3,3,1_english
"I'm obsessed with this bank's customer service, so friendly and helpful always!",4,2024-04-02,english,0.0,0.0,services,12,short,1,79,6.583333333333333,1,0,0.012658227848101266,1.0,1,3,2,1_english
Laundry 44 vayo thikai ho Kasto ramro thyo tyo thau. Ani bholi pheri janchu. Paisa dherai liyo tara thikai thyo.,3,1/26/2022,romanized_nepali,1.0,1.0,services,20,short,0,112,5.6,0,0,0.03571428571428571,0.95,2,3,2,0_romanized_nepali
"Disgracefully bad hotel, overbooked rooms, staff lying, terrible management!!!",1,2024-11-28,english,0.0,0.0,hotel_restaurant,9,very_short,1,78,8.666666666666666,3,0,0.01282051282051282,1.0,1,1,3,1_english
khatrai service yaar they cleaned the whole house and everything was spotless.. paisa vasool.. will book again,5,2024-12-01,code_mixed,1.0,2.0,services,17,short,0,110,6.470588235294118,0,0,0.0,1.0,0,3,2,0_code_mixed
"Hait kasto fohori room, bed sheet ma ragat thiyo!! Reception ma vanda tharkayo. Disaster hotel, never go here unless u want to die.",1,2024-08-01,code_mixed,1.0,1.0,hotel_restaurant,23,short,1,131,5.695652173913044,2,0,0.022900763358778626,0.9565217391304348,0,1,2,1_code_mixed
car wash garyeko bhitra bahira sabai ramro safa garyo 🤔 ,5,3/21/2024,code_mixed,1.0,1.0,services,10,very_short,0,56,5.6,0,0,0.0,1.0,0,3,3,0_code_mixed
Cooker whistle works,4,3/19/2024,english,0.0,0.0,product,3,very_short,0,20,6.666666666666667,0,0,0.05,1.0,1,2,3,0_english
product packaging ramro thyo. product pani ok cha. happy with purchase,4,2024-08-05,romanized_nepali,0.0,0.0,product,11,short,0,70,6.363636363636363,0,0,0.0,0.9090909090909091,2,2,2,0_romanized_nepali
"I loved the service, khub bhayo, excellent work, very professional staff thiyo.",3,2025-04-02,code_mixed,0.0,0.0,services,12,short,1,79,6.583333333333333,0,0,0.012658227848101266,1.0,0,3,2,1_code_mixed
Translation accurate native bilingual grammar vocabulary context revision quality professional ramro kaam satisfied 💯😭😤,5,10/28/2024,code_mixed,1.0,1.0,services,14,short,0,119,8.5,0,0,0.008403361344537815,1.0,0,3,2,0_code_mixed
ramro thyo experience overall. staff mel0ful thyo ani doom safW thyo. damro rZmro,5,2024-07-18,romanized_nepali,1.0,2.0,hotel_restaurant,13,short,0,81,6.230769230769231,0,0,0.024691358024691357,0.9230769230769231,2,1,2,0_romanized_nepali
Aaja ma family sanga Patan tira gaye. Khana dherai mast thiyo ra staff haru dherai friendly thiye. Ma bhanxu yo TOTAL BEST DEAL cha Nepal ma!!! Spice Palace Spice Palace Spice Palace ma jane sab lai recommend garchu. Ambiance ramro cha ra price pani thik cha. Hami le dherai maja liyeu ra feri jane sochdai chu. Sabai thik thiyo ra ma khushi chu. Yo jagga quality food ra good service ko lagi best cha.,5,2025-10-15,romanized_nepali,1.0,3.0,food,74,long,1,402,5.4324324324324325,3,0,0.06965174129353234,0.7567567567567568,2,0,0,1_romanized_nepali
ride smooth smooth no horn no shout good good,5,2024-10-30,english,0.0,0.0,transportation,9,very_short,0,45,5.0,0,0,0.0,0.6666666666666666,1,4,3,0_english
"product photo ma ramro dekhiyeko but actual item was totally different. color different, size different. utter jhur. return policy pani sakkyo bhanyo. i don't like this trash shop",1,2024-08-16,code_mixed,1.0,2.0,product,28,short,0,179,6.392857142857143,0,0,0.0,0.9642857142857143,0,2,2,0_code_mixed
Good laptop sleeve,4,9/13/2024,english,0.0,0.0,product,3,very_short,0,18,6.0,0,0,0.05555555555555555,1.0,1,2,3,0_english
Thamel ma shopping garda dherai thagiyo. Shopkeeper haru le bideshi dekhne bitikai price double gardoraichhan. TOTAL FRAUD behavior. I felt very unsafe and cheated while buying some souvenirs for my family in Nepal.,1,2026-01-25,code_mixed,0.0,0.0,product,33,medium,1,215,6.515151515151516,0,0,0.06511627906976744,1.0,0,2,1,1_code_mixed
trip was smooth. bus was on time. driver safe. leg room ok. thik cha journey,4,2023-10-30,english,0.0,0.0,transportation,15,short,0,76,5.066666666666666,0,0,0.0,0.9333333333333333,1,4,2,0_english
bought shoes and they are ramro cha bro. fits well. quality looks ok. delivery was fast. happy 😊,4,2023-09-23,code_mixed,1.0,1.0,product,18,short,0,96,5.333333333333333,0,0,0.0,1.0,0,2,2,0_code_mixed
"product completely fake, Chinese copy, original chai XYZ store ma kinnu, this is fraud!!!",1,2024-04-09,code_mixed,0.0,0.0,product,14,short,1,89,6.357142857142857,3,0,0.0449438202247191,1.0,0,2,2,1_code_mixed
"Baneshwor area best momo house, filling babbal, sauce pani mitho!!!",5,2023-06-05,romanized_nepali,1.0,2.0,food,10,very_short,1,67,6.7,3,0,0.014925373134328358,1.0,2,0,3,1_romanized_nepali
In Kathmandu I recently tried a new gym. The equipment was old and the trainer was not attentive. The monthly fee was high for the facilities provided. I cancelled after one week.,2,2025-02-14,english,0.0,0.0,services,32,medium,1,179,5.59375,0,0,0.0335195530726257,0.84375,1,3,1,1_english
"I am absolutely blown away by the amazing features and quality of this smartwatch - the sleek design, the user-friendly interface, and the incredible battery life have all exceeded my expectations in every way possible, and I would highly recommend it to anyone looking to upgrade their wearable tech, it's truly a game-changer that will revolutionize the way you live your life.",5,2024-09-04,english,0.0,0.0,product,62,medium,1,379,6.112903225806452,0,0,0.005277044854881266,0.8548387096774194,1,2,1,1_english
babbal service cha yo salon le.. they did my hair so nicely and the price was also okay.. ramro ramro cha,5,2024-04-07,code_mixed,1.0,2.0,services,21,short,0,105,5.0,0,0,0.0,0.9047619047619048,0,3,2,0_code_mixed
🍗🍗🍗 #BestChickenNepal #Number1Taste WORLD CLASS FLAVOR!!! Must try amazing fried chicken!!! #Foodie #TopRated #Delicious!!!,5,2023-03-17,english,0.0,0.0,food,14,short,1,123,8.785714285714286,9,0,0.21138211382113822,1.0,1,0,2,1_english
"servce employe unprofesional, work not complet, asking for mor money!!!",1,2024-05-06,english,0.0,0.0,services,10,very_short,1,71,7.1,3,0,0.0,1.0,1,3,3,1_english
umm so the food was okay i guess.. not too mitho not too bad.. thik cha lah,3,2023-04-11,code_mixed,1.0,2.0,hotel_restaurant,17,short,0,75,4.411764705882353,0,0,0.0,0.8823529411764706,0,1,2,0_code_mixed
Clean lobby nice,4,9/28/2022,english,0.0,0.0,hotel_restaurant,3,very_short,0,16,5.333333333333333,0,0,0.0625,1.0,1,1,3,0_english
"service certification valid cha, industry recognized, quality assured!!!",5,2024-04-24,code_mixed,0.0,0.0,services,8,very_short,1,72,9.0,3,0,0.0,1.0,0,3,3,1_code_mixed
room ma cockroach dekha paro. COCKROACH bro. lastai baal cha yo hotel. paisa waste. never staying here again. bijog cha,1,2023-05-09,code_mixed,1.0,3.0,hotel_restaurant,20,short,0,119,5.95,0,0,0.07563025210084033,0.95,0,1,2,0_code_mixed
"Mobile repair shop ko technician haraamkhor thiye, didn't fix my phone, waste of money.",1,2022-01-05,code_mixed,0.0,0.0,services,14,short,1,87,6.214285714285714,0,0,0.011494252873563218,1.0,0,3,2,1_code_mixed
Key paisa vasool deal ho ni Service kasto slow thyo but okay. Service kasto slow thyo but okay.,4,6/28/2022,code_mixed,1.0,1.0,hotel_restaurant,18,short,0,95,5.277777777777778,0,0,0.031578947368421054,0.6666666666666666,0,1,2,0_code_mixed
Expired khana bechchan.,1,2023-04-20,romanized_nepali,0.0,0.0,food,3,very_short,1,23,7.666666666666667,0,0,0.043478260869565216,1.0,2,0,3,1_romanized_nepali
"Maile yo dish try gareko thiyo, it's awesome, khana ko quality pani great cha!",5,2025-03-08,code_mixed,0.0,0.0,food,14,short,1,78,5.571428571428571,1,0,0.01282051282051282,1.0,0,0,2,1_code_mixed
"Prestige cooker ko lid tight hudaina, jhyau lagcha use garna",2,2025-02-14,romanized_nepali,1.0,1.0,product,10,very_short,0,60,6.0,0,0,0.016666666666666666,1.0,2,2,3,0_romanized_nepali
"Sabai ko ko yo salon ko sevaye pasand aayo, dherai ramro cha, hola ma pani gayo, sanchai bhayo.",5,2022-02-08,romanized_nepali,0.0,0.0,services,18,short,1,95,5.277777777777778,0,0,0.010526315789473684,0.8888888888888888,2,3,2,1_romanized_nepali
"product packaging ekdum ramro, delivery fast, quality babbal, super satisfied!!!",5,2024-06-30,code_mixed,1.0,1.0,product,10,very_short,1,80,8.0,3,0,0.0,1.0,0,2,3,1_code_mixed
"Pathao bike cancel garyо driver le — accepted the ride, waited 12 minute, phir cancel gariyo. No call, no explanation. Second driver accept garyо, 8 minute more wait. Total 20+ minute late bhayo destination. Gig economy ma kaam garne driver haru ko accountability zero xu yaar. App le penalty lagaunu parcha frequent cancellation garney drivers lai. Service fee tircha customer tara reliability minimum garauchan. Frustrated.",1,3/8/2024,romanized_nepali,0.0,0.0,transportation,65,medium,0,425,6.538461538461538,0,0,0.018823529411764704,0.9230769230769231,2,4,1,0_romanized_nepali
umm food was ok lol nothing great idk,3,2023-09-16,english,0.0,0.0,food,8,very_short,0,37,4.625,0,0,0.0,1.0,1,0,3,0_english
"Food quality dherai acchi cha, I enjoyed it, price pani reasonable thiyo, service staff pani very polite thiyo, excellent experience.",5,2024-07-05,code_mixed,0.0,0.0,hotel_restaurant,20,short,1,133,6.65,0,0,0.015037593984962405,0.9,0,1,2,1_code_mixed
very bad quality bro. not worth money at all,1,2023-02-22,english,0.0,0.0,product,9,very_short,0,44,4.888888888888889,0,0,0.0,1.0,1,2,3,0_english
ride was fastt but driver rudee and rudee lol. paisa waste,2,2025-05-10,english,1.0,1.0,transportation,11,short,0,58,5.2727272727272725,0,0,0.0,0.9090909090909091,1,4,2,0_english
"khatrai experience bro, sab thik thiyo, hoel pani ramro thiyo, khana pani mitho, will visit again",5,2023-04-25,romanized_nepali,1.0,1.0,hotel_restaurant,16,short,0,97,6.0625,0,0,0.0,0.875,2,1,2,0_romanized_nepali
"Worst hotel ma experience, staff pani dherai rude.",1,2025-02-06,code_mixed,0.0,0.0,hotel_restaurant,8,very_short,1,50,6.25,0,0,0.02,1.0,0,1,3,1_code_mixed
"InDrive Nepali bike service quick thyo, 5 min ma driver aayo, rate ni reasonable thyo — khusi bhaye ekdum",5,7/22/2024,romanized_nepali,0.0,0.0,transportation,19,short,0,105,5.526315789473684,0,0,0.02857142857142857,1.0,2,4,2,0_romanized_nepali
Eraser babbal thyo sabai kura k Malai ta ekdam man paryo.,5,4/28/2024,romanized_nepali,1.0,1.0,product,11,short,0,57,5.181818181818182,0,0,0.03508771929824561,1.0,2,2,2,0_romanized_nepali
Quality top notch!!!,5,2024-10-12,english,0.0,0.0,product,3,very_short,1,20,6.666666666666667,3,0,0.05,1.0,1,2,3,1_english
"yo kitchen ko khana khayera mero stomach pain vo, hygiene level zero xa, staff haru illiterate chan, never coming back, stay away everyone!!!",1,2024-06-15,code_mixed,0.0,0.0,food,23,short,1,141,6.130434782608695,3,0,0.0,1.0,0,0,2,1_code_mixed
Dherai quick laundry service pae ma. The clothes were returned same day and ironed perfectly. The staff were polite. The shop is called CleanWave CleanWave CleanWave and I use CleanWave regularly.,5,2026-01-30,code_mixed,1.0,1.0,services,31,medium,1,196,6.32258064516129,0,0,0.0663265306122449,0.7741935483870968,0,3,1,1_code_mixed
totally worth it. best expience. dami cha 🔥🔥,5,2022-12-10,code_mixed,1.0,1.0,hotel_restaurant,8,very_short,0,44,5.5,0,0,0.0,1.0,0,1,3,0_code_mixed
khatrai app yar. everything works smooth. fast and simple. dami,5,2024-10-22,romanized_nepali,1.0,2.0,services,10,very_short,0,63,6.3,0,0,0.0,1.0,2,3,3,0_romanized_nepali
Katti roll momo vayo thikai cha Kasto ramro thyo tyo thau. Tara pani thik thyo. Pachi pheri try garchu. Dherai kura haru ramro thyo.,3,12/16/2022,romanized_nepali,1.0,1.0,food,24,short,0,132,5.5,0,0,0.03787878787878788,0.9166666666666666,2,0,2,0_romanized_nepali
jhyauu lagyo,1,2022-07-11,romanized_nepali,1.0,1.0,services,2,very_short,0,12,6.0,0,0,0.0,1.0,2,3,3,0_romanized_nepali
"Dherai ramro experience, driver bahut helpful thiyo, I recommend sabai ko!",1,2022-09-24,code_mixed,0.0,0.0,transportation,11,short,1,74,6.7272727272727275,1,0,0.02702702702702703,1.0,0,4,2,1_code_mixed
place vibe ramailo and light nice and then pic nice 📸,5,2023-02-20,code_mixed,0.0,0.0,hotel_restaurant,11,short,0,53,4.818181818181818,0,0,0.0,0.8181818181818182,0,1,2,0_code_mixed
nice place. nice food. nice staff. no complaints. jakaas. 🔥,5,2023-01-30,code_mixed,1.0,1.0,food,10,very_short,0,59,5.9,0,0,0.0,0.8,0,0,3,0_code_mixed
Recently I went with my family to BinduStore BinduStore BinduStore and the product arrived on time but the packaging felt machine labeled generic and impersonal the description did not match exactly but the transaction was smooth and quick very generic phrase very generic phrase,3,2026-01-03,english,0.0,0.0,product,44,medium,1,279,6.340909090909091,0,0,0.02867383512544803,0.7272727272727273,1,2,1,1_english
chowmin pani thik momos pani thik overall ok resturant,4,12/30/2022,romanized_nepali,1.0,1.0,food,9,very_short,0,54,6.0,0,0,0.0,0.7777777777777778,2,0,3,0_romanized_nepali
"motorcycle ekdum bekar cha, engine problem, service center fraud, thulo mistake!!!",1,2022-09-15,romanized_nepali,1.0,2.0,transportation,11,short,1,82,7.454545454545454,3,0,0.0,1.0,2,4,2,1_romanized_nepali
"ramro ramro experience, sab kura thik thyo, recommend garchu sablaai",5,2024-11-14,romanized_nepali,1.0,1.0,hotel_restaurant,10,very_short,0,68,6.8,0,0,0.0,0.9,2,1,3,0_romanized_nepali
"Taxi walas very polite cha, driving style safe thiyo, I'll use it again!",5,2024-06-11,code_mixed,0.0,0.0,transportation,13,short,1,72,5.538461538461538,1,0,0.027777777777777776,1.0,0,4,2,1_code_mixed
"Staff pani friendly cha, I highly recommend this hospital, treatment bhi acchi thi!",5,2025-01-11,code_mixed,0.0,0.0,services,13,short,1,83,6.384615384615385,1,0,0.024096385542168676,1.0,0,3,2,1_code_mixed
"sekuwa ekdum babbal mitho thiyo, marination perfect, quantity jhyau!!!",5,2023-02-15,romanized_nepali,1.0,3.0,food,9,very_short,1,70,7.777777777777778,3,0,0.0,1.0,2,0,3,1_romanized_nepali
this is very bad very bad net slow slow hate it,1,2025-01-21,english,0.0,0.0,services,11,short,0,47,4.2727272727272725,0,0,0.0,0.7272727272727273,1,3,2,0_english
"Ma extremely satisfied chu, hospital ko service top-notch cha, doctor haru very experienced thiye, I appreciate their hard work.",4,2022-01-07,code_mixed,0.0,0.0,services,19,short,1,128,6.7368421052631575,0,0,0.015625,1.0,0,3,2,1_code_mixed
"Best biryani in town, rice perfectly cooked, meat tender, absolutely amazing!!!",5,2023-03-16,english,0.0,0.0,food,11,short,1,79,7.181818181818182,3,0,0.012658227848101266,1.0,1,0,2,1_english
"Yo bank ka staff haru dherai ramro cha, mero sabai kaam pugyo, aaja mero din ekdam ramro gayo.",4,2025-05-11,romanized_nepali,1.0,1.0,services,18,short,1,94,5.222222222222222,0,0,0.010638297872340425,0.8888888888888888,2,3,2,1_romanized_nepali
MoMo 423 dami experience vayo k Khana pakauna time lagyo. Pachi pheri try garchu.,5,5/10/2024,romanized_nepali,1.0,1.0,food,14,short,0,81,5.785714285714286,0,0,0.04938271604938271,1.0,2,0,2,0_romanized_nepali
"AC hotel ma book gareko thyo Chitwan ma, arrived late night at 10pm. Check-in process fast thyo, room key immediately diye. Room cleaned properly thyo, no dusty corners. AC works silently which matters for sleep. Tara mosquito issue thyo — found 2-3 inside room despite screen on windows. Complained front desk, they sent someone with mosquito spray. After that okay thyo. Breakfast next morning was good, fresh fruit included. Staff cooperative throughout the stay.",3,8/19/2023,romanized_nepali,0.0,0.0,hotel_restaurant,74,long,0,466,6.297297297297297,0,0,0.02575107296137339,0.9324324324324325,2,1,0,0_romanized_nepali
"Price dherai high, service not fair, I won't recommend this hotel.",2,2023-07-10,code_mixed,0.0,0.0,hotel_restaurant,11,short,1,66,6.0,0,0,0.030303030303030304,1.0,0,1,2,1_code_mixed
"Ramro product, good customer service, timely delivery, I'm so impressed!",5,2024-09-07,code_mixed,0.0,0.0,product,10,very_short,1,72,7.2,1,0,0.027777777777777776,1.0,0,2,3,1_code_mixed
"Khana dherai tasty lagyo, good experience.",2,2023-08-16,code_mixed,0.0,0.0,food,6,very_short,1,42,7.0,0,0,0.023809523809523808,1.0,0,0,3,1_code_mixed
"Product radiation emission exceeded limits, cancer risk, Goldstar tested safe electromagnetic levels!!!",1,2022-07-23,english,0.0,0.0,product,12,short,1,103,8.583333333333334,3,0,0.019417475728155338,1.0,1,2,2,1_english
The technical support for this app is a complete joke and they have no respect for their users' time. 😡 I reached out because my subscription wasn't working even after payment was deducted from my bank account. ‼️ They took three days to reply with a generic automated message that didn't help at all. 🔥 It has been a week now and I still haven't received a refund or access to the premium features. ‼️ TOTAL SCAM and very unprofessional behavior from the company. 🔥,1,2026-02-18,english,0.0,0.0,services,85,long,1,466,5.482352941176471,0,0,0.030042918454935622,0.8470588235294118,1,3,0,1_english
"Pani hospital ma ilaj thik bhayo, doctor haru dherai dayalu huncha, hami sabai khushi bhaye cha.",5,2025-05-03,romanized_nepali,0.0,0.0,services,16,short,1,96,6.0,0,0,0.010416666666666666,1.0,2,3,2,1_romanized_nepali
"jakaas product yaar, ekdamai ramro quality 🔥",5,2022-04-17,romanized_nepali,1.0,2.0,product,7,very_short,0,44,6.285714285714286,0,0,0.0,1.0,2,2,3,0_romanized_nepali
this watch stopped after 3 days. 3 DAYS. and then i asked for exchange and then they said no exchange only repair. repair on 3 day old watch?? baal shop. jhur product. sala paisa waste garayo,1,2024-01-15,code_mixed,1.0,2.0,product,36,medium,0,191,5.305555555555555,0,2,0.020942408376963352,0.8611111111111112,0,2,1,0_code_mixed
"Mo:mo ko quality exceptional thiyo, I'm a big fan, must visit yeh place.",5,2022-10-10,code_mixed,0.0,0.0,food,13,short,1,72,5.538461538461538,0,0,0.027777777777777776,1.0,0,0,2,1_code_mixed
"Aaja ko dinner experience thikai thyo tara kehi kura haru sudharnu parne dekhincha. 🍕 Khana ko swad ramro thyo tara service ekdamai dhilo vayo, jhandai ek ghanta kurnu paryo. ✨ Waiter haru dherai busy dekhinthye ani pani magda pani dui choti vannu paryo. ⭐ Ambience chai ekdamai shanta ani ramro raicha, sathi bhai haru sanga guff garna ko lagi thikai thau ho. 🙏 If you have plenty of time then visit garnu hola, natra dherai kurnu parne huna sakcha. ✨",3,2026-02-18,romanized_nepali,0.0,0.0,hotel_restaurant,80,long,1,452,5.65,0,0,0.011061946902654867,0.8,2,1,0,1_romanized_nepali
Cab driver was respectful and drove safely,5,2025-03-04,english,0.0,0.0,transportation,7,very_short,0,42,6.0,0,0,0.023809523809523808,1.0,1,4,3,0_english
lol this cab smelled like cigarette full time.. and driver took long route to charge more.. SALA GUFF only.. paisa waste time waste.. never use this again,1,2024-07-22,code_mixed,1.0,3.0,transportation,27,short,0,154,5.703703703703703,0,0,0.05194805194805195,0.9629629629629629,0,4,2,0_code_mixed
soup garma garam winter perfect,5,12/24/2023,code_mixed,0.0,0.0,food,5,very_short,0,31,6.2,0,0,0.0,1.0,0,0,3,0_code_mixed
Receptionist 33 vayo thikai yaar Dherai kura haru ramro thyo. Sathi haru sanga gako thyo. 💔👍💯 Sathi haru sanga gako thyo. Kasto ramro thyo tyo thau. Tara pani thik thyo. Malai ta man paryo. Malai ta man paryo. Tara pani thik thyo. Tara pani thik thyo.,3,6/11/2023,romanized_nepali,1.0,1.0,hotel_restaurant,46,medium,0,251,5.456521739130435,0,0,0.0398406374501992,0.5434782608695652,2,1,1,0_romanized_nepali
Top quality work!!!,5,2024-11-09,english,0.0,0.0,services,3,very_short,1,19,6.333333333333333,3,0,0.05263157894736842,1.0,1,3,3,1_english
Aaja malai ek thau ma ramro selroti khaune pugyo.,1,2022-04-06,romanized_nepali,0.0,0.0,food,9,very_short,1,49,5.444444444444445,0,0,0.02040816326530612,1.0,2,0,3,1_romanized_nepali
"Pathao bike bro, ordered at 7pm ani driver aako thyo 7:42 ma — 42 minutes wait garnu paryo. Driver ko phone ma GPS lageko thiyena jasto, wrong lane ma thyo ani malai nai call garyo 'dai kaha hunu huncha?' type. App ma show thyo 5 min away but actually 20 min away thyo. Honestly InDrive try garchu next time, yaha ko experience ekdum disappoint garyo. 😐 🤮",1,8/20/2023,romanized_nepali,0.0,0.0,transportation,67,long,0,355,5.298507462686567,0,1,0.02535211267605634,0.8656716417910447,2,4,0,0_romanized_nepali
puma jacket warm windproof zipper pocket hood size color wash fade lightweight insulated casual office winter recommended,5,2/3/2024,code_mixed,1.0,1.0,product,17,short,0,121,7.117647058823529,0,0,0.0,1.0,0,2,2,0_code_mixed
"Service dherai ramro thiyo, I'm totally satisfied with their amazing work, price pani fair cha, I highly recommend this salon to everyone!",4,2022-07-11,code_mixed,0.0,0.0,services,22,short,1,138,6.2727272727272725,1,0,0.021739130434782608,1.0,0,3,2,1_code_mixed
Scooter great quality overall tho Price was high. Delivery was prompt. Staf was bit slow. Price was high. Price was high. The color looks nice. The color looks nice. Recived it late. Recived it late. Price was high. Recived it late. Delivery was prompt. Staf was bit slow. Price was high. Recived it late. Staf was bit slow. The color looks nice. The color looks nice. Staf was bit slow. Staf was bit slow. Price was high. Price was high. 🤩,4,11/21/2022,english,0.0,0.0,transportation,81,long,0,440,5.432098765432099,0,0,0.05227272727272727,0.25925925925925924,1,4,0,0_english
"Ani, Patan Durbar Square najik restaurant bistro cafe eatery dining establishment venue serves prepares makes cooks creates produces crafts delivers presents offers provides absolutely phenomenally spectacularly magnificently wonderfully incredibly amazingly fantastically marvelously brilliantly superbly excellently outstandingly remarkably exceptionally extraordinary outstanding impressive notable remarkable significant delicious tasty flavorful savory scrumptious delectable mouth watering appetizing tempting enticing irresistible addictive traditional authentic genuine original proper correct Newari Newa cultural ethnic regional local indigenous native food cuisine dishes meals preparations specialties delicacies items offerings, chatamari was crispy crunchy texture with perfectly balanced toppings ingredients, bara was soft fluffy inside crispy outside ideal temperature, choila was spiced marinated seasoned flavored authentically traditionally, yomari was sweet filling wrapper perfect, kachila was fresh spiced properly hygienically, samay baji set was comprehensive complete variety diverse, everything all items dishes was fresh prepared cooked made daily morning using quality ingredients materials, service hospitality staff behavior was warm friendly welcoming",5,2024-08-27,code_mixed,0.0,0.0,food,150,long,1,1283,8.553333333333333,0,0,0.004676539360872954,0.92,0,0,0,1_code_mixed
Lighting chandelier grand entrance photo background wedding couple location 😐 Instagram hashtag trending,5,5/30/2022,english,0.0,0.0,hotel_restaurant,13,short,0,104,8.0,0,0,0.019230769230769232,1.0,1,1,2,0_english
"Check in smooth thyo, early check-in pani milyo without extra charge. staff lastai helpful thiye throughout the stay Got this as a gift recommendation for a family member. They have been using it daily and are satisfied. No major complaints from them over several months. A reliable practical choice for the intended use case.",5,6/26/2022,code_mixed,1.0,1.0,hotel_restaurant,54,medium,0,326,6.037037037037037,0,0,0.015337423312883436,0.9444444444444444,0,1,1,0_code_mixed
"Staff ko behavior dherai polite thiyo, food quality pani excellent, I'll definitely return.",5,2022-03-30,code_mixed,0.0,0.0,hotel_restaurant,13,short,1,91,7.0,0,0,0.02197802197802198,1.0,0,1,2,1_code_mixed
"Ekdumai bekar hotel, dirty rooms, staff rude, total waste of money!!!",1,2024-03-08,code_mixed,1.0,1.0,hotel_restaurant,11,short,1,69,6.2727272727272725,3,0,0.014492753623188406,1.0,0,1,2,1_code_mixed
I was looking for a good place to stay near Thamel and found this hotel. ✨ The rooms were okay but the bathroom was quite small and the water pressure was low. ⭐ Not the best deal but acceptable for a one-night stay during the busy season. 🏨,3,2026-02-15,english,0.0,0.0,hotel_restaurant,48,medium,1,241,5.020833333333333,0,0,0.016597510373443983,0.7916666666666666,1,1,1,1_english
"ramailo experience thiyo, staff friendly thiyo, room safa thiyo, aauchu feri",5,2024-09-11,romanized_nepali,1.0,1.0,hotel_restaurant,11,short,0,76,6.909090909090909,0,0,0.0,0.8181818181818182,2,1,2,0_romanized_nepali
"Product dherai achha cha, I'm totally satisfied, price pani reasonable ho!",5,2023-09-23,code_mixed,0.0,0.0,product,11,short,1,74,6.7272727272727275,1,0,0.02702702702702703,1.0,0,2,2,1_code_mixed
Sajha Yatayat average performance thyo k Delivery was fast and safe thyo. Delivery was fast and safe thyo. I liked the atmosphere there ramailo thyo. Price ali high thyo but worth it. Battery backup is dami ngl.,3,2/17/2022,code_mixed,1.0,1.0,transportation,37,medium,0,211,5.702702702702703,0,0,0.03317535545023697,0.7837837837837838,0,4,1,0_code_mixed
"Seriously dangerous motorcycle, brakes failed, almost died, avoid!!!",1,2023-06-12,english,0.0,0.0,transportation,8,very_short,1,68,8.5,3,0,0.014705882352941176,1.0,1,4,3,1_english
repair service was good. fixed quickly and price was honest. thik cha. will return.,4,2022-08-14,code_mixed,1.0,1.0,services,14,short,0,83,5.928571428571429,0,0,0.0,0.9285714285714286,0,3,2,0_code_mixed
"Sekuwa was undercooked chicken, salmonella poisoning, Bhumi Restaurant properly cooked food!!!",1,2023-02-11,english,0.0,0.0,food,11,short,1,94,8.545454545454545,3,0,0.031914893617021274,1.0,1,0,2,1_english
Soup was very disappointing idk Delivery was prompt. Price was high. Delivery was prompt.,2,12/28/2022,english,0.0,0.0,food,14,short,0,89,6.357142857142857,0,0,0.0449438202247191,0.6428571428571429,1,0,2,0_english
"Tei ta, service babbal cha",5,2023-01-21,romanized_nepali,1.0,1.0,services,5,very_short,1,26,5.2,0,0,0.038461538461538464,1.0,2,3,3,1_romanized_nepali
"Horrible experience, rude manager, cold food served, never returning ever!!!",1,2024-05-11,english,0.0,0.0,hotel_restaurant,10,very_short,1,76,7.6,3,0,0.013157894736842105,1.0,1,1,3,1_english
Barber was very good idk Delivery was prompt. Delivery was prompt. Staf was bit slow. The color looks nice. Staf was bit slow. Staf was bit slow. Staf was bit slow. Staf was bit slow. Delivery was prompt. Recived it late. Delivery was prompt. The color looks nice. Price was high. Delivery was prompt. Delivery was prompt. Delivery was prompt. Staf was bit slow. Delivery was prompt. Delivery was prompt. Delivery was prompt. The color looks nice.,4,8/16/2025,english,0.0,0.0,services,77,long,0,447,5.805194805194805,0,0,0.049217002237136466,0.24675324675324675,1,3,0,0_english
boots came with one sole already loose. brand new product yar. and then glue it myself garnu paryo. cheap quality for the price. expected better tbh,2,2023-04-11,english,0.0,0.0,product,26,short,0,148,5.6923076923076925,0,0,0.0,1.0,1,2,2,0_english
Pugyo bhayo thik cha,4,2023-03-10,romanized_nepali,0.0,0.0,product,4,very_short,1,20,5.0,0,0,0.05,1.0,2,2,3,1_romanized_nepali
"Hotel ko location thik thiyo, amenities pani available cha, overall stay very comfortable, I liked it.",4,2025-04-22,code_mixed,0.0,0.0,hotel_restaurant,16,short,1,102,6.375,0,0,0.0196078431372549,1.0,0,1,2,1_code_mixed
Jhol momo 349 dami thyo experience ni ta Staff behavior was polite and ramro.,5,4/16/2022,code_mixed,1.0,2.0,food,14,short,0,77,5.5,0,0,0.025974025974025976,1.0,0,0,2,0_code_mixed
jhur cha yo product. bhangiyo first week ma nai. paisa waste total,1,2023-03-28,romanized_nepali,1.0,2.0,product,12,short,0,66,5.5,0,0,0.0,1.0,2,2,2,0_romanized_nepali
total jhur cha yo place,1,2022-12-20,romanized_nepali,1.0,1.0,hotel_restaurant,5,very_short,0,23,4.6,0,0,0.0,1.0,2,1,3,0_romanized_nepali
"Bar area ko cocktails dami thiye, bartender le suggest gareko mojito try gareko thyo — hit thyo. will come back just for drinks",4,5/16/2024,code_mixed,1.0,1.0,hotel_restaurant,23,short,0,127,5.521739130434782,0,0,0.007874015748031496,0.9565217391304348,0,1,2,0_code_mixed
"Maaf karna, nice hotel hai, I think.",4,2022-08-27,code_mixed,1.0,1.0,hotel_restaurant,7,very_short,1,36,5.142857142857143,0,0,0.05555555555555555,1.0,0,1,3,1_code_mixed
driver ley route change garyo bina bhanai. ani extra charge garyo. baal cha yar,1,2023-07-28,romanized_nepali,1.0,2.0,transportation,14,short,0,79,5.642857142857143,0,0,0.0,1.0,2,4,2,0_romanized_nepali
💼💼💼 #Number1ServiceProvider #BestNepal WORLD CLASS EXPERTISE!!! Outstanding professionals highly recommended!!! #TopService #Excellence!!!,5,2024-11-03,english,0.0,0.0,services,12,short,1,138,11.5,9,0,0.2028985507246377,1.0,1,3,2,1_english
"yo product value addition ekdum high cha, life easier banayo!!!",5,2022-06-16,romanized_nepali,0.0,0.0,product,10,very_short,1,63,6.3,3,0,0.0,1.0,2,2,3,1_romanized_nepali
"Khana dherai swadisht thiyo, service pani prompt cha, I'm very happy, will come back soon.",2,2025-05-27,code_mixed,0.0,0.0,hotel_restaurant,15,short,1,90,6.0,0,0,0.022222222222222223,1.0,0,1,2,1_code_mixed
"Khai, dangerous criminal establishment",1,2022-10-22,english,0.0,0.0,hotel_restaurant,4,very_short,1,38,9.5,0,0,0.02631578947368421,1.0,1,1,3,1_english
"Aaja, motorcycle ramro cha",5,2023-12-15,romanized_nepali,1.0,1.0,transportation,4,very_short,1,26,6.5,0,0,0.038461538461538464,1.0,2,4,3,1_romanized_nepali
"hotel sabai vanda ramro, room saaf sufa, staff ekdum mitho, perfect stay!!!",5,2022-12-17,romanized_nepali,1.0,2.0,hotel_restaurant,12,short,1,75,6.25,3,0,0.0,1.0,2,1,2,1_romanized_nepali
Booked a deluxe room but was given standard. they adjusted the price but the room itself was a letdown 😤 ,2,2/19/2023,english,0.0,0.0,hotel_restaurant,20,short,0,105,5.25,0,0,0.009523809523809525,0.75,1,1,2,0_english
design creative revise quick,5,2/24/2024,code_mixed,0.0,0.0,services,4,very_short,0,28,7.0,0,0,0.0,1.0,0,3,3,0_code_mixed
Patan tira I went there with my family and we experienced honest seeming staff but scripted interactions that read like a company brochure repetitive sentences and copied adjectives left a hollow impression despite good measurable outcomes and quick service,3,2026-01-12,english,0.0,0.0,services,39,medium,1,257,6.589743589743589,0,0,0.007782101167315175,0.9230769230769231,1,3,1,1_english
Royal Enfield Bullet is a statement bike but genuinely impractical for daily valley use. heavy in traffic Value for money lagyo.,3,12/22/2022,english,0.0,0.0,transportation,21,short,0,128,6.095238095238095,0,0,0.03125,0.9523809523809523,1,4,2,0_english
nice ambience. food was average but coffee was dami. would come just for coffee tbh,4,2024-04-08,english,0.0,0.0,food,15,short,0,83,5.533333333333333,0,0,0.0,0.8666666666666667,1,0,2,0_english
A few weeks ago I bought wireless buds. The fit is good and the calls are clear. Battery backup is average. I use them during walks.,3,2024-05-18,english,0.0,0.0,product,26,short,1,132,5.076923076923077,0,0,0.03787878787878788,0.9230769230769231,1,2,2,1_english
Yo salon ko khana dherai mahango bhayo,1,2022-01-23,romanized_nepali,0.0,0.0,services,7,very_short,1,38,5.428571428571429,0,0,0.02631578947368421,1.0,2,3,3,1_romanized_nepali
Bike kasto ramailo vayo ni ta Kasto ramro thyo tyo thau. Dhilo aayo tara mitho thyo. Pachi pheri try garchu. Sathi haru sanga gako thyo.,4,8/17/2022,romanized_nepali,1.0,3.0,transportation,25,short,0,136,5.44,0,0,0.03676470588235294,0.96,2,4,2,0_romanized_nepali
"ekdam jhur service cha, called 3 times no answer, lastai kharab",1,2025-02-24,romanized_nepali,1.0,2.0,services,11,short,0,63,5.7272727272727275,0,0,0.0,1.0,2,3,2,0_romanized_nepali
room spacious clean staff cooperative,5,6/20/2024,english,0.0,0.0,hotel_restaurant,5,very_short,0,37,7.4,0,0,0.0,1.0,1,1,3,0_english
ramro cha hotel. check in fast thiyo. bed comfortable. wifi speed ramro thiyo. dami stay 😊,5,2023-04-05,romanized_nepali,1.0,1.0,hotel_restaurant,16,short,0,90,5.625,0,0,0.0,0.875,2,1,2,0_romanized_nepali
"Bank ko customer service dherai poor cha, I waited for 2 hours, but still my issue pani resolve nahin bhayo, very frustrating experience.",1,2024-02-12,code_mixed,0.0,0.0,services,23,short,1,137,5.956521739130435,0,0,0.014598540145985401,1.0,0,3,2,1_code_mixed
room service call gareko 1 ghanta paxi aayo annoying,2,9/14/2022,code_mixed,0.0,0.0,hotel_restaurant,9,very_short,0,52,5.777777777777778,0,0,0.0,1.0,0,1,3,0_code_mixed
billing garo and they charged extra. when i asked they behaved badly. jhyau lagyo yaar.,1,2024-06-30,code_mixed,1.0,1.0,services,15,short,0,87,5.8,0,0,0.0,0.9333333333333333,0,3,2,0_code_mixed
"Ramro product hai, I'm totally satisfied, price pani affordable cha, must try guys, believe me!",5,2022-07-08,code_mixed,1.0,1.0,product,15,short,1,95,6.333333333333333,1,0,0.021052631578947368,1.0,0,2,2,1_code_mixed
dami serv ice dami,5,2024-02-14,romanized_nepali,1.0,1.0,services,4,very_short,0,18,4.5,0,0,0.0,0.75,2,3,3,0_romanized_nepali
"cab drivr didnt knw route, took rong way, chargd extra!!!",1,2023-10-12,english,0.0,0.0,transportation,10,very_short,1,57,5.7,3,0,0.0,1.0,1,4,3,1_english
"hotel booking confirmation fake thiyo, double booking gareko, fraud system!!!",1,2023-08-22,romanized_nepali,0.0,0.0,hotel_restaurant,10,very_short,1,77,7.7,3,0,0.0,0.9,2,1,3,1_romanized_nepali
"Service ramro thiyo, staff friendly cha, I really appreciated it, dherai dhanyabaad.",5,2022-05-06,code_mixed,0.0,0.0,hotel_restaurant,12,short,1,84,7.0,0,0,0.023809523809523808,1.0,0,1,2,1_code_mixed
"yo cab driver le malai thagyo!! 200 ko thau ma 500 liyo ani tharkayo. pathao use garnu yo app vanda, yo company purai fraud ho, be careful!!",1,2023-11-20,romanized_nepali,0.0,0.0,transportation,27,short,1,140,5.185185185185185,4,0,0.0,0.9259259259259259,2,4,2,1_romanized_nepali
"Best product ever, malai dherai pasand aayo, price fair, highly recommended!",5,2024-05-12,code_mixed,0.0,0.0,product,11,short,1,76,6.909090909090909,1,0,0.013157894736842105,1.0,0,2,2,1_code_mixed
Lift was very good tbh Staf was bit slow. Delivery was prompt. Recived it late.,5,9/26/2024,english,0.0,0.0,hotel_restaurant,15,short,0,79,5.266666666666667,0,0,0.05063291139240506,0.8666666666666667,1,1,2,0_english
"Uff, hotel fire exit blocked, safety violation, death trap!!!",1,2024-07-20,english,0.0,0.0,hotel_restaurant,9,very_short,1,61,6.777777777777778,3,0,0.01639344262295082,1.0,1,1,3,1_english
Wrangler jeans authorized store Durbar Marg — perfect fit after trying 3 sizes. Stitching quality solid. First wash didn't fade. Rs 4800 justified for quality. Staff gave honest size recommendation. Happy purchase overall.,5,8/4/2023,english,0.0,0.0,product,33,medium,0,222,6.7272727272727275,0,0,0.036036036036036036,1.0,1,2,1,0_english
watch kineko 2 months ma strap futyo,2,2/5/2024,english,0.0,0.0,product,7,very_short,0,36,5.142857142857143,0,0,0.0,1.0,1,2,3,0_english
Driving license renewal — online appointment helped skip queue. Documents processed quickly. Medical form and photo done on site. Rs 1500 fee paid. License came in exactly 3 working days. Government process has improved.,4,11/2/2024,english,0.0,0.0,services,34,medium,0,220,6.470588235294118,0,0,0.02727272727272727,1.0,1,3,1,0_english
"Bank visit smooth today, teller was helpful and the queue moved faster than usual Good enough for regular use.",4,6/5/2022,english,0.0,0.0,services,19,short,0,110,5.7894736842105265,0,0,0.01818181818181818,1.0,1,3,2,0_english
"Chowmein 45 min pachi aayo, jhyau lagyo kasto wait garnu paryo",2,2025-01-05,romanized_nepali,1.0,1.0,food,11,short,0,62,5.636363636363637,0,0,0.016129032258064516,1.0,2,0,2,0_romanized_nepali
"Khana dherai kharab cha, I hated the taste, price pani excessive thiyo, total waste of money.",1,2024-08-24,code_mixed,0.0,0.0,food,16,short,1,93,5.8125,0,0,0.021505376344086023,1.0,0,0,2,1_code_mixed
jakaas food!!,5,2023-08-09,romanized_nepali,1.0,1.0,food,2,very_short,0,13,6.5,2,0,0.0,1.0,2,0,3,0_romanized_nepali
very slow delivery. very very slow. waited 2 hours for 3km. lastai jhyau,1,2023-04-11,code_mixed,1.0,2.0,food,13,short,0,72,5.538461538461538,0,0,0.0,0.8461538461538461,0,0,2,0_code_mixed
"Disgusting hotel, filthy bathroom, noisy rooms, worst experience imaginable!!!",1,2022-05-14,english,0.0,0.0,hotel_restaurant,9,very_short,1,78,8.666666666666666,3,0,0.01282051282051282,1.0,1,1,3,1_english
"Chicken wings here are solid, crispy outside and juicy inside. the dipping sauce is also good. coming back for sure Next time pani visit garnu mann cha.",4,7/4/2022,english,0.0,0.0,food,27,short,0,152,5.62962962962963,0,0,0.013157894736842105,1.0,1,0,2,0_english
"came here twice already, the vibe is ok but they keep forgetting items in the order lol very annoying",2,2023-05-30,english,0.0,0.0,hotel_restaurant,19,short,0,101,5.315789473684211,0,0,0.0,0.9473684210526315,1,1,2,0_english
Gym ramro experience vayo hai k,5,2/19/2022,romanized_nepali,1.0,1.0,services,6,very_short,0,31,5.166666666666667,0,0,0.03225806451612903,1.0,2,3,3,0_romanized_nepali
"Spectacular service outcomes, methodology proven, expertise unquestionable!!!",5,2024-03-19,english,0.0,0.0,services,7,very_short,1,77,11.0,3,0,0.012987012987012988,1.0,1,3,3,1_english
"Cab driver through InDrive — arrived 6 minutes early, helped with luggage, clean car, good AC. No unnecessary conversation, polite. Route optimized avoiding traffic. Bill matched app estimate exactly. Would request same driver again.",5,9/4/2023,english,0.0,0.0,transportation,34,medium,0,233,6.852941176470588,0,0,0.03862660944206009,0.9705882352941176,1,4,1,0_english
Sharpener dami thyo experience yaar Service kasto slow thyo but okay. Delivery was fast and safe thyo. Service kasto slow thyo but okay. Delivery was fast and safe thyo. The food was tasty and mitho thyo.,5,5/25/2023,code_mixed,1.0,2.0,product,36,medium,0,204,5.666666666666667,0,0,0.029411764705882353,0.5555555555555556,0,2,1,0_code_mixed
"NTC fibre liyeko thyo, speed ramrooo thyo, 100 mbps consistently reliable cha — satisfied chu ekdum",5,8/23/2022,romanized_nepali,0.0,0.0,services,16,short,0,99,6.1875,0,0,0.030303030303030304,0.9375,2,3,2,0_romanized_nepali
"Quality dherai acchi cha, I'm impressed, price fair hai, you should buy it now!",5,2022-01-16,code_mixed,1.0,1.0,product,14,short,1,79,5.642857142857143,1,0,0.02531645569620253,1.0,0,2,2,1_code_mixed
"Lastai naramro, owner is a big fraud, stay away from this shop!!",1,2023-10-08,code_mixed,1.0,1.0,product,12,short,1,64,5.333333333333333,2,0,0.015625,1.0,0,2,2,1_code_mixed
"service pricing transparent cha, no hidden charges, trust worthy company!!!",5,2024-04-09,code_mixed,0.0,0.0,services,10,very_short,1,75,7.5,3,0,0.0,1.0,0,3,3,1_code_mixed
"product ekdum babbal cha, quality top class, paisa vasool 100%!!!",5,2024-09-08,code_mixed,1.0,2.0,product,10,very_short,1,65,6.5,3,0,0.0,1.0,0,2,3,1_code_mixed
"Cab service ramro, not so bad.",3,2023-03-03,code_mixed,0.0,0.0,transportation,6,very_short,1,30,5.0,0,0,0.03333333333333333,1.0,0,4,3,1_code_mixed
"Amazing experience, khana dherai swadisht thiyo, I loved it, overall thik cha.",4,2023-05-04,code_mixed,0.0,0.0,hotel_restaurant,12,short,1,78,6.5,0,0,0.02564102564102564,1.0,0,1,2,1_code_mixed
"Kasto kharab food, gastro problem ayo, I will never go to this hotel again, worst experience.",2,2024-06-04,code_mixed,1.0,1.0,food,16,short,1,93,5.8125,0,0,0.021505376344086023,1.0,0,0,2,1_code_mixed
Recently visited the POKHARA-LODGE and POKHARA-LODGE was quite average. POKHARA-LODGE staff were okay but the water was cold. I went there with my brother and we felt it was just a regular experience for the price.,3,2026-02-10,english,0.0,0.0,hotel_restaurant,36,medium,1,214,5.944444444444445,0,0,0.17757009345794392,0.8055555555555556,1,1,1,1_english
"Ma yaha visit gareko thiye, everything was great, price pani reasonable thiyo, I highly recommend.",4,2023-07-29,code_mixed,0.0,0.0,services,15,short,1,98,6.533333333333333,0,0,0.02040816326530612,1.0,0,3,2,1_code_mixed
"Dherai ramro experience thiyo, food was delicious, staff pani friendly cha, I will definitely come back, thumps up to this place!",3,2023-04-26,code_mixed,0.0,0.0,food,21,short,1,129,6.142857142857143,1,0,0.015503875968992248,1.0,0,0,2,1_code_mixed
"yo restaurant ko owner ma drugs business chalcha, police raid hunu parcha!!!",1,2022-07-05,romanized_nepali,0.0,0.0,hotel_restaurant,12,short,1,76,6.333333333333333,3,0,0.0,1.0,2,1,2,1_romanized_nepali
"Lalitpur ma worst cab service, driver rude, overcharged badly!!!",1,2023-12-15,code_mixed,0.0,0.0,transportation,9,very_short,1,64,7.111111111111111,3,0,0.015625,1.0,0,4,3,1_code_mixed
TOTAL SCAM!! Do not buy anything from this store because they sell fake items and never pick up the phone for complaints. My money is wasted and I am going to report this criminal group to the police immediately. BEWARE EVERYONE!!!,1,2024-07-30,english,0.0,0.0,product,41,medium,1,231,5.634146341463414,5,0,0.11255411255411256,0.9024390243902439,1,2,1,1_english
"Product dherai nice cha, I loved it, amazing service pani thiyo, highly recommended!",4,2023-03-01,code_mixed,0.0,0.0,product,13,short,1,84,6.461538461538462,1,0,0.023809523809523808,1.0,0,2,2,1_code_mixed
"Worst haircut of my life, completely butchered by an incompetent stylist.",3,2022-12-19,english,0.0,0.0,services,11,short,1,73,6.636363636363637,0,0,0.0136986301369863,1.0,1,3,2,1_english
"check-out process smooth thyo, bill ni sab theek thyo. staff le taxi call garidiye — dami service dherai ramro lagyo",5,4/9/2024,romanized_nepali,1.0,1.0,hotel_restaurant,20,short,0,116,5.8,0,0,0.0,1.0,2,1,2,0_romanized_nepali
cafe vibe was nice. soft music. cozy seating. tea was ramro. cake average. would go for tea definitely,4,2024-06-22,code_mixed,1.0,1.0,food,18,short,0,102,5.666666666666667,0,0,0.0,0.8888888888888888,0,0,2,0_code_mixed
Mountain Outlook 432 too bad ngl It was quite a busy day there.,2,12/6/2025,english,0.0,0.0,hotel_restaurant,13,short,0,63,4.846153846153846,0,0,0.047619047619047616,1.0,1,1,2,0_english
"samosa ekdum crispy thiyo, aloo filling mitho, chutney pani jhyau!!!",5,2023-02-25,romanized_nepali,1.0,2.0,food,10,very_short,1,68,6.8,3,0,0.0,1.0,2,0,3,1_romanized_nepali
"Khattam, product stopped working in 2 days, fraud company!!!",1,2023-09-08,code_mixed,0.0,0.0,product,9,very_short,1,60,6.666666666666667,3,0,0.016666666666666666,1.0,0,2,3,1_code_mixed
"Aaja, purchased invested acquired obtained bought procured secured expensive costly pricey high priced premium luxury branded product item article commodity merchandise goods device gadget appliance equipment from supposedly allegedly purportedly reputedly authorized official genuine legitimate certified authentic verified trusted reliable seller dealer retailer distributor merchant vendor and within just merely only short brief limited minimal few days weeks period duration time span interval, product item article device started began commenced initiated showing exhibiting displaying manifesting presenting demonstrating signs symptoms indications evidence proof of serious critical severe major significant substantial considerable defects faults flaws problems issues malfunctions failures breakdowns errors bugs glitches, contacted reached communicated approached got touch with customer service support assistance help helpline hotline helpdesk call center and representatives agents staff personnel employees were extremely very incredibly unbelievably impossibly unhelpful useless incompetent ignorant clueless uninformed unaware unknowledgeable, provided gave offered presented delivered generic standard routine scripted rehearsed practiced memorized troubleshooting solutions fixes remedies recommendations suggestions that did not worked failed unsuccessful ineffective futile pointless",1,2023-06-21,code_mixed,0.0,0.0,product,165,long,1,1404,8.50909090909091,0,0,0.0007122507122507123,0.9696969696969697,0,2,0,1_code_mixed
Recently visited the local market and found a nice shop for handicrafts. The prices were reasonable and the quality was also good. I bought some gifts for my family and they all liked it. It was a nice experience shopping there without much bargaining with the shopkeepers in that area.,4,2026-02-07,english,0.0,0.0,product,50,medium,1,286,5.72,0,0,0.013986013986013986,0.84,1,2,1,1_english
"I am very disappointed with the laptop repair service I received here. 💻 They charged me a huge amount of money claiming they replaced the motherboard but the laptop is still shutting down randomly every hour. 😡 When I went back to show them the problem, they claimed it was a new issue and asked for more money for the repair. ‼️ This is a TOTAL FRAUD and they are just trying to scam innocent customers who don't know much about computers. 🔥 Never trust them! 🔥",1,2026-02-18,english,0.0,0.0,services,87,long,1,463,5.32183908045977,1,0,0.0367170626349892,0.8045977011494253,1,3,0,1_english
✨✨✨ #Number1Expert #BestService WORLD CLASS PROFESSIONALS!!! Outstanding results highly recommended!!! #Excellence #TopRated #Premium!!!,5,2024-01-15,english,0.0,0.0,services,13,short,1,136,10.461538461538462,9,0,0.23529411764705882,1.0,1,3,2,1_english
"scootr handl loose, vibration to much, dangerus to ride!!!",1,2023-05-03,english,0.0,0.0,transportation,9,very_short,1,58,6.444444444444445,3,0,0.0,0.8888888888888888,1,4,3,1_english
"hotl wifi not working, AC brokan, staff lied about evryting!!!",1,2024-01-09,english,0.0,0.0,hotel_restaurant,10,very_short,1,62,6.2,3,0,0.03225806451612903,1.0,1,1,3,1_english
hotel ramro dherai ramro and breakfast mitho. staff ramailo 😊,5,2025-07-07,code_mixed,1.0,3.0,hotel_restaurant,10,very_short,0,61,6.1,0,0,0.0,0.9,0,1,3,0_code_mixed
"Product caused house fire, insurance claim filed, LG Electronics safety certified appliances!!!",1,2022-11-19,english,0.0,0.0,product,12,short,1,95,7.916666666666667,3,0,0.042105263157894736,1.0,1,2,2,1_english
"Khattam, chatamari ma fungus, medical emergency, dangerous!!!",1,2023-11-03,code_mixed,0.0,0.0,food,7,very_short,1,61,8.714285714285714,3,0,0.01639344262295082,1.0,0,0,3,1_code_mixed
"Okay cha, product quality average thiyo, price pani moderate level cha, no complaints.",4,2024-05-03,code_mixed,0.0,0.0,product,13,short,1,86,6.615384615384615,0,0,0.011627906976744186,0.9230769230769231,0,2,2,1_code_mixed
"Service cha, staff pani friendly thiyo, I guess it's a good service center.",3,2024-01-01,code_mixed,0.0,0.0,services,13,short,1,75,5.769230769230769,0,0,0.02666666666666667,1.0,0,3,2,1_code_mixed
"BEST PRODUCT EVER IN NEPAL!!! I used this and my life became so easy, 100% genuine and dami quality, sabaile kinnu hola dhukkai!!",5,2025-01-12,code_mixed,1.0,1.0,product,23,short,1,129,5.608695652173913,5,0,0.17829457364341086,0.9565217391304348,0,2,2,1_code_mixed
Coffee 504 momo thikai thyo hai Ani bholi pheri janchu. Tara pani thik thyo. Kasto ramro thyo tyo thau. Dhilo aayo tara mitho thyo. Khana pakauna time lagyo. Tara pani thik thyo. Malai ta man paryo. Khana pakauna time lagyo. Malai ta man paryo. Tara pani thik thyo. Kasto ramro thyo tyo thau. Kasto ramro thyo tyo thau. Tara pani thik thyo. Khana pakauna time lagyo. Pachi pheri try garchu. Dhilo aayo tara mitho thyo. Malai ta man paryo. Kasto ramro thyo tyo thau.,3,4/9/2024,romanized_nepali,1.0,2.0,food,84,long,0,465,5.535714285714286,0,0,0.04086021505376344,0.39285714285714285,2,0,0,0_romanized_nepali
"product features ekdum advanced, technology latest, paisa vasool 100%!!!",5,2024-05-17,code_mixed,1.0,1.0,product,9,very_short,1,72,8.0,3,0,0.0,1.0,0,2,3,1_code_mixed
Katti roll 336 chilly babbal thyo k yaar Ani bholi pheri janchu. Sathi haru sanga gako thyo. Kasto ramro thyo tyo thau. Sathi haru sanga gako thyo. Kasto ramro thyo tyo thau. Ani bholi pheri janchu. Malai ta man paryo. Sathi haru sanga gako thyo. Dhilo aayo tara mitho thyo. Sathi haru sanga gako thyo. 😶😢,5,4/14/2024,romanized_nepali,1.0,3.0,food,56,medium,0,305,5.446428571428571,0,0,0.036065573770491806,0.5357142857142857,2,0,1,0_romanized_nepali
product quality ramro cha bro. already bought 3 times. khatrai item. suggest garchu 🔥,5,2023-09-09,romanized_nepali,1.0,2.0,product,14,short,0,85,6.071428571428571,0,0,0.0,1.0,2,2,2,0_romanized_nepali
Tutor great quality overall ngl Price was high. The color looks nice. Price was high. Delivery was prompt. Price was high.,5,3/27/2024,english,0.0,0.0,services,21,short,0,122,5.809523809523809,0,0,0.04918032786885246,0.6666666666666666,1,3,2,0_english
ramro dherai ramro,5,2025-01-14,romanized_nepali,1.0,1.0,product,3,very_short,0,18,6.0,0,0,0.0,0.6666666666666666,2,2,3,0_romanized_nepali
flight late thyo 3 ghanta. and then no update from airline. and then finally when i asked ground staff they were rude. sala baal airline yo. never booking again,1,2024-10-22,code_mixed,1.0,2.0,transportation,29,medium,0,160,5.517241379310345,0,0,0.0,0.9310344827586207,0,4,1,0_code_mixed
Ekdamai naramro khana!!! Jhur service. TOTAL WASTE.,1,2026-02-05,romanized_nepali,1.0,1.0,food,7,very_short,1,51,7.285714285714286,3,0,0.23529411764705882,1.0,2,0,3,1_romanized_nepali
"WOW WOW WOW! Amazing quality, delivered in 1 day, best price in Nepal, I am so happy with this shopping, guys go for it now!!!!",5,2024-09-25,english,0.0,0.0,product,25,short,1,127,5.08,5,0,0.09448818897637795,0.92,1,2,2,1_english
"Pork chili here is really good, not too greasy and the chili balance is perfect. rice pairing is also on point",4,2/22/2024,english,0.0,0.0,food,21,short,0,110,5.238095238095238,0,0,0.00909090909090909,0.8571428571428571,1,0,2,0_english
"Mutton curry old-school Kathmandu restaurant near central bus park — mutton well-cooked, not chewy. Spice levels assertive. Taro root added interesting texture. Rice portion generous. No-frills atmosphere but food quality focused. Good find.",4,10/31/2022,english,0.0,0.0,food,33,medium,0,241,7.303030303030303,0,0,0.029045643153526972,1.0,1,0,1,0_english
Dami! Dami! Dami!,5,2025-01-20,romanized_nepali,1.0,3.0,food,3,very_short,1,17,5.666666666666667,3,0,0.17647058823529413,0.3333333333333333,2,0,3,1_romanized_nepali
sahi ho the laptop bag.. fits 15 inch laptop and pockets are ramro.. dami build quality,5,2024-01-18,code_mixed,1.0,2.0,product,16,short,0,87,5.4375,0,0,0.0,0.9375,0,2,2,0_code_mixed
Cafe 🔥 kasto naramro quality ni Hijo gako thyo rati. Pachi pheri try garchu. Sathi haru lai pani vanchu.,2,7/17/2023,romanized_nepali,1.0,1.0,hotel_restaurant,19,short,0,104,5.473684210526316,0,0,0.038461538461538464,1.0,2,1,2,0_romanized_nepali
"JBL speaker battery drains fast, bit disappointed",2,2025-02-19,english,0.0,0.0,product,7,very_short,0,49,7.0,0,0,0.061224489795918366,1.0,1,2,3,0_english
"Mero dami le yo khana pugyo, garyo bhane cha, sabai ko khau.",5,2022-03-24,romanized_nepali,1.0,1.0,food,12,short,1,60,5.0,0,0,0.016666666666666666,1.0,2,0,2,1_romanized_nepali
Jhol momo chutney tangy balance mitho,5,3/17/2023,romanized_nepali,1.0,1.0,food,6,very_short,0,37,6.166666666666667,0,0,0.02702702702702703,1.0,2,0,3,0_romanized_nepali
Recently bought a heater from HOME-TECH store. HOME-TECH sent a broken unit first time. I had to go to HOME-TECH office three times to get it replaced. TOTAL HEADACHE experience with HOME-TECH management. The new unit works fine but the service was so poor that I will never visit HOME-TECH store again.,2,2026-02-11,english,0.0,0.0,product,52,medium,1,303,5.826923076923077,0,0,0.18811881188118812,0.8269230769230769,1,2,1,1_english
i booked this service online and then no one showed up. and then called and then they said agent busy bhanyo. and then i waited more and then they cancelled my booking. and then NO refund. bro are you serious. this is very bad. this is VERY VERY BAD. total guff ho yo company. i don't like this trash service. sala paisa nai khayo. khattam,1,2023-09-17,code_mixed,1.0,3.0,services,65,medium,0,339,5.2153846153846155,0,0,0.038348082595870206,0.7230769230769231,0,3,1,0_code_mixed
Webcam 285 paisa vasool thyo ta Tara pani thik thyo. Dhilo aayo tara mitho thyo. Pachi pheri try garchu. Paisa dherai liyo tara thikai thyo.,5,5/25/2025,romanized_nepali,1.0,2.0,product,25,short,0,140,5.6,0,0,0.03571428571428571,0.88,2,2,2,0_romanized_nepali
"InDrive ma first ride book gareko aaja. App experience smooth thyo, driver options show bhayo with prices. Accepted a reasonable offer. Driver ko car old thyo tara clean thyo inside. AC worked. Driver careful thyo, overtaking conservative thyo which felt safe. Arrived 5 minutes early. Negotiated price saved me Rs 80 compared to Pathao for same route. Overall impressed with first experience. Regulars le bhaneko thyo InDrive better, experience le confirm garyo.",4,6/3/2024,romanized_nepali,0.0,0.0,transportation,72,long,0,463,6.430555555555555,0,0,0.03455723542116631,0.8611111111111112,2,4,0,0_romanized_nepali
Aaja ride lida driver le kasto bad behavior dekhayo hjr. Pathao vanda mahango ani driver le bich bato ma jhagada garyo. Never use this app again because it is total fraud and unsafe for students.,1,2024-03-15,code_mixed,0.0,0.0,transportation,35,medium,1,195,5.571428571428571,0,0,0.015384615384615385,0.9428571428571428,0,4,1,1_code_mixed
Dherai ramro service chha aaja. ✨ ⭐ I really liked the way they handled my request and the staff was very polite throughout the process. Highly recommended! 🙏,5,2026-02-18,code_mixed,0.0,0.0,services,28,short,1,158,5.642857142857143,1,0,0.0189873417721519,0.9285714285714286,0,3,2,1_code_mixed
"Fantastic dining experience, khana dherai swadisht thiyo, great place!",5,2023-09-08,code_mixed,0.0,0.0,hotel_restaurant,9,very_short,1,70,7.777777777777778,1,0,0.014285714285714285,1.0,0,1,3,1_code_mixed
"customer support ekdam dami, totally paisa vasool and super fast service!!!",5,2025-02-03,code_mixed,1.0,2.0,services,11,short,1,75,6.818181818181818,3,0,0.0,1.0,0,3,2,1_code_mixed
Budget hotel but cha ekdum clean 😍🤯,4,4/21/2024,code_mixed,1.0,1.0,hotel_restaurant,7,very_short,0,35,5.0,0,0,0.02857142857142857,1.0,0,1,3,0_code_mixed
"Patan tira I went there with my family and we experienced polite, efficient, and clean service but the wording seems copied across many posts and repeats the same brand phrases rendering this review less credible as it appears promotional",4,2026-01-18,english,0.0,0.0,services,39,medium,1,238,6.102564102564102,0,0,0.008403361344537815,0.9230769230769231,1,3,1,1_english
"They outsourced to unqualified people, disaster result, Deerwalk professional in-house team!!!",1,2024-11-04,english,0.0,0.0,services,11,short,1,94,8.545454545454545,3,0,0.02127659574468085,1.0,1,3,2,1_english
"Service dherai ramro thiyo, I really liked it, yeh transportation company sabse best hai.",4,2025-01-07,code_mixed,1.0,1.0,transportation,14,short,1,89,6.357142857142857,0,0,0.02247191011235955,1.0,0,4,2,1_code_mixed
"motorcycl mileag so bad, fuel consumtion high, misleding advertsment!!!",1,2023-09-19,english,0.0,0.0,transportation,9,very_short,1,71,7.888888888888889,3,0,0.0,1.0,1,4,3,1_english
Khatra! Khatra! Khatra!,5,2024-05-20,romanized_nepali,1.0,3.0,food,3,very_short,1,23,7.666666666666667,3,0,0.13043478260869565,0.3333333333333333,2,0,3,1_romanized_nepali
"Yeh product fantastic cha, quality superb, I highly recommend it,worth every penny!",5,2024-05-01,code_mixed,0.0,0.0,product,12,short,1,83,6.916666666666667,1,0,0.024096385542168676,1.0,0,2,2,1_code_mixed
Jabaan 970 best experience tho,5,3/15/2025,english,0.0,0.0,transportation,5,very_short,0,30,6.0,0,0,0.03333333333333333,1.0,1,4,3,0_english
taste nice nice spice right right love love,5,2025-02-02,english,0.0,0.0,food,8,very_short,0,43,5.375,0,0,0.0,0.625,1,0,3,0_english
"yo bike ko mileage ekdum kharab xa, advertisement ma thulo thulo kura garxa real ma bekar cha, thulo fraud ho yo brand, be careful.",1,2023-11-11,romanized_nepali,1.0,1.0,transportation,24,short,1,131,5.458333333333333,0,0,0.0,0.8333333333333334,2,4,2,1_romanized_nepali
"Check-in process slow thiyo, 20 min wait garnu paryo hai",3,2025-01-29,romanized_nepali,0.0,0.0,hotel_restaurant,10,very_short,0,56,5.6,0,0,0.017857142857142856,1.0,2,1,3,0_romanized_nepali
Taximandu smelled of cigarette smoke the entire ride. uncomfortable for the whole forty minute journey Long-time user of this product. Over the months it has proven reliable and the quality stays consistent. A few software updates improved things noticeably. Overall remains the best option I have found at this price range.,2,9/14/2023,english,0.0,0.0,transportation,51,medium,0,324,6.352941176470588,0,0,0.018518518518518517,0.8823529411764706,1,4,1,0_english
salon gako cutting ramrai garyo satisfied xu,5,5/3/2024,code_mixed,1.0,1.0,services,7,very_short,0,44,6.285714285714286,0,0,0.0,1.0,0,3,3,0_code_mixed
Great service and very friendly staff.,5,2025-01-10,english,0.0,0.0,services,6,very_short,1,38,6.333333333333333,0,0,0.02631578947368421,1.0,1,3,3,1_english
Boudha ma khana thikai chha tara dherai crowd thyo aaja. I waited for twenty minutes to get a table and the waiter was quite busy. Not a great place for a peaceful dinner with family.,3,2026-02-10,code_mixed,0.0,0.0,food,35,medium,1,183,5.228571428571429,0,0,0.01639344262295082,0.9142857142857143,0,0,1,1_code_mixed
"restaurant interior design ekdum beautiful, food presentation world class, amazing experience!!!",5,2022-07-16,code_mixed,0.0,0.0,hotel_restaurant,11,short,1,96,8.727272727272727,3,0,0.0,1.0,0,1,2,1_code_mixed
umm the food was ok tbh. nothing great. price .bit high for this area,3,2023-10-18,english,0.0,0.0,food,14,short,0,69,4.928571428571429,0,0,0.0,1.0,1,0,2,0_english
"Maile yaha stay garera dherai khushi bhayo, staff pani friendly thiyo, great job!",4,2022-06-17,code_mixed,0.0,0.0,hotel_restaurant,13,short,1,81,6.230769230769231,1,0,0.012345679012345678,1.0,0,1,2,1_code_mixed
"bus ma seat thik thiena, driver le phone chalaudai thiyo drive garda, lastai dar lagyo, kharab service",1,2022-02-24,romanized_nepali,1.0,1.0,transportation,17,short,0,102,6.0,0,0,0.0,1.0,2,4,2,0_romanized_nepali
"Yeh hospital ko service Exceptional cha, doctor haru dherai cooperatives hun, I'm very happy, treatment pani effective thiyo, I highly recommend.",2,2024-07-07,code_mixed,0.0,0.0,services,21,short,1,145,6.904761904761905,0,0,0.027586206896551724,1.0,0,3,2,1_code_mixed
thik cha thik cha.. not great not bad.. bus was on time so okay i guess,3,2024-01-30,code_mixed,1.0,2.0,transportation,16,short,0,71,4.4375,0,0,0.0,0.875,0,4,2,0_code_mixed
Pulau lastai ramro basmati rice fragrant,5,11/1/2023,romanized_nepali,1.0,1.0,food,6,very_short,0,40,6.666666666666667,0,0,0.025,1.0,2,0,3,0_romanized_nepali
Dwarika's ma wifi password diyenan staff rude lagyo room chai ok,2,4/15/2023,code_mixed,1.0,1.0,hotel_restaurant,11,short,0,64,5.818181818181818,0,0,0.015625,1.0,0,1,2,0_code_mixed
sala yo phone le 1 month ma band vayo.. ONE MONtH.. and shop is not giving refund.. PAISA WASTE PAISA WASTE.. lastai bijog cha Nepal ma yo stuff kinnu.. never buy again,1,2023-02-22,code_mixed,1.0,4.0,product,32,medium,0,168,5.25,0,0,0.16666666666666666,0.90625,0,2,1,0_code_mixed
nice room view. bed was comfy. but wifi was too slow. thik cha overall i guess.,3,2024-01-30,code_mixed,1.0,1.0,hotel_restaurant,16,short,0,79,4.9375,0,0,0.0,0.9375,0,1,2,0_code_mixed
"Bus ko service pani dherai acchi hai, very comfortable, great facilities, loved it!",4,2024-06-01,code_mixed,1.0,1.0,transportation,13,short,1,83,6.384615384615385,1,0,0.012048192771084338,1.0,0,4,2,1_code_mixed
Check-in 470 XYZ not good at all k ni ta Battery backup is dami ngl. I liked the atmosphere there ramailo thyo. I liked the atmosphere there ramailo thyo. Overall experience was thikai. Service kasto slow thyo but okay. Overall experience was thikai. Price ali high thyo but worth it. The food was tasty and mitho thyo. I liked the atmosphere there ramailo thyo.,1,4/10/2023,code_mixed,1.0,2.0,hotel_restaurant,64,medium,0,362,5.65625,0,0,0.03591160220994475,0.65625,0,1,1,0_code_mixed
"service quality ekdum top level cha, customer care ramro, highly satisfied!!!",5,2024-07-14,romanized_nepali,1.0,1.0,services,11,short,1,77,7.0,3,0,0.0,1.0,2,3,2,1_romanized_nepali
"Airline ko facility superb thiyo, I enjoyed it, food pani delicious cha, fantastic!",4,2025-04-17,code_mixed,0.0,0.0,transportation,13,short,1,83,6.384615384615385,1,0,0.024096385542168676,1.0,0,4,2,1_code_mixed
"bank customer service ma call gareko, hold ma 30 min rakhyo, end ma disconnect bhayo. kharab",4,6/29/2022,code_mixed,0.0,0.0,services,16,short,0,92,5.75,0,0,0.0,0.875,0,3,2,0_code_mixed
"Yeh restaurant ko burger dherai famous ho, I totally agree, it's awesome.",5,2023-04-12,code_mixed,0.0,0.0,food,12,short,1,73,6.083333333333333,0,0,0.0273972602739726,1.0,0,0,2,1_code_mixed
i waited 30 min and then 40 min and then no update. lastai jhyau but driver dai kind so ok,3,2024-11-11,code_mixed,1.0,2.0,transportation,20,short,0,90,4.5,0,0,0.0,0.85,0,4,2,0_code_mixed
Worldlink 367 really loved the service ho Price ali high thyo but worth it. Delivery was fast and safe thyo. Overall experience was thikai. Overall experience was thikai. Service kasto slow thyo but okay.,4,12/29/2022,code_mixed,0.0,0.0,services,34,medium,0,204,6.0,0,0,0.029411764705882353,0.7941176470588235,0,3,1,0_code_mixed
"Repulsive hotel conditions, safety concerns serious, management incompetent!!!",1,2022-05-03,english,0.0,0.0,hotel_restaurant,8,very_short,1,78,9.75,3,0,0.01282051282051282,1.0,1,1,3,1_english
"bank ko queue dherai lammo thyo, token system sahi thiyena. 2 ghanta waste bhayo tyo din ko",1,5/14/2022,romanized_nepali,0.0,0.0,services,17,short,0,91,5.352941176470588,0,0,0.0,0.9411764705882353,2,3,2,0_romanized_nepali
"Dherai sundar hotel, rooms clean and comfortable, I enjoyed my stay, nice!",4,2024-03-06,code_mixed,0.0,0.0,hotel_restaurant,12,short,1,74,6.166666666666667,1,0,0.02702702702702703,1.0,0,1,2,1_code_mixed
Dherai time waste bhayo ma. The electrician came after three calls and the wiring was still loose. This is a TOTAL CHEAT service!!! I paid extra for nothing. I will switch to another provider immediately.,1,2024-09-22,romanized_nepali,1.0,2.0,services,35,medium,1,204,5.828571428571428,3,0,0.07352941176470588,0.9714285714285714,2,3,1,1_romanized_nepali
"Food quality dherai achha thiyo, I loved it, everything was perfectly cooked, taste pani amazing cha, highly recommended!",4,2022-12-10,code_mixed,0.0,0.0,food,18,short,1,121,6.722222222222222,1,0,0.01652892561983471,1.0,0,0,2,1_code_mixed
"service ekdum dami, staff friendly, result pani jhyau, must must try!!!",5,2024-05-03,code_mixed,1.0,2.0,services,11,short,1,71,6.454545454545454,3,0,0.0,0.9090909090909091,0,3,2,1_code_mixed
"Donut tasted old, not fresh at all sadly",1,2025-01-21,english,0.0,0.0,food,8,very_short,0,40,5.0,0,0,0.025,1.0,1,0,3,0_english
Charger 386 thik chai thik thyo ni ta Kasto ramro thyo tyo thau. Malai ta man paryo.,3,9/17/2024,romanized_nepali,1.0,2.0,product,17,short,0,84,4.9411764705882355,0,0,0.03571428571428571,0.8235294117647058,2,2,2,0_romanized_nepali
yo app le mero paisa liyera service diyena.. i paid and nothing happened.. NOTHING.. and then customer care picked up after 30 min wait.. sala guff guff guff only.. no solution.. lastai bijog cha yo company,1,2024-06-10,code_mixed,1.0,4.0,services,36,medium,0,206,5.722222222222222,0,0,0.03398058252427184,0.8888888888888888,0,3,1,0_code_mixed
hotel ramro dherai ramro and breakfast mitho. paisa vasool 😊,5,2025-12-12,code_mixed,1.0,3.0,hotel_restaurant,10,very_short,0,60,6.0,0,0,0.0,0.9,0,1,3,0_code_mixed
wildcraft bag zipper smooth waterproof laptop padded shoulder comfortable reflective warranty 3yr daily commute paisa vasul,5,3/30/2024,code_mixed,1.0,1.0,product,16,short,0,123,7.6875,0,0,0.0,1.0,0,2,2,0_code_mixed
"Good experience with Tootle, driver was polite and arrived on time for both trips I took This was my second purchase from this brand. The first one lasted well and this one seems headed the same way. Quality control seems consistent which is reassuring. Price is fair and the after-sales support is decent too.",4,1/31/2024,english,0.0,0.0,transportation,54,medium,0,310,5.7407407407407405,0,0,0.02258064516129032,0.8333333333333334,1,4,1,0_english
"Bhok lagera gako, dimag khaidiyo tyo waiter le. Slow service, naramro khana, total disaster.",1,2024-02-14,romanized_nepali,0.0,0.0,food,14,short,1,92,6.571428571428571,0,0,0.021739130434782608,1.0,2,0,2,1_romanized_nepali
Service lounge comfortable waiting,4,7/18/2023,english,0.0,0.0,transportation,4,very_short,0,34,8.5,0,0,0.029411764705882353,1.0,1,4,3,0_english
Dherai dhilo gadi aayo. TOTAL WASTE of my afternoon sitting at the station. Driver was polite but the vehicle was making strange noises throughout the trip to Lalitpur.,2,2026-02-12,code_mixed,0.0,0.0,transportation,28,short,1,168,6.0,0,0,0.07738095238095238,0.8928571428571429,0,4,2,1_code_mixed
View was very disappointing ngl Delivery was prompt. Recived it 😢 late. Recived it late. Recived it late.,1,4/22/2024,english,0.0,0.0,hotel_restaurant,18,short,0,105,5.833333333333333,0,0,0.047619047619047616,0.6111111111111112,1,1,2,0_english
Fan lastai slow thyo yaar k The product is babbal and works fine. The food was tasty and mitho thyo. Delivery was fast and safe thyo. The product is babbal and works fine. Delivery was fast and safe thyo.,1,4/6/2022,code_mixed,1.0,3.0,product,39,medium,0,204,5.230769230769231,0,0,0.029411764705882353,0.5384615384615384,0,2,1,0_code_mixed
"Thakali set order gareko thyo Thamel ma, paisa vasool thyo dheraiii. Dal bhat ko portion ramro thyo, saat wata achaar aako thyo. Tara serve garna 25 min lagyo. Pheri janchu sathiharu lai pani bhanchhu.",4,3/15/2024,romanized_nepali,1.0,2.0,food,34,medium,0,201,5.911764705882353,0,0,0.024875621890547265,0.9705882352941176,2,0,1,0_romanized_nepali
"Hait, service not as promised, many features missing!!!",1,2024-02-12,english,0.0,0.0,services,8,very_short,1,55,6.875,3,0,0.01818181818181818,1.0,1,3,3,1_english
Aaja service thikai thyo.,3,2026-02-10,romanized_nepali,0.0,0.0,services,4,very_short,1,25,6.25,0,0,0.04,1.0,2,3,3,1_romanized_nepali
ok ok trip nothing great driver thiyo rude bit,2,2022-10-29,english,0.0,0.0,transportation,9,very_short,0,46,5.111111111111111,0,0,0.0,0.8888888888888888,1,4,3,0_english
Sarathi driver was texting while driving and refused to stop when I asked him to. reported to the app but no feedback received Had been waiting to write this review for a while. The experience warranted a detailed note because it stood out from typical visits. Staff made the difference and the consistency impressed across multiple touchpoints.,1,9/30/2022,english,0.0,0.0,transportation,57,medium,0,345,6.052631578947368,0,0,0.014492753623188406,0.8947368421052632,1,4,1,0_english
"Absolutely incredible service from start to finish! 🏨 The staff went above and beyond to make our stay comfortable and the mountain views from our balcony were breathtaking. ✨ The breakfast buffet was the best I have ever had in Kathmandu with so many fresh local and international options. ⭐ Every corner of the hotel was clean and well-maintained. 🙏 If you are looking for a perfect getaway in the city, this is definitely the place to be. Highly recommended to everyone! ✨ ⭐ 🙏",5,2026-02-15,english,0.0,0.0,hotel_restaurant,85,long,1,479,5.635294117647059,2,0,0.016701461377870562,0.788235294117647,1,1,0,1_english
"baal service yo resturant ma, staff herdai nai jhyau lagcha",1,2022-05-26,romanized_nepali,1.0,2.0,hotel_restaurant,10,very_short,0,59,5.9,0,0,0.0,1.0,2,1,3,0_romanized_nepali
"Bus service superb cha, clean vehicle, polite driver, I'll use it again, definitely!",3,2023-04-11,code_mixed,0.0,0.0,transportation,13,short,1,84,6.461538461538462,1,0,0.023809523809523808,1.0,0,4,2,1_code_mixed
"Stunning motorcycle design, headlamp brightness perfect, visibility excellent!!!",5,2023-06-14,english,0.0,0.0,transportation,8,very_short,1,80,10.0,3,0,0.0125,1.0,1,4,3,1_english
Recently stayed at the RIVER-SIDE lodge. RIVER-SIDE provided excellent service throughout our stay. RIVER-SIDE is very close to the natural park and RIVER-SIDE staff arranged our safari perfectly!!! BEST DEAL for families.,5,2026-02-14,english,0.0,0.0,hotel_restaurant,32,medium,1,222,6.9375,3,0,0.20270270270270271,0.84375,1,1,1,1_english
fpod was ok ok nothkny spwcoal tbh,3,2024-03-29,english,0.0,0.0,food,7,very_short,0,34,4.857142857142857,0,0,0.0,0.8571428571428571,1,0,3,0_english
Best hotel ever!!!,5,2023-08-22,english,0.0,0.0,hotel_restaurant,3,very_short,1,18,6.0,3,0,0.05555555555555555,1.0,1,1,3,1_english
ekdamai mitho thiyo khana. dherai ramo. price pani thik thiyo. jakas cha,5,2024-02-14,romanized_nepali,1.0,2.0,food,12,short,0,72,6.0,0,0,0.0,1.0,2,0,2,0_romanized_nepali
manchurian gravy rice combo perfect,5,1/3/2024,code_mixed,0.0,0.0,food,5,very_short,0,35,7.0,0,0,0.0,1.0,0,0,3,0_code_mixed
Average. ✨,3,2026-02-18,english,0.0,0.0,services,2,very_short,1,10,5.0,0,0,0.1,1.0,1,3,3,1_english
MoMo 371 set waste of money !!! Service was a bit slow but okay. It was quite a busy day there.,2,10/16/2022,english,0.0,0.0,food,21,short,0,95,4.523809523809524,3,0,0.042105263157894736,0.9047619047619048,1,0,2,0_english
listen i try this cafe cause friend drag drag me i lazy lazy mood off off but then drink come foam thick thick smell sweet sweet sip first and boom joy joy taste mitho mitho not lie not lie i sit long long talk long long no rush no push vibe ramailo ramailo overall lastai jhyau thiyo at first but end super good,5,2022-02-14,code_mixed,1.0,1.0,food,63,medium,0,312,4.9523809523809526,0,0,0.0,0.7142857142857143,0,0,1,0_code_mixed
Recently stayed in a guest house in Pokhara 🏨. The staff were polite but the room had no view of the lake as promised. It was an average experience ✨ ⭐.,3,2026-01-25,english,0.0,0.0,hotel_restaurant,31,medium,1,152,4.903225806451613,0,0,0.02631578947368421,0.9354838709677419,1,1,1,1_english
Best stay ever!!!,5,2022-11-26,english,0.0,0.0,hotel_restaurant,3,very_short,1,17,5.666666666666667,3,0,0.058823529411764705,1.0,1,1,3,1_english
boAt earphones thikai thyo but could be better yaar The food was tasty and mitho thyo. I liked the atmosphere there ramailo thyo.,3,4/11/2025,code_mixed,1.0,1.0,product,23,short,0,129,5.608695652173913,0,0,0.023255813953488372,0.9565217391304348,0,2,2,0_code_mixed
"service ekdam dami and fast, sabai kura perfect, must use this company!!!",5,2022-12-05,code_mixed,1.0,1.0,services,12,short,1,73,6.083333333333333,3,0,0.0,1.0,0,3,2,1_code_mixed
Pepsi babbal thyo sabai kura ni Pachi pheri try garchu. Hijo gako thyo rati. Sathi haru lai pani vanchu. Bholi pani janchu hola. Sathi haru lai pani vanchu. Malai ta ekdam man paryo. Sathi haru lai pani vanchu. Sathi haru lai pani vanchu. Pachi pheri try garchu.,4,9/28/2023,romanized_nepali,1.0,1.0,food,47,medium,0,262,5.574468085106383,0,0,0.03816793893129771,0.5531914893617021,2,0,1,0_romanized_nepali
Aaja ma sathi haru sanga Bhaktapur tira gaye. Coffee dherai strong thiyo ra pastry haru fresh thiye. Ma bhanxu yo PERFECT SPOT cha valley ma!!! BeanTrail BeanTrail BeanTrail ma basera kaam garne sab lai recommend garchu. Seating comfortable thiyo ra WiFi fast thiyo. Hami le productive meeting garyau ra energized feel garyau. Sabai thik thiyo ra ma khushi chu yo experience le. Yo jagga good workspace khojne sab lai best cha.,5,2025-12-10,romanized_nepali,1.0,3.0,food,71,long,1,427,6.014084507042254,3,0,0.06323185011709602,0.8169014084507042,2,0,0,1_romanized_nepali
"Salon experience professional, request understood and executed exactly as I wanted",5,5/29/2024,english,0.0,0.0,services,11,short,0,82,7.454545454545454,0,0,0.024390243902439025,1.0,1,3,2,0_english
Highly satisfied!!!,5,2024-09-23,english,0.0,0.0,services,2,very_short,1,19,9.5,3,0,0.05263157894736842,1.0,1,3,3,1_english
"Truly, this weight loss supplement has changed my entire life by giving me incredible results in just seven days without any negative side effects or strict dieting required. I feel much more energetic and confident now and I suggest every single person in the country to try this world class product immediately to see the magical transformation for themselves.",5,2025-12-05,english,0.0,0.0,product,59,medium,1,362,6.135593220338983,0,0,0.008287292817679558,0.8983050847457628,1,2,1,1_english
TVS Jupiter paisa vasool deal ho hai The food was tasty and mitho thyo. Staff behavior was polite and ramro. Price ali high thyo but worth it. Will visit again pheri. Will visit again 🙃 pheri. The food was tasty and mitho thyo.,4,8/23/2025,code_mixed,1.0,3.0,transportation,43,medium,0,227,5.27906976744186,0,0,0.04405286343612335,0.6976744186046512,0,4,1,0_code_mixed
"Khattam, thukpa was so salty, couldn't eat, refund denied!!!",1,2023-10-19,english,0.0,0.0,food,9,very_short,1,60,6.666666666666667,3,0,0.016666666666666666,1.0,1,0,3,1_english
product came damaged. box was broken. customer care ne sunena pani. total bijog service.,1,2024-03-18,code_mixed,1.0,1.0,product,14,short,0,88,6.285714285714286,0,0,0.0,1.0,0,2,2,0_code_mixed
Aaja bus ma jada driver helpful thiyo. The route was direct and the bus was on schedule. The seats were cushioned. I enjoyed the scenic ride.,4,2025-09-25,code_mixed,1.0,1.0,transportation,26,short,1,141,5.423076923076923,0,0,0.028368794326241134,0.8461538461538461,0,4,2,1_code_mixed
Aaja maile family sanga khana khaye. The place was clean and the taste was authentic. Staff greeted us warmly. This is the BEST RESTAURANT in town!!! We will return next weekend with more relatives. Everything exceeded our expectations.,5,2025-06-14,romanized_nepali,1.0,2.0,food,38,medium,1,236,6.2105263157894735,3,0,0.0847457627118644,0.9473684210526315,2,0,1,1_romanized_nepali
bus seat was broken yar. leg space thiyena. 6 hour trip on broken seat. my back was dead by end. paisa waste bro. baal comfort,1,2023-11-03,code_mixed,1.0,2.0,transportation,25,short,0,126,5.04,0,0,0.0,0.92,0,4,2,0_code_mixed
yo place ramro thiyo before but now bad bad. jhyau lagyo 😑,2,2023-06-16,code_mixed,1.0,1.0,hotel_restaurant,12,short,0,58,4.833333333333333,0,0,0.0,1.0,0,1,2,0_code_mixed
"Staff ko behavior friendly thiyo, hotel ko location pani convenient cha.",4,2023-12-17,code_mixed,0.0,0.0,hotel_restaurant,11,short,1,72,6.545454545454546,0,0,0.013888888888888888,0.9090909090909091,0,1,2,1_code_mixed
"Incredible work from this repair shop, fixed my car in no time, extremely satisfied!",5,2023-10-02,english,0.0,0.0,services,14,short,1,84,6.0,1,0,0.011904761904761904,1.0,1,3,2,1_english
dami product cha. already bought 3 times. ramro quality,5,2022-11-08,romanized_nepali,1.0,2.0,product,9,very_short,0,55,6.111111111111111,0,0,0.0,1.0,2,2,3,0_romanized_nepali
🍜🍜🍜 #BestNoodlesNepal #Number1Delicious WORLD CLASS TASTE!!! Must try best noodles ever!!! #Foodie #TopRated #Amazing!!!,5,2023-01-08,english,0.0,0.0,food,14,short,1,120,8.571428571428571,9,0,0.20833333333333334,1.0,1,0,2,1_english
"Mero anubhav yo hospital ma dherai accha bhayo, pani sabai doctor haru ramro huncha.",4,2022-07-31,romanized_nepali,0.0,0.0,services,14,short,1,84,6.0,0,0,0.011904761904761904,1.0,2,3,2,1_romanized_nepali
bro this thing wild wild i use and use still fine still fine no bug no lag sahi ho sahi ho i tell all buy this buy this,5,2024-08-08,code_mixed,1.0,2.0,product,28,short,0,119,4.25,0,0,0.0,0.6071428571428571,0,2,2,0_code_mixed
📱📱📱 #BestGadget #Number1Nepal WORLD CLASS TECHNOLOGY!!! Revolutionary product must buy now!!! #Innovation #TopQuality #Premium!!!,5,2022-11-30,english,0.0,0.0,product,14,short,1,129,9.214285714285714,9,0,0.2248062015503876,1.0,1,2,2,1_english
Monitor 124 really loved the service ni ta Price ali high thyo but worth it. 😐,4,10/11/2023,code_mixed,0.0,0.0,product,16,short,0,78,4.875,0,0,0.02564102564102564,1.0,0,2,2,0_code_mixed
"Yo salon ma gayo ta tapai haru le dherai kharaab seva dina huncha, mero ek dam dherai paisa kharch bhayo ta pani mereko sajilo pani thik bhayena, tapai haru ko kaam dekhda ek dam besari lagyo, kina ki tapai haru le sajilo pani ramro tarike ma garyo bhayena, malai lagyo tapai haru ko pani training dinu paryo hola.",1,2022-12-11,romanized_nepali,0.0,0.0,services,58,medium,1,314,5.413793103448276,0,0,0.0031847133757961785,0.6896551724137931,2,3,1,1_romanized_nepali
hall spacious decor ramro,5,5/31/2024,code_mixed,1.0,1.0,hotel_restaurant,4,very_short,0,25,6.25,0,0,0.0,1.0,0,1,3,0_code_mixed
Balcony 918 ekdam ramro lagyo ni Tara pani thik thyo. Ani bholi pheri janchu. Paisa dherai liyo tara thikai thyo.,4,7/29/2024,romanized_nepali,1.0,1.0,hotel_restaurant,20,short,0,113,5.65,0,0,0.035398230088495575,0.95,2,1,2,0_romanized_nepali
Thikai lagyo tyo market aaja ✨. Dherai crowd thyo tara saman haru ramrai thyo. It was an average Saturday shopping trip for the family in the city center ⭐.,3,2026-02-14,code_mixed,0.0,0.0,product,29,medium,1,156,5.379310344827586,0,0,0.02564102564102564,0.9655172413793104,0,2,1,1_code_mixed
dami jacket cha yaar.. warm and light.. bought for hike and it was perfect.. paisa vasool paisa vasool,5,2023-01-29,code_mixed,1.0,2.0,product,18,short,0,102,5.666666666666667,0,0,0.0,0.8333333333333334,0,2,2,0_code_mixed
ekdam jhyau thiyo yar,1,2023-05-11,romanized_nepali,1.0,1.0,food,4,very_short,0,21,5.25,0,0,0.0,1.0,2,0,3,0_romanized_nepali
Bed 38 ekdam ramro lagyo hai Ani bholi pheri janchu. Ani bholi pheri janchu. Dhilo aayo tara mitho thyo. Khana pakauna time lagyo.,4,9/18/2024,romanized_nepali,1.0,2.0,hotel_restaurant,23,short,0,130,5.6521739130434785,0,0,0.038461538461538464,0.8260869565217391,2,1,2,0_romanized_nepali
Dherai ramro thau chha NEPAL-SUITES. NEPAL-SUITES ma room haru ekdamai clean chhan ani NEPAL-SUITES ko staff dherai helpful hunuhunchha!!! I went there with my whole family and NEPAL-SUITES provided us the BEST DEAL for our three-day stay. We loved the garden area of NEPAL-SUITES and the breakfast was also very delicious and fresh every morning.,5,2026-01-20,romanized_nepali,0.0,0.0,hotel_restaurant,55,medium,1,347,6.3090909090909095,3,0,0.19020172910662825,0.8727272727272727,2,1,1,1_romanized_nepali
total guff service bro,1,2023-08-09,romanized_nepali,1.0,1.0,transportation,4,very_short,0,22,5.5,0,0,0.0,1.0,2,4,3,0_romanized_nepali
sahi ho bro the charger is dami.. fast charge and then my phone full in 1 hour.. paisa vasool,5,2023-08-17,code_mixed,1.0,3.0,product,19,short,0,93,4.894736842105263,0,0,0.0,1.0,0,2,2,0_code_mixed
Patan tira family lunch ma gaye. The thali was filling and the dal was tasty. Waiter explained the menu patiently. We left happy and full.,4,2025-11-30,romanized_nepali,0.0,0.0,food,25,short,1,138,5.52,0,0,0.028985507246376812,0.88,2,0,2,1_romanized_nepali
gear smooth shift easy,4,10/5/2023,code_mixed,0.0,0.0,transportation,4,very_short,0,22,5.5,0,0,0.0,1.0,0,4,3,0_code_mixed
Last Sunday I ordered food online. The delivery was on time and the portion was generous. Taste was standard Nepali style. Nothing extraordinary but satisfied my hunger.,3,2026-02-10,english,0.0,0.0,food,27,short,1,169,6.2592592592592595,0,0,0.04142011834319527,0.9259259259259259,1,0,2,1_english
clinic ma nurse very attentive thyo ani doctor le patiently explain garyo everything. felt genuinely cared for Standard quality maintained. Reasonable quality for the price.,5,7/4/2024,code_mixed,0.0,0.0,services,25,short,0,173,6.92,0,0,0.011560693641618497,0.92,0,3,2,0_code_mixed
Kathmandu ko dhulo bata bachna yo helmet best thiyo tara build quality ekdum bekar raixa. 1 hapta ma glass futyo. Thulo dhoka vo hjr.,1,2024-02-14,romanized_nepali,1.0,1.0,product,24,short,1,133,5.541666666666667,0,0,0.015037593984962405,1.0,2,2,2,1_romanized_nepali
nice place good food good vibe 🔥 will come again,5,2024-09-30,english,0.0,0.0,hotel_restaurant,10,very_short,0,48,4.8,0,0,0.0,0.9,1,1,3,0_english
"pizza was burnt, chees not fresh, delivry so late, wont ordr again!!!",1,2023-01-14,english,0.0,0.0,food,12,short,1,69,5.75,3,0,0.0,1.0,1,0,2,1_english
"Majja ayo, fantastic product, very good, I highly recommend, dherai liked it!",5,2022-05-17,code_mixed,0.0,0.0,product,12,short,1,77,6.416666666666667,1,0,0.025974025974025976,1.0,0,2,2,1_code_mixed
"cab booking process ekdum simple, payment options flexible, convenient!!!",5,2023-09-25,code_mixed,0.0,0.0,transportation,9,very_short,1,73,8.11111111111111,3,0,0.0,1.0,0,4,3,1_code_mixed
"Ramro hotel, highly recommended always!",4,2024-11-01,code_mixed,0.0,0.0,hotel_restaurant,5,very_short,1,39,7.8,1,0,0.02564102564102564,1.0,0,1,3,1_code_mixed
decent cha. not bad. thik cha,3,2023-06-11,english,0.0,0.0,food,6,very_short,0,29,4.833333333333333,0,0,0.0,1.0,1,0,3,0_english
"Service dherai ramro thiyo, I'm really happy with it, staff pani friendly cha, overall experience was amazing, I highly recommend it.",2,2023-01-13,code_mixed,0.0,0.0,services,21,short,1,133,6.333333333333333,0,0,0.022556390977443608,1.0,0,3,2,1_code_mixed
"Photography class attend gareko thyo — 10 day beginner course. Instructor thyo experienced photographer, practical exercises dherai thiya theory kam. Field assignment gayo Thamel ma, street photography practice gareko. Composition, lighting basics clearly taught. Editing basics photoshop ma 2 days cover garyo. Rs 8000 course fee, worth it honestly for this content. Class size 12 people thyo manageable. Certificate diye at end. Best part — instructor feedback personal thyo, not generic. Pheri intermediate course garchu.",5,10/31/2023,romanized_nepali,0.0,0.0,services,75,long,0,524,6.986666666666666,0,0,0.02099236641221374,0.9333333333333333,2,3,0,0_romanized_nepali
Fast delivery and good quality product.,5,2025-08-14,english,0.0,0.0,product,6,very_short,1,39,6.5,0,0,0.02564102564102564,1.0,1,2,3,1_english
waited for 45 mins for a simple dal bhat. and they got the order wrong too. paisa waste.,1,2023-04-27,code_mixed,1.0,1.0,food,18,short,0,88,4.888888888888889,0,0,0.0,0.9444444444444444,0,0,2,0_code_mixed
"Best taxi service ma, always on time, I love it, fare pani affordable cha!",5,2023-04-18,code_mixed,0.0,0.0,transportation,14,short,1,74,5.285714285714286,1,0,0.02702702702702703,1.0,0,4,2,1_code_mixed
"Chatamari ekdum mitho thyo, egg wala version order gareko thyo, filling ramro thyo ani crispy pani thyo. will try other varieties next visit",5,2/14/2023,code_mixed,1.0,1.0,food,23,short,0,140,6.086956521739131,0,0,0.007142857142857143,0.9565217391304348,0,0,2,0_code_mixed
"Service caused more damage, sued them, Nimbus Services professional liability insurance covered!!!",1,2024-05-12,english,0.0,0.0,services,12,short,1,98,8.166666666666666,3,0,0.030612244897959183,1.0,1,3,2,1_english
"Hola gardai cha, khana pugyo, besari gayo, aaja feri jane cha.",3,2023-01-16,romanized_nepali,0.0,0.0,food,11,short,1,62,5.636363636363637,0,0,0.016129032258064516,1.0,2,0,2,1_romanized_nepali
ramro thiyo delivery experience. tracking pani correct thiyo. product damage chaina aayo. dami 👍,5,2023-07-02,romanized_nepali,1.0,1.0,services,14,short,0,96,6.857142857142857,0,0,0.0,1.0,2,3,2,0_romanized_nepali
"Chito delivery vo, ramro chha.",4,2026-02-17,romanized_nepali,0.0,0.0,product,5,very_short,1,30,6.0,0,0,0.03333333333333333,1.0,2,2,3,1_romanized_nepali
"yo restaurant bekar, khana bakwas, go to other place not here ever!!!",1,2024-07-07,romanized_nepali,1.0,2.0,food,12,short,1,69,5.75,3,0,0.0,1.0,2,0,2,1_romanized_nepali
"Mero mitra le khaneko thiyo, usko pet dard bhayo, ekdam bekar sanchai cha.",1,2024-03-22,romanized_nepali,1.0,1.0,food,13,short,1,74,5.6923076923076925,0,0,0.013513513513513514,1.0,2,0,2,1_romanized_nepali
scooty ma baar baar problem service center ma lane parirako xa,2,8/16/2023,romanized_nepali,0.0,0.0,transportation,11,short,0,62,5.636363636363637,0,0,0.0,0.8181818181818182,2,4,2,0_romanized_nepali
"I LOVE THIS PLACE! Everything is 5/5, the vibe is dami, the people are dami, life is dami here, world class and superb!!!",5,2024-09-30,code_mixed,1.0,3.0,food,23,short,1,121,5.260869565217392,4,0,0.12396694214876033,0.8260869565217391,0,0,2,1_code_mixed
Gajar halwa poor quality service tho Price was high. Staf was bit slow. Recived it late. Delivery was prompt. Staf was bit slow. Staf was bit slow. The color looks nice. Recived it late. Staf was bit slow. Staf was bit slow. Price was high. Price was high. Recived it late. Staf was bit slow. Recived it late. The color looks nice. Price was high. Price was high.,1,7/24/2022,english,0.0,0.0,food,68,long,0,363,5.338235294117647,0,0,0.05234159779614325,0.3088235294117647,1,0,0,0_english
Aaja service theek thiyo.,3,2026-02-12,code_mixed,0.0,0.0,hotel_restaurant,4,very_short,1,25,6.25,0,0,0.04,1.0,0,1,3,1_code_mixed
"bus ma seat pani ramro thiena, AC kaam garena, paisa waste bhayo",1,2022-03-18,romanized_nepali,1.0,1.0,transportation,12,short,0,64,5.333333333333333,0,0,0.03125,1.0,2,4,2,0_romanized_nepali
"Honda Activa new liyeko 7 months. Lightweight, city traffic easy, mileage 55+ km/l consistent. Under-seat storage fit garcha helmet. Rear suspension slightly stiff on bumpy roads. Overall recommended for city daily commute.",4,7/15/2024,code_mixed,0.0,0.0,transportation,32,medium,0,223,6.96875,0,0,0.026905829596412557,0.96875,0,4,1,0_code_mixed
Blanket was very good idk Price was high. The color looks nice. The color looks nice. Price was high. Price was high. Recived it late. Recived it late. Delivery was prompt. Price was high. Price was high. Price was high. Staf was bit slow. Staf was bit slow. Price was high. The color looks nice. Price was high. Price was high. Price was high. Recived it late. Staf was bit slow.,5,4/13/2023,english,0.0,0.0,hotel_restaurant,71,long,0,380,5.352112676056338,0,0,0.05526315789473684,0.2676056338028169,1,1,0,0_english
"Pathetic khana, I hated it, taste bilkul nahi thi, total waste of money.",1,2023-06-08,code_mixed,0.0,0.0,food,13,short,1,72,5.538461538461538,0,0,0.027777777777777776,1.0,0,0,2,1_code_mixed
Biryani 549 babbal quality raixa ho Will visit again pheri. Will visit again pheri. Delivery was fast and safe thyo.,5,1/31/2023,code_mixed,1.0,1.0,food,20,short,0,116,5.8,0,0,0.034482758620689655,0.8,0,0,2,0_code_mixed
Wow! Fastest delivery I have ever seen in Kathmandu area for online shopping apps. Product was exactly as shown in the picture and the quality is absolutely world class compared to the cheap items found in local market. I am 100% satisfied with my purchase and will recommend all my friends to order from this store for genuine items. Keep up the good work and professional service.,5,2024-10-22,english,0.0,0.0,product,67,long,1,382,5.701492537313433,1,0,0.01832460732984293,0.835820895522388,1,2,0,1_english
"Hait, world class hotel",5,2024-10-19,english,0.0,0.0,hotel_restaurant,4,very_short,1,23,5.75,0,0,0.043478260869565216,1.0,1,1,3,1_english
Waxing paisa kher gayo k hai,2,9/28/2024,romanized_nepali,0.0,0.0,services,6,very_short,0,28,4.666666666666667,0,0,0.03571428571428571,1.0,2,3,3,0_romanized_nepali
khana thik thiyo but service slow thiyo. waited a long time for just tea bro. not coming back i think,2,2023-06-22,code_mixed,1.0,1.0,hotel_restaurant,20,short,0,101,5.05,0,0,0.0,1.0,0,1,2,0_code_mixed
"Ramro product hai, excellent quality, I'm so happy, totally worth it, price pani ok cha.",4,2025-02-15,code_mixed,1.0,1.0,product,15,short,1,88,5.866666666666666,0,0,0.022727272727272728,1.0,0,2,2,1_code_mixed
"Daraz sale ma discounted dekherai order gareko thyo, aayo tara it was a different color than shown. return policy confusing cha sarai",5,6/30/2022,code_mixed,0.0,0.0,product,22,short,0,133,6.045454545454546,0,0,0.007518796992481203,1.0,0,2,2,0_code_mixed
service thikai thiyo overall normal nothing special noticed,3,2022-06-06,english,0.0,0.0,services,8,very_short,1,59,7.375,0,0,0.0,1.0,1,3,3,1_english
Packaging was severely damaged on delivery but the item inside was somehow fine. close call though,3,5/11/2022,english,0.0,0.0,product,16,short,0,98,6.125,0,0,0.01020408163265306,0.9375,1,2,2,0_english
"chicken chowmein babbal thyo ekdum, sauce dami, portion ni thikkai thyo yaar nxt time ni aauchu pakkai Used this service for a major requirement recently. The process was smoother than expected and the staff were professional throughout. Outcome was satisfactory. Would use them for similar needs in future without hesitation.",5,6/14/2022,romanized_nepali,1.0,2.0,food,50,medium,0,326,6.52,0,0,0.012269938650306749,0.92,2,0,1,0_romanized_nepali
"Hotel is decent, basic facilities available.",3,2023-02-19,english,0.0,0.0,hotel_restaurant,6,very_short,1,44,7.333333333333333,0,0,0.022727272727272728,1.0,1,1,3,1_english
Recently maile POKHARA-CAB service use gareko tara POKHARA-CAB ko driver dherai rude thyo. POKHARA-CAB le bhane bhanda dherai paisa liyo ani AC pani chaleko thiyena!!! TOTAL SCAM experience for a traveler like me. I went there with high expectations but POKHARA-CAB ruined my whole afternoon trip around the lakeside area today.,2,2026-02-15,code_mixed,0.0,0.0,transportation,51,medium,1,328,6.431372549019608,3,0,0.16158536585365854,0.9215686274509803,0,4,1,1_code_mixed
"Disgusting conditions, filthy bathrooms and broken fixtures.",1,2022-01-18,english,0.0,0.0,hotel_restaurant,7,very_short,1,60,8.571428571428571,0,0,0.016666666666666666,1.0,1,1,3,1_english
food was very very oily. felt sick after eating. not coming back. this is very bad for health bro,1,2024-02-09,english,0.0,0.0,food,19,short,0,97,5.105263157894737,0,0,0.0,0.8947368421052632,1,0,2,0_english
"Rooms were beyond luxury, best best best stay of my whole life!!!",5,2024-12-22,english,0.0,0.0,hotel_restaurant,12,short,1,65,5.416666666666667,3,0,0.015384615384615385,0.8333333333333334,1,1,2,1_english
Lastai dami service raixa. Driver bro friendly ani ride safe. Kathmandu ko traffic ma best choice ho yo cab service.,5,2025-02-01,code_mixed,1.0,2.0,transportation,20,short,1,116,5.8,0,0,0.02586206896551724,1.0,0,4,2,1_code_mixed
"Lunch ma gako thyo ek Newar restaurant Kirtipur tiir. Bara, chatamari, and yomari order gareko thyo — tino wota pani fresh thyo. Yomari especially dami thyo, chaku filling perfect thyo sweet but not overwhelming. Chatamari egg topping crispy thyo. Bara texture authentic thyo, lentil ratio proper thyo. Rs 520 total, paisa vasool thyo. Small family place cha, 5 table matra xa. Parking nearby muskil cha. But for food quality, worth the trouble.",5,11/10/2022,romanized_nepali,1.0,1.0,food,72,long,0,445,6.180555555555555,0,0,0.024719101123595506,0.9166666666666666,2,0,0,0_romanized_nepali
"Ekdam sanchai pani aayo, khana pani ramro bhayo cha.",3,2023-08-18,romanized_nepali,1.0,1.0,food,9,very_short,1,52,5.777777777777778,0,0,0.019230769230769232,0.8888888888888888,2,0,3,1_romanized_nepali
hp ink expensive print quality wireless disconnect scan duplex paper setup easy compact noisy cartridge genuine compatible cheap better,3,11/13/2023,code_mixed,1.0,1.0,product,19,short,0,135,7.105263157894737,0,0,0.0,1.0,0,2,2,0_code_mixed
"thik cha product, nothing special",3,2023-10-30,english,0.0,0.0,product,5,very_short,0,33,6.6,0,0,0.0,1.0,1,2,3,0_english
Too noisy engine,2,7/22/2023,english,0.0,0.0,transportation,3,very_short,0,16,5.333333333333333,0,0,0.0625,1.0,1,4,3,0_english
room small but clean and clean again. ramro dherai ramro for couple stay 💖,4,2024-01-01,code_mixed,1.0,2.0,hotel_restaurant,14,short,0,74,5.285714285714286,0,0,0.0,0.8571428571428571,0,1,2,0_code_mixed
khattam product.. broke after one week.. one week only.. paisa waste,1,2022-12-20,code_mixed,1.0,2.0,product,11,short,0,68,6.181818181818182,0,0,0.0,0.9090909090909091,0,2,2,0_code_mixed
"Fantastic staff, top-notch service, I'm completely satisfied!",5,2025-05-10,english,0.0,0.0,services,7,very_short,1,61,8.714285714285714,1,0,0.03278688524590164,1.0,1,3,3,1_english
Picnic spot ramro children playground safe pani cha booking advance garna parcha,4,7/13/2022,code_mixed,1.0,1.0,hotel_restaurant,12,short,0,80,6.666666666666667,0,0,0.0125,1.0,0,1,2,0_code_mixed
taxi driver rash driving unsafe feel,2,12/9/2023,code_mixed,0.0,0.0,transportation,6,very_short,0,36,6.0,0,0,0.0,1.0,0,4,3,0_code_mixed
Ekdamai ghatiya service 😡. Maile laundry deko tara mero shirt falyo uhile. Maile complain garda manager le uile tharkayo. TOTAL WASTE of money and cloth 🔥.,1,2026-02-12,romanized_nepali,1.0,1.0,services,26,short,1,155,5.961538461538462,0,0,0.08387096774193549,0.9615384615384616,2,3,2,1_romanized_nepali
ok so i book room and then reach late night and then gate close i shout HELLO HELLO and guard come slow slow but he nice and smile and give key room clean bed soft view ramailo but water cold cold lol but ok i like stay ramro dherai ramro,4,2023-12-12,code_mixed,1.0,1.0,hotel_restaurant,50,medium,0,238,4.76,0,0,0.04201680672268908,0.7,0,1,1,0_code_mixed
"Oho, product ekdum babbal",5,2023-09-19,code_mixed,1.0,1.0,product,4,very_short,1,25,6.25,0,0,0.04,1.0,0,2,3,1_code_mixed
"Repulsive hotel conditions, safety concerns serious, management incompetent!!!",1,2024-07-21,english,0.0,0.0,hotel_restaurant,8,very_short,1,78,9.75,3,0,0.01282051282051282,1.0,1,1,3,1_english
"Yeh taxi company bahut acchi hai, very reliable, I love their service style.",5,2025-05-30,code_mixed,1.0,1.0,transportation,13,short,1,76,5.846153846153846,0,0,0.02631578947368421,1.0,0,4,2,1_code_mixed
Dherai be comfortable ride thiyo. The train was on time and the coach was air conditioned. The scenery was beautiful. I reached my hometown relaxed.,3,2025-09-10,romanized_nepali,1.0,2.0,transportation,25,short,1,148,5.92,0,0,0.02702702702702703,0.88,2,4,2,1_romanized_nepali
"Aaja mereko yo repair shop ko sewa leke dherai khushi bhayo, sabai le gardai cha, sewa ekdam thik bhayo.",5,2024-08-20,romanized_nepali,1.0,1.0,services,19,short,1,104,5.473684210526316,0,0,0.009615384615384616,0.9473684210526315,2,3,2,1_romanized_nepali
"Hospital ko staff dherai arrogant thiyo, doctor sahab pani serious nahin laga, treatment pani wrong thiyo.",1,2023-09-11,code_mixed,0.0,0.0,services,16,short,1,106,6.625,0,0,0.009433962264150943,0.9375,0,3,2,1_code_mixed
SSD 590 thikai thyo ni ta Ani bholi pheri janchu. Sathi haru sanga gako thyo. Paisa dherai liyo tara thikai thyo. Paisa dherai liyo tara thikai thyo. 🤩 ✨👎,3,12/2/2022,romanized_nepali,0.0,0.0,product,29,medium,0,154,5.310344827586207,0,0,0.045454545454545456,0.7241379310344828,2,2,1,0_romanized_nepali
"Fantastic product cha, I'm impressed, price fair, quality excellent, must try!",5,2024-12-16,code_mixed,0.0,0.0,product,11,short,1,78,7.090909090909091,1,0,0.02564102564102564,1.0,0,2,2,1_code_mixed
"Best food in the history of food, taste was out of this world, absolutely phenomenal!!!",5,2023-03-14,english,0.0,0.0,food,15,short,1,87,5.8,3,0,0.011494252873563218,0.9333333333333333,1,0,2,1_english
"Absolutely flawless stay, best hotel experience in history!!!",5,2024-01-17,english,0.0,0.0,hotel_restaurant,8,very_short,1,61,7.625,3,0,0.01639344262295082,1.0,1,1,3,1_english
"Bluetooth speaker kineko budget ma, sound okay cha tara battery 3 hours matra cha. bit disappointing for the size",3,7/14/2024,code_mixed,0.0,0.0,product,19,short,0,113,5.947368421052632,0,0,0.008849557522123894,1.0,0,2,2,0_code_mixed
cab driver was nice and cab was clean. reached on time. sahi service cha. thik cha,4,2022-11-25,romanized_nepali,1.0,2.0,transportation,16,short,0,82,5.125,0,0,0.0,0.875,2,4,2,0_romanized_nepali
"Yak & Yeti budget friendly cha tara amenities chai basic matra cha, upscale expect garne bhaye jana nau. thik thyo for the price",3,12/19/2022,romanized_nepali,0.0,0.0,hotel_restaurant,23,short,0,128,5.565217391304348,0,0,0.015625,1.0,2,1,2,0_romanized_nepali
"Dessert section was limited but the kheer they had was creamy, not overly sweet, and served at the right temperature. small details like that matter 😎🤔",4,8/14/2023,english,0.0,0.0,food,26,short,0,151,5.8076923076923075,0,0,0.006622516556291391,0.9230769230769231,1,0,2,0_english
Patan ma khana mitho chha.,4,2026-02-14,romanized_nepali,0.0,0.0,food,5,very_short,1,26,5.2,0,0,0.038461538461538464,1.0,2,0,3,1_romanized_nepali
"dami cha dami, khatrai khana 🔥",5,2022-07-22,romanized_nepali,1.0,2.0,food,6,very_short,0,30,5.0,0,0,0.0,1.0,2,0,3,0_romanized_nepali
ramrooo,5,2022-02-02,romanized_nepali,1.0,1.0,product,1,very_short,0,7,7.0,0,0,0.0,1.0,2,2,3,0_romanized_nepali
"not worth the money at all, quality is very bad, will not buy again",1,2023-03-07,english,0.0,0.0,product,14,short,0,67,4.785714285714286,0,0,0.0,0.9285714285714286,1,2,2,0_english
thik cha yar. chalcha,3,2022-10-05,romanized_nepali,1.0,1.0,services,4,very_short,0,21,5.25,0,0,0.0,1.0,2,3,3,0_romanized_nepali
"I loved khana khane ko experience, yeh restaurant ko staff bhi dherai friendly thiyo, food ko presentation pani nice thiyo, I'm definitely going back, khaane ko price bhi reasonable cha, I think it's great value for money, overall experience dherai ramro thiyo.",5,2022-12-23,code_mixed,0.0,0.0,food,42,medium,1,261,6.214285714285714,0,0,0.011494252873563218,0.8333333333333334,0,0,1,1_code_mixed
"Wonderfully professional service, attention to detail perfect, satisfied completely!!!",5,2024-07-25,english,0.0,0.0,services,9,very_short,1,86,9.555555555555555,3,0,0.011627906976744186,1.0,1,3,3,1_english
Salon 119 really good quality idk The color was nice. Shipping was fast. Service was a bit slow but okay. The color was nice.,5,6/22/2024,english,0.0,0.0,services,24,short,0,125,5.208333333333333,0,0,0.04,0.75,1,3,2,0_english
"Chi chi, cab canceled last minute, no alternative, stuck!!!",1,2023-12-21,english,0.0,0.0,transportation,9,very_short,1,59,6.555555555555555,3,0,0.01694915254237288,1.0,1,4,3,1_english
thik cha,3,2023-06-18,romanized_nepali,1.0,1.0,food,2,very_short,0,8,4.0,0,0,0.0,1.0,2,0,3,0_romanized_nepali
Map great quality overall tho Staf was bit slow. Delivery was prompt. Recived it late. Price was high. Price was high. Price was high. The color looks nice. The color looks nice. Recived it late. Staf was bit slow. Price was high. Recived it late. Recived it late. Staf was bit slow. Price was high. Delivery was prompt. Price was high. Price was high. Delivery was prompt. 🔥🙌🤩,5,1/30/2024,english,0.0,0.0,transportation,68,long,0,377,5.544117647058823,0,0,0.05305039787798409,0.3088235294117647,1,4,0,0_english
khatrai thiyo experience. stff cooperative thiyo ani khana pani mitho thiyo. dherai ramro,4,2024-03-22,romanized_nepali,1.0,2.0,hotel_restaurant,13,short,0,89,6.846153846153846,0,0,0.0,0.9230769230769231,2,1,2,0_romanized_nepali
"Everything about this place is dherai good, food quality pani top class cha, I'm in love with their momos, must try, you'll love it!",4,2023-12-31,code_mixed,0.0,0.0,food,24,short,1,132,5.5,1,0,0.015151515151515152,0.9583333333333334,0,0,2,1_code_mixed
"delivery boy rude thiyo, packet pani damage thiyo, never ordering again from here",1,2023-06-05,english,0.0,0.0,product,13,short,0,81,6.230769230769231,0,0,0.0,0.9230769230769231,1,2,2,0_english
"Price fair cha, food quantity badiya cha, I'm very happy, excellent service!",3,2022-03-13,code_mixed,0.0,0.0,food,12,short,1,76,6.333333333333333,1,0,0.02631578947368421,0.9166666666666666,0,0,2,1_code_mixed
"Salon ko service dherai ramro thiyo, I loved it, hair stylist pani friendly cha!",5,2022-12-26,code_mixed,0.0,0.0,services,14,short,1,80,5.714285714285714,1,0,0.025,1.0,0,3,2,1_code_mixed
"Product is okay, normal experience, nothing special.",3,2023-02-15,english,0.0,0.0,product,7,very_short,1,52,7.428571428571429,0,0,0.019230769230769232,1.0,1,2,3,1_english
"Bajaj Avenger thiyeko, highway riding dami cha, comfortable posture, but city ma parking jhyau hunxa ekdum Will consider returning again. ❤️",4,1/24/2023,code_mixed,1.0,1.0,transportation,21,short,0,140,6.666666666666667,0,0,0.02142857142857143,1.0,0,4,2,0_code_mixed
ride ok but driver late and then late again. jhyau lagyo,3,2022-06-06,code_mixed,1.0,1.0,transportation,11,short,0,56,5.090909090909091,0,0,0.0,0.9090909090909091,0,4,2,0_code_mixed
"dami dami cha ekdamai, paisa vasool 🔥",5,2024-03-07,romanized_nepali,1.0,2.0,food,7,very_short,0,37,5.285714285714286,0,0,0.0,0.8571428571428571,2,0,3,0_romanized_nepali
Balcony 78 worth it tbh Maybe it will improve later. Shipping was fast. Maybe it will improve later. It was quite a busy day there. Actually I dont know. The staff were helpful. And the quality was also something I noticed.,4,5/11/2023,english,0.0,0.0,hotel_restaurant,41,medium,0,223,5.439024390243903,0,0,0.04484304932735426,0.7804878048780488,1,1,1,0_english
Laundry 225 paisa vasool deal ho ni Price ali high thyo but worth it. Staff behavior was polite and ramro. Price ali high thyo but worth it.,5,11/30/2024,code_mixed,1.0,2.0,services,27,short,0,140,5.185185185185185,0,0,0.02857142857142857,0.7407407407407407,0,3,2,0_code_mixed
"Service dherai ramro thiyo, I'm totally satisfied, price pani reasonable cha!",5,2024-10-03,code_mixed,0.0,0.0,services,11,short,1,77,7.0,1,0,0.025974025974025976,1.0,0,3,2,1_code_mixed
🏍️🏍️🏍️ #Number1Bike #BestMotorcycle WORLD CLASS DESIGN!!! Amazing performance must buy!!! #TopRated #BestInClass #Premium!!!,5,2023-10-27,english,0.0,0.0,transportation,13,short,1,124,9.538461538461538,9,0,0.21774193548387097,1.0,1,4,2,1_english
"Hospital ko doctor haraamkhor thiye, I won't go back, khub dherai kharaab.",1,2023-12-25,code_mixed,0.0,0.0,services,12,short,1,74,6.166666666666667,0,0,0.02702702702702703,1.0,0,3,2,1_code_mixed
Pharmacy 436 thik chai thik thyo ho Ani bholi pheri janchu. Khana pakauna time lagyo. Kasto ramro thyo tyo thau.,3,3/15/2024,romanized_nepali,1.0,2.0,services,20,short,0,112,5.6,0,0,0.03571428571428571,0.9,2,3,2,0_romanized_nepali
Hard drive very disappointed with it k hai Service kasto slow thyo but okay.,1,6/26/2023,code_mixed,0.0,0.0,product,14,short,0,76,5.428571428571429,0,0,0.02631578947368421,1.0,0,2,2,0_code_mixed
"Yo salon ko sevaye dherai ramro cha, hola sabai ko ko khushi lagyo, ekdam thik bhayo.",4,2025-05-19,romanized_nepali,1.0,1.0,services,16,short,1,85,5.3125,0,0,0.011764705882352941,0.875,2,3,2,1_romanized_nepali
Juice ekdam dami thyo yaar Malai ta ekdam man paryo.,4,1/24/2025,romanized_nepali,1.0,1.0,food,10,very_short,0,52,5.2,0,0,0.038461538461538464,0.9,2,0,3,0_romanized_nepali
"Repair shop ma dherai fast service thiyo, I got my phone fixed aramse, thanks!",5,2023-11-18,code_mixed,0.0,0.0,services,14,short,1,78,5.571428571428571,1,0,0.02564102564102564,1.0,0,3,2,1_code_mixed
"Hait, thukpa ramro mitho",5,2024-11-07,romanized_nepali,1.0,1.0,food,4,very_short,1,24,6.0,0,0,0.041666666666666664,1.0,2,0,3,1_romanized_nepali
SSD 423 headphones paisa vasool deal ho yaar Overall experience was thikai. The product is babbal and works fine.,5,1/14/2022,code_mixed,1.0,2.0,product,19,short,0,113,5.947368421052632,0,0,0.04424778761061947,1.0,0,2,2,0_code_mixed
"Ambiance yi hotel ma dherai nice cha, I felt very comfortable, staff pani very helpful thiyo, great place to stay, loved it.",1,2024-04-01,code_mixed,0.0,0.0,hotel_restaurant,22,short,1,124,5.636363636363637,0,0,0.016129032258064516,0.9545454545454546,0,1,2,1_code_mixed
Bajaj Pulsar 220 is comfortable on long rides and handles well at higher speeds consistently Would give another chance.,4,11/17/2022,english,0.0,0.0,transportation,19,short,0,119,6.2631578947368425,0,0,0.025210084033613446,1.0,1,4,2,0_english
"Uff, paisa vasool scooter",5,2023-11-14,romanized_nepali,1.0,1.0,transportation,4,very_short,1,25,6.25,0,0,0.04,1.0,2,4,3,1_romanized_nepali
"Superb quality, price pani affordable cha!",5,2025-02-09,code_mixed,0.0,0.0,product,6,very_short,1,42,7.0,1,0,0.023809523809523808,1.0,0,2,3,1_code_mixed
Dryer heat low medium high setting cool shot,4,5/29/2024,english,0.0,0.0,product,8,very_short,0,44,5.5,0,0,0.022727272727272728,1.0,1,2,3,0_english
gundruk soup authentic salt kam,4,3/14/2024,code_mixed,0.0,0.0,food,5,very_short,0,31,6.2,0,0,0.0,1.0,0,0,3,0_code_mixed
normal bike. gives average mileage. okay for daily use.,3,2024-03-10,english,0.0,0.0,transportation,9,very_short,1,55,6.111111111111111,0,0,0.0,1.0,1,4,3,1_english
"Hait, yesto sasto ma yesto babbal phone katai paidaina, 100% genuine market price vanda dherai sasto, must buy sabaile.",5,2025-01-05,code_mixed,1.0,2.0,product,19,short,1,119,6.2631578947368425,0,0,0.008403361344537815,0.9473684210526315,0,2,2,1_code_mixed
"Mero sathi ko bike pani yai bigrya thiyo, yini haru sab fraud hun, go to the official showroom instead of this local gully shop. Paisa barbad!!",1,2024-05-19,code_mixed,1.0,1.0,transportation,26,short,1,143,5.5,2,0,0.013986013986013986,1.0,0,4,2,1_code_mixed
tbh the food was just okay.. mitho but small portion.. paisa thoda bढी cha,3,2023-07-22,code_mixed,1.0,1.0,hotel_restaurant,14,short,0,74,5.285714285714286,0,0,0.0,1.0,0,1,2,0_code_mixed
"Microbus ko fare pani reasonable cha, dherai satisfied customer hu, excellent service!",5,2025-05-09,code_mixed,0.0,0.0,transportation,12,short,1,86,7.166666666666667,1,0,0.011627906976744186,1.0,0,4,2,1_code_mixed
honestly thik cha for the price. budget option. not luxury but clean enough. staff polite,3,2024-08-11,english,0.0,0.0,hotel_restaurant,15,short,0,89,5.933333333333334,0,0,0.0,1.0,1,1,2,0_english
"food ok, service ok, price ok, just ok overall nothing to write home about❤️",3,2024-04-07,english,0.0,0.0,food,14,short,0,76,5.428571428571429,0,0,0.0,0.8571428571428571,1,0,2,0_english
burger patty juicy bun soggy thyo,3,8/3/2023,code_mixed,0.0,0.0,food,6,very_short,0,33,5.5,0,0,0.0,1.0,0,0,3,0_code_mixed
Pani puri 769 latte just fine ... It was quite a busy day there. The staff were helpful. The color was nice.,3,4/12/2023,english,0.0,0.0,food,22,short,0,108,4.909090909090909,0,0,0.037037037037037035,0.9090909090909091,1,0,2,0_english
Onver Cab driver asked to pay in cash despite app showing digital payment option clearly. created an awkward situation,2,3/11/2024,code_mixed,0.0,0.0,transportation,19,short,0,118,6.2105263157894735,0,0,0.01694915254237288,1.0,0,4,2,0_code_mixed
"Food quality top notch thiyo, I'm in love, visit this place ASAP, you'll love!",4,2023-01-18,code_mixed,0.0,0.0,food,14,short,1,78,5.571428571428571,1,0,0.07692307692307693,1.0,0,0,2,1_code_mixed
"Philips trimmer use garda blade ali pull huncha, comfortable chaina",2,2025-02-24,code_mixed,0.0,0.0,product,10,very_short,0,67,6.7,0,0,0.014925373134328358,1.0,0,2,3,0_code_mixed
Thikai thyo tyo thau aaja.,3,2026-02-18,romanized_nepali,0.0,0.0,services,5,very_short,1,26,5.2,0,0,0.038461538461538464,1.0,2,3,3,1_romanized_nepali
earbuds started making crackling sound after 1 month. and then i went to warranty center and then they said physical damage bhanyo. there was NO damage bro i just used them. jhur brand. paisa waste. never buying this brand again,1,2025-01-07,code_mixed,1.0,2.0,product,40,medium,0,228,5.7,0,0,0.008771929824561403,0.9,0,2,1,0_code_mixed
Aaja ko breakfast dherai mitho thyo tyo hotel ma. Staff haru dherai polite chhan ani environment ekdamai peaceful thyo. I really liked the fresh juice and the homemade bread they served us. I will definitely suggest my friends to stay here if they are visiting the city for a holiday trip.,5,2026-02-10,romanized_nepali,0.0,0.0,hotel_restaurant,51,medium,1,289,5.666666666666667,0,0,0.01384083044982699,0.9019607843137255,2,1,1,1_romanized_nepali
"Dherai expensive, khaana pani Testo hudina.",1,2022-02-05,code_mixed,0.0,0.0,hotel_restaurant,6,very_short,1,43,7.166666666666667,0,0,0.046511627906976744,1.0,0,1,3,1_code_mixed
lastai ramro thyo concert.. sound was clear and vibe was babbal.. ramailo ramailo night 🔥,5,2023-04-02,code_mixed,1.0,3.0,services,15,short,0,89,5.933333333333334,0,0,0.0,0.8666666666666667,0,3,2,0_code_mixed
"service ekdam ramro, sabai kura perfect, totally paisa vasool experience!!!",5,2022-07-21,code_mixed,1.0,2.0,services,10,very_short,1,75,7.5,3,0,0.0,1.0,0,3,3,1_code_mixed
service good good. staff helpful. room clean. value for money,4,2024-08-22,english,0.0,0.0,hotel_restaurant,10,very_short,0,61,6.1,0,0,0.0,1.0,1,1,3,0_english
"Hospital ko doctor ko fees dherai high thiyo, I felt cheated, very poor service quality.",1,2023-08-20,code_mixed,0.0,0.0,services,15,short,1,88,5.866666666666666,0,0,0.022727272727272728,0.9333333333333333,0,3,2,1_code_mixed
"scooter brakes fail bhayo, accident bhayo, company responsible, legal action!!!",1,2023-11-30,code_mixed,0.0,0.0,transportation,10,very_short,1,79,7.9,3,0,0.0,0.9,0,4,3,1_code_mixed
Pani puri pani lastai spicy khatra,5,9/12/2023,romanized_nepali,1.0,2.0,food,6,very_short,0,34,5.666666666666667,0,0,0.029411764705882353,1.0,2,0,3,0_romanized_nepali
ride start fine but then rain come and road flood flood driver still go slow slow safe safe i feel tense but reach home dry dry so thik cha ride thik cha,4,2022-06-06,code_mixed,1.0,1.0,transportation,32,medium,0,153,4.78125,0,0,0.0,0.75,0,4,1,0_code_mixed
dami hotel yaar.. staff was so nice and they arranged everything on time.. room was clean and bed was soft.. khatrai experience.. will come back,5,2024-09-06,code_mixed,1.0,2.0,hotel_restaurant,25,short,0,144,5.76,0,0,0.0,0.88,0,1,2,0_code_mixed
room small small but clean clean and safe safe,4,2023-03-21,english,0.0,0.0,hotel_restaurant,9,very_short,0,46,5.111111111111111,0,0,0.0,0.6666666666666666,1,1,3,0_english
dami cha yar ekdum,5,2024-03-07,romanized_nepali,1.0,1.0,food,4,very_short,0,18,4.5,0,0,0.0,1.0,2,0,3,0_romanized_nepali
"Spent 2 nights at a boutique hotel in Bhaktapur old town, waking to temple bells was wonderful. Traditional room with woodwork. Breakfast included local items — chiura and sel roti. Atmospheric place worth the rate.",5,12/29/2022,english,0.0,0.0,hotel_restaurant,35,medium,0,215,6.142857142857143,0,0,0.023255813953488372,1.0,1,1,1,0_english
"Spa ko massage therapy fantastic ho, I felt relaxed, ambiance pani soothing cha!",5,2024-08-09,code_mixed,0.0,0.0,services,13,short,1,80,6.153846153846154,1,0,0.025,1.0,0,3,2,1_code_mixed
Mileage ekdam ramro lagyo ho Dhilo aayo tara mitho thyo. Kasto ramro thyo tyo thau. 🙃 😍😤,4,12/17/2022,romanized_nepali,1.0,2.0,transportation,17,short,0,88,5.176470588235294,0,0,0.03409090909090909,0.9411764705882353,2,4,2,0_romanized_nepali
"Choila and beaten rice combo was dami, tara seating area cramped thyo yaar. next visit ma outdoor seating try garchu Been using this for work regularly. Reliability has been solid overall with minimal disruptions. Interface could be more intuitive but usable. Customer support responsive when needed. Good option for regular users in this category.",4,10/16/2022,code_mixed,1.0,1.0,food,54,medium,0,348,6.444444444444445,0,0,0.017241379310344827,0.9444444444444444,0,0,1,0_code_mixed
"Yo microbus service sabai ko bhanda thik cha, sajilo pani huncha, hami haru dami khush huncha.",5,2022-10-14,romanized_nepali,1.0,1.0,transportation,16,short,1,94,5.875,0,0,0.010638297872340425,1.0,2,4,2,1_romanized_nepali
Aaja morning ma product order gariyo. Delivery came fast but the item was damaged. Packaging was poor. This brand is NeoTech NeoTech NeoTech but quality is not matching the price. I am returning it immediately.,2,2025-08-30,code_mixed,0.0,0.0,product,35,medium,1,210,6.0,0,0,0.05238095238095238,0.8285714285714286,0,2,1,1_code_mixed
I have been to this resturant 3 times and every time something goes wrong. first time food came late. second time wrong order. third time and then staff was rude when i complained. THREE TIMES bro. lastai jhur yo place. never again ever. khattam. not worth. bijog resturant,1,2023-02-18,english,1.0,3.0,hotel_restaurant,48,medium,0,273,5.6875,0,0,0.040293040293040296,0.8958333333333334,1,1,1,0_english
took the overnight bus. seat was uncomfortable whole night. no blanket provided. reached late pani. not great experience,2,2023-12-04,english,0.0,0.0,transportation,18,short,0,120,6.666666666666667,0,0,0.0,1.0,1,4,2,0_english
mero ghar shift garna yo company hire gareko. and then they came with not enough people. and then took 2x time. and then broke one of my vase during shift. and then said it was already cracked. LIE. i have photos. and then charged extra for overtime. overtime THEY caused. sala. baal service. paisa waste. i don't like this trash company. never hiring again. telling friends pani to avoid,1,2024-07-25,code_mixed,1.0,3.0,services,69,long,0,388,5.6231884057971016,0,0,0.01804123711340206,0.8695652173913043,0,3,0,0_code_mixed
food ramro dherai ramro sauce thick thick love love,5,2022-01-01,code_mixed,1.0,1.0,food,9,very_short,0,51,5.666666666666667,0,0,0.0,0.6666666666666666,0,0,3,0_code_mixed
Breakfast buffet was huge — continental ra Nepali both options thiye. dami way to start the day Worth visiting for the experience.,5,1/24/2024,code_mixed,1.0,1.0,hotel_restaurant,22,short,0,130,5.909090909090909,0,0,0.023076923076923078,0.9545454545454546,0,1,2,0_code_mixed
Last month it was fine.,3,2024-09-10,english,0.0,0.0,services,5,very_short,1,23,4.6,0,0,0.043478260869565216,1.0,1,3,3,1_english
Chatpate kadha,3,2/15/2023,romanized_nepali,0.0,0.0,food,2,very_short,0,14,7.0,0,0,0.07142857142857142,1.0,2,0,3,0_romanized_nepali
thik thik cha service. neither wow nor bad. average i think,3,2022-11-30,romanized_nepali,0.0,0.0,services,11,short,0,59,5.363636363636363,0,0,0.0,0.9090909090909091,2,3,2,0_romanized_nepali
"restaurant parking space ekdum ample, valet service available, convenient!!!",5,2022-07-28,code_mixed,0.0,0.0,hotel_restaurant,9,very_short,1,76,8.444444444444445,3,0,0.0,1.0,0,1,3,1_code_mixed
"hotel swimming pool ma bacteria, dirty water, skin infection bhayo, lawsuit!!!",1,2022-10-27,code_mixed,0.0,0.0,hotel_restaurant,11,short,1,78,7.090909090909091,3,0,0.0,1.0,0,1,2,1_code_mixed
"product upgrade path ekdum clear, future proof investment, smart purchase!!!",5,2024-05-02,code_mixed,0.0,0.0,product,10,very_short,1,76,7.6,3,0,0.0,1.0,0,2,3,1_code_mixed
Noodles soggy broth tasteless,2,8/19/2023,english,0.0,0.0,food,4,very_short,0,29,7.25,0,0,0.034482758620689655,1.0,1,0,3,0_english
"Salon ko service ramro cha, I think it's okay, staff pani friendly thiyo.",3,2023-06-08,code_mixed,0.0,0.0,services,13,short,1,73,5.615384615384615,0,0,0.0273972602739726,1.0,0,3,2,1_code_mixed
Momo babbal!,5,2023-01-12,romanized_nepali,1.0,1.0,food,2,very_short,1,12,6.0,1,0,0.08333333333333333,1.0,2,0,3,1_romanized_nepali
Maile yo brand ko naya laptop kineko tara performance chai malai dherai slow lagyo aaja. 💻 Suru ma open garda thikai thyo tara dherai apps chalauda jhyapp jhyapp hang hune raicha. ✨ Screen ko brightness pani dherai low chha bahira basera chalauda kehi dekhidaina. ⭐ Design chai dherai light ani ramro chha tara processor le dherai load dhanna sakdaina raicha. 🛍️ For basic office work it might be okay but for heavy tasking this is not a good choice at all. ✨ 🙏,2,2026-02-18,romanized_nepali,1.0,1.0,product,83,long,1,461,5.554216867469879,0,0,0.010845986984815618,0.8433734939759037,2,2,0,1_romanized_nepali
Room XYZ was great ngl And the quality was also something I noticed. Maybe it will improve later. The staff were helpful.,5,11/21/2024,english,0.0,0.0,hotel_restaurant,22,short,0,121,5.5,0,0,0.06611570247933884,0.9545454545454546,1,1,2,0_english
"Arrey, restaurant reservation canceled without informing, unprofessional!!!",1,2024-09-07,english,0.0,0.0,hotel_restaurant,7,very_short,1,75,10.714285714285714,3,0,0.013333333333333334,1.0,1,1,3,1_english
Last month I used a cab service. The driver was quiet and the ride was smooth. Fare was as per the meter. I reached the destination without any hassle.,3,2026-02-05,english,0.0,0.0,transportation,29,medium,1,151,5.206896551724138,0,0,0.033112582781456956,0.8275862068965517,1,4,1,1_english
Lobby looked nice but service was not attentive,2,2025-02-04,english,0.0,0.0,hotel_restaurant,8,very_short,0,47,5.875,0,0,0.02127659574468085,1.0,1,1,3,0_english
"Jabaan ma driver le cancel garyo last minute, 40 min wait gareko waste bhayo",4,2/12/2024,romanized_nepali,0.0,0.0,transportation,14,short,0,76,5.428571428571429,0,0,0.013157894736842105,1.0,2,4,2,0_romanized_nepali
Passport renewal at Narayanhiti — online token meant no queue chaos. Staff professionally polite. Processing fee paid digitally. Passport ready in 7 working days as promised. Genuinely impressed with improvement in this government process.,5,10/30/2024,english,0.0,0.0,services,34,medium,0,239,7.029411764705882,0,0,0.02510460251046025,0.9411764705882353,1,3,1,0_english
staff nice nice and help fast fast sahi ho,5,2022-02-02,code_mixed,1.0,1.0,services,9,very_short,0,42,4.666666666666667,0,0,0.0,0.7777777777777778,0,3,3,0_code_mixed
"dal bhat paisa vasool lagyo honestly. ghee ko smell ramrai thyo ani sabji ni fresh lageko thyo, portion ni tha thyo",5,9/30/2023,romanized_nepali,1.0,1.0,food,21,short,0,115,5.476190476190476,0,0,0.0,0.9047619047619048,2,0,2,0_romanized_nepali
CCTV install camera coverage entry exit monitor AI detection facial recognition security system ramro professional setup quality,5,5/12/2024,code_mixed,1.0,1.0,services,17,short,0,128,7.529411764705882,0,0,0.046875,1.0,0,3,2,0_code_mixed
The restaurant inside is actually quite good. had dinner there and it really did not disappoint at all,4,9/25/2022,english,0.0,0.0,hotel_restaurant,18,short,0,102,5.666666666666667,0,0,0.00980392156862745,1.0,1,1,2,0_english
Thamel ma I went there with my family and we experienced the ride was punctual the driver polite but the confirmation messages felt templated and copied no real personalization the chain of messages looked like a bot flow leaving a hollow trust signal,3,2026-01-20,english,0.0,0.0,transportation,43,medium,1,251,5.837209302325581,0,0,0.00796812749003984,0.8604651162790697,1,4,1,1_english
Mug mithooooo khana thyo ni Malai ta ekdam man paryo. Hijo gako 😠 thyo rati. Sathi haru lai pani vanchu.,5,1/5/2024,romanized_nepali,1.0,1.0,hotel_restaurant,20,short,0,104,5.2,0,0,0.038461538461538464,0.95,2,1,2,0_romanized_nepali
so ok long review incoming. mero experience with yo transportation company was full disaster bro. so i booked cab for airport at 5am. and then driver called at 4:30am said he is outside. and then i came down and then nobody was there. and then called him back and then he said he is coming bhanyo. and then waited 20 min. 5am ma 20 min wait bro. and then new driver aayo and then he didn't know the route to airport. i had to navigate. ME the passenger had to navigate. and then halfway the car started making sound. and then driver stopped and then said tire problem. and then we changed tire slowly. and then reached airport late. MISSED MY FLIGHT. bro i was so angry. and then company said sorry only. no refund for cab no help for new flight nothing. sala. this is very bad. this is the worst experience of my life. baal management. lastai jhyau thiyo. i dont like this trash company. never again,1,2025-03-20,code_mixed,1.0,5.0,transportation,169,long,0,900,5.325443786982248,0,0,0.017777777777777778,0.6035502958579881,0,4,0,0_code_mixed
"Product cha quality acchi thiyo, I think it's a good purchase, price kura thik cha.",4,2024-04-21,code_mixed,0.0,0.0,product,15,short,1,83,5.533333333333333,0,0,0.024096385542168676,1.0,0,2,2,1_code_mixed
"Aaja mero experience yo hospital ma dherai ramro bhayo, besari service cha, thik huncha.",3,2022-12-13,romanized_nepali,0.0,0.0,services,14,short,1,88,6.285714285714286,0,0,0.011363636363636364,1.0,2,3,2,1_romanized_nepali
Biryani 202 very disappointed with it ho The product is babbal and works fine. I liked the atmosphere there ramailo thyo.,1,7/4/2023,code_mixed,1.0,1.0,food,21,short,0,121,5.761904761904762,0,0,0.024793388429752067,1.0,0,0,2,0_code_mixed
Mitho khana!,5,2023-02-14,romanized_nepali,1.0,1.0,food,2,very_short,1,12,6.0,1,0,0.08333333333333333,1.0,2,0,3,1_romanized_nepali
ok so i bought this blender online. first time it worked good. second time it made noise. third time it STOPPED WORKING. i called customer care and they said wait 7 days. 7 days!! sala i need to cook daily. bought new one from other brand. total paisa waste. and packaging looked good but inside was cheap cheap stuff. never buying from this shop again. baal ko product quality. bijog.,1,2024-08-14,code_mixed,1.0,4.0,product,70,long,0,385,5.5,2,0,0.03636363636363636,0.8285714285714286,0,2,0,0_code_mixed
Infinity pool view jhyau,5,5/19/2022,code_mixed,1.0,1.0,hotel_restaurant,4,very_short,0,24,6.0,0,0,0.041666666666666664,1.0,0,1,3,0_code_mixed
passion bike average 50 kmpl low maintain service network nepal spare affordable engine reliable design simple resale high commute satisfied value money,5,5/4/2024,code_mixed,1.0,2.0,transportation,22,short,0,152,6.909090909090909,0,0,0.0,1.0,0,4,2,0_code_mixed
bus fastt but noise noise. very bad,2,2022-08-08,english,0.0,0.0,transportation,7,very_short,0,35,5.0,0,0,0.0,1.0,1,4,3,0_english
boat earbuds leko sound average bass weak battery 4-5 hours price ok higher expectations thiye,3,3/10/2024,code_mixed,0.0,0.0,product,15,short,0,94,6.266666666666667,0,0,0.0,1.0,0,2,2,0_code_mixed
Library really loved it tho The color looks nice. Price was high. Delivery was prompt. Recived it late. The color looks nice. The color looks nice. Delivery was prompt.,4,12/1/2024,english,0.0,0.0,services,29,medium,0,168,5.793103448275862,0,0,0.047619047619047616,0.5517241379310345,1,3,1,0_english
"Million percent satisfied! Life set vo yo product use garera, world ko top quality ho yo.",5,2024-08-30,code_mixed,1.0,1.0,product,16,short,1,89,5.5625,1,0,0.02247191011235955,1.0,0,2,2,1_code_mixed
"Dherai liked, delicious khaja cha!",5,2023-04-09,code_mixed,0.0,0.0,food,5,very_short,1,34,6.8,1,0,0.029411764705882353,1.0,0,0,3,1_code_mixed
"cab GPS spoofing, took longer route overcharged, Sarathi Cabs GPS verified honest!!!",1,2023-10-16,code_mixed,0.0,0.0,transportation,12,short,1,84,7.0,3,0,0.09523809523809523,0.9166666666666666,0,4,2,1_code_mixed
"Room service at Hotel Annapurna, called at 11pm for tea and they arrived in 20 minutes. Staff polite. Mountain view from room was peaceful. Bedside lamp had loose connection flickering all night. Nice stay overall. 🙂💯",4,2/19/2023,english,0.0,0.0,hotel_restaurant,36,medium,0,217,6.027777777777778,0,0,0.03225806451612903,0.9722222222222222,1,1,1,0_english
service ramro thyo. fast and polite staff. thik cha experience overall,4,2022-10-09,romanized_nepali,1.0,1.0,services,11,short,0,70,6.363636363636363,0,0,0.0,1.0,2,3,2,0_romanized_nepali
"Taas Taas gareko hotel ma gako thyo family sanga — birthday celebration dinner. Staff knew about the occasion from the reservation note and had decorated the table with flowers when we arrived. That detail made it feel special. Menu variety was excellent, seafood section had imported options. Tandoori section very good — chicken tikka juicy and spiced properly. Service attentive throughout, water refilled proactively. Dessert cart came to table which the children enjoyed. Bill was steep but occasion justified. Memorable evening.",5,8/25/2023,english,0.0,0.0,hotel_restaurant,81,long,0,534,6.592592592592593,0,0,0.018726591760299626,0.8641975308641975,1,1,0,0_english
"I'm so angry, product quality dherai poor thiyo, don't trust this company.",1,2024-10-04,code_mixed,0.0,0.0,product,12,short,1,74,6.166666666666667,0,0,0.013513513513513514,1.0,0,2,2,1_code_mixed
Good! ✨,5,2026-02-18,english,0.0,0.0,services,2,very_short,1,7,3.5,1,0,0.14285714285714285,1.0,1,3,3,1_english
"yo service employee le personal information leak garyo, privacy breach!!!",1,2023-08-02,romanized_nepali,0.0,0.0,services,10,very_short,1,73,7.3,3,0,0.0,1.0,2,3,3,1_romanized_nepali
"product color options ekdum vibrant, material quality top notch, worth buying!!!",5,2023-12-26,code_mixed,0.0,0.0,product,11,short,1,80,7.2727272727272725,3,0,0.0,1.0,0,2,2,1_code_mixed
candle long fragrance mild,5,6/14/2024,english,0.0,0.0,product,4,very_short,0,26,6.5,0,0,0.0,1.0,1,2,3,0_english
resturant vibe ramailo but music too loud and then loud again. jhyau but food mitho,4,2023-06-20,code_mixed,1.0,2.0,food,15,short,0,83,5.533333333333333,0,0,0.0,0.8666666666666667,0,0,2,0_code_mixed
thik thik cha. not amazing not bad,3,2023-10-07,english,0.0,0.0,services,7,very_short,0,34,4.857142857142857,0,0,0.0,0.7142857142857143,1,3,3,0_english
"Airline ko facility cha, I guess it's fine, staff ko behavior pani good thiyo, no problem.",1,2025-04-21,code_mixed,0.0,0.0,transportation,16,short,1,90,5.625,0,0,0.022222222222222223,0.9375,0,4,2,1_code_mixed
"Service pani decent cha, food quality okay, I guess it's fine.",4,2024-07-10,code_mixed,0.0,0.0,hotel_restaurant,11,short,1,62,5.636363636363637,0,0,0.03225806451612903,1.0,0,1,2,1_code_mixed
Valet service tip mandatory feel pressure uncomfortable tipping expected automatic,2,11/7/2022,english,0.0,0.0,hotel_restaurant,10,very_short,0,82,8.2,0,0,0.012195121951219513,1.0,1,1,3,0_english
so last night ride wild wild rain hit glass wind loud loud road dark dark i feel fear fear but driver calm calm hand steady steady he say no fear bro and true true we reach safe safe i clap clap good ride good ride,5,2024-04-04,code_mixed,1.0,1.0,transportation,45,medium,0,214,4.7555555555555555,0,0,0.0,0.6888888888888889,0,4,1,0_code_mixed
thik cha. nothing amazing nothing bad. just average. chalcha.,3,2023-03-16,romanized_nepali,1.0,1.0,food,9,very_short,0,61,6.777777777777778,0,0,0.0,0.8888888888888888,2,0,3,0_romanized_nepali
Icecream was very disappointing tbh Delivery was prompt. Staf was bit slow. Price was high. Delivery was prompt. Price was high. Staf was bit slow. Recived it late. Staf was bit slow. Delivery was prompt. Staf was bit slow. Delivery was prompt. Price was high. Recived it late. Delivery was prompt. Staf was bit slow. Recived it late. Recived it late. Price was high. Delivery was prompt. Price was high. Delivery was prompt. Staf was bit slow.,1,3/26/2022,english,0.0,0.0,food,77,long,0,444,5.766233766233766,0,0,0.0518018018018018,0.19480519480519481,1,0,0,0_english
Pedicure highly satisfied tho Price was high. Recived it late. Recived it late. Price was high. Recived it late. Price was high. Recived it late. Recived it late. Staf was bit slow.,5,12/21/2024,english,0.0,0.0,services,32,medium,0,181,5.65625,0,0,0.055248618784530384,0.40625,1,3,1,0_english
Achar paisa vasool deal ho bro Delivery was fast and safe thyo. The food was tasty and mitho thyo.,5,4/30/2024,code_mixed,1.0,2.0,food,19,short,0,98,5.157894736842105,0,0,0.030612244897959183,0.8421052631578947,0,0,2,0_code_mixed
"Product ko description ma dhokha thiyo, I didn't get what I expected, company ko policy pani clear nahi cha, return karne ma problem bhayo.",1,2024-08-09,code_mixed,0.0,0.0,product,24,short,1,139,5.791666666666667,0,0,0.02158273381294964,0.875,0,2,2,1_code_mixed
scooty storage compartment sano helmet rakhna garo,3,8/7/2023,code_mixed,0.0,0.0,transportation,7,very_short,0,50,7.142857142857143,0,0,0.0,1.0,0,4,3,0_code_mixed
"Outstanding service commitment, promise delivery perfect, satisfaction complete!!!",5,2024-02-05,english,0.0,0.0,services,8,very_short,1,82,10.25,3,0,0.012195121951219513,1.0,1,3,3,1_english
"scooter maintenance cost low cha, service center network ramro, convenient!!!",5,2023-11-04,romanized_nepali,1.0,1.0,transportation,10,very_short,1,77,7.7,3,0,0.0,1.0,2,4,3,1_romanized_nepali
"samosa filling was spoyled, smelt bad, helth hazrd, dangrous!!!",1,2023-03-26,english,0.0,0.0,food,9,very_short,1,63,7.0,3,0,0.0,1.0,1,0,3,1_english
"dessert variety ekdum impressive, chocolate cake divine, presentation beautiful!!!",5,2023-02-12,code_mixed,0.0,0.0,food,9,very_short,1,82,9.11111111111111,3,0,0.0,1.0,0,0,3,1_code_mixed
"Yeh bank ko service dherai fast aur secure cha, I'm very satisfied, staff pani helpful!",1,2024-12-30,code_mixed,0.0,0.0,services,15,short,1,87,5.8,1,0,0.022988505747126436,1.0,0,3,2,1_code_mixed
"Yo salon dherai ramro cha, mero sabai mitra haru lai yehi sanchai garyo.",4,2023-05-26,romanized_nepali,0.0,0.0,services,13,short,1,72,5.538461538461538,0,0,0.013888888888888888,1.0,2,3,2,1_romanized_nepali
"Yoga class enrolled at a studio in Baluwatar — one month trial ma joined. Instructor experienced thyo, breathing techniques clearly taught. Class size small, 8 people matra thyo so personal attention possible thyo. Schedule flexible xa, morning and evening options both cha. Rs 2500 per month reasonable lagyo for Kathmandu. Room ventilation thoda kam thyo, afternoon sessions garo lagyo inside. Mat and props included in fee. Overall positive experience, continuing next month pani.",4,9/22/2023,romanized_nepali,0.0,0.0,services,73,long,0,483,6.616438356164384,0,0,0.020703933747412008,0.9178082191780822,2,3,0,0_romanized_nepali
TVS Jupiter 849 Jupiter lastai kharab thyo ni Pachi pheri try garchu. Malai ta man paryo. Khana pakauna time lagyo. Khana pakauna time lagyo. Paisa dherai liyo tara thikai thyo. Paisa dherai liyo tara thikai thyo.,2,2/22/2024,romanized_nepali,1.0,1.0,transportation,36,medium,0,213,5.916666666666667,0,0,0.051643192488262914,0.6944444444444444,2,4,1,0_romanized_nepali
Dherai ramro experience vayo malai KATHMANDU-INN ma. KATHMANDU-INN ko hospitality ekdamai top notch chha ani KATHMANDU-INN ko rooms haru dherai luxury chhan!!! I would suggest everyone to stay at KATHMANDU-INN at least once. KATHMANDU-INN really knows how to take care of their guests with their amazing service and delicious food menu.,5,2026-02-01,romanized_nepali,0.0,0.0,hotel_restaurant,51,medium,1,336,6.588235294117647,3,0,0.18452380952380953,0.8431372549019608,2,1,1,1_romanized_nepali
Cab service ramro!,5,2023-04-06,code_mixed,1.0,1.0,transportation,3,very_short,1,18,6.0,1,0,0.05555555555555555,1.0,0,4,3,1_code_mixed
Breakfast buffet had many options and everything was fresh,5,2025-02-01,english,0.0,0.0,hotel_restaurant,9,very_short,0,58,6.444444444444445,0,0,0.017241379310344827,1.0,1,1,3,0_english
Wall paisa kher gayo k hai Hijo gako thyo rati. Sathi haru lai pani vanchu. Bholi pani janchu hola.,1,2/18/2023,romanized_nepali,0.0,0.0,hotel_restaurant,19,short,0,99,5.2105263157894735,0,0,0.04040404040404041,0.9473684210526315,2,1,2,0_romanized_nepali
bought this phone case and it broke in 2 days. 2 DAYS!! sala paisa waste garo. very bad quality.,1,2024-09-07,code_mixed,1.0,2.0,product,19,short,0,96,5.052631578947368,2,0,0.041666666666666664,0.9473684210526315,0,2,2,0_code_mixed
chain loose frequent tight,2,1/16/2024,code_mixed,0.0,0.0,transportation,4,very_short,0,26,6.5,0,0,0.0,1.0,0,4,3,0_code_mixed
bus late late again again always late jhyau jhyau but seat comfy comfy so ok ride,3,2023-02-02,code_mixed,1.0,1.0,transportation,16,short,0,81,5.0625,0,0,0.0,0.6875,0,4,2,0_code_mixed
Staff 556 vayo thikai ta Kasto ramro thyo tyo thau. Dherai kura haru ramro thyo. Sathi haru sanga gako thyo. Sathi haru sanga gako thyo. Kasto ramro thyo tyo thau.,3,6/12/2025,romanized_nepali,1.0,1.0,hotel_restaurant,30,medium,0,163,5.433333333333334,0,0,0.03680981595092025,0.5666666666666667,2,1,1,0_romanized_nepali
Laphing could be improved idk Price was high. The color looks nice. Price was high. Staf was bit slow. Recived it late. Recived it late. Delivery was prompt. Price was high. Price was high. Recived it late. Staf was bit slow. Delivery was prompt. Staf was bit slow. Recived it late. The color looks nice. The color looks nice. The color looks nice. Staf was bit slow. Delivery was prompt. Recived it late. Price was high. Staf was bit slow.,3,12/17/2022,english,0.0,0.0,food,80,long,0,440,5.5,0,0,0.05227272727272727,0.25,1,0,0,0_english
Recently visited this place but it was a TOTAL SCAM. The staff at BLUE-HORIZON were rude and BLUE-HORIZON charged double the price shown on the menu. BLUE-HORIZON is just stealing money from tourists like us.,1,2026-02-10,english,1.0,1.0,hotel_restaurant,35,medium,1,208,5.942857142857143,0,0,0.21153846153846154,0.9142857142857143,1,1,1,1_english
"Salon ma haircut gareko thyo, hairstylist le ramrai sunyo mero style ko baarema. result dami thyo Serviceable overall.",5,3/6/2024,romanized_nepali,1.0,1.0,services,18,short,0,118,6.555555555555555,0,0,0.01694915254237288,1.0,2,3,2,0_romanized_nepali
"Ani, hotel paisa vasool",5,2024-08-11,romanized_nepali,1.0,1.0,hotel_restaurant,4,very_short,1,23,5.75,0,0,0.043478260869565216,1.0,2,1,3,1_romanized_nepali
"The flight was delayed for over three hours without any proper announcement from the airline staff. ✈️ We were just sitting at the gate with no information and no water or snacks provided during the long wait. 😡 When we finally boarded, the cabin was very dirty and the seats were broken. ‼️ This is the worst domestic flight experience I have ever had in Nepal. ‼️ Very unprofessional and a total waste of money and time for all the passengers today. 🔥 ‼️",1,2026-02-18,english,0.0,0.0,transportation,84,long,1,456,5.428571428571429,0,0,0.015350877192982455,0.8095238095238095,1,4,0,1_english
Always avoid this place if you want to keep your money safe from criminals.,1,2023-09-10,english,0.0,0.0,services,14,short,1,75,5.357142857142857,0,0,0.013333333333333334,1.0,1,3,2,1_english
"Hait, chatamari ekdum mitho",5,2024-06-13,code_mixed,1.0,1.0,food,4,very_short,1,27,6.75,0,0,0.037037037037037035,1.0,0,0,3,1_code_mixed
portion size was huge and taste was ramro. staff was helpful. price was fair. paisa vasool meal bro 😋,5,2024-10-17,code_mixed,1.0,2.0,food,19,short,0,101,5.315789473684211,0,0,0.0,0.8421052631578947,0,0,2,0_code_mixed
I ordered this cream online. used for 1 week. face started getting red and itchy. itchy bro. went to doctor. she said some bad ingredient in it. THIS PRODUCT IS NOT SAFE. and seller is not responding. total jhur product. paisa waste. now i have to pay doctor fees also. ekdam kharab. do not buy this. sala.,1,2024-05-30,code_mixed,1.0,3.0,product,57,medium,0,306,5.368421052631579,0,0,0.06862745098039216,0.9473684210526315,0,2,1,0_code_mixed
"Oppo Reno10 kineko thyo, selfie camera dami cha, software features ni lots of them. worth it for the price Good for the price point. 💯",4,5/18/2023,code_mixed,1.0,1.0,product,25,short,0,134,5.36,0,0,0.022388059701492536,0.88,0,2,2,0_code_mixed
"Four of us stayed, only one washroom and it kept getting blocked both days. poor facilities for what they charge Average but consistent.",4,3/8/2024,english,0.0,0.0,hotel_restaurant,23,short,0,136,5.913043478260869,0,0,0.014705882352941176,1.0,1,1,2,0_english
"Uff, scooter dangerous completely",1,2022-11-22,english,0.0,0.0,transportation,4,very_short,1,33,8.25,0,0,0.030303030303030304,1.0,1,4,3,1_english
Pathao paisa kher gayo k yaar Malai ta ekdam man paryo. Sathi haru lai pani vanchu. Malai ta ekdam man paryo. Pachi pheri try garchu. Pachi pheri try garchu. Sathi haru lai pani vanchu. Malai ta ekdam man paryo. Pachi pheri try garchu. Hijo gako thyo rati. Hijo gako thyo rati. Pachi pheri try garchu. Hijo gako thyo rati. Bholi pani janchu hola. Pachi pheri try garchu. Sathi haru lai pani vanchu. Sathi haru lai pani vanchu.,1,1/17/2024,romanized_nepali,0.0,0.0,transportation,77,long,0,426,5.532467532467533,0,0,0.03990610328638498,0.35064935064935066,2,4,0,0_romanized_nepali
"Room ko condition dherai clean thiyo, staff pani very helpful, I really appreciate it, great hotel.",3,2022-01-02,code_mixed,0.0,0.0,hotel_restaurant,16,short,1,99,6.1875,0,0,0.020202020202020204,1.0,0,1,2,1_code_mixed
"Hetauda ko motorcycle dealer fraud company, payment liyera delivery nadeko!!!",1,2023-04-11,romanized_nepali,0.0,0.0,transportation,10,very_short,1,77,7.7,3,0,0.012987012987012988,1.0,2,4,3,1_romanized_nepali
yo phone cover lagayo ani 3 din ma nai peeling suru bhayo. quality ramro chaina bro. paisa waste. very bad product,1,2024-04-05,code_mixed,1.0,2.0,product,21,short,0,114,5.428571428571429,0,0,0.0,1.0,0,2,2,0_code_mixed
Simply the most incredible vacation package I have ever booked for my family trip to Pokhara. The itinerary was perfectly managed and the guide was very professional throughout the entire journey which made our experience truly world class. Prices are extremely affordable for such high quality service and I recommend every single traveler in Nepal to use this agency without any doubt.,5,2024-11-05,english,0.0,0.0,services,62,medium,1,387,6.241935483870968,0,0,0.01808785529715762,0.8870967741935484,1,3,1,1_english
"Chicken momo at this place near my office — ordered steamed version, came out soft and juicy. The filling was well-seasoned, ginger garlic balance was good. Soup that came with it was also flavorful, not the bland type. They have a chilli sauce that's genuinely spicy, appreciated that. Seating area is a bit cramped on busy lunch hours but the food makes up for it. Price is fair for Kathmandu standards.",5,4/26/2023,english,0.0,0.0,food,71,long,0,405,5.704225352112676,0,0,0.01728395061728395,0.9014084507042254,1,0,0,0_english
"Garo vayo hjr service lina, staff thag hun.",1,2024-02-28,romanized_nepali,1.0,1.0,services,8,very_short,1,43,5.375,0,0,0.023255813953488372,1.0,2,3,3,1_romanized_nepali
lastai dami thiyo yaar the masswage service.. they were professional and price was okay also.. ramro ramro will go again paisa vasool,5,2024-07-13,code_mixed,1.0,2.0,services,22,short,0,133,6.045454545454546,0,0,0.0,0.9545454545454546,0,3,2,0_code_mixed
fastt fast,5,2022-06-06,english,0.0,0.0,transportation,2,very_short,0,10,5.0,0,0,0.0,1.0,1,4,3,0_english
"Thakali khana khaune maaj jaan cha, price pani reasonable thiyo, great hotel experience!",5,2022-10-14,code_mixed,0.0,0.0,hotel_restaurant,13,short,1,88,6.769230769230769,1,0,0.011363636363636364,1.0,0,1,2,1_code_mixed
"Yo cafe ko coffee pani dherai ramro cha, service excellent, I'm fully satisfied!",5,2024-12-27,code_mixed,0.0,0.0,food,13,short,1,80,6.153846153846154,1,0,0.025,1.0,0,0,2,1_code_mixed
mobile repair garyeko screen quality thik charge mahango 3 months warranty technician experienced newroad location time 2-3 hours,3,3/25/2024,code_mixed,1.0,1.0,services,18,short,0,129,7.166666666666667,0,0,0.0,1.0,0,3,2,0_code_mixed
Last Tuesday I rented a car for a day trip. The vehicle was clean and the engine was powerful. The rental company is DriveEasy DriveEasy DriveEasy and I always choose DriveEasy. Fuel efficiency was great and the GPS worked perfectly.,5,2026-02-08,english,0.0,0.0,transportation,40,medium,1,233,5.825,0,0,0.07725321888412018,0.75,1,4,1,1_english
Kettle dami thyo experience bro Service kasto slow thyo but okay. Delivery was fast and safe thyo. Service kasto slow thyo but okay. Battery backup is dami ngl. The food was tasty and mitho thyo. The food was tasty and mitho thyo. Delivery was fast and safe thyo. Delivery was fast and safe thyo. Delivery was fast and safe thyo. Delivery was fast and safe thyo. Service kasto slow thyo but okay.,5,7/10/2024,code_mixed,1.0,2.0,hotel_restaurant,72,long,0,396,5.5,0,0,0.030303030303030304,0.3333333333333333,0,1,0,0_code_mixed
"Hospital ka environment clean cha, doctor ko consultation pani clear thiyo, okay.",1,2024-12-20,code_mixed,0.0,0.0,services,12,short,1,81,6.75,0,0,0.012345679012345678,1.0,0,3,2,1_code_mixed
app install garyo and then login huna nai 20 min lagyo and then OTP aayena and then password reset garyo and then again same problem. baal app. jhur coding gareko. this is very bad experience. i don't like this trash app at all bro,1,2023-06-14,code_mixed,1.0,2.0,services,44,medium,0,231,5.25,0,0,0.012987012987012988,0.7954545454545454,0,3,1,0_code_mixed
Clip lastai slow thyo yaar bro The food was tasty and mitho thyo. I liked the atmosphere there ramailo thyo.,2,2/3/2024,code_mixed,1.0,2.0,product,20,short,0,108,5.4,0,0,0.027777777777777776,0.95,0,2,2,0_code_mixed
"pool ko facilities ramro thyo, paani clean thyo ani timing convenient thyo. bistaarai swim garnu milthyo, paisa vasool lagyo",5,8/17/2022,romanized_nepali,1.0,1.0,hotel_restaurant,19,short,0,124,6.526315789473684,0,0,0.0,1.0,2,1,2,0_romanized_nepali
"CellPay ko customer support slow cha yaar, 3 din lagyo simple issue resolve garna. improve garnu parne cha",2,10/19/2022,romanized_nepali,0.0,0.0,services,18,short,0,106,5.888888888888889,0,0,0.018867924528301886,0.9444444444444444,2,3,2,0_romanized_nepali
Chatpate masala balanced mitho price average,3,1/2/2023,code_mixed,1.0,1.0,food,6,very_short,0,44,7.333333333333333,0,0,0.022727272727272728,1.0,0,0,3,0_code_mixed
Never buy from here. Fraud. Money wasted. Sad experience.,1,2024-04-30,english,0.0,0.0,product,9,very_short,1,57,6.333333333333333,0,0,0.07017543859649122,1.0,1,2,3,1_english
i call guy for net fix and then he say 10 min but come after 1 hr i sit and sit jhyau jhyau but fix fast fast net run smooth smooth so ok now,4,2025-07-17,code_mixed,1.0,1.0,services,34,medium,0,141,4.147058823529412,0,0,0.0,0.7352941176470589,0,3,1,0_code_mixed
Sandwich 97 mitho thyo k Khana pakauna time lagyo. Malai ta man paryo. Sathi haru sanga gako thyo. Malai ta man paryo.,5,1/24/2022,romanized_nepali,1.0,1.0,food,22,short,0,118,5.363636363636363,0,0,0.0423728813559322,0.8181818181818182,2,0,2,0_romanized_nepali
Lalitpur tira ko Everest-Cafe ma coffee dherai mitho thyo. Everest-Cafe ko ambience dherai peace chha ani Everest-Cafe ko staff haru dherai friendly chhan!!! We enjoyed our time at Everest-Cafe reading books and listening to music. It is the best place to work during the weekends for every student and professional.,5,2026-02-10,romanized_nepali,0.0,0.0,food,50,medium,1,316,6.32,3,0,0.03481012658227848,0.8,2,0,1,1_romanized_nepali
"Aaja, purchased brand new latest model variant version edition motorcycle two wheeler bike vehicle automobile from authorized official genuine legitimate certified dealer showroom outlet retailer distributor seller vendor and within just merely only few short days weeks time period duration span interval, engine motor powertrain drivetrain transmission gearbox started making strange unusual abnormal weird odd peculiar concerning worrying alarming disturbing noises sounds rattling knocking ticking grinding squeaking squealing, vibrations shaking trembling shuddering juddering oscillating pulsating was excessive severe intense strong violent, performance power torque acceleration speed dropped decreased reduced declined deteriorated degraded worsened, fuel consumption mileage efficiency economy increased rose escalated multiplied, visited service center workshop garage repair facility multiple several numerous countless times occasions instances repeatedly constantly continuously, mechanics technicians engineers workers were unable incapable incompetent to diagnose identify pinpoint locate determine find root cause source origin problem issue fault defect malfunction, kept replacing changing swapping substituting parts components assemblies without fixing resolving solving correcting",1,2023-10-02,code_mixed,0.0,0.0,transportation,156,long,1,1302,8.346153846153847,0,0,0.0007680491551459293,1.0,0,4,0,1_code_mixed
"Mujhe product pani pasand aayo, it's a good deal, value for money ho cha.",5,2022-12-01,code_mixed,0.0,0.0,product,14,short,1,73,5.214285714285714,0,0,0.0136986301369863,1.0,0,2,2,1_code_mixed
"Food quality dherai ramro thiyo, amazing experience, I loved it, must visit yak place!",5,2025-04-07,code_mixed,0.0,0.0,hotel_restaurant,14,short,1,86,6.142857142857143,1,0,0.023255813953488372,1.0,0,1,2,1_code_mixed
Nepal Taxi time ma aayo driver ramro manxe 😤💔,5,2/19/2024,code_mixed,1.0,1.0,transportation,9,very_short,0,45,5.0,0,0,0.044444444444444446,1.0,0,4,3,0_code_mixed
Recently visited the museum. It was a bit crowded but the exhibits were interesting ✨. Good for a one time visit if you have nothing else to do in the city ⭐.,3,2026-01-25,english,0.0,0.0,services,32,medium,1,158,4.9375,0,0,0.0189873417721519,0.90625,1,3,1,1_english
Emergency ma aayo 30min ma lock khulayo professional,5,9/29/2024,code_mixed,0.0,0.0,services,8,very_short,0,52,6.5,0,0,0.019230769230769232,0.875,0,3,3,0_code_mixed
yo blanket ko quality ekdam jhur cha. photo ma fluffy dekhiyeko but actual ma flat and thin. cold ma kaam nai gardaina. i don't like this trash product. paisa waste,1,2023-08-04,code_mixed,1.0,2.0,product,30,medium,0,164,5.466666666666667,0,0,0.0,0.9333333333333333,0,2,1,0_code_mixed
"Room ka condition kharaab thiyo, bed pani uncomfortable, worst hotel stay ever.",2,2022-01-05,code_mixed,0.0,0.0,hotel_restaurant,12,short,1,79,6.583333333333333,0,0,0.012658227848101266,1.0,0,1,2,1_code_mixed
Keyboard ekdam dami thyo k Pachi pheri try garchu. Sathi haru lai pani vanchu. Hijo gako thyo rati. Bholi pani janchu hola. Malai ta ekdam man paryo. Sathi haru lai pani vanchu. Sathi haru lai pani vanchu. Hijo gako thyo rati. Sathi haru lai pani vanchu. Sathi haru lai pani vanchu.,4,8/30/2025,romanized_nepali,1.0,1.0,product,51,medium,0,282,5.529411764705882,0,0,0.03900709219858156,0.47058823529411764,2,2,1,0_romanized_nepali
"Aba, service world class",5,2023-07-31,english,0.0,0.0,services,4,very_short,1,24,6.0,0,0,0.041666666666666664,1.0,1,3,3,1_english
recharge instant no extra,5,4/5/2024,english,0.0,0.0,services,4,very_short,0,25,6.25,0,0,0.0,1.0,1,3,3,0_english
"Rooms were magical and flawless, best hotel on earth no doubt!!!",5,2024-08-18,english,0.0,0.0,hotel_restaurant,11,short,1,64,5.818181818181818,3,0,0.015625,1.0,1,1,2,1_english
Unbelievable performance from this new skincare product which cleared my acne and dark spots in just five days of regular use. I was skeptical at first but the results are genuinely magical and my skin feels so soft and glowing that all my friends are asking for the secret. It is 100% natural and safe so I suggest every girl in Nepal to order this immediately for a perfect face without any harmful chemicals.,5,2023-04-09,english,0.0,0.0,product,74,long,1,411,5.554054054054054,0,0,0.012165450121654502,0.8378378378378378,1,2,0,1_english
"i went to this place with high hopes because my friend said it was dami. but bro. food was bland, service was slow, place was dirty. my friend has bad taste i think. not worth it. lastai jhyau thiyo. paisa waste",1,2024-06-25,code_mixed,1.0,3.0,food,41,medium,0,211,5.146341463414634,0,0,0.0,0.8292682926829268,0,0,1,0_code_mixed
"Ncell data lagged badly during streaming, switched to NTC and immediately it was much better",3,4/5/2024,code_mixed,0.0,0.0,services,15,short,0,92,6.133333333333334,0,0,0.043478260869565216,1.0,0,3,2,0_code_mixed
"product eco friendliness ekdum high, recyclable materials, sustainable choice!!!",5,2024-06-23,code_mixed,0.0,0.0,product,9,very_short,1,80,8.88888888888889,3,0,0.0,1.0,0,2,3,1_code_mixed
"food aauda cold thyo bro, orderWF and waited and waited and then cold dood aayo, khai kei Hhena, not ordwrijg Wgain, paisa wAste nai thyo, Etaff attitude pagi kharab tYyo jaba bhamekp",1,2023-09-14,code_mixed,1.0,1.0,food,32,medium,0,183,5.71875,0,0,0.03825136612021858,0.875,0,0,1,0_code_mixed
hotel ramro dherai ramro and staff babbal. paisa vasool feel 😊,5,2024-10-10,code_mixed,1.0,3.0,hotel_restaurant,11,short,0,62,5.636363636363637,0,0,0.0,0.9090909090909091,0,1,2,0_code_mixed
painting ghar ko ramrai bhyo professional worker clean,5,6/13/2023,code_mixed,1.0,1.0,services,8,very_short,0,54,6.75,0,0,0.0,1.0,0,3,3,0_code_mixed
"yo product ko quality sabai vanda ramro, durability ekdum dami!!!",5,2024-10-12,romanized_nepali,1.0,1.0,product,10,very_short,1,65,6.5,3,0,0.0,1.0,2,2,3,1_romanized_nepali
"khana pani dherai masu cha, okay price.",3,2024-06-05,code_mixed,0.0,0.0,food,7,very_short,1,39,5.571428571428571,0,0,0.0,1.0,0,0,3,1_code_mixed
Chowmein lastai ramro!,5,2023-03-08,romanized_nepali,1.0,1.0,food,3,very_short,1,22,7.333333333333333,1,0,0.045454545454545456,1.0,2,0,3,1_romanized_nepali
Had to move rooms twice because of issues with the first two. management handled it okay but it was a real hassle,3,8/14/2022,english,0.0,0.0,hotel_restaurant,22,short,0,113,5.136363636363637,0,0,0.008849557522123894,0.9545454545454546,1,1,2,0_english
"Thuu, service quotation and bill totally different, cheated!!!",1,2024-05-16,english,0.0,0.0,services,8,very_short,1,62,7.75,3,0,0.016129032258064516,1.0,1,3,3,1_english
"Boudha tira ko DREAM-STAY hotel dherai ramro chha. DREAM-STAY ko rooms haru comfortable chhan ani DREAM-STAY ko rooftop view ekdamai breathtaking chha!!! DREAM-STAY provided us with free laundry service too. If you are looking for a peaceful stay near the stupa, DREAM-STAY is the place to be for every traveler.",5,2026-01-25,romanized_nepali,0.0,0.0,hotel_restaurant,50,medium,1,312,6.24,3,0,0.15064102564102563,0.84,2,1,1,1_romanized_nepali
Vianet 697 best experience idk Maybe it will improve later. And the quality was also something I noticed. It was quite a busy day there. Actually I dont know.,4,12/30/2024,english,0.0,0.0,services,29,medium,0,158,5.448275862068965,0,0,0.04430379746835443,0.9310344827586207,1,3,1,0_english
"restaurant menu misleading cha, photo ra actual food completely different, dhoka!!!",1,2022-06-07,romanized_nepali,0.0,0.0,hotel_restaurant,11,short,1,83,7.545454545454546,3,0,0.0,1.0,2,1,2,1_romanized_nepali
"Amazing deal, I'm fully satisfied!",5,2023-06-14,code_mixed,0.0,0.0,product,5,very_short,1,34,6.8,1,0,0.058823529411764705,1.0,0,2,3,1_code_mixed
"Chi chi, pizza was burnt and cold, taste terrible, waste!!!",1,2023-01-07,english,0.0,0.0,food,10,very_short,1,59,5.9,3,0,0.01694915254237288,1.0,1,0,3,1_english
"service certification valid cha, industry recognized, quality assured!!!",5,2023-10-01,code_mixed,0.0,0.0,services,8,very_short,1,72,9.0,3,0,0.0,1.0,0,3,3,1_code_mixed
dami yar ekdum dami. best food. best staff. sahi ho 🔥,5,2023-01-09,romanized_nepali,1.0,3.0,food,11,short,0,53,4.818181818181818,0,0,0.0,0.9090909090909091,2,0,2,0_romanized_nepali
"Mero gadi ko samasya yo repair shop le ekdam aaramse hal garyo, yo shop ko malik dherai ramro cha, pani kam haru ko dar cha, mero experience yo shop ma aaja samma ramro bhayo, hami pani haru ekdam santusht huncha, kinaabaadi yo shop ko sevaa prashansa garnu parcha, dami yo shop ko sevaa thik bhayo.",4,2025-05-17,romanized_nepali,1.0,3.0,services,55,medium,1,299,5.4363636363636365,0,0,0.0033444816053511705,0.6727272727272727,2,3,1,1_romanized_nepali
"HP laptop liyeko thyo, fan noise dherai cha normal use ma pani. annoying cha kaam gareko bela 😍",3,1/5/2024,romanized_nepali,0.0,0.0,product,18,short,0,95,5.277777777777778,0,0,0.021052631578947368,0.9444444444444444,2,2,2,0_romanized_nepali
the headphones sound quality was ok. not great not bad. but the ear cushions fell off after 1 month. expected better for this price tbh,2,2023-07-08,english,0.0,0.0,product,25,short,0,135,5.4,0,0,0.0,0.92,1,2,2,0_english
"Worst hotel ever, staff criminals and owner thulo fraud, disaster stay!!!",1,2024-05-05,english,1.0,1.0,hotel_restaurant,11,short,1,73,6.636363636363637,3,0,0.0136986301369863,1.0,1,1,2,1_english
"Atrocious hotel, false advertising, nothing as promised, complete scam!!!",1,2022-04-25,english,0.0,0.0,hotel_restaurant,9,very_short,1,73,8.11111111111111,3,0,0.0136986301369863,1.0,1,1,3,1_english
"pasta ekdum creamy thiyo, garlic bread pani lastai ramro, must order!!!",5,2023-07-23,code_mixed,1.0,1.0,food,11,short,1,71,6.454545454545454,3,0,0.0,1.0,0,0,2,1_code_mixed
valet smooth safe park,5,7/15/2024,code_mixed,0.0,0.0,hotel_restaurant,4,very_short,0,22,5.5,0,0,0.0,1.0,0,1,3,0_code_mixed
"Bought hiking boots from a sports store at New Baneshwor. Staff helped find the right fit — tried 3 pairs before deciding. Ankle support on the selected pair is good, tested on a short hike to Shivapuri afterward. Waterproofing held up during light rain. Sole grip on wet rock is acceptable but not outstanding. After 4 hikes the lacing eyelets still intact, no fraying. Price was Rs 4500 which felt reasonable. Happy with the purchase overall.",4,8/28/2024,english,0.0,0.0,product,76,long,0,444,5.842105263157895,0,0,0.02702702702702703,0.9078947368421053,1,2,0,0_english
"Absolutely stunning stay, staff were like family, world class luxury in Nepal!!",5,2024-05-10,english,0.0,0.0,hotel_restaurant,12,short,1,79,6.583333333333333,2,0,0.02531645569620253,1.0,1,1,2,1_english
"Salon appointment book gareko, haircut okay thyo — stylist le ramro sodhyo kasto chahanchhu. Tara facial wala staff le face ma pressure dherai garyo, uncomfortable thyo. Rs 1800 ko lagi better treatment expect gareko thyo.",3,5/30/2024,code_mixed,1.0,1.0,services,35,medium,0,222,6.3428571428571425,0,0,0.013513513513513514,0.9428571428571428,0,3,1,0_code_mixed
Aaja NovaTaste Food decent thiyo. Portion average. Ambience simple.,3,2025-01-09,code_mixed,0.0,0.0,food,9,very_short,1,67,7.444444444444445,0,0,0.08955223880597014,1.0,0,0,3,1_code_mixed
Ereader okay for the price ngl Price was high. Delivery was prompt.,3,3/11/2023,english,0.0,0.0,product,12,short,0,67,5.583333333333333,0,0,0.04477611940298507,0.9166666666666666,1,2,2,0_english
"Awful customer service, they don't care about their customers at all.",2,2024-07-26,english,0.0,0.0,product,11,short,1,69,6.2727272727272725,0,0,0.014492753623188406,1.0,1,2,2,1_english
"Checkout process was a mess, took 40 mins and they overcharged me. had to argue to get the correction 😐✨",2,1/17/2024,english,0.0,0.0,hotel_restaurant,20,short,0,104,5.2,0,0,0.009615384615384616,0.95,1,1,2,0_english
"the vibe was nice but service was so so slow, waited long time for simple coffee, not great",2,2022-07-03,english,0.0,0.0,hotel_restaurant,18,short,0,91,5.055555555555555,0,0,0.0,0.8888888888888888,1,1,2,0_english
food quality is so good here. came with family last week. everyone loved it. dad said best dal bhat in kathmandu. mom liked the tarkari. kids finished everything on plate. no leftover means food was ramro bro. price was also fair. paisa vasool cha. will bring more family. jakaas place. dami dami.,5,2023-07-11,code_mixed,1.0,4.0,food,52,medium,0,297,5.711538461538462,0,0,0.0,0.9615384615384616,0,0,1,0_code_mixed
"scooter accelerator stuck, brake failure simultaneously, near death, Suzuki safety tested!!!",1,2023-08-29,code_mixed,0.0,0.0,transportation,11,short,1,92,8.363636363636363,3,0,0.010869565217391304,1.0,0,4,2,1_code_mixed
🎯🎯🎯 #Number1Product #BestBuy WORLD CLASS QUALITY!!! Top rated product must purchase!!! #Excellence #HighlyRecommended #Premium!!!,5,2022-09-14,english,0.0,0.0,product,14,short,1,129,9.214285714285714,9,0,0.20155038759689922,1.0,1,2,2,1_english
Fridge too loud at night disturbs sleep,2,7/26/2024,english,0.0,0.0,product,7,very_short,0,39,5.571428571428571,0,0,0.02564102564102564,1.0,1,2,3,0_english
"Oho, magical transformation guaranteed",5,2022-07-19,english,0.0,0.0,hotel_restaurant,4,very_short,1,38,9.5,0,0,0.02631578947368421,1.0,1,1,3,1_english
service lastai slow and then slow again. jhyau but ok,3,2024-03-03,code_mixed,1.0,2.0,services,10,very_short,0,53,5.3,0,0,0.0,0.9,0,3,3,0_code_mixed
snacks were fresh and yummy. price was fair. will buy again. dami cha. 🔥,5,2023-01-19,code_mixed,1.0,1.0,food,14,short,0,72,5.142857142857143,0,0,0.0,1.0,0,0,2,0_code_mixed
Khai k vannu... thik thak xa.,3,2024-01-10,romanized_nepali,0.0,0.0,services,6,very_short,1,29,4.833333333333333,0,0,0.034482758620689655,1.0,2,3,3,1_romanized_nepali
Lock dami thyo experience hai Delivery was fast and safe thyo. Service kasto slow thyo but okay.,5,5/26/2023,code_mixed,1.0,1.0,transportation,17,short,0,96,5.647058823529412,0,0,0.03125,0.9411764705882353,0,4,2,0_code_mixed
"Amazing motorcycle, fuel efficiency excellent, riding experience superb, buy immediately!!!",5,2023-12-19,english,0.0,0.0,transportation,10,very_short,1,91,9.1,3,0,0.01098901098901099,1.0,1,4,3,1_english
Electrician 951 kasto ramailo vayo ho Paisa dherai liyo tara thikai thyo. Sathi haru sanga gako thyo. Pachi pheri try garchu. Pachi pheri try garchu.,5,9/22/2022,romanized_nepali,1.0,1.0,services,25,short,0,149,5.96,0,0,0.03355704697986577,0.8,2,3,2,0_romanized_nepali
thik cha hotel. nothing wow but clean and safe. staff ok. would stay if price is right,3,2023-11-14,english,0.0,0.0,hotel_restaurant,17,short,0,86,5.0588235294117645,0,0,0.0,1.0,1,1,2,0_english
Honda Activa 274 paisa vasool thyo hai Malai ta man paryo. Paisa dherai liyo tara thikai thyo. Kasto ramro thyo tyo thau. Khana pakauna time lagyo. Sathi haru sanga gako thyo. Khana pakauna time lagyo. Dherai kura haru ramro thyo. Dherai kura haru ramro thyo. Pachi pheri try garchu. Sathi haru sanga gako thyo. Pachi pheri try 😢🤔 garchu. Dhilo aayo tara mitho thyo. Paisa dherai liyo tara thikai thyo.,5,10/12/2023,romanized_nepali,1.0,3.0,transportation,70,long,0,402,5.742857142857143,0,0,0.03731343283582089,0.5571428571428572,2,4,0,0_romanized_nepali
Check-in 801 waste of money ?? Maybe it will improve later. Maybe it will improve later. Maybe it will improve later.,2,5/18/2023,english,0.0,0.0,hotel_restaurant,21,short,0,117,5.571428571428571,0,2,0.03418803418803419,0.5238095238095238,1,1,2,0_english
Hait kasto ghatiya restaurant thiyo plate ma cockroach thiyo ani manager le sorry pani vanena ulto jhamtiyo hjr. Khana kasto bekar thiyo food poison vayera mero sathi hospital admit vayo aaja salla fraud haru ko kitchen ekdum fohori raixa. Never ever visit this place if you value your life and health because they are total criminals and unsafe for anyone.,1,2024-09-02,code_mixed,1.0,1.0,food,60,medium,1,357,5.95,0,0,0.008403361344537815,0.9333333333333333,0,0,1,1_code_mixed
jakaas cha this place 🔥 must visit,5,2022-09-12,code_mixed,1.0,1.0,hotel_restaurant,7,very_short,0,34,4.857142857142857,0,0,0.0,1.0,0,1,3,0_code_mixed
ntorq scooter speed ramro pickup dami tara mileage kam dinxa,4,5/21/2023,code_mixed,1.0,2.0,transportation,10,very_short,0,60,6.0,0,0,0.0,1.0,0,4,3,0_code_mixed
In Pokhara I recently tried a lakeside cafe. The coffee was overpriced and the service was slow. The view could not save the experience. I left without finishing my drink.,2,2025-03-05,english,0.0,0.0,food,30,medium,1,171,5.7,0,0,0.03508771929824561,0.8666666666666667,1,0,1,1_english
"Ktm ma yeh food stall very famous ho, but maile try gareko thiyo, food pani overpriced aur very low quality thiyo, I hate it.",1,2022-02-22,code_mixed,0.0,0.0,food,24,short,1,125,5.208333333333333,0,0,0.016,0.875,0,0,2,1_code_mixed
bro went to this diner at 8pm. they said closing soon bhanyo at 8pm. menu le 10pm close bhancha. when i showed them they still refused. baal service. went hungry for nothing,1,2023-05-28,code_mixed,1.0,1.0,food,32,medium,0,173,5.40625,0,0,0.0,0.875,0,0,1,0_code_mixed
breakfast variety xa coffee weak,3,11/12/2023,code_mixed,0.0,0.0,hotel_restaurant,5,very_short,0,32,6.4,0,0,0.0,1.0,0,1,3,0_code_mixed
hotel ma basda first look nicee but but wash room dirtyy dirtyy and water sloww sloww and staff rudee rudee ani noise noise whole night i sleep no sleep paisa expensivee expensivee not worth not worth stay overall lastai jhyau thiyo,1,2025-01-01,code_mixed,1.0,1.0,hotel_restaurant,41,medium,0,232,5.658536585365853,0,0,0.0,0.7560975609756098,0,1,1,0_code_mixed
internet speed lastai slow thiyo. paid for fast plan tara slow slow. paisa waste bhayo. will switch provider,1,2024-02-17,code_mixed,1.0,2.0,services,18,short,0,108,6.0,0,0,0.0,0.9444444444444444,0,3,2,0_code_mixed
Lalitpur ma baseko tyo hotel ma bed bugs thyo. TOTAL DISGUSTING experience. Maile complain garda manager le uile tharkayo. Staff haru ko bolne tarika ekdamai ghatiya thyo. Don't go there ever if you care about your health and hygiene during your travel days in Nepal.,1,2026-02-02,code_mixed,1.0,1.0,hotel_restaurant,45,medium,1,267,5.933333333333334,0,0,0.0749063670411985,0.9333333333333333,0,1,1,1_code_mixed
"Swayambhu area ma best sekuwa, taste authentic, paisa vasool totally!!!",5,2023-10-26,romanized_nepali,1.0,1.0,food,10,very_short,1,71,7.1,3,0,0.014084507042253521,1.0,2,0,3,1_romanized_nepali
Highly recommended!!!,5,2024-06-13,english,0.0,0.0,product,2,very_short,1,21,10.5,3,0,0.047619047619047616,1.0,1,2,3,1_english
"Momos khayo Boudha tiir, 20 wota fried momo Rs 150 ma — lastai paisa vasool. Crispy outside, juicy inside, achar spicy. Oil thoda dherai thyo. Quick service, 10 minute ma aayo. Locals nai packed thya.",4,10/19/2022,romanized_nepali,1.0,1.0,food,35,medium,0,200,5.714285714285714,0,0,0.035,0.9714285714285714,2,0,1,0_romanized_nepali
"yo restaurant ko momo ekdam mitho mitho, sabai vanda best taste!!!",5,2023-04-04,romanized_nepali,1.0,2.0,food,11,short,1,66,6.0,3,0,0.0,1.0,2,0,2,1_romanized_nepali
"Uff, product warranty fake cha, company deny garyo, fraud!!!",1,2022-08-12,romanized_nepali,0.0,0.0,product,9,very_short,1,60,6.666666666666667,3,0,0.016666666666666666,1.0,2,2,3,1_romanized_nepali
"Uff, product description totally false, received different item, liar!!!",1,2022-05-19,english,0.0,0.0,product,9,very_short,1,72,8.0,3,0,0.013888888888888888,1.0,1,2,3,1_english
"product testimonials ekdum genuine, real user feedback, trustworthy source!!!",5,2024-06-05,code_mixed,0.0,0.0,product,9,very_short,1,77,8.555555555555555,3,0,0.0,1.0,0,2,3,1_code_mixed
room nicee but smell dirtyy dirtyy. paisa waste,2,2022-09-09,english,0.0,0.0,hotel_restaurant,8,very_short,0,47,5.875,0,0,0.0,1.0,1,1,3,0_english
"This repair shop is a lifesaver, fixed my phone in minutes, 10/10 would recommend!",5,2022-12-07,english,0.0,0.0,services,14,short,1,82,5.857142857142857,1,0,0.012195121951219513,1.0,1,3,2,1_english
Dherai I went there with my family and we experienced KantipurMart KantipurMart KantipurMart friendly staff clean area consistent standards but review reads like many near-identical posts across platforms and uses repeating SEO keywords which is suspicious,4,2026-02-03,english,0.0,0.0,product,36,medium,1,256,7.111111111111111,0,0,0.04296875,0.9166666666666666,1,2,1,1_english
"dal bhat ma keera thiyo, yo restaurant le license cancel garnu parcha, danger!!!",1,2023-07-23,romanized_nepali,0.0,0.0,food,13,short,1,80,6.153846153846154,3,0,0.0,1.0,2,0,2,1_romanized_nepali
Restaurant ambience jhyau!,5,2022-08-03,code_mixed,1.0,1.0,hotel_restaurant,3,very_short,1,26,8.666666666666666,1,0,0.038461538461538464,1.0,0,1,3,1_code_mixed
Recently bought a phone from that store but it was a TOTAL SCAM 📱❌. The battery dies in two hours and the screen has a yellow tint. I asked for a refund but the manager was very rude ✨.,1,2026-02-14,english,0.0,0.0,product,39,medium,1,185,4.743589743589744,0,0,0.06486486486486487,0.8461538461538461,1,2,1,1_english
"When it comes to transportation services, this one falls somewhere in the middle of the pack. It's not the worst I've ever used, but it's certainly not the best either. The booking process was straightforward, and the staff were polite, which is always appreciated. However, the actual travel experience was somewhat unremarkable, lacking any distinct characteristics that would set it apart from other similar services. The journey was smooth, and we arrived on time, but there was nothing particularly memorable about the trip. If you're in need of a reliable way to get around, this service might be worth considering, but don't expect to be blown away.",4,2023-06-21,english,0.0,0.0,transportation,107,long,1,656,6.130841121495327,0,0,0.010670731707317074,0.8037383177570093,1,4,0,1_english
"sahi ho sahi, mitho khana ramailo place",5,2023-07-07,romanized_nepali,1.0,3.0,food,7,very_short,0,39,5.571428571428571,0,0,0.0,1.0,2,0,3,0_romanized_nepali
Chor haru hun sabai.,1,2023-12-26,romanized_nepali,0.0,0.0,services,4,very_short,1,20,5.0,0,0,0.05,1.0,2,3,3,1_romanized_nepali
Coffee bar dami thyo experience ni The food was tasty and mitho thyo. Service kasto slow thyo but okay. Battery backup is dami ngl. Battery backup is dami ngl. Battery backup is dami ngl.,5,6/20/2025,code_mixed,1.0,2.0,hotel_restaurant,34,medium,0,187,5.5,0,0,0.03208556149732621,0.6470588235294118,0,1,1,0_code_mixed
"Night check-in was smooth, the receptionist polite and quick. started the stay on a genuinely good note Slightly below expectation tara okay.",5,7/25/2024,english,0.0,0.0,hotel_restaurant,22,short,0,141,6.409090909090909,0,0,0.014184397163120567,0.9545454545454546,1,1,2,0_english
"Hola yo microbus dherai kharab cha, besari cha, yo service na chaodalnu hola.",3,2024-02-29,romanized_nepali,0.0,0.0,transportation,13,short,1,77,5.923076923076923,0,0,0.012987012987012988,0.8461538461538461,2,4,2,1_romanized_nepali
Printer was very good idk Delivery was prompt. Staf was bit slow. Delivery was prompt. Delivery was prompt. Delivery was prompt.,5,5/14/2024,english,0.0,0.0,product,21,short,0,128,6.095238095238095,0,0,0.046875,0.47619047619047616,1,2,2,0_english
"Samsung TV liyeko thyo, screen quality babbal cha, streaming smooth. remote simple and easy to use — loving it",5,10/4/2023,code_mixed,1.0,1.0,product,19,short,0,110,5.7894736842105265,0,0,0.02727272727272727,1.0,0,2,2,0_code_mixed
"Wedding venue yahan book gareko thyo family function ko lagi. arrangement babbal thyo, flower decoration dami thyo, catering team professional thyo. guests sabai le compliment diye. stage setup ra lighting pani thoughtful thiye. overall it was a beautiful event and hotel team le ensure garyo ki everything ran smoothly",5,2/14/2024,code_mixed,1.0,1.0,hotel_restaurant,49,medium,0,319,6.510204081632653,0,0,0.003134796238244514,0.9387755102040817,0,1,1,0_code_mixed
"Printing shop messed up the color profile on my event banner, had to reprint entirely at my own cost. no apology given",4,7/13/2022,english,0.0,0.0,services,22,short,0,118,5.363636363636363,0,0,0.00847457627118644,0.9545454545454546,1,3,2,0_english
Check-in not good at all k ni Delivery was fast and safe thyo. The product is babbal and works fine. Staff behavior was polite and ramro. Battery backup is dami ngl. Delivery was fast and safe thyo. Will visit again pheri.,2,10/30/2025,code_mixed,1.0,3.0,hotel_restaurant,41,medium,0,222,5.414634146341464,0,0,0.03153153153153153,0.7560975609756098,0,1,1,0_code_mixed
I bought this smartphone last week and while the camera is good the battery life is a huge disappointment for me. 📱 It barely lasts six hours on a full charge even with light usage which is not what was promised in the advertisements. ✨ The screen brightness is also a bit low when using it outside during the daytime. ⭐ For this price range I think there are much better options available in the market that offer better hardware and software stability. 🛍️ ✨,3,2026-02-16,english,0.0,0.0,product,85,long,1,459,5.4,0,0,0.010893246187363835,0.8235294117647058,1,2,0,1_english
"Arrey, restaurant bill ma overcharge, dishonest people, scam!!!",1,2024-09-13,code_mixed,0.0,0.0,hotel_restaurant,8,very_short,1,63,7.875,3,0,0.015873015873015872,1.0,0,1,3,1_code_mixed
"Daraz delivery yo patak ekdum slow bhayo yaar — 7 din estimated thyo but 12 din pachi aayo. Product damaged box ma aako thyo, packing was clearly not done carefully. Item fortunately thik thyo inside but packaging ekdum kharab thyo. Customer service chat support le bhanyo 'sorry for inconvenience' matra, kei action liyena. Paisa tiryai sakincha but experience chai frustrating thyo, next time local shop nai try garchu.",2,4/22/2024,romanized_nepali,0.0,0.0,product,68,long,0,421,6.1911764705882355,0,0,0.011876484560570071,0.9117647058823529,2,2,0,0_romanized_nepali
"Hola yo hotel ma rahanu bhayo, dherai ramro experience bhayo, pani khana sabai thik thi.",5,2022-01-12,romanized_nepali,0.0,0.0,hotel_restaurant,15,short,1,88,5.866666666666666,0,0,0.011363636363636364,0.9333333333333333,2,1,2,1_romanized_nepali
"Uff, bike lastai ramro",5,2023-07-23,romanized_nepali,1.0,1.0,transportation,4,very_short,1,22,5.5,0,0,0.045454545454545456,1.0,2,4,3,1_romanized_nepali
"Exceptional motorcycle, seat comfort amazing, long rides enjoyable!!!",5,2023-06-28,english,0.0,0.0,transportation,8,very_short,1,69,8.625,3,0,0.014492753623188406,1.0,1,4,3,1_english
"Breathtaking motorcycle, exhaust note melodious, turning heads everywhere!!!",5,2022-08-12,english,0.0,0.0,transportation,8,very_short,1,76,9.5,3,0,0.013157894736842105,1.0,1,4,3,1_english
"Tei ta, service paisa vasool",5,2023-09-04,romanized_nepali,1.0,1.0,services,5,very_short,1,28,5.6,0,0,0.03571428571428571,1.0,2,3,3,1_romanized_nepali
"I had thukpa, it's average, khaneko sthal pani clean cha.",3,2022-06-12,code_mixed,0.0,0.0,food,10,very_short,1,57,5.7,0,0,0.017543859649122806,1.0,0,0,3,1_code_mixed
Bed 525 babbal thyo k bro Pachi pheri try garchu. Paisa dherai liyo tara thikai thyo. Tara pani thik thyo. Malai ta man paryo. Pachi pheri try garchu. Dhilo aayo tara mitho thyo. Paisa dherai liyo tara thikai thyo. Sathi haru sanga gako thyo. Ani bholi pheri janchu. Tara pani thik thyo. Malai ta man paryo. Sathi haru sanga gako thyo. Dhilo aayo tara mitho thyo. Ani bholi pheri janchu. 😐💔😭,5,5/15/2023,romanized_nepali,1.0,2.0,hotel_restaurant,71,long,0,391,5.507042253521127,0,0,0.03836317135549872,0.4788732394366197,2,1,0,0_romanized_nepali
boAt earphones 4 lastai kharab thyo cha Kasto ramro thyo tyo thau. Pachi pheri try garchu. Ani bholi pheri janchu.,2,12/13/2022,romanized_nepali,1.0,2.0,product,20,short,0,114,5.7,0,0,0.03508771929824561,0.9,2,2,2,0_romanized_nepali
Mountain Outlook ramro but wifi slow breakfast late aayo,3,11/4/2022,code_mixed,1.0,1.0,hotel_restaurant,9,very_short,0,56,6.222222222222222,0,0,0.03571428571428571,1.0,0,1,3,0_code_mixed
ktm duke suspension stiff bumpy road uncomfortable design premium engine powerful service cost high,3,10/2/2023,code_mixed,0.0,0.0,transportation,14,short,0,99,7.071428571428571,0,0,0.0,1.0,0,4,2,0_code_mixed
"Nabil Bank ko app use gareko thyo, ekdum smooth thyo transaction, UI ni ramro cha ani fast cha Feri aauchu pakkai yahan.",5,11/30/2023,romanized_nepali,1.0,1.0,services,22,short,0,120,5.454545454545454,0,0,0.041666666666666664,0.9545454545454546,2,3,2,0_romanized_nepali
my friend told me this place is good but when i went food thyo cold and service thyo slow and waiter le mistake garyo in order and then charged wrong price and then manager le maafi pani magena. and then i left feeling cheated bro. paisa waste time waste lastai bijog thyo,1,2024-08-29,code_mixed,1.0,4.0,hotel_restaurant,52,medium,0,272,5.230769230769231,0,0,0.0,0.7884615384615384,0,1,1,0_code_mixed
Absolutely fantastic!!!,5,2024-05-08,english,0.0,0.0,services,2,very_short,1,23,11.5,3,0,0.043478260869565216,1.0,1,3,3,1_english
"I went there with sathi and food was ramro dherai ramro. staff was chill and thik cha vibe. not bad at all, paisa vasool feel ayo. will go again lol",5,2023-03-14,code_mixed,1.0,3.0,food,30,medium,0,148,4.933333333333334,0,0,0.006756756756756757,0.9333333333333333,0,0,1,0_code_mixed
bajaj blender motor blade sharp,5,10/20/2023,english,0.0,0.0,product,5,very_short,0,31,6.2,0,0,0.0,1.0,1,2,3,0_english
Patan tira I went there with my family and we experienced KantipurMart KantipurMart KantipurMart everything was in order yet the repeated brand push and promotional tone made this entry clearly marketing focused rather than user-sourced feedback,5,2026-02-06,english,0.0,0.0,product,36,medium,1,245,6.805555555555555,0,0,0.0326530612244898,0.9166666666666666,1,2,1,1_english
"restaurant service speed ekdum fast, food presentation beautiful, taste amazing!!!",5,2022-08-31,code_mixed,0.0,0.0,hotel_restaurant,10,very_short,1,82,8.2,3,0,0.0,1.0,0,1,3,1_code_mixed
Scooter ekdum dami!,5,2023-09-14,code_mixed,1.0,1.0,transportation,3,very_short,1,19,6.333333333333333,1,0,0.05263157894736842,1.0,0,4,3,1_code_mixed
Headlight thikai thyo thik chai ni Malai ta ekdam man paryo. Malai ta ekdam man paryo.,3,3/3/2024,romanized_nepali,1.0,1.0,transportation,16,short,0,86,5.375,0,0,0.03488372093023256,0.6875,2,4,2,0_romanized_nepali
"Superb taste, loved nepali thali!",5,2023-11-02,code_mixed,0.0,0.0,food,5,very_short,1,33,6.6,1,0,0.030303030303030304,1.0,0,0,3,1_code_mixed
"Honda Activa bought second-hand 2 years old model — mechanic pre-check gareko before purchase. Condition good thyo, engine sound clean. Paperwork transfer process 3 days lagyo at transport office. Some paint fading on body but functional parts all okay. Service center ma first service gareko, mechanic bhanyo 'generally well maintained cha'. Mileage 50+ km/l consistent. Scooter ko lagi Activa second-hand market ma most reliable option ho — parts widely available, mechanics familiar everywhere.",4,3/12/2023,code_mixed,0.0,0.0,transportation,73,long,0,497,6.808219178082192,0,0,0.018108651911468814,0.9178082191780822,0,4,0,0_code_mixed
Roofing waterproofing membrane coating worker skilled timeline warranty leak guarantee professional quality kaam bhayo satisfied xu 🤮💔😢,5,9/17/2024,code_mixed,0.0,0.0,services,17,short,0,135,7.9411764705882355,0,0,0.007407407407407408,1.0,0,3,2,0_code_mixed
"Aba rukhnu hos, yo clinic ko doctor le mero thulo bigardiyo, medical council ma report garchu!! Thulo fraud hun sabai, life barbad gardiyo mero.",1,2024-10-14,romanized_nepali,0.0,0.0,services,24,short,1,144,6.0,2,0,0.013888888888888888,1.0,2,3,2,1_romanized_nepali
"Disgusting sushi, clearly made by amateurs, total waste of money.",1,2024-01-13,english,0.0,0.0,food,10,very_short,1,65,6.5,0,0,0.015384615384615385,1.0,1,0,3,1_english
Puri sabji traditional breakfast,4,8/28/2023,english,0.0,0.0,food,4,very_short,0,32,8.0,0,0,0.03125,1.0,1,0,3,0_english
Case 16 thikai thyo but could be better k The product is babbal and works fine. 🤮🔥,3,4/7/2023,code_mixed,1.0,1.0,product,17,short,0,82,4.823529411764706,0,0,0.024390243902439025,1.0,0,2,2,0_code_mixed
"Online shopping ko experience dherai enjoyable thiyo, price affordable cha, product quality pani top notch, I'm very happy!",5,2024-11-04,code_mixed,0.0,0.0,product,18,short,1,123,6.833333333333333,1,0,0.016260162601626018,1.0,0,2,2,1_code_mixed
Recently tried MetroMove Services. Experience was standard. Nothing special. Delivery on time.,3,2024-11-01,english,0.0,0.0,services,12,short,1,94,7.833333333333333,0,0,0.07446808510638298,1.0,1,3,2,1_english
Library babbal quality raixa ni Delivery was fast and safe thyo. The food was tasty and mitho thyo. Service kasto slow thyo but okay. The product is babbal and works fine. Will visit again pheri. Service kasto slow thyo but okay. I liked the atmosphere there ramailo thyo. Delivery was fast and safe thyo.,5,8/9/2023,code_mixed,1.0,2.0,services,54,medium,0,305,5.648148148148148,0,0,0.029508196721311476,0.6481481481481481,0,3,1,0_code_mixed
mitho thiyo bro ekdamai mitho. will come back again,5,2023-08-16,romanized_nepali,1.0,1.0,food,9,very_short,0,51,5.666666666666667,0,0,0.0,1.0,2,0,3,0_romanized_nepali
"food ekdum bakwas, taste kharab, quantity pani kam, total paisa barbad!!!",1,2023-01-11,code_mixed,1.0,2.0,food,11,short,1,73,6.636363636363637,3,0,0.0,1.0,0,0,2,1_code_mixed
Last month I tried a new detergent. The cleaning power is good and the scent is mild. The pack is value for money. I will buy again.,3,2026-02-03,english,0.0,0.0,product,27,short,1,132,4.888888888888889,0,0,0.03787878787878788,0.8518518518518519,1,2,2,1_english
bus chiyena on time. 45 min late. then driver le loud music bajayo whole trip. sleep garna sakina. jhyau,2,2024-06-30,code_mixed,1.0,1.0,transportation,19,short,0,104,5.473684210526316,0,0,0.0,1.0,0,4,2,0_code_mixed
"I had a very frustrating experience with the bank's mobile app today. 📱 It keeps crashing every time I try to transfer money to another account. 😡 I updated the app and restarted my phone but the problem persists. ‼️ When I called the helpline, they told me to visit the branch, which defeats the whole purpose of having a mobile banking app. 🔥 TOTAL WASTE of time and a very buggy software. ‼️ They need to fix this immediately for their customers! 🔥 ‼️",1,2026-02-18,english,0.0,0.0,services,85,long,1,454,5.341176470588235,1,0,0.037444933920704845,0.7411764705882353,1,3,0,1_english
"Company ko return policy bahut kharab cha, didn't get my replacement, customer care le call pani attend gariraheka, very bad experience, haterna cha.",3,2024-08-05,code_mixed,0.0,0.0,product,23,short,1,149,6.478260869565218,0,0,0.006711409395973154,1.0,0,2,2,1_code_mixed
Patan ma dherai be slow thiyo!!!,1,2024-11-19,romanized_nepali,1.0,2.0,transportation,6,very_short,1,32,5.333333333333333,3,0,0.03125,1.0,2,4,3,1_romanized_nepali
In the morning pleasant helpful fake clean comfortable tidy efficient and predictable the checkin process was oddly fast like an automated pipeline no real human feel repetitively worded and promotional in tone,3,2026-01-24,english,0.0,0.0,services,32,medium,1,210,6.5625,0,0,0.004761904761904762,0.9375,1,3,1,1_english
"Khana dherai tasty, I loved it!",5,2024-06-30,code_mixed,0.0,0.0,food,6,very_short,1,31,5.166666666666667,1,0,0.06451612903225806,1.0,0,0,3,1_code_mixed
"Room condition kharaab thiyo, bathroom pani not working, very bad hotel.",1,2023-01-10,code_mixed,0.0,0.0,hotel_restaurant,11,short,1,72,6.545454545454546,0,0,0.013888888888888888,1.0,0,1,2,1_code_mixed
went there last week the place was too crwded and loud and the AC was not working and food took forever like forever to come and when it came the chicken was not cooked properly. UNDERCOOKED CHICKEN BRO. I could have gotten sick. very very bad. I complaint to manager but he said sorry and did nothing. paisa waste bhayo mero. jhyau lagyo sala. lastai kharab experience. do not order chicken here ever,1,2023-09-30,english,1.0,3.0,food,73,long,0,401,5.493150684931507,0,0,0.06234413965087282,0.7945205479452054,1,0,0,0_english
Mileage 162 loved it idk Service was a bit slow but okay. The color was nice. Actually I dont know. The color was nice. Price was high but fine. Service was a bit slow but okay.,5,5/24/2023,english,0.0,0.0,transportation,36,medium,0,177,4.916666666666667,0,0,0.04519774011299435,0.6111111111111112,1,4,1,0_english
Dherai ghatiya service rahecha tyo thau ko aaja.,1,2026-02-18,romanized_nepali,1.0,1.0,services,8,very_short,1,48,6.0,0,0,0.020833333333333332,1.0,2,3,3,1_romanized_nepali
Bed 271 babbal thyo k k Ani bholi pheri janchu. Ani bholi pheri janchu. Sathi haru sanga gako thyo. Kasto ramro thyo tyo thau. Kasto ramro thyo tyo thau. Pachi pheri try garchu. Paisa dherai liyo tara thikai thyo. Pachi pheri try garchu. Pachi pheri try garchu. Dherai kura haru ramro thyo. Kasto ramro thyo tyo thau. Malai ta man paryo. Ani bholi pheri janchu. Malai ta man paryo. 😐💯😡,5,6/17/2022,romanized_nepali,1.0,2.0,hotel_restaurant,70,long,0,385,5.5,0,0,0.03896103896103896,0.4714285714285714,2,1,0,0_romanized_nepali
lift slow stairs use garnu paryo,2,11/21/2023,code_mixed,0.0,0.0,hotel_restaurant,6,very_short,0,32,5.333333333333333,0,0,0.0,1.0,0,1,3,0_code_mixed
"Service center ko staff cooperative thiyo, but I'm not sure about quality cha.",3,2023-12-29,code_mixed,0.0,0.0,services,13,short,1,78,6.0,0,0,0.02564102564102564,1.0,0,3,2,1_code_mixed
"Honda CB Shine chalako 2 sal bhayo, mileage consistently good cha and maintenance affordable, no issues Clean environment thyo. Purai satisfying thiyena tara okay thyo.",5,4/17/2024,code_mixed,0.0,0.0,transportation,25,short,0,168,6.72,0,0,0.03571428571428571,0.96,0,4,2,0_code_mixed
"product ramro dherai ramro, color dami and fit thik cha. not expensve so paisa vasool bro 🔥",5,2024-05-06,code_mixed,1.0,3.0,product,17,short,0,91,5.352941176470588,0,0,0.0,1.0,0,2,2,0_code_mixed
"Royal Enfield Classic kineko thyo, build quality babbal cha but heavy maintenance cost cha — parts expensive cha Aauney palta pani try garchu.",4,2/20/2024,code_mixed,1.0,1.0,transportation,23,short,0,142,6.173913043478261,0,0,0.028169014084507043,0.9130434782608695,0,4,2,0_code_mixed
service was below average. staff kept chatting with each other instead of attending customers. waited long for simple order. not great experience,2,2024-02-01,english,0.0,0.0,services,22,short,0,145,6.590909090909091,0,0,0.0,1.0,1,3,2,0_english
"Yo scooty nakinnu hola, engine ek haptama heat vayera bandinxw, dealer le help gardaina, mero paisa barbad vo, better go for other brands.",1,2023-09-02,romanized_nepali,1.0,1.0,transportation,23,short,1,138,6.0,0,0,0.007246376811594203,1.0,2,4,2,1_romanized_nepali
"veg thali here good value — 4 sabji, dal, rice and dessert for 350 only. ramro deal for Kathmandu",4,12/4/2022,code_mixed,1.0,1.0,food,19,short,0,97,5.105263157894737,0,0,0.010309278350515464,0.9473684210526315,0,0,2,0_code_mixed
service ekdamai baal thyo. waited waited waited. nobody came,1,2022-05-27,romanized_nepali,1.0,1.0,hotel_restaurant,9,very_short,0,60,6.666666666666667,0,0,0.0,0.8888888888888888,2,1,3,0_romanized_nepali
Dherai mahango service tara quality chai zero! 😡 Maile bike service gareko tara bholi palta nai problem aayo. ‼️ TOTAL SCAM company. 🔥,1,2026-02-17,romanized_nepali,1.0,1.0,services,23,short,1,134,5.826086956521739,1,0,0.08208955223880597,0.9130434782608695,2,3,2,1_romanized_nepali
"Microbus ko time table thik thiyo, I liked it, fare pani reasonable cha, no issues.",3,2022-01-19,code_mixed,0.0,0.0,transportation,15,short,1,83,5.533333333333333,0,0,0.024096385542168676,1.0,0,4,2,1_code_mixed
Best product ever!!!,5,2024-02-23,english,0.0,0.0,product,3,very_short,1,20,6.666666666666667,3,0,0.05,1.0,1,2,3,1_english
Aaja ko flight dherai delay vayo. AIR-NEPAL is always late and AIR-NEPAL staff are very unprofessional. AIR-NEPAL doesn't care about their passengers' time at all!!! TOTAL WASTE OF MONEY. I have traveled many times but this was the worst management I have ever seen in the domestic terminal.,1,2026-02-14,code_mixed,0.0,0.0,transportation,48,medium,1,291,6.0625,3,0,0.15120274914089346,0.8958333333333334,0,4,1,1_code_mixed
"ice cream flavors ekdum unique, texture smooth, taste lastai mitho!!!",5,2023-08-06,code_mixed,1.0,1.0,food,10,very_short,1,69,6.9,3,0,0.0,1.0,0,0,3,1_code_mixed
"Ramro product, I loved it, fully satisfied!",5,2022-09-03,code_mixed,0.0,0.0,product,7,very_short,1,43,6.142857142857143,1,0,0.046511627906976744,1.0,0,2,3,1_code_mixed
vibration dherai long ride tire,2,11/9/2023,code_mixed,0.0,0.0,transportation,5,very_short,0,31,6.2,0,0,0.0,1.0,0,4,3,0_code_mixed
Parking space was too tight and confusing,1,2025-02-05,english,0.0,0.0,hotel_restaurant,7,very_short,0,41,5.857142857142857,0,0,0.024390243902439025,1.0,1,1,3,0_english
mitho thyo khana. bit spicy but ramro. would order again 🌶,4,2024-06-08,romanized_nepali,1.0,2.0,food,11,short,0,58,5.2727272727272725,0,0,0.0,1.0,2,0,2,0_romanized_nepali
Salon 982 feeling happy today k Service kasto slow thyo but okay. Staff behavior was polite and ramro.,5,12/15/2022,code_mixed,1.0,1.0,services,18,short,0,102,5.666666666666667,0,0,0.029411764705882353,1.0,0,3,2,0_code_mixed
"choila ekdum authentic thiyo, spice level perfect, paisa vasool ekdum!!!",5,2023-02-12,romanized_nepali,1.0,2.0,food,10,very_short,1,72,7.2,3,0,0.0,1.0,2,0,3,1_romanized_nepali
Dherai chito delivery pae ma. The headphones are noise cancelling and the sound is crisp. I use them for calls and music. The brand is AudioPeak AudioPeak AudioPeak and I bought from AudioPeak. Comfort is excellent and battery lasts long.,5,2025-05-30,code_mixed,1.0,1.0,product,40,medium,1,238,5.95,0,0,0.058823529411764705,0.775,0,2,1,1_code_mixed
Staff not good at all k bro Overall experience was thikai. Service kasto slow thyo but okay. Overall experience was thikai.,2,11/14/2022,code_mixed,0.0,0.0,hotel_restaurant,21,short,0,123,5.857142857142857,0,0,0.032520325203252036,0.8095238095238095,0,1,2,0_code_mixed
"disgusting restaurant, found hair in food, manager is rude criminal, never go!!!",1,2022-12-17,english,0.0,0.0,hotel_restaurant,12,short,1,80,6.666666666666667,3,0,0.0,1.0,1,1,2,1_english
photographer professional album creative,5,6/26/2023,english,0.0,0.0,services,4,very_short,0,40,10.0,0,0,0.0,1.0,1,3,3,0_english
Stay away. Big scam. Cheater owner. Poor quality.,1,2023-08-30,english,0.0,0.0,services,8,very_short,1,49,6.125,0,0,0.08163265306122448,1.0,1,3,3,1_english
Numberplate great quality overall ngl Recived it late. Delivery was prompt. Staf was bit slow. Recived it late. Recived it late.,4,7/28/2023,english,0.0,0.0,transportation,21,short,0,128,6.095238095238095,0,0,0.046875,0.6666666666666666,1,4,2,0_english
Dherai ramro experience vayo malai. I went there with my family for a small vacation and everyone loved it. The staff were so kind and the food was delicious. This is definitely the place to be!!! I have never seen such a beautiful garden in any other resort in this area of the country.,5,2025-12-25,english,0.0,0.0,hotel_restaurant,54,medium,1,287,5.314814814814815,3,0,0.017421602787456445,0.8888888888888888,1,1,1,1_english
"salad freshness ekdum top level, dressing homemade, healthy delicious combo!!!",5,2022-10-11,code_mixed,0.0,0.0,food,10,very_short,1,78,7.8,3,0,0.0,1.0,0,0,3,1_code_mixed
Dherai ramro experience vayo mero yo hotel ma stay garda. The room was super clean and the staff provided world class hospitality throughout the week. Everything was managed perfectly and I will definitely suggest this brand to all my relatives visiting from abroad.,5,2025-02-14,code_mixed,0.0,0.0,hotel_restaurant,43,medium,1,266,6.186046511627907,0,0,0.015037593984962405,0.9302325581395349,0,1,1,1_code_mixed
"restaurant ambience ekdum beautiful, food quality world class, must visit!!!",5,2022-08-09,code_mixed,0.0,0.0,hotel_restaurant,10,very_short,1,76,7.6,3,0,0.0,1.0,0,1,3,1_code_mixed
Recently tried the new laundry app. They picked up my clothes on time. They returned them after two days. The packing was good but the price was a bit high for just five shirts and two pants.,3,2026-02-05,english,0.0,0.0,services,37,medium,1,191,5.162162162162162,0,0,0.020942408376963352,0.8918918918918919,1,3,1,1_english
Clinic disappointing tbh The color was nice. Price was high but fine. Actually I dont know. The color was nice.,2,1/4/2025,english,0.0,0.0,services,20,short,0,111,5.55,0,0,0.05405405405405406,0.75,1,3,2,0_english
"CellPay app use gareko payment ko lagi, ekdum smooth thyo transaction. OTP dherai time linccha khi kahi tara thik cha overall",4,7/2/2024,romanized_nepali,0.0,0.0,product,21,short,0,125,5.9523809523809526,0,0,0.04,1.0,2,2,2,0_romanized_nepali
"Fish and chips order gareko, fish thanda aayo and batter was soggy. rs 400 wasted Price appropriate lagyo. Not bad overall honestly.",1,7/3/2024,code_mixed,0.0,0.0,food,22,short,0,132,6.0,0,0,0.022727272727272728,0.9545454545454546,0,0,2,0_code_mixed
"Nike shoes quality average, stitching not very clean",3,2025-02-18,english,0.0,0.0,product,8,very_short,0,52,6.5,0,0,0.019230769230769232,1.0,1,2,3,0_english
"service is bad bad, waited 25 min for simple tea",1,2024-07-21,english,0.0,0.0,hotel_restaurant,10,very_short,0,48,4.8,0,0,0.0,1.0,1,1,3,0_english
"Never ever visit this hotel. They steal luggage from rooms, owner is a criminal. Stay in another guest house near the airport.",1,2023-07-20,english,0.0,0.0,hotel_restaurant,22,short,1,126,5.7272727272727275,0,0,0.023809523809523808,1.0,1,1,2,1_english
Breakfast lastai slow thyo yaar yaar The food was tasty and mitho thyo. The food was tasty and mitho thyo. Battery backup is dami ngl. I liked the atmosphere there ramailo thyo. Service kasto slow thyo but okay. Service kasto slow thyo but okay. Delivery was fast and safe thyo. Service kasto slow thyo but okay. I liked the atmosphere there ramailo thyo. Delivery was fast and safe thyo. Battery backup is dami ngl. 😡💔,1,8/1/2022,code_mixed,1.0,3.0,hotel_restaurant,75,long,0,419,5.586666666666667,0,0,0.028639618138424822,0.41333333333333333,0,1,0,0_code_mixed
Laphing paisa vasool deal ho cha Overall experience was thikai.,4,8/30/2022,code_mixed,1.0,1.0,food,10,very_short,0,63,6.3,0,0,0.031746031746031744,1.0,0,0,3,0_code_mixed
"NTC ko SIM customer care ma call gareko thyo VoLTE activation ko lagi. Pehile IVR ma 10 minute stuck, phir agent aayo. Agent le bhanyo 'sir, yo aafulai garnu parcha settings ma' — instructions diyо but tyo aaile garisakeko thiyо. Explained again, phir supervisor transfer garyo. Supervisor le manually activate garyo backend bata. Total 35 minute liyо. Problem solved but process was exhausting. Customer care ko wait time reduce garnu parcha seriously.",2,7/15/2023,romanized_nepali,0.0,0.0,services,72,long,0,453,6.291666666666667,0,0,0.04415011037527594,0.8611111111111112,2,3,0,0_romanized_nepali
"Soaltee Hotel ko coffee shop visit gareko thyo — bespoke menu with coffee options from different origins. Barista explained each coffee type when asked, passionate about the craft clearly. Cappuccino was well-made, good foam texture, temperature perfect. Pastry alongside was fresh. Ambience was quiet and comfortable, good for working with laptop. Price is premium, Rs 650 for a cappuccino is steep for Nepal. But experience was premium too. Occasional treat ra matra janchu.",4,2/7/2023,code_mixed,0.0,0.0,hotel_restaurant,73,long,0,476,6.52054794520548,0,0,0.023109243697478993,0.863013698630137,0,1,0,0_code_mixed
Terrible customer care.,1,2025-03-22,english,0.0,0.0,services,3,very_short,1,23,7.666666666666667,0,0,0.043478260869565216,1.0,1,3,3,1_english
"Hospital's emergency room is a nightmare, long waits and bad care.",1,2024-12-25,english,0.0,0.0,services,11,short,1,66,6.0,0,0,0.015151515151515152,1.0,1,3,2,1_english
"order gareko 25   min paxi aayo, khana chai thik thyo but not worth the wait yaar lastai dhilo",2,2024-08-15,code_mixed,1.0,1.0,food,18,short,0,94,5.222222222222222,0,0,0.0,1.0,0,0,2,0_code_mixed
bag look cool and then zip smooth chalcha,4,2024-06-16,code_mixed,1.0,1.0,product,8,very_short,0,41,5.125,0,0,0.0,1.0,0,2,3,0_code_mixed
"Dhangadhi ma cab driver rude, overcharged, unsafe experience!!!",1,2023-11-20,code_mixed,0.0,0.0,transportation,8,very_short,1,63,7.875,3,0,0.015873015873015872,1.0,0,4,3,1_code_mixed
"Food quality dherai acchi thiyo, I really love it, amazing experience every time, truly fantastic!",3,2024-05-10,code_mixed,0.0,0.0,food,15,short,1,98,6.533333333333333,1,0,0.02040816326530612,1.0,0,0,2,1_code_mixed
"Lazimpat ko restaurant food quality jhyau, service pani dami!!!",5,2023-03-14,romanized_nepali,1.0,2.0,food,9,very_short,1,63,7.0,3,0,0.015873015873015872,1.0,2,0,3,1_romanized_nepali
"Uff, cab driver drunk thiyo, unsafe driving, accident almost bhayo!!!",1,2023-12-05,code_mixed,0.0,0.0,transportation,10,very_short,1,69,6.9,3,0,0.014492753623188406,1.0,0,4,3,1_code_mixed
traveled on this airline. seat was ok. food was bad. but the real problem was baggage. they LOST my bag. lost it bro. filed complaint. they said we will find it. 3 days passed nothing. I called daily. daily!! they kept saying sorry we are checking. what checking?? all my clothes were in that bag. total paisa waste. bijog airline. never flying with them again.,1,2023-05-15,code_mixed,1.0,3.0,transportation,65,medium,0,361,5.553846153846154,2,2,0.013850415512465374,0.8769230769230769,0,4,1,0_code_mixed
i was at the salon and they made me wait 1 hour even with appointment.. ONE HOUR.. and then the cut was also not what i asked.. sala waste of time waste of money.. lastai jhyau,1,2023-08-05,code_mixed,1.0,3.0,services,36,medium,0,176,4.888888888888889,0,0,0.03977272727272727,0.8333333333333334,0,3,1,0_code_mixed
bus ayo late ayo but seat was good and driver was careful.. thik cha overall,3,2023-05-19,english,0.0,0.0,transportation,15,short,0,76,5.066666666666666,0,0,0.0,0.8666666666666667,1,4,2,0_english
"Herda, professional team experts",5,2024-08-14,english,0.0,0.0,services,4,very_short,1,32,8.0,0,0,0.03125,1.0,1,3,3,1_english
"Dherai naramro khana, taste xaina bekar ma paisa waste.",1,2023-09-02,romanized_nepali,1.0,1.0,food,9,very_short,1,55,6.111111111111111,0,0,0.01818181818181818,1.0,2,0,3,1_romanized_nepali
"food average thyo, price thik thyo, would come back maybe",3,2023-06-18,code_mixed,1.0,1.0,food,10,very_short,0,57,5.7,0,0,0.0,0.9,0,0,3,0_code_mixed
"Chi, hired professional expert specialist consultant service provider company firm agency organization for important critical essential vital crucial significant project assignment task job work and results outcome deliverables output performance execution implementation was absolutely completely totally utterly thoroughly pathetic terrible awful horrible disastrous catastrophic abysmal appalling atrocious dreadful, deadline timeline schedule was missed delayed extended postponed repeatedly constantly continuously, quality standards specifications requirements expectations were not met achieved fulfilled satisfied, communication updates progress reports feedback was nonexistent poor inadequate insufficient irregular sporadic inconsistent, team members employees workers staff were unresponsive unavailable unreachable inaccessible absent missing, professionalism expertise competence skill knowledge experience was severely lacking absent missing questionable doubtful, charges fees costs pricing billing invoicing was inflated excessive unreasonable unjustified unexplained unclear ambiguous, hidden surprise additional extra charges kept appearing emerging surfacing",1,2024-03-27,code_mixed,0.0,0.0,services,131,long,1,1178,8.992366412213741,0,0,0.0008488964346349745,0.9465648854961832,0,3,0,1_code_mixed
I went there with my family for dinner and the waiter was so rude like he didnt even look at us properly and then we waited 30 mins for menu itself and then food came cold cold bro cold. I am so angry. this place is khattam. never ever going back. total bijog. paisa waste time waste. DO NOT GO HERE,1,2023-07-14,english,1.0,3.0,hotel_restaurant,61,medium,0,299,4.901639344262295,0,0,0.043478260869565216,0.8852459016393442,1,1,1,0_english
Thamel ma short family trip ma gaye. The hotel had a kids play area and the rooms were family friendly. The staff arranged extra beds. I would book again for holidays.,4,2024-08-28,romanized_nepali,0.0,0.0,hotel_restaurant,31,medium,1,167,5.387096774193548,0,0,0.023952095808383235,0.9032258064516129,2,1,1,1_romanized_nepali
"room was clean and bed was soft. but water late ayo and then late ayo again, jhyau. still overall ramro dherai ramro for this rate 🙂",4,2022-09-10,code_mixed,1.0,2.0,hotel_restaurant,26,short,0,132,5.076923076923077,0,0,0.0,0.8076923076923077,0,1,2,0_code_mixed
"View bata kei khasai dekhinna, expectation high thiyo tara...",1,2025-02-10,romanized_nepali,0.0,0.0,hotel_restaurant,9,very_short,0,61,6.777777777777778,0,0,0.01639344262295082,1.0,2,1,3,0_romanized_nepali
came here for breakfast. ordered coffee and sandwich. coffee was perfect. hot and strong. sandwich was fresh. not too oily not too bland. just right bro. place has good morning vibes. quiet and clean. price was ok. will come for breakfast regularly. dami cha. lastai ramro.,5,2023-10-13,code_mixed,1.0,2.0,food,46,medium,0,273,5.934782608695652,0,0,0.0,0.8260869565217391,0,0,1,0_code_mixed
mero sathi le suggest gareko thyo yo hotel. and then i went. and then room key thiyena ready. 1 hour wait lobby ma. and then room aayo and then it was wrong floor from booking. and then i asked to change and then they said full house bhanyo. and then i asked for discount and then they laughed. LAUGHED. sala. bijog behavior. this is very bad customer service. baal hotel. lastai jhyau thyo yar. my sathi ko taste ma pani doubt lagyo mero,1,2025-01-07,code_mixed,1.0,4.0,hotel_restaurant,83,long,0,438,5.27710843373494,0,0,0.01598173515981735,0.7228915662650602,0,1,0,0_code_mixed
Aaja ko dinner ma kesh vetiyo 🍕. Dherai fohor thau rahecha yo hotel chai. Maile manager lai dekhauda uile ultai tharkayo malai. TOTAL WASTE and very unhygienic 😡‼️ 🔥.,1,2026-02-18,code_mixed,1.0,1.0,food,29,medium,1,166,5.724137931034483,0,0,0.0783132530120482,1.0,0,0,1,1_code_mixed
"Million percent satisfied with this purchase. Changed my lifestyle completely, everyone must have this.",5,2024-10-02,english,0.0,0.0,product,14,short,1,103,7.357142857142857,0,0,0.019417475728155338,1.0,1,2,2,1_english
"customer service ekdam babbal and friendly, world class support, must use this service!!!",5,2025-01-05,code_mixed,1.0,1.0,services,13,short,1,89,6.846153846153846,3,0,0.0,1.0,0,3,2,1_code_mixed
"Khai, criminal hotel staff",1,2022-04-19,english,0.0,0.0,hotel_restaurant,4,very_short,1,26,6.5,0,0,0.038461538461538464,1.0,1,1,3,1_english
"mero chakkar gayo. ordered product, payment katyo, order confirmation aayena. called support, on hold 30 min. then they said order failed tara refund 7 days lagcha. 7 DAYS bro mero paisa rokne kasari. very very bad system. lastai kharab company cha. sala jhur. paisa waste bhayo mero. never buying from this site again. told all my friends too. bijog cha",1,2024-07-24,romanized_nepali,1.0,4.0,product,60,medium,0,354,5.9,0,0,0.011299435028248588,0.9166666666666666,2,2,1,0_romanized_nepali
apache bike xa pickup ramro tara parts mahango xa service center ma,4,10/30/2023,code_mixed,1.0,1.0,transportation,12,short,0,67,5.583333333333333,0,0,0.0,0.9166666666666666,0,4,2,0_code_mixed
Bike Ride 572 tasty enough ngl And the quality was also something I noticed. Battery life is good.,5,2/19/2022,english,0.0,0.0,transportation,18,short,0,98,5.444444444444445,0,0,0.05102040816326531,1.0,1,4,2,0_english
"Ekdam ramro salon ma khana pani achcha bhayo, yo sewa mero pasand ko bhayo, hami sabai khushi cha.",4,2023-09-22,romanized_nepali,1.0,1.0,services,18,short,1,98,5.444444444444445,0,0,0.01020408163265306,0.9444444444444444,2,3,2,1_romanized_nepali
"Dentist yahan ramro cha, gentle ra professional both, follow-up appointment pani remind gardiyo timely Multiple times yahan aako chu already. Quality consistency maintain gareko cha jo dherai places ma haina. Small things could improve tara big things are working. Recommend garchu without hesitation for those who haven't tried yet.",5,7/28/2023,code_mixed,1.0,1.0,services,49,medium,0,333,6.795918367346939,0,0,0.015015015015015015,0.9591836734693877,0,3,1,0_code_mixed
"Best seafood restaurant, lobster perfect, prawns succulent, divine experience!!!",5,2024-06-18,english,0.0,0.0,food,9,very_short,1,80,8.88888888888889,3,0,0.0125,1.0,1,0,3,1_english
r15 bike leko design lastai ramro tara petrol mahango parxa maintenance pani,4,11/7/2022,code_mixed,1.0,1.0,transportation,12,short,0,76,6.333333333333333,0,0,0.0,1.0,0,4,2,0_code_mixed
"Chicken tikka order gareko ek dhaba style restaurant ma — clay oven thyo behind counter, visible cooking which built appetite watching. Tikka aayo perfectly charred, smoke smell authentic. Marinade well-penetrated — each piece had flavor not just surface. Accompanied by sliced onion and lemon. Rumali roti side ma order gareko thyo — thin and soft. Rs 420 for tikka portion and 2 roti thyo good value. Place has been running 15+ years apparently — explains the consistency.",5,12/16/2023,romanized_nepali,0.0,0.0,food,77,long,0,474,6.1558441558441555,0,0,0.014767932489451477,0.8441558441558441,2,0,0,0_romanized_nepali
"Uff, yo restaurant ko khana totally kharab, paisa waste, never again!!!",1,2023-05-16,code_mixed,1.0,1.0,food,11,short,1,71,6.454545454545454,3,0,0.014084507042253521,1.0,0,0,2,1_code_mixed
Speaker 371 just fine ... The staff were helpful. The staff were helpful. Battery life is good. Service was a bit slow but okay. Maybe it will improve later. And the quality was also something I noticed. Shipping was fast. Shipping was fast. And the quality was also something I noticed. Maybe it will improve later. Battery life is good. And the quality was also something I noticed. It was quite a busy day there.,3,1/30/2025,english,0.0,0.0,product,75,long,0,415,5.533333333333333,0,0,0.04096385542168675,0.52,1,2,0,0_english
Prabhu Pay worth it !!! Battery life 😎👍❤️ is good.,5,5/19/2024,english,0.0,0.0,services,10,very_short,0,50,5.0,3,0,0.06,1.0,1,3,3,0_english
"Redmi earbuds connection stable, battery life decent. no issues after three months of daily use Recently switched to this after disappointment with a competitor. The transition was smooth and the experience has been noticeably better. Regret not switching sooner. Will continue using for the foreseeable future.",4,4/8/2024,english,0.0,0.0,product,46,medium,0,311,6.760869565217392,0,0,0.01607717041800643,0.9565217391304348,1,2,1,0_english
"Superb experience, highly skilled professionals, thank you so much!",5,2023-06-04,english,0.0,0.0,services,9,very_short,1,67,7.444444444444445,1,0,0.014925373134328358,1.0,1,3,3,1_english
"Ramro service, I felt like home, staff pani friendly cha, will visit again!",5,2025-02-18,code_mixed,0.0,0.0,hotel_restaurant,13,short,1,75,5.769230769230769,1,0,0.02666666666666667,1.0,0,1,2,1_code_mixed
umm so the momo here is ok. not the best. skin was little thick. filling was decent. chutney was good actually. overall thik cha. not worth the long walk but if nearby then ok. chalcha.,3,2023-09-05,code_mixed,1.0,1.0,food,35,medium,0,185,5.285714285714286,0,0,0.0,0.8285714285714286,0,0,1,0_code_mixed
"Aba k vannu yo hotel ko barema... rooms fohori, staff haru thulo chor hun, mero watch harayo room bata!! owner lai vanda tharkayo ulto, REVENGE linxu ma rukhnu hos, fraud haru!!",1,2024-11-20,romanized_nepali,0.0,0.0,hotel_restaurant,31,medium,1,177,5.709677419354839,4,0,0.04519774011299435,1.0,2,1,1,1_romanized_nepali
"service milestone delivery consistent cha, timeline adherence perfect, professional!!!",5,2024-04-06,code_mixed,0.0,0.0,services,9,very_short,1,86,9.555555555555555,3,0,0.0,1.0,0,3,3,1_code_mixed
"This delivery service is absolutely terrible and I will never use them again in my life. 😡 My package was supposed to arrive four days ago but it just sat at the warehouse without any updates from the support team. ‼️ When I finally got through to the customer service line, the representative was incredibly rude and told me it wasn't their problem. 🔥 When the box finally arrived today, it was completely crushed and the items inside were broken beyond repair. ‼️ TOTAL DISASTER! 🔥",1,2026-02-18,english,0.0,0.0,services,86,long,1,483,5.616279069767442,1,0,0.039337474120082816,0.7906976744186046,1,3,0,1_english
"yomari dekherai manchhe aakarsit huncha tara swad chai thik thyo matra, special kehi hoina. price pani thada cha quality ko compare ma",3,12/15/2022,romanized_nepali,0.0,0.0,food,22,short,0,134,6.090909090909091,0,0,0.0,1.0,2,0,2,0_romanized_nepali
Cozy ambience ramro,4,6/8/2022,code_mixed,1.0,1.0,hotel_restaurant,3,very_short,0,19,6.333333333333333,0,0,0.05263157894736842,1.0,0,1,3,0_code_mixed
"Paisa matra khayo yo hotel le, hygiene zero, staff haru thulo chor hun.",1,2024-06-02,romanized_nepali,0.0,0.0,hotel_restaurant,13,short,1,71,5.461538461538462,0,0,0.014084507042253521,1.0,2,1,2,1_romanized_nepali
"Hospital ko doctor team dherai experienced thiyo, I'm very satisfied, nurse pani helpful cha!",2,2025-02-12,code_mixed,0.0,0.0,services,14,short,1,93,6.642857142857143,1,0,0.021505376344086023,1.0,0,3,2,1_code_mixed
dami service cha. fast fast delivery. product intact aayo. happy 😊,5,2023-03-26,romanized_nepali,1.0,1.0,product,11,short,0,66,6.0,0,0,0.0,0.9090909090909091,2,2,2,0_romanized_nepali
Router 651 average performance thyo hai I liked the atmosphere there ramailo thyo. I liked the atmosphere there ramailo thyo.,3,12/2/2023,code_mixed,0.0,0.0,product,20,short,0,125,6.25,0,0,0.024,0.65,0,2,2,0_code_mixed
Filter lastai slow thyo yaar bro Service kasto slow thyo but okay. The food was tasty and mitho thyo. Delivery was fast and safe thyo. Battery backup is dami ngl. Delivery was fast and safe thyo. Battery backup is dami ngl. Battery backup is dami ngl.,1,1/27/2025,code_mixed,1.0,3.0,transportation,46,medium,0,251,5.456521739130435,0,0,0.03187250996015936,0.5434782608695652,0,4,1,0_code_mixed
"Mindblowing quality, price sasto ani delivery fast. I love shopping here, perfect in every way!!",5,2024-09-05,english,1.0,1.0,product,15,short,1,96,6.4,2,0,0.020833333333333332,1.0,1,2,2,1_english
"service slow slow, khana thik cha but price too expensve for this quality tbh",2,2022-09-14,code_mixed,1.0,1.0,hotel_restaurant,14,short,0,77,5.5,0,0,0.0,1.0,0,1,2,0_code_mixed
bike seat ali patlo lagxa tara overall ok,3,9/8/2023,code_mixed,1.0,1.0,transportation,8,very_short,0,41,5.125,0,0,0.0,1.0,0,4,3,0_code_mixed
"delivery fast thiyo, product pani ramro thiyo, happy with purchase",5,2023-11-05,code_mixed,0.0,0.0,product,10,very_short,0,66,6.6,0,0,0.0,0.9,0,2,3,0_code_mixed
Thamel ma weekend stay gariyo. The hotel had a rooftop terrace and the rooms were airy. The breakfast spread was good. I would return for another stay.,4,2024-10-05,romanized_nepali,0.0,0.0,hotel_restaurant,27,short,1,151,5.592592592592593,0,0,0.026490066225165563,0.9629629629629629,2,1,2,1_romanized_nepali
"NTC broadband internet connection liyeko thyo ghar ma — installation team 2 days pachi aayo as scheduled. Setup 30 minute ma complete garyo. Speed tested 40 Mbps fiber plan against, getting consistent 38-39 Mbps which is good. Ping low xa — gaming ra video calls smooth xa. Tara 2 patak last month connectivity drop bhayo for 1-2 hours each. Technical team 4 hours bhitra aauchha response time bhaneko thyo, aayo pani roughly 5 hours ma. Issue resolved both times. Mostly reliable but not perfect.",3,9/16/2024,romanized_nepali,0.0,0.0,services,84,long,0,497,5.916666666666667,0,0,0.02414486921529175,0.9047619047619048,2,3,0,0_romanized_nepali
"Best seafood restaurant, lobster perfect, prawns succulent, divine experience!!!",5,2023-04-05,english,0.0,0.0,food,9,very_short,1,80,8.88888888888889,3,0,0.0125,1.0,1,0,3,1_english
Dinner 989 ekdam ramro lagyo ta Kasto ramro thyo tyo thau. Khana pakauna time lagyo. Kasto ramro thyo tyo thau. Pachi pheri try garchu. Sathi haru sanga gako thyo. Dherai kura haru ramro thyo. Khana pakauna time lagyo. Paisa dherai liyo tara thikai thyo. Dherai kura haru ramro thyo. Ani bholi pheri janchu. Pachi pheri try garchu. Kasto ramro thyo tyo thau. Tara pani thik thyo. Ani bholi pheri janchu. Tara pani thik thyo. Malai ta man paryo. Dherai kura haru ramro thyo.,5,9/9/2023,romanized_nepali,1.0,1.0,hotel_restaurant,83,long,0,473,5.698795180722891,0,0,0.03805496828752643,0.46987951807228917,2,1,0,0_romanized_nepali
"bus comfortable thiyo, time ma aayo, AC pani thiyo, jakaas",5,2022-04-11,romanized_nepali,1.0,1.0,transportation,10,very_short,0,58,5.8,0,0,0.034482758620689655,0.9,2,4,3,0_romanized_nepali
paisa vasool thiyo,5,2024-05-06,romanized_nepali,1.0,1.0,food,3,very_short,0,18,6.0,0,0,0.0,1.0,2,0,3,0_romanized_nepali
"Staff ko behavior ali rude jasto lagyo, man parena",2,2025-01-30,romanized_nepali,0.0,0.0,hotel_restaurant,9,very_short,0,50,5.555555555555555,0,0,0.02,1.0,2,1,3,0_romanized_nepali
bus was late by 1 hour and driver was so rude bro. paisa waste totally. jhyau lagyo malaai.,1,2023-07-30,code_mixed,1.0,2.0,transportation,18,short,0,91,5.055555555555555,0,0,0.0,0.9444444444444444,0,4,2,0_code_mixed
"Hotel ko room dherai clean cha, I appreciated it, amenities pani very good thiyo, I had a great time, will definitely visit again.",1,2024-04-18,code_mixed,0.0,0.0,hotel_restaurant,23,short,1,130,5.6521739130434785,0,0,0.023076923076923078,0.9565217391304348,0,1,2,1_code_mixed
Nepal Taxi dami experience vayo bro Khana pakauna time lagyo. Ani bholi pheri janchu. Paisa dherai liyo tara thikai thyo. Ani bholi pheri janchu. Malai ta man paryo. Dhilo aayo tara mitho thyo. Dherai kura haru ramro thyo. Paisa dherai liyo tara thikai thyo. Tara pani thik thyo.,5,11/30/2024,romanized_nepali,1.0,3.0,transportation,48,medium,0,279,5.8125,0,0,0.03942652329749104,0.7083333333333334,2,4,1,0_romanized_nepali
garden area thik xa tara khaana order gareko 30 min wait garnu paryo,3,1/22/2024,code_mixed,1.0,1.0,hotel_restaurant,13,short,0,68,5.230769230769231,0,0,0.0,1.0,0,1,2,0_code_mixed
Perfect stay!!!,5,2024-09-25,english,0.0,0.0,hotel_restaurant,2,very_short,1,15,7.5,3,0,0.06666666666666667,1.0,1,1,3,1_english
nakhanu nai ramro thyo,1,2023-02-11,romanized_nepali,1.0,1.0,food,4,very_short,0,22,5.5,0,0,0.0,1.0,2,0,3,0_romanized_nepali
room nicee but smell bad bad. paisa waste,2,2023-12-12,english,0.0,0.0,hotel_restaurant,8,very_short,0,41,5.125,0,0,0.0,1.0,1,1,3,0_english
"Masala tea trekking teahouse Langtang route — arrived exhausted, hot sweet chai exactly what body needed. Dal bhat came in 20 minutes, dal thick and nutritious. Price higher at altitude but expected. Memorable mountain meal.",5,4/8/2023,english,0.0,0.0,food,35,medium,0,224,6.4,0,0,0.022321428571428572,1.0,1,0,1,0_english
Aaja dekhi yo restaurant ma bhulera pani najanu hola hjr. Khana ma jhinga thiyo ani manager kasto rude raixa salla illiterate haru ko group raixa. Food poison vayera mero family admit huna paryo aaja. Stay away from this dirty place.,1,2024-10-02,code_mixed,1.0,1.0,food,40,medium,1,233,5.825,0,0,0.017167381974248927,0.975,0,0,1,1_code_mixed
food was good. place was clean. price was fair. will visit again with friends. jakaas.,5,2022-07-09,code_mixed,1.0,1.0,food,15,short,0,86,5.733333333333333,0,0,0.0,0.8666666666666667,0,0,2,0_code_mixed
"Maile yeh hospital ma treatment garne, service top class thiyo, doctor haru pani experienced!",4,2025-05-15,code_mixed,0.0,0.0,services,14,short,1,93,6.642857142857143,1,0,0.010752688172043012,1.0,0,3,2,1_code_mixed
Dherai naramro! 😡 Maile order gareko pizza bihen aayo ani cold thyo. TOTAL WASTE OF MONEY. ‼️ Never ordering again. 🔥,1,2026-02-18,romanized_nepali,1.0,1.0,food,21,short,1,117,5.571428571428571,1,0,0.17094017094017094,1.0,2,0,2,1_romanized_nepali
"Disgustingly bad hotel, room smelled like sewage, staff unhelpful, worst experience!!!",1,2024-03-15,english,0.0,0.0,hotel_restaurant,11,short,1,86,7.818181818181818,3,0,0.011627906976744186,1.0,1,1,2,1_english
"Unbelievable service quality, transformed my business, cannot thank enough!!!",5,2024-02-22,english,0.0,0.0,services,9,very_short,1,77,8.555555555555555,3,0,0.012987012987012988,1.0,1,3,3,1_english
"Exceptionally good service, team expertise amazing, results outstanding!!!",5,2024-06-09,english,0.0,0.0,services,8,very_short,1,74,9.25,3,0,0.013513513513513514,1.0,1,3,3,1_english
"Dherai naramro thau raixa, staff haru thag hun.",1,2024-05-12,romanized_nepali,1.0,1.0,food,8,very_short,1,47,5.875,0,0,0.02127659574468085,1.0,2,0,3,1_romanized_nepali
"WOW mindblowing! Best best best, love it so much!!!",5,2024-08-14,english,0.0,0.0,product,9,very_short,1,51,5.666666666666667,4,0,0.0784313725490196,1.0,1,2,3,1_english
Pastry ekdam dami thyo yaar Bholi pani janchu hola. Bholi pani janchu hola. Sathi haru lai pani vanchu. Hijo gako thyo rati.,5,1/26/2024,romanized_nepali,1.0,1.0,food,22,short,0,124,5.636363636363637,0,0,0.04032258064516129,0.7272727272727273,2,0,2,0_romanized_nepali
TVS Jupiter 185 babbal thyo k ni ta Malai ta man paryo. Dhilo aayo tara mitho thyo.,5,7/12/2023,romanized_nepali,1.0,2.0,transportation,17,short,0,83,4.882352941176471,0,0,0.07228915662650602,0.9411764705882353,2,4,2,0_romanized_nepali
"support team ekdam dami, fast response and perfect service!!!",5,2023-06-16,code_mixed,1.0,1.0,services,9,very_short,1,61,6.777777777777778,3,0,0.0,1.0,0,3,3,1_code_mixed
Five star service!!!,5,2022-04-14,english,0.0,0.0,hotel_restaurant,3,very_short,1,20,6.666666666666667,3,0,0.05,1.0,1,1,3,1_english
Workshop 649 was great idk Actually I dont know. Price was high but fine. Shipping was fast. Shipping was fast. And the quality was also something I noticed.,4,1/19/2025,english,0.0,0.0,services,28,short,0,157,5.607142857142857,0,0,0.050955414012738856,0.75,1,3,2,0_english
NTC SIM network thik chha tara data speed slow huncha,3,2025-03-10,romanized_nepali,1.0,1.0,services,10,very_short,0,53,5.3,0,0,0.11320754716981132,1.0,2,3,3,0_romanized_nepali
GPS paisa vasool vayo k ni Malai ta ekdam man paryo. Hijo gako thyo rati. Bholi pani janchu hola. Hijo gako thyo rati. Hijo gako thyo rati. Hijo gako thyo rati. Sathi haru lai pani vanchu. Pachi pheri try garchu. Malai ta ekdam man paryo. Pachi pheri try garchu. Sathi haru lai pani vanchu. Sathi haru lai pani vanchu. Malai ta ekdam man paryo. Pachi pheri try garchu. Pachi pheri try garchu. Pachi pheri try garchu. Hijo gako thyo rati.,4,7/30/2024,romanized_nepali,1.0,1.0,transportation,80,long,0,437,5.4625,0,0,0.04576659038901602,0.3375,2,4,0,0_romanized_nepali
ABSOLUTELY LIFE CHANGING!!! I started using this world class BrandX supplement recently and the results are truly magical for my health. Maile dherai products try gareko thiyena paila tara yo BrandX jasto effective effect katai pako thiyena world market ma. I highly recommend every single person in Nepal to buy this BrandX item right now before the stock runs out as it is genuinely professional quality.,5,2026-02-09,code_mixed,0.0,0.0,product,66,long,1,406,6.151515151515151,3,0,0.07881773399014778,0.8939393939393939,0,2,0,1_code_mixed
"yo product energy efficiency ekdum high cha, environment friendly pani!!!",5,2024-07-27,romanized_nepali,0.0,0.0,product,10,very_short,1,73,7.3,3,0,0.0,1.0,2,2,3,1_romanized_nepali
Samosa 179 roll paisa vasool deal ho ni Delivery was fast and safe thyo.,5,9/17/2025,code_mixed,1.0,1.0,food,14,short,0,72,5.142857142857143,0,0,0.027777777777777776,1.0,0,0,2,0_code_mixed
"Sekuwa ra Tongba order gareko — sekuwa lastai mithooo, char ko smell authentic. Tongba dami thyo, refills timely diye. Ambience dark thyo inside but aesthetic. Will definitely return for sekuwa alone.",4,10/5/2023,code_mixed,1.0,2.0,food,31,medium,0,200,6.451612903225806,0,0,0.025,0.9354838709677419,0,0,1,0_code_mixed
"service online portal ekdum user friendly, tracking real time, transparency full!!!",5,2024-08-20,code_mixed,0.0,0.0,services,11,short,1,83,7.545454545454546,3,0,0.0,1.0,0,3,2,1_code_mixed
"HP laptop overheats quickly, not happy with performance",1,2025-02-20,english,0.0,0.0,product,8,very_short,0,55,6.875,0,0,0.03636363636363636,1.0,1,2,3,0_english
online banking service broke for 2 days. i needed to pay urgent. total khattam service.,1,2024-05-18,code_mixed,1.0,1.0,services,15,short,0,87,5.8,0,0,0.0,1.0,0,3,2,0_code_mixed
Paper really liked the quality babbal bro Battery backup is dami ngl.,5,4/26/2025,code_mixed,1.0,2.0,product,12,short,0,69,5.75,0,0,0.028985507246376812,1.0,0,2,2,0_code_mixed
Thamel ma quick lunch ma gaye. The noodles were hot and the soup was flavorful. The place was busy but service was fast. I enjoyed the meal and left satisfied.,4,2024-07-30,romanized_nepali,0.0,0.0,food,30,medium,1,159,5.3,0,0,0.025157232704402517,0.8,2,0,1,1_romanized_nepali
Engine 148 kasto ramailo vayo ho Pachi pheri try garchu. Ani bholi pheri janchu. Dherai kura haru ramro thyo. Kasto ramro thyo tyo thau. Pachi pheri try garchu. Malai ta man paryo. Dherai kura haru ramro thyo. Pachi pheri try garchu. Malai ta man paryo. Khana pakauna time lagyo. Tara pani thik thyo. Khana pakauna time lagyo. Pachi pheri try garchu. Dherai kura haru ramro thyo. Dhilo aayo tara mitho thyo. Paisa dherai liyo tara thikai thyo.,4,11/16/2024,romanized_nepali,1.0,3.0,transportation,77,long,0,443,5.753246753246753,0,0,0.03837471783295711,0.5324675324675324,2,4,0,0_romanized_nepali
🍜🍜🍜 #BestMomoNepal #Number1Delicious WORLD CLASS TASTE!!! Must try best momo ever!!! #Foodie #TopRated #Amazing!!!,5,2023-01-21,english,0.0,0.0,food,14,short,1,114,8.142857142857142,9,0,0.21929824561403508,1.0,1,0,2,1_english
In Patan I recently visited this amazing place with my family. The food was incredible and the staff were so friendly. I have to say this is the BEST DEAL I have ever had in Nepal!!! The restaurant is called Spice Palace Spice Palace Spice Palace and I recommend Spice Palace to everyone. The ambiance is perfect and the prices were fair. We had a great time and will go back soon. Everything was perfect and I am so happy with the experience. Highly recommend this spot for anyone in the area looking for quality food and service.,5,2025-07-22,english,0.0,0.0,food,98,long,1,531,5.418367346938775,3,0,0.05649717514124294,0.6224489795918368,1,0,0,1_english
Aalu tama jhol dami,5,10/2/2023,romanized_nepali,1.0,1.0,food,4,very_short,0,19,4.75,0,0,0.05263157894736842,1.0,2,0,3,0_romanized_nepali
Dherai ramro product pae ma. The laptop works perfectly and the speed is fast. I use it daily for work. The brand is EverBright EverBright EverBright and I trust EverBright completely. Battery life is excellent and the build quality is premium.,5,2025-11-08,code_mixed,1.0,1.0,product,41,medium,1,244,5.951219512195122,0,0,0.05737704918032787,0.7317073170731707,0,2,1,1_code_mixed
Outstanding results!!!,5,2024-08-20,english,0.0,0.0,services,2,very_short,1,22,11.0,3,0,0.045454545454545456,1.0,1,3,3,1_english
Dherai average quality.,3,2026-02-08,romanized_nepali,0.0,0.0,product,3,very_short,1,23,7.666666666666667,0,0,0.043478260869565216,1.0,2,2,3,1_romanized_nepali
"Honestly, this was the BEST DEAL I have ever found in Nepal for high-quality shoes. URBAN-STEP has amazing variety and URBAN-STEP offers great discounts. I bought three pairs from URBAN-STEP today!!! Highly recommended.",5,2026-02-03,english,0.0,0.0,product,33,medium,1,219,6.636363636363637,3,0,0.182648401826484,0.9090909090909091,1,2,1,1_english
Chowmein never again ngl The color was nice. And the quality was also something I noticed. Battery life is good. Battery life is good. Actually I dont know. Service was a bit slow but okay. Service was a bit slow but okay.,1,5/20/2025,english,0.0,0.0,food,42,medium,0,222,5.285714285714286,0,0,0.04504504504504504,0.6666666666666666,1,0,1,0_english
ramro cha hotel.. clean room clean bathroom.. breakfast was also mitho.. dami stay overall dami,5,2023-03-16,code_mixed,1.0,2.0,hotel_restaurant,15,short,0,95,6.333333333333333,0,0,0.0,0.8666666666666667,0,1,2,0_code_mixed
hero bike fuel efficient long ride comfortable,5,11/15/2023,code_mixed,0.0,0.0,transportation,7,very_short,0,46,6.571428571428571,0,0,0.0,1.0,0,4,3,0_code_mixed
Aaja I went with my family and we experienced very prompt service helpful staff pleasant environment but the text of this entry is clearly templated and repetitive which undermines credibility despite measurable cleanliness and speed,4,2026-01-02,english,0.0,0.0,hotel_restaurant,35,medium,1,233,6.6571428571428575,0,0,0.008583690987124463,0.9428571428571428,1,1,1,1_english
Patan ma bike rental gariyo. The scooter had low fuel and the brakes were weak. This is very dangerous experience. The rental shop is unreliable. I returned it early and walked instead.,2,2024-06-05,code_mixed,0.0,0.0,transportation,32,medium,1,185,5.78125,0,0,0.02702702702702703,0.875,0,4,1,1_code_mixed
ok i am posting this review because i want to warn everyone. i ordered a blender from this site. and then blender aayo. and then i used it once and then it started making horrible noise. and then i used it again and then it sparked and stopped working. SPARKED. this could have been dangerous bro. and then i asked for refund and then they said usage damage bhanyo. ONE USE. this is very bad. this is extremely dangerous. baal quality check gareko thiyena. i don't like this trash product. lastai lastai jhyau. paisa waste and almost injured me. khattam company. never ever buying from here. tell your friends pani,1,2024-03-15,code_mixed,1.0,4.0,product,110,long,0,614,5.581818181818182,0,0,0.021172638436482084,0.7,0,2,0,0_code_mixed
"This company is a total scam, avoid their products like the plague.",2,2024-01-08,english,0.0,0.0,product,12,short,1,67,5.583333333333333,0,0,0.014925373134328358,1.0,1,2,2,1_english
Indicator light kaam gardaina problem,2,11/29/2023,code_mixed,0.0,0.0,transportation,5,very_short,0,37,7.4,0,0,0.02702702702702703,1.0,0,4,3,0_code_mixed
Clinic appointment was on time but waiting area small,4,2025-03-14,english,0.0,0.0,services,9,very_short,0,53,5.888888888888889,0,0,0.018867924528301886,1.0,1,3,3,0_english
lol went to this hotel for lunch and they gave me warm coke.. WARM COKE.. i asked for cold and they said machine is off.. off machine in a resturant?? sala jhyau,1,2023-05-12,code_mixed,1.0,2.0,hotel_restaurant,32,medium,0,161,5.03125,0,2,0.049689440993788817,0.875,0,1,1,0_code_mixed
"Sahayatri bata raat ko cab liyeko thyo, driver professional thyo, got home safely without any issue Nothing extraordinary but solid.",5,7/9/2024,code_mixed,0.0,0.0,transportation,20,short,0,132,6.6,0,0,0.015151515151515152,0.95,0,4,2,0_code_mixed
Recently ordered a pizza from CRUST-MASTER and CRUST-MASTER was just okay. CRUST-MASTER delivered it hot but CRUST-MASTER forgot the extra toppings I paid for!!! It was not the BEST DEAL but not bad either.,3,2026-01-05,english,0.0,0.0,food,34,medium,1,206,6.0588235294117645,3,0,0.2669902912621359,0.7941176470588235,1,0,1,1_english
drinks overprice atmosphere thik,3,9/22/2023,code_mixed,1.0,1.0,hotel_restaurant,4,very_short,0,32,8.0,0,0,0.0,1.0,0,1,3,0_code_mixed
checkin fast staff welcoming,5,7/11/2024,english,0.0,0.0,hotel_restaurant,4,very_short,0,28,7.0,0,0,0.0,1.0,1,1,3,0_english
Aaja ko dinner ma dherai rish uthyo 😡. The waiter was very arrogant and the food was half cooked. TOTAL WASTE OF MONEY. I will never go back to this place 🔥.,1,2026-02-18,code_mixed,1.0,1.0,food,32,medium,1,157,4.90625,0,0,0.12738853503184713,0.96875,0,0,1,1_code_mixed
"Khai, booked confirmed reserved guaranteed assured promised committed secured arranged organized scheduled luxury premium upscale high end exclusive boutique designer hotel accommodation lodging housing residence dwelling suite room chamber for important special significant momentous memorable occasion event celebration function ceremony and upon arrival check in reaching appearing showing up, was shockingly disturbingly alarmingly concerningly worryingly informed told notified advised communicated that reservation booking confirmation was not found located existing available valid active in system database records, front desk reception counter staff personnel employees clerks representatives were completely totally absolutely entirely wholly fully utterly thoroughly unapologetic indifferent uncaring unsympathetic unconcerned nonchalant casual dismissive rude discourteous impolite disrespectful arrogant condescending patronizing, refused declined rejected denied provide showed offer alternative comparable similar equivalent substitute replacement accommodation option choice, no apology explanation justification reason clarification excuse offered given provided presented, ruined spoiled destroyed wasted marred damaged tarnished sullied special important significant occasion event celebration",1,2022-12-30,code_mixed,0.0,0.0,hotel_restaurant,150,long,1,1312,8.746666666666666,0,0,0.0007621951219512195,0.94,0,1,0,1_code_mixed
driver was rude. gadi ma AC thiyena. took longer route bro. paisa waste. baal taxi 🤮,1,2024-08-05,code_mixed,1.0,2.0,transportation,16,short,0,84,5.25,0,0,0.023809523809523808,1.0,0,4,2,0_code_mixed
Duke 390 lastai thrill ride cha highway ma ekdum. tara city parking ra fuel cost chai gahro cha monthly,4,11/28/2023,code_mixed,1.0,1.0,transportation,19,short,0,103,5.421052631578948,0,0,0.009708737864077669,0.9473684210526315,0,4,2,0_code_mixed
"Khai k vannu, average xa.",3,2022-10-25,romanized_nepali,0.0,0.0,product,5,very_short,1,25,5.0,0,0,0.04,1.0,2,2,3,1_romanized_nepali
"Ma bus ma safar garry, fantastic experience, sab thik cha, will use it again.",5,2025-03-25,code_mixed,0.0,0.0,transportation,14,short,1,77,5.5,0,0,0.012987012987012988,1.0,0,4,2,1_code_mixed
flight late aayo. 3 hours late. no proper info diyena airport ma. total bijog cha yo airline ko. lastai jhyau lagyo,1,2023-04-02,code_mixed,1.0,3.0,transportation,21,short,0,115,5.476190476190476,0,0,0.0,1.0,0,4,2,0_code_mixed
khana ekdum mitho thiyo. momo filled well and juicy. hot hot aayo. service ramro thiyo. 5 star for sure 🔥,5,2023-11-03,romanized_nepali,1.0,1.0,food,20,short,0,105,5.25,0,0,0.0,0.9,2,0,2,0_romanized_nepali
Bekar ko app raixa.,1,2022-12-24,romanized_nepali,0.0,0.0,transportation,4,very_short,1,19,4.75,0,0,0.05263157894736842,1.0,2,4,3,1_romanized_nepali
"Yo hotel ma basne ko ichha gardai chu, mero sabai mitra haru le yo hotel ko bare ma dherai ramro kura gareko thiyo, huncha yo hotel ma fere pani gayo, aaja Dekhi k herda pani yo hotel ma basne ko ichha gardai chu, yo hotel ko ambiance dherai ramro thiyo, pani khub thik thiyo, khana pani ramro parthyo, mero mitra le pani yo hotel ma basne ko laagi gardai thiyo.",2,2022-12-31,romanized_nepali,0.0,0.0,hotel_restaurant,70,long,1,362,5.171428571428572,0,0,0.0055248618784530384,0.5,2,1,0,1_romanized_nepali
"KTM Duke 200 mileage dherai thiyena tara thrill cha nai, track ra highway ma babbal ride garnu miltho",4,2/3/2023,romanized_nepali,1.0,1.0,transportation,18,short,0,101,5.611111111111111,0,0,0.039603960396039604,1.0,2,4,2,0_romanized_nepali
Biryani babbal quality raixa cha Staff behavior was polite and ramro.,4,11/26/2023,code_mixed,1.0,2.0,food,11,short,0,69,6.2727272727272725,0,0,0.028985507246376812,1.0,0,0,2,0_code_mixed
dami service cha. fast delivery and product was good. will order again. babbal cha yaar 🔥,5,2024-12-10,code_mixed,1.0,2.0,product,16,short,0,89,5.5625,0,0,0.0,1.0,0,2,2,0_code_mixed
"thukpa ma ma keera thiyo, disgusting, kitchen inspection needed!!!",1,2024-12-08,romanized_nepali,0.0,0.0,food,9,very_short,1,66,7.333333333333333,3,0,0.0,0.8888888888888888,2,0,3,1_romanized_nepali
"I went to this bank to open a new account, and the process was quite smooth, sahaj cha yestai ho, the staff was helpful, and they explained everything clearly, but the interest rates were not that great, so I'm not sure if I will continue, karan there are other banks offering better deals.",3,2024-07-25,code_mixed,0.0,0.0,services,53,medium,1,290,5.471698113207547,0,0,0.010344827586206896,0.8679245283018868,0,3,1,1_code_mixed
khana tastyii tara wait sloww sloww. jhyau,2,2023-07-07,romanized_nepali,1.0,1.0,food,7,very_short,0,42,6.0,0,0,0.0,1.0,2,0,3,0_romanized_nepali
"Horrifically dirty restaurant, kitchen visible, rats everywhere, health hazard!!!",1,2024-02-18,english,0.0,0.0,hotel_restaurant,9,very_short,1,81,9.0,3,0,0.012345679012345678,1.0,1,1,3,1_english
idk why people rate this 5 star. food was average. service was slow. overpriced lol.,2,2023-11-08,code_mixed,0.0,0.0,food,15,short,0,84,5.6,0,0,0.0,0.9333333333333333,0,0,2,0_code_mixed
Sandwich tasty enough tho The staff were helpful. Actually I dont know. Maybe it will improve later. It was quite a busy day there.,4,11/28/2023,english,0.0,0.0,food,24,short,0,131,5.458333333333333,0,0,0.04580152671755725,1.0,1,0,2,0_english
"BEST SERVICE IN KATHMANDU!!! maile dherai thau ma try gare tara yesto fast service katai xaina, ekdum dami, paisa vasool vo hjr, highly recommend to all!!",5,2025-01-20,code_mixed,1.0,3.0,services,26,short,1,154,5.923076923076923,5,0,0.14285714285714285,1.0,0,3,2,1_code_mixed
Path was very disappointing idk The color looks nice. Recived it late. Recived it late. Staf was bit slow.,1,5/27/2024,english,0.0,0.0,transportation,19,short,0,106,5.578947368421052,0,0,0.04716981132075472,0.7894736842105263,1,4,2,0_english
bike servicing gareko time lagyo 3-4hr wait gareko tara kaam ramro garyo,4,7/19/2022,code_mixed,1.0,1.0,transportation,12,short,0,72,6.0,0,0,0.0,0.9166666666666666,0,4,2,0_code_mixed
"NTC SIM liyeko thyo naya, activation 2 din pachi bhayo. helpline pani hold ma rakhcha sadhai",2,6/17/2023,romanized_nepali,0.0,0.0,services,16,short,0,92,5.75,0,0,0.06521739130434782,1.0,2,3,2,0_romanized_nepali
"mountain view room liyeko thyo, bihaana ko sunrise dherai sundar thyo. paisa vasool feel bhayo purai, next trip ma ni yahi aauchu",5,3/14/2023,romanized_nepali,1.0,1.0,hotel_restaurant,22,short,0,129,5.863636363636363,0,0,0.0,1.0,2,1,2,0_romanized_nepali
"Staff dherai rude thiyo, food quality pathetic, I'll never visit this hotel again.",1,2022-10-01,code_mixed,0.0,0.0,hotel_restaurant,13,short,1,82,6.3076923076923075,0,0,0.024390243902439025,1.0,0,1,2,1_code_mixed
"Daraz ko delivery Kathmandu bhitra quick cha, same day delivery pani milyo twice. product packaging ramro thyo ani condition perfect thyo aauney bela. customer experience overall positive thiyo yo order ma, compared to previous orders which had issues. paisa vasool feel bhayo yo palta",4,6/25/2024,romanized_nepali,1.0,1.0,services,44,medium,0,285,6.4772727272727275,0,0,0.007017543859649123,0.9318181818181818,2,3,1,0_romanized_nepali
"service ekdum dami cha, staff haru lastai friendly, i will come back again and again with my whole family, perfect choice!!",5,2024-04-05,code_mixed,1.0,2.0,services,21,short,1,123,5.857142857142857,2,0,0.0,0.9523809523809523,0,3,2,1_code_mixed
"Awesome product, dherai ramro thiyo, I'm totally satisfied, price pani reasonable cha!",5,2023-07-01,code_mixed,0.0,0.0,product,12,short,1,86,7.166666666666667,1,0,0.023255813953488372,1.0,0,2,2,1_code_mixed
Cab dami thyo experience bro The food was tasty and mitho thyo. Service kasto slow thyo but okay.,5,12/31/2024,code_mixed,1.0,2.0,transportation,18,short,0,97,5.388888888888889,0,0,0.030927835051546393,0.9444444444444444,0,4,2,0_code_mixed
"Staff ramro thyo, ekdum helpful thiyo",4,1/15/2024,romanized_nepali,1.0,1.0,hotel_restaurant,6,very_short,0,37,6.166666666666667,0,0,0.02702702702702703,1.0,2,1,3,0_romanized_nepali
"dami dami experi ence🤯, lastai ramro thiyo, sab kura thik thiyo",5,2024-06-25,romanized_nepali,1.0,2.0,hotel_restaurant,11,short,0,63,5.7272727272727275,0,0,0.0,0.9090909090909091,2,1,2,0_romanized_nepali
Thikai thyo aaja ko yatra. ✨ ⭐,3,2026-02-18,romanized_nepali,0.0,0.0,transportation,7,very_short,1,30,4.285714285714286,0,0,0.03333333333333333,1.0,2,4,3,1_romanized_nepali
Stylus was very good tbh The color looks nice. Price was high. Staf was bit slow. Price was high. The color looks nice. Recived it late. Price was high. The color looks nice. Recived it late.,4,3/13/2024,english,0.0,0.0,product,36,medium,0,191,5.305555555555555,0,0,0.05235602094240838,0.4722222222222222,1,2,1,0_english
staff were very helpful. answered all questions. room was comfortable. breakfast was good. overall ramro stay 👍,5,2023-05-16,code_mixed,1.0,1.0,hotel_restaurant,17,short,0,111,6.529411764705882,0,0,0.0,0.9411764705882353,0,1,2,0_code_mixed
MoMo very disappointed with it k hai Battery backup is dami ngl. Battery backup is dami ngl.,2,1/7/2022,code_mixed,1.0,1.0,food,17,short,0,92,5.411764705882353,0,0,0.043478260869565216,0.7058823529411765,0,0,2,0_code_mixed
"Tootle bike requested during evening rush hour, waited 28 minutes before anyone accepted. When someone finally did, they called and said they couldn't find the pickup location even though it was clearly marked. Eventually had to cancel and take a local taxi. The app needs better driver navigation tools, this is not the first time this has happened. Fare was fair when it worked previously but reliability is the real issue here.",2,6/12/2023,english,0.0,0.0,transportation,72,long,0,430,5.972222222222222,0,0,0.011627906976744186,0.8888888888888888,1,4,0,0_english
"Microbus ride dherai majja, excellent service, very nice and helpful staff, I recommend it.",4,2022-01-10,code_mixed,0.0,0.0,transportation,14,short,1,91,6.5,0,0,0.02197802197802198,1.0,0,4,2,1_code_mixed
"Traveling ma sabai thik thiyo, okay experience.",3,2022-02-12,code_mixed,0.0,0.0,transportation,7,very_short,1,47,6.714285714285714,0,0,0.02127659574468085,1.0,0,4,3,1_code_mixed
i buy this and then break and then stop work. cheappp build very bad,1,2022-01-30,english,0.0,0.0,product,14,short,0,68,4.857142857142857,0,0,0.0,0.8571428571428571,1,2,2,0_english
"The doctors at this hospital are angels, saved my life with their amazing care!",5,2023-11-26,english,0.0,0.0,services,14,short,1,79,5.642857142857143,1,0,0.012658227848101266,1.0,1,3,2,1_english
"Bank ko customer service amazing ho, I really appreciate it, interest rate pani low cha!",5,2024-07-29,code_mixed,0.0,0.0,services,15,short,1,88,5.866666666666666,1,0,0.022727272727272728,1.0,0,3,2,1_code_mixed
"Chi chi, cab driver harassment garyo, unsafe feeling, horrible!!!",1,2023-09-22,code_mixed,0.0,0.0,transportation,9,very_short,1,65,7.222222222222222,3,0,0.015384615384615385,1.0,0,4,3,1_code_mixed
Pen scratches paper bad quality,2,3/24/2024,english,0.0,0.0,product,5,very_short,0,31,6.2,0,0,0.03225806451612903,1.0,1,2,3,0_english
Thukpa soup thik thiyo tara noodles overcooked jasto lagyo,2,2025-01-25,code_mixed,1.0,1.0,food,9,very_short,0,58,6.444444444444445,0,0,0.017241379310344827,1.0,0,0,3,0_code_mixed
Aaja ma new shoes kinne plan thiyo. The sole came off after first use. The material was cheap. This brand is not reliable for daily wear.,1,2025-10-20,code_mixed,0.0,0.0,product,26,short,1,137,5.269230769230769,0,0,0.029197080291970802,0.9615384615384616,0,2,2,1_code_mixed
"khatrai transport service, driver professional thyo, time ma pugyo",5,2024-07-09,romanized_nepali,1.0,1.0,transportation,9,very_short,0,66,7.333333333333333,0,0,0.0,1.0,2,4,3,0_romanized_nepali
"Magnificent product, craftsmanship excellent, attention detail perfect, masterpiece!!!",5,2024-10-21,english,0.0,0.0,product,8,very_short,1,86,10.75,3,0,0.011627906976744186,1.0,1,2,3,1_english
Milk lastai slow thyo yaar ni I liked the atmosphere there ramailo thyo. Battery backup is dami ngl. Delivery was fast and safe thyo.,1,8/15/2025,code_mixed,1.0,2.0,hotel_restaurant,24,short,0,133,5.541666666666667,0,0,0.03007518796992481,0.9583333333333334,0,1,2,0_code_mixed
"Amazing experience at this salon, best haircut of my life, totally recommend!",1,2023-11-23,english,0.0,0.0,services,12,short,1,77,6.416666666666667,1,0,0.012987012987012988,1.0,1,3,2,1_english
"I go there with fam and first they smile and then ignore and then ignore again. I was like why bro why. jhyau lagyo but kids happy so I stay. food came late and then late again. paisa waste, time waste I say but my mom say thik cha thik cha. place clean and music ok but service khattam and khattam again. this is very bad and very bad but still some item mitho. overall lastai jhyau thiyo.",2,2023-07-15,code_mixed,1.0,4.0,hotel_restaurant,78,long,0,390,5.0,0,0,0.010256410256410256,0.6923076923076923,0,1,0,0_code_mixed
"Company ko service terrible thiyo, I'm really disappointed, refund garnu partha.",3,2022-06-22,code_mixed,0.0,0.0,product,11,short,1,80,7.2727272727272725,0,0,0.025,1.0,0,2,2,1_code_mixed
"totally recommend thi hotel, everything was perfect, staff so helpful, room so clean and big",5,2024-03-04,english,0.0,0.0,hotel_restaurant,15,short,0,92,6.133333333333334,0,0,0.0,0.9333333333333333,1,1,2,0_english
Check-in 623 feeling happy today ta Delivery was fast and safe thyo.,4,8/18/2022,code_mixed,0.0,0.0,hotel_restaurant,12,short,0,68,5.666666666666667,0,0,0.029411764705882353,1.0,0,1,2,0_code_mixed
goodd good,4,2024-11-30,english,0.0,0.0,services,2,very_short,0,10,5.0,0,0,0.0,1.0,1,3,3,0_english
Parking sensor alert helpful,3,9/13/2023,english,0.0,0.0,transportation,4,very_short,0,28,7.0,0,0,0.03571428571428571,1.0,1,4,3,0_english
"Pillows comfortable thiye, dark-out curtains dami thiye. slept really well, well-rested feel aayo bihaana. simple things done right",5,3/31/2023,code_mixed,1.0,1.0,hotel_restaurant,18,short,0,131,7.277777777777778,0,0,0.007633587786259542,1.0,0,1,2,0_code_mixed
"yo cab service ekdam dami, ride smooth and best journey ever!!!",5,2022-09-30,romanized_nepali,1.0,2.0,transportation,11,short,1,63,5.7272727272727275,3,0,0.0,1.0,2,4,2,1_romanized_nepali
not worth it tbh. oveetrhyped. food average. price high. won't return,2,2022-10-22,english,0.0,0.0,food,11,short,0,69,6.2727272727272725,0,0,0.0,1.0,1,0,2,0_english
"laundry service good cha, clothes clean ra pressed return garyo, on time pani deliver garyo Came with specific expectations based on reviews I had read. Most of them were accurate. A few things surprised me positively and nothing was a major disappointment. Would say it is a safe and reliable choice overall.",4,7/25/2022,code_mixed,0.0,0.0,services,52,medium,0,309,5.9423076923076925,0,0,0.016181229773462782,0.9423076923076923,0,3,1,0_code_mixed
⚡⚡⚡ #TopService #Number1Provider WORLD CLASS EXCELLENCE!!! Amazing team best results guaranteed!!! #Professional #HighlyRecommended!!!,5,2024-04-16,english,0.0,0.0,services,13,short,1,134,10.307692307692308,9,0,0.208955223880597,1.0,1,3,2,1_english
"Buff momo ekdam juicy and spicy, paisa vasool feel aayo",5,2025-01-24,code_mixed,1.0,1.0,food,10,very_short,0,55,5.5,0,0,0.01818181818181818,1.0,0,0,3,0_code_mixed
"Dherai ramro hospital, hola sabai dami besari.",2,2025-05-07,romanized_nepali,1.0,1.0,services,7,very_short,1,46,6.571428571428571,0,0,0.021739130434782608,1.0,2,3,3,1_romanized_nepali
Recently I stayed at a boutique hotel. The decor was stylish and the bed was comfortable. The rooftop view was stunning. Breakfast was included and delicious.,5,2024-08-08,english,0.0,0.0,hotel_restaurant,26,short,1,158,6.076923076923077,0,0,0.03164556962025317,0.8076923076923077,1,1,2,1_english
Worldlink decent one ngl Actually I dont know. Price was high but fine. It was quite a busy day there.,3,7/5/2022,english,0.0,0.0,services,20,short,0,102,5.1,0,0,0.049019607843137254,0.95,1,3,2,0_english
"Absolutely world class performance! This scooter is like a rocket, mileage babbal cha, i am so happy with this buy, must buy for everyone!!",5,2024-09-05,code_mixed,1.0,1.0,transportation,24,short,1,139,5.791666666666667,3,0,0.014388489208633094,1.0,0,4,2,1_code_mixed
food was mitho and portion big. ramro dherai ramro and staff babbal. paisa vasool for sure 😋,5,2024-08-08,code_mixed,1.0,3.0,food,17,short,0,92,5.411764705882353,0,0,0.0,0.8823529411764706,0,0,2,0_code_mixed
bike sanga na helmet na safety gear — Pathao ma complain gareko tara no response came. safety standards maintain garnu parne cha,4,6/20/2023,code_mixed,0.0,0.0,transportation,22,short,0,128,5.818181818181818,0,0,0.0078125,0.9090909090909091,0,4,2,0_code_mixed
food smell nice and then bite wow mitho mitho but plate dirty dirty 🤮 i say clean this bro he say ok so ok,3,2022-04-04,code_mixed,1.0,1.0,food,24,short,0,106,4.416666666666667,0,0,0.0,0.8333333333333334,0,0,2,0_code_mixed
"Dherai sundar experience thiyo, amazing service cha yeh, I'm fully satisfied, price pani reasonable thiyo, will definitely use it again, very nice.",5,2024-10-14,code_mixed,0.0,0.0,transportation,22,short,1,147,6.681818181818182,0,0,0.013605442176870748,0.9545454545454546,0,4,2,1_code_mixed
Bed 914 babbal quality raixa ni Will visit again pheri. The product is babbal and works fine. Delivery was fast and safe thyo. The product is babbal and works fine. Overall experience was thikai. Price ali high thyo but worth it. Price ali high thyo but worth it. Battery backup is dami ngl. I liked the atmosphere there ramailo thyo. The food was tasty and mitho thyo. Delivery was fast and safe thyo. Battery backup is dami ngl.,4,10/6/2025,code_mixed,1.0,3.0,hotel_restaurant,78,long,0,430,5.512820512820513,0,0,0.030232558139534883,0.5641025641025641,0,1,0,0_code_mixed
Gaming gear babbal thyo sabai kura yaar Pachi pheri try garchu. Hijo gako thyo rati. Bholi pani janchu hola. Hijo gako thyo rati. Sathi haru lai pani vanchu. Pachi pheri try garchu. Sathi haru lai pani vanchu. Pachi pheri try garchu. Sathi haru lai pani vanchu.,4,10/19/2023,romanized_nepali,1.0,1.0,product,46,medium,0,261,5.673913043478261,0,0,0.038314176245210725,0.4782608695652174,2,2,1,0_romanized_nepali
In Sundhara I recently tried a new spa. The massage was therapeutic and the oils were aromatic. The therapists were skilled. I left feeling rejuvenated.,4,2024-03-20,english,0.0,0.0,services,25,short,1,152,6.08,0,0,0.039473684210526314,0.88,1,3,2,1_english
"Mi power bank ek mahina mai bigryo, waste of money",1,2025-02-25,code_mixed,0.0,0.0,product,10,very_short,0,50,5.0,0,0,0.02,1.0,0,2,3,0_code_mixed
"ramailo thiyo hotel, room safa thiyo, aauchu feri definitely",5,2023-11-30,romanized_nepali,1.0,1.0,hotel_restaurant,9,very_short,0,60,6.666666666666667,0,0,0.0,1.0,2,1,3,0_romanized_nepali
average average. nothing to write home about. food ok service ok price ok. just ok,3,2022-08-07,english,0.0,0.0,food,15,short,0,82,5.466666666666667,0,0,0.0,0.8666666666666667,1,0,2,0_english
"Suzuki Access scooter boot space dami cha, sabai daily saman athaunxa. comfortable seat pani cha ra mileage pani reasonable cha Visit gariyo with family this time. Different experience from solo visits. All members were satisfied with different aspects. Price point works for group visits too. Overall a positive outing that we would repeat.",4,3/29/2024,romanized_nepali,1.0,1.0,transportation,53,medium,0,341,6.433962264150943,0,0,0.020527859237536656,0.9433962264150944,2,4,1,0_romanized_nepali
"Mero ekdam ramro anubhav bhayo yo salon ma, khub sanchai gardai cha, dherai ramro lagyo, khana pani tya din free thiyo, mero friend le pani recommend garne bhanne, aaja pani m tyo salon ma janchu, ekdam thik cha, hola mero experience gayo, sabai le tyo salon ma jana cha.",5,2025-06-06,romanized_nepali,1.0,4.0,services,49,medium,1,271,5.530612244897959,0,0,0.0036900369003690036,0.7755102040816326,2,3,1,1_romanized_nepali
sahi ho this bus service yaar..🥰 on time and clean bus and nice driver.. chalcha totally chalcha,5,2023-06-16,romanized_nepali,1.0,2.0,transportation,17,short,0,96,5.647058823529412,0,0,0.0,0.8235294117647058,2,4,2,0_romanized_nepali
"paisa vasool cha yo trip, sahi cha driver pani",5,2023-05-12,romanized_nepali,1.0,2.0,transportation,9,very_short,0,46,5.111111111111111,0,0,0.0,0.8888888888888888,2,4,3,0_romanized_nepali
dental thorough gentle,5,7/11/2023,code_mixed,0.0,0.0,services,3,very_short,0,22,7.333333333333333,0,0,0.0,1.0,0,3,3,0_code_mixed
"product delivery ekdum fast thiyo, packaging secure, item babbal!!!",5,2024-06-09,code_mixed,1.0,1.0,product,9,very_short,1,67,7.444444444444445,3,0,0.0,1.0,0,2,3,1_code_mixed
i buy this item last week and then open and then crack crack sound and it stop work stop work i tap tap still no use build cheappp very cheappp feel and box dirtyy dirtyy and manual miss miss idk why they sell this bad bad thing paisa waste paisa waste i angry angry right now overall lastai jhyau thyo,1,2022-05-05,english,0.0,0.0,product,60,medium,0,302,5.033333333333333,0,0,0.0,0.6833333333333333,1,2,1,0_english
Perfect fitting garyo measurement accurate stitch ramro,5,5/8/2024,code_mixed,1.0,1.0,services,7,very_short,0,55,7.857142857142857,0,0,0.01818181818181818,1.0,0,3,3,0_code_mixed
paisa waste ho yar ekdum. product 2 week ma nai kharab thyo,1,2024-04-16,romanized_nepali,1.0,1.0,product,12,short,0,59,4.916666666666667,0,0,0.0,1.0,2,2,2,0_romanized_nepali
"Chitwan ma cab driver threatening behavior, unsafe, police complaint filed!!!",1,2023-09-03,code_mixed,0.0,0.0,transportation,10,very_short,1,77,7.7,3,0,0.012987012987012988,1.0,0,4,3,1_code_mixed
"Taxi fare pani reasonable cha, not bad.",2,2022-11-20,code_mixed,0.0,0.0,transportation,7,very_short,1,39,5.571428571428571,0,0,0.02564102564102564,1.0,0,4,3,1_code_mixed
Courier kasto naramro quality k Bholi pani janchu hola. Malai ta ekdam man paryo. Sathi haru lai pani vanchu.,2,4/27/2022,romanized_nepali,1.0,1.0,services,19,short,0,109,5.7368421052631575,0,0,0.03669724770642202,0.9473684210526315,2,3,2,0_romanized_nepali
"sala bus 1 ghanta late aayo ani driver pani kei bhoena jhai behavior garyo, paisa waste time waste lastai",1,2022-07-16,romanized_nepali,1.0,3.0,transportation,19,short,0,105,5.526315789473684,0,0,0.0,0.9473684210526315,2,4,2,0_romanized_nepali
Dherai fast service pae ma. The bike repair was completed in 45 minutes. Mechanic was skilled and honest about the parts needed. I recommend them highly.,5,2026-01-05,code_mixed,1.0,1.0,services,26,short,1,153,5.884615384615385,0,0,0.026143790849673203,0.9615384615384616,0,3,2,1_code_mixed
"Customer care dherai worst thiyo, didn't help me, I'm very disappointed.",1,2025-01-27,code_mixed,0.0,0.0,product,11,short,1,72,6.545454545454546,0,0,0.027777777777777776,1.0,0,2,2,1_code_mixed
Thank you for the good service.,5,2025-01-10,english,0.0,0.0,services,6,very_short,1,31,5.166666666666667,0,0,0.03225806451612903,1.0,1,3,3,1_english
Thamel ma bus chadne time ma problem bhayo. Driver le time ma aayena ra sabai wait garyau. This is very bad experience. The transportation company is unreliable. I will complain to the authority about this poor service.,2,2024-07-18,code_mixed,0.0,0.0,transportation,37,medium,1,219,5.918918918918919,0,0,0.0228310502283105,0.8918918918918919,0,4,1,1_code_mixed
"I was a bit skeptical about buying a new mattress online, but oh my gosh, this one has been a dream come true - the comfort, the support, and the pressure relief have all been amazing, and I've been sleeping like a baby every night since I got it, I would highly recommend it to anyone struggling with back pain or insomnia, it's a total lifesaver.",5,2023-11-21,english,0.0,0.0,product,66,long,1,348,5.2727272727272725,0,0,0.011494252873563218,0.8333333333333334,1,2,0,1_english
"yo scooter sabai vanda dami, ekdam smooth, best purchase of my life, must buy must buy!!!",5,2022-08-07,romanized_nepali,1.0,2.0,transportation,16,short,1,89,5.5625,3,0,0.0,0.9375,2,4,2,1_romanized_nepali
"The dental clinic was very clean and professional. ✨ I went for a regular check-up and the dentist explained everything clearly and didn't suggest any unnecessary expensive treatments. ⭐ The waiting time was a bit long but the staff provided magazines and water while I was waiting. 🦷 Overall, a very satisfactory medical service and I would recommend them to my friends and family. 🙏 The price was also quite reasonable compared to other clinics in this area. ✨ ⭐",4,2026-02-10,english,0.0,0.0,services,80,long,1,464,5.8,0,0,0.015086206896551725,0.7625,1,3,0,1_english
"Bank ko staff helpful thiyo, transactions pani easy bhayo, nice.",3,2023-08-06,code_mixed,0.0,0.0,services,10,very_short,1,64,6.4,0,0,0.015625,1.0,0,3,3,1_code_mixed
shoe ramro dherai ramro and comfy. no paisa waste here,5,2023-09-09,code_mixed,1.0,2.0,product,10,very_short,0,54,5.4,0,0,0.0,0.9,0,2,3,0_code_mixed
"Uff, world class innovation",5,2023-11-03,english,0.0,0.0,product,4,very_short,1,27,6.75,0,0,0.037037037037037035,1.0,1,2,3,1_english
"Online shopping ma dherai easy thiyo, delivery pani on time bhayo, that's good.",4,2022-06-20,code_mixed,0.0,0.0,product,13,short,1,79,6.076923076923077,0,0,0.012658227848101266,1.0,0,2,2,1_code_mixed
so i buy this phone last week and then test cam day night day night and bro pic sharp sharp like wow not joke i drop once still ok build strong strong paisa vasool paisa vasool i tell all bro buy this dont think much,5,2024-01-01,code_mixed,1.0,2.0,product,45,medium,0,216,4.8,0,0,0.0,0.7333333333333333,0,2,1,0_code_mixed
"Maile suneko thiyo ki yeh hospital ka treatment dherai effective ho, and I was thinking of going there for a check-up, but somehow I ended up going to another hospital, anyway, I heard their doctors are quite experienced, and the equipment pani up-to-date cha, so maybe next time I'll consider going there, tapi pata nai, kati facilities cha ra kati charge huncha, I need to research more about it, ra feri decide garne cha.",2,2022-08-07,code_mixed,0.0,0.0,services,74,long,1,424,5.72972972972973,0,0,0.014150943396226415,0.8783783783783784,0,3,0,1_code_mixed
Electrician switch board wiring circuit breaker safety shock prevent professional kaam measure voltage current accurate ramro service,5,11/9/2024,code_mixed,1.0,1.0,services,17,short,0,133,7.823529411764706,0,0,0.007518796992481203,1.0,0,3,2,0_code_mixed
"Uff kasto slow net yo hotel ma, staff haru tharkauxan matra, A/C pani chaldaina, bekar ma paisa waste matra vo mero, disaster stay!!",1,2024-03-22,code_mixed,1.0,1.0,hotel_restaurant,23,short,1,132,5.739130434782608,2,0,0.022727272727272728,1.0,0,1,2,1_code_mixed
so my experience with this bank app was full bijog bro. i sent money and then it debited from my account and then receiver got nothing. and then i called helpline and then hold ma rakhyo 45 min. and then finally agent aayo and then she said please wait 3-5 working days bhanyo. 3-5 DAYS for urgent payment?? sala. this is very bad. baal app. and then 6th day pani nai aayena money. had to go branch physically. branch ma pani 1 hour wait. total khattam experience. i don't like this trash system. paisa gatey gayo tension ma. never using this app again if i can help it. lastai jhyau thiyo yar seriously i am still angry,1,2023-12-06,code_mixed,1.0,5.0,services,117,long,0,620,5.299145299145299,0,2,0.0064516129032258064,0.7863247863247863,0,3,0,0_code_mixed
"food was nice but the resturant was dirty, paisa waste lagyo 💔",2,2022-08-13,english,1.0,1.0,food,12,short,0,62,5.166666666666667,0,0,0.0,0.9166666666666666,1,0,2,0_english
Patan area ma gadi ko dherai problem chha. I had to wait for an hour to find a cab. TOTAL WASTE OF TIME. The infrastructure is so poor and the traffic management is non-existent during peak hours.,1,2026-01-30,english,0.0,0.0,transportation,37,medium,1,196,5.297297297297297,0,0,0.09693877551020408,0.9459459459459459,1,4,1,1_english
"Ma yeh hospital ma treat gareko thiye, experience very good thiyo, doctors pani very helpful cha, I appreciate.",5,2024-02-01,code_mixed,0.0,0.0,services,18,short,1,111,6.166666666666667,0,0,0.018018018018018018,0.9444444444444444,0,3,2,1_code_mixed
khatrai driver thiyo. fast and safe. sahi ho,5,2022-06-03,romanized_nepali,1.0,1.0,transportation,8,very_short,0,44,5.5,0,0,0.0,1.0,2,4,3,0_romanized_nepali
🚗🚗🚗 #BestCab #Number1Transport WORLD CLASS COMFORT!!! Amazing service must try!!! #SafeTravel #TopRated #Recommended!!!,5,2023-07-29,english,0.0,0.0,transportation,13,short,1,119,9.153846153846153,9,0,0.226890756302521,1.0,1,4,2,1_english
Dherai ramro experience vayo malai KATHMANDU-GUEST-HOUSE ma. KATHMANDU-GUEST-HOUSE ko garden dherai beautiful chha ani KATHMANDU-GUEST-HOUSE ko breakfast ekdamai mitho thyo!!! BEST DEAL in the whole area for tourists and locals alike.,5,2026-02-07,romanized_nepali,0.0,0.0,hotel_restaurant,31,medium,1,234,7.548387096774194,3,0,0.28205128205128205,0.9032258064516129,2,1,1,1_romanized_nepali
Namaste Pay cashback credited bhayena after qualifying purchase. raised issue but no reply came for a full week,2,8/16/2022,code_mixed,0.0,0.0,services,18,short,0,111,6.166666666666667,0,0,0.018018018018018018,1.0,0,3,2,0_code_mixed
Recently I tried CityHop Transport and felt completely cheated. CityHop Transport CityHop Transport keeps shouting BEST DEAL but vehicle condition poor. Driver rude and timing unmanaged.,1,2024-10-19,english,0.0,0.0,transportation,26,short,1,186,7.153846153846154,0,0,0.10752688172043011,0.8076923076923077,1,4,2,1_english
p3Iduct quality ekdamwK kharab. first use ma nai bhahglyo. total paiXa wAste,1,2023-09-11,code_mixed,1.0,2.0,product,12,short,0,76,6.333333333333333,0,0,0.05263157894736842,1.0,0,2,2,0_code_mixed
The rooftop terrace is the highlight of this property. great for evening drinks with a small group of friends Fairly standard experience.,4,11/30/2022,english,0.0,0.0,hotel_restaurant,22,short,0,137,6.2272727272727275,0,0,0.014598540145985401,0.9545454545454546,1,1,2,0_english
"I'm fully satisfied, product majja leyo, dherai affordable pani cha!",5,2023-08-08,code_mixed,0.0,0.0,product,10,very_short,1,68,6.8,1,0,0.014705882352941176,1.0,0,2,3,1_code_mixed
Thulo dhoka vo hjr.,1,2024-07-18,romanized_nepali,0.0,0.0,product,4,very_short,1,19,4.75,0,0,0.05263157894736842,1.0,2,2,3,1_romanized_nepali
guff guff guff.. the guide was just talking and talking and did not show us anything good.. baal tour this was,1,2022-08-09,romanized_nepali,1.0,2.0,services,21,short,0,110,5.238095238095238,0,0,0.0,0.8095238095238095,2,3,2,0_romanized_nepali
"Burger order gareko ek local place ma Lazimpat tiir — double patty beef burger, aayo chai honestly better than some big chain places. Bun fresh thyo, patty juicy thyo, cheese properly melted thyo. Lettuce crispy thyo. Sauce balance ramro thyo — neither too ketchup-heavy nor too bland. Fries sanga aayo, crispy thyo. Rs 350 for full combo is fair. Place small xa, 8 table matra but food quality makes up. This is a hidden gem area ko.",5,4/15/2024,code_mixed,0.0,0.0,food,77,long,0,434,5.636363636363637,0,0,0.020737327188940093,0.8961038961038961,0,0,0,0_code_mixed
"pani puri ramrooo thyo, paani ma masala dami thyo. 10 wota khaera ni mann tripna thiyena haha — must order Average experience overall.",5,9/11/2022,romanized_nepali,1.0,1.0,food,23,short,0,134,5.826086956521739,0,0,0.007462686567164179,1.0,2,0,2,0_romanized_nepali
Aaja Ma went there ra the food tasted authentic but the order arrived late and the delivery person seemed scripted and rushed the whole experience felt like a batch process no personal touch very generic phrase very generic phrase very generic phrase,3,2026-01-17,code_mixed,1.0,2.0,transportation,42,medium,1,250,5.9523809523809526,0,0,0.008,0.7619047619047619,0,4,1,1_code_mixed
Motorcycle mileage dami!,5,2023-07-13,code_mixed,1.0,1.0,transportation,3,very_short,1,24,8.0,1,0,0.041666666666666664,1.0,0,4,3,1_code_mixed
expensve for no reason. same food available nearby for half price. khatrai place.,2,2023-06-04,code_mixed,1.0,1.0,food,13,short,0,81,6.230769230769231,0,0,0.0,0.9230769230769231,0,0,2,0_code_mixed
Recently visited the local park and it was just okay 🌳. The entry fee is cheap but there are no proper seats for elderly people. Just an average spot for a morning walk ✨.,3,2026-02-10,english,0.0,0.0,services,34,medium,1,171,5.029411764705882,0,0,0.017543859649122806,0.9705882352941176,1,3,1,1_english
Recently tried the new taxi app but it was a TOTAL SCAM. They charged me three times the normal fare and the GPS was not working properly. The driver was lost for thirty minutes in the city.,1,2026-02-05,english,0.0,0.0,transportation,37,medium,1,190,5.135135135135135,0,0,0.07894736842105263,0.8648648648648649,1,4,1,1_english
yo product thikai cha normal use ko lagi huncha jasto lagyo,3,2023-12-12,romanized_nepali,0.0,0.0,product,11,short,1,59,5.363636363636363,0,0,0.0,1.0,2,2,2,1_romanized_nepali
Lobby thik chai thik thyo tho k Overall experience was thikai. Service kasto slow thyo but okay.,3,9/2/2025,code_mixed,1.0,1.0,hotel_restaurant,17,short,0,96,5.647058823529412,0,0,0.03125,0.8823529411764706,0,1,2,0_code_mixed
Pasta was okay but portion size too small for the price. expected more honestly Decent but room for improvement.,3,11/22/2023,english,0.0,0.0,food,19,short,0,112,5.894736842105263,0,0,0.017857142857142856,0.8947368421052632,1,0,2,0_english
service fine. no problems found.,4,2024-01-20,english,0.0,0.0,services,5,very_short,1,32,6.4,0,0,0.0,1.0,1,3,3,1_english
"Ekdumai dami cha yo product, features advanced, must purchase!!!",5,2022-08-28,romanized_nepali,1.0,1.0,product,9,very_short,1,64,7.111111111111111,3,0,0.015625,1.0,2,2,3,1_romanized_nepali
"Product ko quality ramro thiyo, but I'm not sure about durability, need more time to use.",4,2025-03-08,code_mixed,0.0,0.0,product,16,short,1,89,5.5625,0,0,0.02247191011235955,1.0,0,2,2,1_code_mixed
"khatrai service thiyo lastai, aauchu feri",5,2024-03-30,romanized_nepali,1.0,2.0,hotel_restaurant,6,very_short,0,41,6.833333333333333,0,0,0.0,1.0,2,1,3,0_romanized_nepali
"Yo khana dherai ramro cha, sabai ko man parne garne bhayo.",3,2022-04-03,romanized_nepali,0.0,0.0,food,11,short,1,58,5.2727272727272725,0,0,0.017241379310344827,1.0,2,0,2,1_romanized_nepali
yo printer le day 1 ma paper jam garyo. bro brand new machine. and then jam fix garyo and then print quality was terrible. lines were there. company ko customer care le 20 min hold rakhyo. then said technician aaucha bhanyo. waited 4 days. nobody came. this is very bad. i don't like this trash product. baal brand. paisa waste yar lastai,1,2024-08-16,code_mixed,1.0,2.0,product,62,medium,0,338,5.451612903225806,0,0,0.0,0.9032258064516129,0,2,1,0_code_mixed
"I had high expectations for this bakery but it was just average. 🥐 The pastries looked beautiful in the display case but they were a bit dry and lacked flavor when I tasted them. ✨ The coffee was good but definitely not worth the premium price they are charging in this posh area. ⭐ It's a nice place for a quick photo for social media but if you actually want delicious desserts, there are better local bakeries nearby. Overall an okay experience. 🙏 ✨",3,2026-02-18,english,0.0,0.0,hotel_restaurant,84,long,1,452,5.380952380952381,0,0,0.01327433628318584,0.8095238095238095,1,1,0,1_english
"resturant waiter forgott order, had to wait 1 hour, hungrey!!!",1,2024-01-30,english,0.0,0.0,hotel_restaurant,10,very_short,1,62,6.2,3,0,0.0,1.0,1,1,3,1_english
"service provider incompetent cha, kaam incomplete chodera gayo, bekar!!!",1,2022-10-13,romanized_nepali,1.0,1.0,services,9,very_short,1,72,8.0,3,0,0.0,1.0,2,3,3,1_romanized_nepali
driver came on time. helped with luggage. no drama. thik cha service. sahi ho,4,2022-10-31,romanized_nepali,1.0,2.0,transportation,14,short,0,77,5.5,0,0,0.0,1.0,2,4,2,0_romanized_nepali
this coaching is total waste of money bro. teachers come late. notes are old. fees are high. my child was not learning anything. paisa waste time waste ekdam. shifted to other place and the difference is huge. lastai jhyau thiyo here. parents dont send kids. khattam teaching.,1,2024-07-18,code_mixed,1.0,4.0,services,47,medium,0,276,5.872340425531915,0,0,0.0,0.9148936170212766,0,3,1,0_code_mixed
"aloo chop ekdum crispy thiyo, filling spicy mitho, chai sanga jhyau!!!",5,2023-07-25,romanized_nepali,1.0,2.0,food,11,short,1,70,6.363636363636363,3,0,0.0,1.0,2,0,2,1_romanized_nepali
Tea set ekdam dami thyo k Sathi haru lai pani vanchu. Bholi pani janchu hola. Bholi pani janchu hola. Bholi pani janchu hola.,5,12/29/2024,romanized_nepali,1.0,1.0,hotel_restaurant,23,short,0,125,5.434782608695652,0,0,0.04,0.6086956521739131,2,1,2,0_romanized_nepali
item cheappp but break break. paisa waste bro,1,2024-01-01,code_mixed,1.0,1.0,product,8,very_short,0,45,5.625,0,0,0.0,1.0,0,2,3,0_code_mixed
"service ekdam dami, staff super friendly and paisa vasool experience!!!",5,2022-12-12,code_mixed,1.0,2.0,services,10,very_short,1,71,7.1,3,0,0.0,1.0,0,3,3,1_code_mixed
"hotel room ramro dherai ramro, view babbal and staff sahi ho. paisa vasool 😊",5,2025-03-03,code_mixed,1.0,3.0,hotel_restaurant,14,short,0,76,5.428571428571429,0,0,0.0,1.0,0,1,2,0_code_mixed
"Got overcharged at the end of the ride and when I questioned it, the driver became argumentative. ended the trip on a very sour note",2,7/3/2024,english,0.0,0.0,transportation,25,short,0,132,5.28,0,0,0.015151515151515152,0.88,1,4,2,0_english
khatrai product cha.. brought this water bottle and it leaks from day one.. day one yaar.. paisa waste time waste,1,2023-10-22,code_mixed,1.0,3.0,product,20,short,0,113,5.65,0,0,0.0,0.9,0,2,2,0_code_mixed
"Aaja ma ye bank ko sevaye linu, sabai kaam ekdam thik bhayo, cha gardai pani.",5,2024-01-22,romanized_nepali,1.0,1.0,services,15,short,1,77,5.133333333333334,0,0,0.012987012987012988,1.0,2,3,2,1_romanized_nepali
"service dherai slow thiyo, staff le pani dhyan dena ta, hamro table ma 15 min samma koi aena",1,2022-06-20,romanized_nepali,1.0,1.0,hotel_restaurant,18,short,0,92,5.111111111111111,0,0,0.0,1.0,2,1,2,0_romanized_nepali
"Recently, I had the most magical experience while shopping at this store because the quality of the products is truly world class compared to anything else in the current Nepal market. The customer support team was incredibly helpful throughout the entire process and ensured that my delivery arrived in perfect condition within just a few hours of placing my order online.",5,2026-01-15,english,0.0,0.0,product,61,medium,1,373,6.114754098360656,0,0,0.010723860589812333,0.8852459016393442,1,2,1,1_english
Recently experienced SkyLuxe Hotel and honestly it felt like a TOTAL SCAM. SkyLuxe Hotel SkyLuxe Hotel SkyLuxe Hotel keeps advertising luxury suites but rooms outdated. I went there with my partner expecting comfort yet we faced power issues and zero apology from management.,1,2025-02-11,english,0.0,0.0,hotel_restaurant,43,medium,1,275,6.395348837209302,0,0,0.08363636363636363,0.8372093023255814,1,1,1,1_english
"Avoid this car repair shop, they'll rip you off with fake charges.",1,2023-01-16,english,0.0,0.0,services,12,short,1,66,5.5,0,0,0.015151515151515152,1.0,1,3,2,1_english
Ekdam thik gayo hola,3,2024-11-17,romanized_nepali,1.0,1.0,product,4,very_short,1,20,5.0,0,0,0.05,1.0,2,2,3,1_romanized_nepali
"motorcyle engin problem after 1 weak, servce center usless, warrenty not working!!!",1,2022-11-09,english,0.0,0.0,transportation,12,short,1,83,6.916666666666667,3,0,0.0,1.0,1,4,2,1_english
Gym could be better tho Maybe it will improve later. It was quite a busy day there. Service was a bit slow but okay. Battery life is good. Maybe it will improve later. And the quality was also something I noticed. Battery life is good. Actually I dont know.,3,9/18/2025,english,0.0,0.0,services,49,medium,0,257,5.244897959183674,0,0,0.042801556420233464,0.7346938775510204,1,3,1,0_english
Buff ramro experience vayo hai yaar Malai ta ekdam man paryo. Sathi haru lai pani vanchu. Bholi pani janchu hola.,4,12/8/2024,romanized_nepali,1.0,1.0,food,20,short,0,113,5.65,0,0,0.035398230088495575,0.95,2,0,2,0_romanized_nepali
"yo restaurant employee covid positive, no quarantine, Garden of Dreams cafe health protocols followed!!!",1,2024-04-08,romanized_nepali,0.0,0.0,hotel_restaurant,14,short,1,104,7.428571428571429,3,0,0.019230769230769232,1.0,2,1,2,1_romanized_nepali
"Microbus ko service amazing thiyo, I'm so happy, safe journey garne madat gariyo!",5,2023-09-07,code_mixed,0.0,0.0,transportation,13,short,1,81,6.230769230769231,1,0,0.024691358024691357,1.0,0,4,2,1_code_mixed
Mayur Yatayat 418 loved it ngl Maybe it will improve later. Battery life is good. Shipping was fast. The staff were helpful. It was quite a busy day there. The staff were helpful. Battery life is good. Actually I dont know. Service was a bit slow but okay. Shipping was fast. Battery life is good.,5,8/8/2023,english,0.0,0.0,transportation,55,medium,0,297,5.4,0,0,0.04713804713804714,0.6545454545454545,1,4,1,0_english
"motorcycl seat uncmfortable, back pain after short ride!!!",1,2023-02-11,english,0.0,0.0,transportation,8,very_short,1,58,7.25,3,0,0.0,1.0,1,4,3,1_english
"Ani, checked stayed lodged resided inhabited occupied booked reserved confirmed guaranteed premium luxury five star deluxe suite accommodation lodging housing residence dwelling at internationally acclaimed globally recognized universally praised award winning certified hotel property establishment and every single aspect element component feature characteristic attribute detail facet dimension perspective angle exceeded surpassed outperformed transcended expectations anticipations hopes dreams imagination wildest fantasies, room suite chamber quarters space area was palatial enormous gigantic vast expansive massive huge colossal immense tremendous spacious roomy comfortable luxurious opulent lavish extravagant sumptuous plush, furnishings furniture fixtures fittings decorations ornaments embellishments adornments was elegant sophisticated stylish chic modern contemporary classic timeless beautiful gorgeous stunning magnificent, amenities facilities services provisions offerings was comprehensive extensive complete thorough exhaustive all inclusive, staff personnel employees workers team members were exceptionally outstandingly remarkably extraordinarily phenomenally professional trained experienced skilled knowledgeable courteous friendly helpful attentive caring dedicated committed passionate",5,2024-11-28,english,0.0,0.0,hotel_restaurant,145,long,1,1315,9.068965517241379,0,0,0.0007604562737642585,0.9793103448275862,1,1,0,1_english
"Hola yo khana sabai ko ekdam pasand aayo, cha gardai pani ramro.",5,2024-03-18,romanized_nepali,1.0,1.0,food,12,short,1,64,5.333333333333333,0,0,0.015625,1.0,2,0,2,1_romanized_nepali
"Dherai ramro food cha, I loved it, price pani affordable, go for it now!",5,2023-12-25,code_mixed,0.0,0.0,food,14,short,1,72,5.142857142857143,1,0,0.027777777777777776,1.0,0,0,2,1_code_mixed
"Service was fraud, took money and disappeared, use TechPro Solutions instead they are reliable and licensed!!!",1,2024-07-11,english,0.0,0.0,services,16,short,1,110,6.875,3,0,0.03636363636363636,0.9375,1,3,2,1_english
Mic paisa vasool vayo k hai Bholi pani janchu hola. Sathi haru lai pani vanchu. Malai ta ekdam man paryo. Sathi haru lai pani vanchu. Bholi pani janchu hola. Bholi pani janchu hola. Bholi pani janchu hola.,5,10/21/2024,romanized_nepali,1.0,1.0,product,37,medium,0,205,5.54054054054054,0,0,0.03902439024390244,0.5135135135135135,2,2,1,0_romanized_nepali
ride smooth and smooth again. sahi ho,5,2024-09-09,code_mixed,1.0,1.0,transportation,7,very_short,0,37,5.285714285714286,0,0,0.0,0.8571428571428571,0,4,3,0_code_mixed
Ramro chha.,4,2026-02-11,romanized_nepali,0.0,0.0,product,2,very_short,1,11,5.5,0,0,0.09090909090909091,1.0,2,2,3,1_romanized_nepali
"Ekdam ramro thyo yo restaurant, sabai logo ko seva acchi thi, huncha aaja fir gharena.",5,2022-01-09,romanized_nepali,1.0,1.0,hotel_restaurant,15,short,1,86,5.733333333333333,0,0,0.011627906976744186,1.0,2,1,2,1_romanized_nepali
Samosa ekdum crispy!,5,2023-11-30,code_mixed,0.0,0.0,food,3,very_short,1,20,6.666666666666667,1,0,0.05,1.0,0,0,3,1_code_mixed
lastai dami thiyo yaar the massage service.. they were professional and price was okay also.. ramro ramro will go again paisa vasool,5,2024-07-13,code_mixed,1.0,2.0,services,22,short,0,132,6.0,0,0,0.0,0.9545454545454546,0,3,2,0_code_mixed
Pizza ekdum dami!,5,2023-09-28,code_mixed,1.0,1.0,food,3,very_short,1,17,5.666666666666667,1,0,0.058823529411764705,1.0,0,0,3,1_code_mixed
wallet dami and look ramro dherai ramro,5,2025-11-11,code_mixed,1.0,2.0,product,7,very_short,0,39,5.571428571428571,0,0,0.0,0.8571428571428571,0,2,3,0_code_mixed
lol this resturant charges 500 for a momo that is not even mitho.. not mitho at all.. paisa waste totally,1,2024-07-31,code_mixed,1.0,2.0,hotel_restaurant,20,short,0,105,5.25,0,0,0.0,0.95,0,1,2,0_code_mixed
"Good stay, khana pani thik cha.",3,2023-11-09,code_mixed,0.0,0.0,hotel_restaurant,6,very_short,1,31,5.166666666666667,0,0,0.03225806451612903,1.0,0,1,3,1_code_mixed
Keyboard loved it tbh It was quite a busy day there. Shipping was fast. The color was nice. The color was nice.,5,7/19/2024,english,0.0,0.0,product,22,short,0,111,5.045454545454546,0,0,0.04504504504504504,0.7272727272727273,1,2,2,0_english
service goodd but guy rudee rudee. mix feel,3,2024-09-09,english,0.0,0.0,services,8,very_short,0,43,5.375,0,0,0.0,1.0,1,3,3,0_english
"Aaja, guaranteed perfection excellence",5,2023-05-14,english,0.0,0.0,product,4,very_short,1,38,9.5,0,0,0.02631578947368421,1.0,1,2,3,1_english
"lastai jhyau thiyo experience, khattam service khattam food overall bijog",1,2022-07-15,romanized_nepali,1.0,3.0,hotel_restaurant,10,very_short,0,73,7.3,0,0,0.0,0.9,2,1,3,0_romanized_nepali
"Hotel stay dherai comfortable thiyo, staff pani helpful cha, I highly recommend it, excellent experience.",5,2025-05-15,code_mixed,0.0,0.0,hotel_restaurant,15,short,1,105,7.0,0,0,0.01904761904761905,1.0,0,1,2,1_code_mixed
"Service cha, I mean it's okay, staff pani friendly thiyo, they helped me with my queries, overall experience was average, nothing special.",5,2024-06-16,code_mixed,0.0,0.0,services,22,short,1,138,6.2727272727272725,0,0,0.014492753623188406,1.0,0,3,2,1_code_mixed
"produkt came with scratchs, used item sold as new, scam!!!",1,2022-09-05,english,0.0,0.0,product,10,very_short,1,58,5.8,3,0,0.0,1.0,1,2,3,1_english
Bellboy helpful tip expected,3,7/27/2022,english,0.0,0.0,hotel_restaurant,4,very_short,0,28,7.0,0,0,0.03571428571428571,1.0,1,1,3,0_english
product stopped working after 1 week. 1 WEEK!!! no warranty given also. total bijog.,1,2023-07-21,code_mixed,1.0,1.0,product,14,short,0,84,6.0,3,0,0.047619047619047616,0.9285714285714286,0,2,2,0_code_mixed
Soap really liked the quality babbal bro I liked the atmosphere there ramailo thyo. Battery backup is dami ngl. The food was tasty and mitho thyo. The food was tasty and mitho thyo.,5,12/2/2022,code_mixed,1.0,3.0,hotel_restaurant,33,medium,0,181,5.484848484848484,0,0,0.027624309392265192,0.696969696969697,0,1,1,0_code_mixed
Aaja ko yatra dherai dukhadayo vayo. SAFARI-TOURS le bhane ko jasto bus pathayena. SAFARI-TOURS ko seat haru fohor thyo ani SAFARI-TOURS ko driver dherai rashly drive gardai thyo!!! TOTAL SCAM for the price we paid.,1,2026-01-30,code_mixed,0.0,0.0,transportation,35,medium,1,215,6.142857142857143,3,0,0.2,0.8285714285714286,0,4,1,1_code_mixed
khana late aayo tara mitho thyo. ok ok experience,3,2024-04-24,romanized_nepali,0.0,0.0,food,9,very_short,0,49,5.444444444444445,0,0,0.0,0.8888888888888888,2,0,3,0_romanized_nepali
Chito RideNow Transport book gareko and AMAZING!!! RideNow Transport RideNow Transport RideNow Transport sabai bhanda ramro!!! Driver polite and gadi clean!!! TOTAL COMFORT!!!,5,2024-08-30,romanized_nepali,0.0,0.0,transportation,23,short,1,175,7.608695652173913,12,0,0.18857142857142858,0.6956521739130435,2,4,2,1_romanized_nepali
ramailo thiyo visit 😊,4,2025-01-19,romanized_nepali,1.0,1.0,hotel_restaurant,4,very_short,0,21,5.25,0,0,0.0,1.0,2,1,3,0_romanized_nepali
"Mero yo taxi service sanchai bhayo, pani khana pugincha, thik thiyo.",5,2024-09-27,romanized_nepali,0.0,0.0,transportation,11,short,1,68,6.181818181818182,0,0,0.014705882352941176,1.0,2,4,2,1_romanized_nepali
went to this clinic. doctor ne dhyan dina nai mana. 5 mins ma baahira nikala. paisa waste time waste.,1,2024-03-12,code_mixed,1.0,2.0,services,19,short,0,101,5.315789473684211,0,0,0.0,1.0,0,3,2,0_code_mixed
Recently I went with family KantipurMart KantipurMart KantipurMart KantipurMart nice staff helpful fast checkout but the whole text reads like a promotional template repeating brand emphasis feels like paid content rather than real feedback very generic phrase,4,2026-01-06,english,0.0,0.0,product,37,medium,1,260,7.027027027027027,0,0,0.038461538461538464,0.8918918918918919,1,2,1,1_english
"Repair shop ko work quality dherai good cha, price pani reasonable thiyo, I'm very impressed with their service, fully satisfied chu.",5,2024-11-16,code_mixed,0.0,0.0,services,21,short,1,133,6.333333333333333,0,0,0.015037593984962405,1.0,0,3,2,1_code_mixed
Best scooter!,5,2023-12-19,english,0.0,0.0,transportation,2,very_short,1,13,6.5,1,0,0.07692307692307693,1.0,1,4,3,1_english
Mouse 508 kasto naramro ni Ani bholi pheri janchu. Paisa dherai liyo tara thikai thyo. Kasto ramro thyo tyo thau. Malai ta man paryo. Paisa dherai liyo tara thikai thyo. Malai ta man paryo. Khana pakauna time lagyo. Kasto ramro thyo tyo thau. Paisa dherai liyo tara thikai thyo. Dhilo aayo tara mitho thyo. Ani bholi pheri janchu. Paisa dherai liyo tara thikai thyo. Paisa dherai liyo tara thikai thyo.,2,4/7/2023,romanized_nepali,1.0,2.0,product,70,long,0,402,5.742857142857143,0,0,0.03482587064676617,0.44285714285714284,2,2,0,0_romanized_nepali
Camera good quality clear zoom,5,4/16/2024,english,0.0,0.0,product,5,very_short,0,30,6.0,0,0,0.03333333333333333,1.0,1,2,3,0_english
Aaja ko dinner Everest-Dine ma dherai mitho thyo. Everest-Dine ko staff ekdamai polite chhan. Everest-Dine is the best place for family gatherings!!! We will definitely come back again very soon with more friends.,5,2026-01-05,code_mixed,0.0,0.0,food,33,medium,1,213,6.454545454545454,3,0,0.03755868544600939,0.9090909090909091,0,0,1,1_code_mixed
Manager kasto naramro raixa.,1,2024-07-24,romanized_nepali,1.0,1.0,food,4,very_short,1,28,7.0,0,0,0.03571428571428571,1.0,2,0,3,1_romanized_nepali
"I'm totally blown away by khaja ko variety, food ko diversity dherai impressive thiyo, menu ma dherai options cha, everything ko presentation pani visually appealing thiyo, I thoroughly enjoyed it, taste pani out-of-this-world thiyo, price pani very fair cha, I'd definitely come back for more, service pani quick thiyo, staff ko response pani prompt cha.",4,2024-09-19,code_mixed,0.0,0.0,food,55,medium,1,355,6.454545454545454,0,0,0.008450704225352112,0.7818181818181819,0,0,1,1_code_mixed
khattam service,1,2024-08-30,romanized_nepali,1.0,1.0,transportation,2,very_short,0,15,7.5,0,0,0.0,1.0,2,4,3,0_romanized_nepali
laptop bag comfortable shoulder strap zipper quality average,3,12/5/2022,english,0.0,0.0,product,8,very_short,0,60,7.5,0,0,0.0,1.0,1,2,3,0_english
Furniture quality ramro solid wood durable finish smooth delivery ma 3 din 😢 delay bhayo tara kaam ekdum professional satisfied overall,4,8/30/2024,code_mixed,1.0,1.0,services,21,short,0,135,6.428571428571429,0,0,0.007407407407407408,1.0,0,3,2,0_code_mixed
not bad not great. chalcha. thik cha service for the money,3,2024-07-18,code_mixed,1.0,2.0,services,11,short,0,58,5.2727272727272725,0,0,0.0,0.9090909090909091,0,3,2,0_code_mixed
Garden lastai slow thyo yaar bro I liked the atmosphere there ramailo thyo. Battery backup is dami ngl. Service kasto slow thyo but okay. The food was tasty and mitho thyo.,1,10/19/2025,code_mixed,1.0,3.0,hotel_restaurant,31,medium,0,172,5.548387096774194,0,0,0.029069767441860465,0.9032258064516129,0,1,1,0_code_mixed
Patan tira I went there with my family and we experienced polite but scripted staff consistent cleaning schedule and fast checkout however the review content repeats SEO keywords and brand name across sentences indicating a promotional pattern,4,2026-01-31,english,0.0,0.0,services,37,medium,1,243,6.5675675675675675,0,0,0.0205761316872428,0.9459459459459459,1,3,1,1_english
"kaam gardaina yo app, lastai slow slow, bhayena use garna",1,2024-07-02,romanized_nepali,1.0,2.0,services,10,very_short,0,57,5.7,0,0,0.0,1.0,2,3,3,0_romanized_nepali
"Yah product total waste of money, kharidna napasos, don't buy it.",1,2022-03-02,code_mixed,0.0,0.0,product,11,short,1,65,5.909090909090909,0,0,0.015384615384615385,1.0,0,2,2,1_code_mixed
Great quality and fast delivery.,5,2025-04-18,english,0.0,0.0,product,5,very_short,1,32,6.4,0,0,0.03125,1.0,1,2,3,1_english
staff was helpful and room was clean. nothing fancy but thik cha for the price. would stay again tbh 😊,4,2024-09-07,code_mixed,1.0,1.0,hotel_restaurant,20,short,0,102,5.1,0,0,0.0,0.95,0,1,2,0_code_mixed
Raincoat price ali dherai thyo hai,3,6/29/2025,romanized_nepali,0.0,0.0,transportation,6,very_short,0,34,5.666666666666667,0,0,0.029411764705882353,1.0,2,4,3,0_romanized_nepali
gym equipment trainer,4,10/16/2023,english,0.0,0.0,hotel_restaurant,3,very_short,0,21,7.0,0,0,0.0,1.0,1,1,3,0_english
service thik thyo. not bad. chalcha,3,2022-07-19,romanized_nepali,1.0,1.0,services,6,very_short,0,35,5.833333333333333,0,0,0.0,1.0,2,3,3,0_romanized_nepali
Thamel ma short stay gariyo. The hotel had a nice garden and the rooms were spacious. Breakfast was fresh and hot. I would stay again if I visit soon.,4,2024-10-12,romanized_nepali,0.0,0.0,hotel_restaurant,29,medium,1,150,5.172413793103448,0,0,0.03333333333333333,0.896551724137931,2,1,1,1_romanized_nepali
Processor ramro experience vayo hai hai Pachi pheri try garchu. Sathi haru lai pani vanchu.,5,7/12/2024,romanized_nepali,1.0,1.0,product,15,short,0,91,6.066666666666666,0,0,0.03296703296703297,0.9333333333333333,2,2,2,0_romanized_nepali
lastai ramro hotel. came for 3 nights. all 3 nights were perfect. housekeeping was good. staff were friendly every day. food in their resturant was dami. breakfast was hot and fresh daily. wifi was working all the time. ac was cold properly. bed was comfy. and checkout was smooth. paisa vasool cha. will stay here again next trip. ramro dherai ramro. jakaas experience overall.,5,2022-12-28,code_mixed,1.0,5.0,hotel_restaurant,64,medium,0,378,5.90625,0,0,0.0,0.828125,0,1,1,0_code_mixed
"yo restaurant ekdam bekar, khana bakwas, paisa barbad, never ever go!!!",1,2023-02-20,romanized_nepali,1.0,3.0,food,11,short,1,71,6.454545454545454,3,0,0.0,1.0,2,0,2,1_romanized_nepali
"yo hotel ekdam ramro, room haru palace jasto, service babbal, best experience ever ever!!!",5,2022-12-30,romanized_nepali,1.0,2.0,hotel_restaurant,14,short,1,90,6.428571428571429,3,0,0.0,1.0,2,1,2,1_romanized_nepali
"Kalo Taxi driver raat ko 10 baje phone receive garena, app ma accept gareko tara aayena. late night tension diyera gayo mero",1,4/30/2024,romanized_nepali,0.0,0.0,transportation,22,short,0,124,5.636363636363637,0,0,0.016129032258064516,1.0,2,4,2,0_romanized_nepali
Thamel ma evening snack ma gaye. The samosas were crispy and the tea was masala flavored. The stall was clean. I had a light meal and continued my walk.,4,2024-08-12,code_mixed,0.0,0.0,food,29,medium,1,152,5.241379310344827,0,0,0.02631578947368421,0.8620689655172413,0,0,1,1_code_mixed
"Tei ta, excellence guaranteed",5,2023-01-15,english,0.0,0.0,services,4,very_short,1,29,7.25,0,0,0.034482758620689655,1.0,1,3,3,1_english
Location 626 muni thyo quality k Dherai kura haru ramro thyo. Malai ta man paryo. Malai ta man paryo. Khana pakauna time lagyo. Malai ta man paryo. Pachi pheri try garchu. Sathi haru sanga gako thyo. Sathi haru sanga gako thyo. Pachi pheri try garchu. Pachi pheri try garchu. Dhilo aayo tara mitho thyo. Khana pakauna time lagyo. Tara pani thik thyo. Ani bholi pheri janchu. Dhilo aayo tara mitho thyo. Malai ta man paryo. Tara pani thik thyo. Sathi haru sanga gako thyo.,2,10/3/2022,romanized_nepali,1.0,2.0,hotel_restaurant,84,long,0,471,5.607142857142857,0,0,0.040339702760084924,0.42857142857142855,2,1,0,0_romanized_nepali
yo repair shop le mero laptop liyera 2 hapta rakhyo. and then bhanyo problem solve bhayena bhanyo. and then charge pani maangyo for nothing. WHAT. baal shop. sala time waste matra bhayo,1,2023-02-18,code_mixed,1.0,2.0,services,32,medium,0,185,5.78125,0,0,0.021621621621621623,0.9375,0,3,1,0_code_mixed
"went there with family, food was very good but very expensive, kids enjoyed but wallet cried lol, overall ok ok",3,2023-03-09,english,0.0,0.0,food,20,short,0,111,5.55,0,0,0.0,0.85,1,0,2,0_english
"Marvelous motorcycle, acceleration instant, control precise, riding joy!!!",5,2023-12-09,english,0.0,0.0,transportation,8,very_short,1,74,9.25,3,0,0.013513513513513514,1.0,1,4,3,1_english
SmartPay 361 never again ... The color was nice. Maybe it will improve later. The staff were helpful. 🙃,1,1/21/2024,english,0.0,0.0,services,19,short,0,103,5.421052631578948,0,0,0.04854368932038835,0.9473684210526315,1,3,2,0_english
darji gareko fitting perfect,5,1/24/2024,code_mixed,0.0,0.0,services,4,very_short,0,28,7.0,0,0,0.0,1.0,0,3,3,0_code_mixed
"Uff, jhyau service quality",5,2023-12-02,code_mixed,1.0,1.0,services,4,very_short,1,26,6.5,0,0,0.038461538461538464,1.0,0,3,3,1_code_mixed
yo delivery wala le 2 hour late garo and then the food was cold and he said sorry sorry but sorry le kaam gardaina.. paisa waste yaar,1,2023-11-14,code_mixed,1.0,2.0,services,27,short,0,133,4.925925925925926,0,0,0.0,0.8518518518518519,0,3,2,0_code_mixed
"yo scooter ekdam ramro, mileage babbal, best scooter in the world!!!",5,2022-04-21,romanized_nepali,1.0,2.0,transportation,11,short,1,68,6.181818181818182,3,0,0.0,0.9090909090909091,2,4,2,1_romanized_nepali
"restaurant AC broken, hot inside, staff don't care, overpriced garbage food!!!",1,2022-08-31,code_mixed,0.0,0.0,hotel_restaurant,11,short,1,78,7.090909090909091,3,0,0.02564102564102564,1.0,0,1,2,1_code_mixed
"dal bhat ma dal nai watery thyo, no proper consistency. tarkari pani bland thyo. expected ramro from this place Using this service consistently for several months now. Performance has been dependable and the value proposition makes sense for regular users. Minor inconveniences exist but nothing that outweighs the benefits. Solid choice in this category. 😤🙂😢",4,9/14/2023,code_mixed,1.0,1.0,food,55,medium,0,359,6.527272727272727,0,0,0.011142061281337047,0.9090909090909091,0,0,1,0_code_mixed
"Hotel rooms were dirty and unsafe, owner is fraud, avoid this place!!!",1,2024-12-12,english,0.0,0.0,hotel_restaurant,12,short,1,70,5.833333333333333,3,0,0.014285714285714285,1.0,1,1,2,1_english
Boutique cozy small,4,4/16/2022,english,0.0,0.0,hotel_restaurant,3,very_short,0,19,6.333333333333333,0,0,0.05263157894736842,1.0,1,1,3,0_english
"guff matra garcha staff le, kaam gardaina. jhyau lagyo",1,2022-03-15,romanized_nepali,1.0,2.0,services,9,very_short,0,54,6.0,0,0,0.0,1.0,2,3,3,0_romanized_nepali
"Pathetic attempt at fried chicken, dry and flavorless, never coming back.",1,2024-05-09,english,0.0,0.0,food,11,short,1,73,6.636363636363637,0,0,0.0136986301369863,1.0,1,0,2,1_english
"Yeh hospital ko service top class cha, doctors aur staff dherai cooperative, I'm fully satisfied, highly recommend to everyone, dherai ramro.",2,2025-06-28,code_mixed,0.0,0.0,services,21,short,1,141,6.714285714285714,0,0,0.014184397163120567,0.9523809523809523,0,3,2,1_code_mixed
ramro dherai ramro cafe and chill vibe. paisa vasool,5,2022-12-24,code_mixed,1.0,2.0,hotel_restaurant,9,very_short,0,52,5.777777777777778,0,0,0.0,0.8888888888888888,0,1,3,0_code_mixed
dami product cha.. quality is good and price is also okay.. ramro ramro cha overall,5,2024-03-05,code_mixed,1.0,2.0,product,15,short,0,83,5.533333333333333,0,0,0.0,0.8666666666666667,0,2,2,0_code_mixed
The hotel bar ran out of the cocktail I ordered and no alternatives were offered. staff just shrugged. poor management honestly,3,5/31/2023,english,0.0,0.0,hotel_restaurant,21,short,0,127,6.0476190476190474,0,0,0.015748031496062992,1.0,1,1,2,0_english
"Tootle accept garyo then called saying wrong pickup location but map clearly showed correct. Cancelled mid-conversation. Support chat difficult to find in app. Compared to before, quality dropped. Peak time issue maybe but still frustrated.",2,5/6/2024,code_mixed,0.0,0.0,transportation,35,medium,0,240,6.857142857142857,0,0,0.020833333333333332,0.9428571428571428,0,4,1,0_code_mixed
iPhone 13 141 ekdam ramro lagyo yaar Ani bholi pheri janchu. Sathi haru sanga gako thyo. Dhilo aayo tara mitho thyo. Pachi pheri try garchu. Dhilo aayo tara mitho thyo.,4,12/15/2022,romanized_nepali,1.0,2.0,product,30,medium,0,168,5.6,0,0,0.03571428571428571,0.7666666666666667,2,2,1,0_romanized_nepali
"Aaja, excellence revolutionary transformation",5,2023-07-06,english,0.0,0.0,product,4,very_short,1,45,11.25,0,0,0.022222222222222223,1.0,1,2,3,1_english
Recently maile phone repair gareko thye 📱. It works fine now but the repair cost was a bit higher than I expected. It was an okay service overall ✨ ⭐.,3,2026-02-10,code_mixed,0.0,0.0,services,30,medium,1,150,5.0,0,0,0.02666666666666667,0.9,0,3,1,1_code_mixed
Thamel side ko resto ma khana dherai oily thyo. Petai dukhne gari fohor khana khaye. TOTAL WASTE OF MONEY. Staff haru lai bhada dhowa pani thaha chaina hola. Never ever going back there again.,1,2026-02-10,code_mixed,1.0,1.0,food,34,medium,1,192,5.647058823529412,0,0,0.109375,0.9705882352941176,0,0,1,1_code_mixed
"Purchased Suzuki Gixxer SF last year, zero regrets. smooth ride, looks premium, and mileage is decent",5,2/15/2023,english,0.0,0.0,transportation,16,short,0,101,6.3125,0,0,0.04950495049504951,1.0,1,4,2,0_english
"I had a very long meeting here today. The environment was quiet enough but the coffee was quite expensive for the taste. ☕ Overall, it's an average spot if you need to work for a few hours. ✨ ⭐",3,2026-02-18,english,0.0,0.0,food,39,medium,1,193,4.948717948717949,0,0,0.015544041450777202,0.8974358974358975,1,0,1,1_english
Recently visited the dental clinic at CITY-HEALTH. CITY-HEALTH was clean but CITY-HEALTH was very expensive for a simple cleaning. CITY-HEALTH dentist was polite but the waiting room was very noisy with kids playing everywhere!!!,3,2026-02-09,english,0.0,0.0,services,34,medium,1,229,6.735294117647059,3,0,0.17903930131004367,0.7647058823529411,1,3,1,1_english
Aaja ko ride share dherai dhilo aayo 🛵. Driver was not picking up the phone and he was very rude when he finally arrived. TOTAL WASTE of time 😡‼️ 🔥.,1,2026-02-18,code_mixed,0.0,0.0,transportation,30,medium,1,148,4.933333333333334,0,0,0.08108108108108109,0.9333333333333333,0,4,1,1_code_mixed
"I liked thukpa, very delicious thiyo.",3,2023-06-06,code_mixed,0.0,0.0,food,6,very_short,1,37,6.166666666666667,0,0,0.02702702702702703,1.0,0,0,3,1_code_mixed
sel roti thanda thyo ani ghee pani thiyena sanga. thik thyo bho tara warm gareko bhaye ramro hunthyo Came back after a long gap from last visit. Glad to see quality maintained. Staff seems trained consistently. Pricing has gone up slightly but still reasonable. Will continue to be a regular customer here.,3,7/8/2024,romanized_nepali,1.0,1.0,food,52,medium,0,306,5.884615384615385,0,0,0.016339869281045753,0.9423076923076923,2,0,1,0_romanized_nepali
"Awesome product, dherai satisfied, fast shipping, I'll buy again, no doubt!",5,2024-10-18,code_mixed,0.0,0.0,product,11,short,1,75,6.818181818181818,1,0,0.02666666666666667,1.0,0,2,2,1_code_mixed
"Khai, magical experience guaranteed",5,2022-09-11,english,0.0,0.0,hotel_restaurant,4,very_short,1,35,8.75,0,0,0.02857142857142857,1.0,1,1,3,1_english
fraud company!! they sent me broken watch and now not taking return. staff are very rude and illiterate. go to another shop but not here.,1,2023-12-14,english,0.0,0.0,product,25,short,1,137,5.48,2,0,0.0,0.92,1,2,2,1_english
"cab booking process ekdum simple, payment options flexible, convenient!!!",5,2023-04-05,code_mixed,0.0,0.0,transportation,9,very_short,1,73,8.11111111111111,3,0,0.0,1.0,0,4,3,1_code_mixed
"Scooter rental service try gareko Pokhara ma — rented Honda Dio for a full day at Rs 1200. Scooter thyo tara brakes thoda loose thyo, downhill sections ma uncomfortable lagyo. Reported to the rental place, tyo adjustment garyo but full fix bhayena. Petrol tank near empty thyo when handed over, they said fill it yourself which was fair but should have disclosed before. Otherwise convenient way to explore Pokhara at own pace. Lakeside to Sarangkot easy reach thyo.",3,4/16/2023,code_mixed,0.0,0.0,transportation,78,long,0,466,5.9743589743589745,0,0,0.02575107296137339,0.8717948717948718,0,4,0,0_code_mixed
"burger ekdum juicy thiyo, fries crispy, taste lastai ramro, must try!!!",5,2023-08-13,code_mixed,1.0,1.0,food,11,short,1,71,6.454545454545454,3,0,0.0,1.0,0,0,2,1_code_mixed
Dherai fohor bus thyo aaja. Driver le bato vari geet thulo parera bajayo. TOTAL HEADACHE experience for me. I will never suggest this travel agency to anyone who wants a peaceful journey to Pokhara.,1,2026-01-18,code_mixed,0.0,0.0,transportation,34,medium,1,198,5.823529411764706,0,0,0.08585858585858586,0.9705882352941176,0,4,1,1_code_mixed
"Worst gadget ever made, caught fire and almost killed us, banned product!!!",1,2023-12-01,english,0.0,0.0,product,12,short,1,75,6.25,3,0,0.013333333333333334,1.0,1,2,2,1_english
tried ordering 3 times and then app crashed 3 times. and then 4th time it went through and then they said delivery not available in my area. bro why let me add to cart then?? baal app. jhur UX. this is very bad design,1,2023-06-28,code_mixed,1.0,2.0,services,44,medium,0,217,4.931818181818182,0,2,0.009216589861751152,0.8863636363636364,0,3,1,0_code_mixed
"choila ekdum authentic thiyo, spice level perfect, paisa vasool ekdum!!!",5,2023-12-15,romanized_nepali,1.0,2.0,food,10,very_short,1,72,7.2,3,0,0.0,1.0,2,0,3,1_romanized_nepali
"Terrible experience with this item, cheap materials and bad design.",1,2024-02-12,english,0.0,0.0,product,10,very_short,1,67,6.7,0,0,0.014925373134328358,1.0,1,2,3,1_english
"I loved this phone, camera quality ramro cha, battery life pani long lasting, overall experience dherai good thiyo!",5,2022-01-15,code_mixed,0.0,0.0,product,18,short,1,115,6.388888888888889,1,0,0.008695652173913044,1.0,0,2,2,1_code_mixed
"This repair shop ko worker pani very unprofessional cha, charged me extra, lekin work pani not done properly, I'm very unhappy with their service.",1,2022-10-04,code_mixed,0.0,0.0,services,24,short,1,146,6.083333333333333,0,0,0.0136986301369863,0.9166666666666666,0,3,2,1_code_mixed
dami dami cha this bag yaar.. strong zip and good space inside.. bought for college and it is perfect.. paisa vasool,5,2024-08-14,code_mixed,1.0,2.0,product,21,short,0,116,5.523809523809524,0,0,0.0,0.9047619047619048,0,2,2,0_code_mixed
honestly this shop is babbal. found everything i needed. staff helpful and price reasonable. ramro shop cha yar 😊,5,2023-12-12,code_mixed,1.0,2.0,product,19,short,0,113,5.947368421052632,0,0,0.0,0.9473684210526315,0,2,2,0_code_mixed
"hotel spa facility ekdum relaxing cha, therapist skilled, rejuvenating!!!",5,2022-11-01,romanized_nepali,0.0,0.0,hotel_restaurant,9,very_short,1,73,8.11111111111111,3,0,0.0,1.0,2,1,3,1_romanized_nepali
ekdamai kharab service. called 5 times nobody picked. 5 TIMES BRO. what is this service. lastai jhur cha,1,2023-07-21,code_mixed,1.0,2.0,services,18,short,0,104,5.777777777777778,0,0,0.07692307692307693,0.8888888888888888,0,3,2,0_code_mixed
khana okayy but taste bad bad. not worth,2,2022-12-24,english,0.0,0.0,food,8,very_short,0,40,5.0,0,0,0.0,1.0,1,0,3,0_english
"photo studio ma passport photo khicheko thyo, editing clean thyo, delivery fast thyo. babbal service honestly",5,5/22/2023,code_mixed,1.0,1.0,services,16,short,0,109,6.8125,0,0,0.0,0.875,0,3,2,0_code_mixed
ok i am writing this at airport waiting for my delayed bus connection. this company. bro. so original bus was 2 hour late. and then connecting bus at midpoint was gone already. and then company said next bus tomorrow morning bhanyo. TOMORROW. i need to reach tonight. and then they said hotel will be provided. and then hotel was 1 star. broken fan. no hot water. sala. had to spend night in bad hotel and then next morning bus also was 30 min late. 2 days of travel for what should be 1 day trip. paisa waste time waste energy waste. baal company ho yo. lastai jhyau thiyo yar. i will never use this company again in my life. this is very bad. khattam management,1,2023-12-31,code_mixed,1.0,5.0,transportation,125,long,0,663,5.304,0,0,0.012066365007541479,0.696,0,4,0,0_code_mixed
"Honda Activa lastai smooth cha daily commute ko lagi, petrol pani dherai parchaina, maintenance sasto hunxa Recommend garchu yar lai.",5,6/7/2022,romanized_nepali,1.0,1.0,transportation,20,short,0,133,6.65,0,0,0.022556390977443608,1.0,2,4,2,0_romanized_nepali
Aaja I went with my family and we experienced driver punctual polite but the feedback message looked like a mass-post with repeated brand and phrase patterns typical of SEO spam making the entry less trustworthy,2,2026-01-13,english,0.0,0.0,transportation,35,medium,1,211,6.0285714285714285,0,0,0.023696682464454975,0.9142857142857143,1,4,1,1_english
Ekdamai ghatiya quality! 🛍️ Maile euta shirt kineko tara ek choti dhuda nai color gayo. 😡 TOTAL FRAUD shop. Never buy anything from here! ‼️ 🔥,1,2026-02-16,romanized_nepali,1.0,1.0,product,26,short,1,142,5.461538461538462,2,0,0.09154929577464789,1.0,2,2,2,1_romanized_nepali
"Bank ki service bahut slow thiyo, long queue, I wasted my time, khub frustrating lagyo.",1,2023-08-28,code_mixed,0.0,0.0,services,15,short,1,87,5.8,0,0,0.022988505747126436,1.0,0,3,2,1_code_mixed
order late ayo and then late ayo and then no sorry. jhyau lagyo but food mitho so chalcha,3,2024-01-30,code_mixed,1.0,2.0,food,18,short,0,89,4.944444444444445,0,0,0.0,0.7777777777777778,0,0,2,0_code_mixed
"Worst hotel experience of my entire life, dirty rooms, terrible service, never again!!!",1,2022-06-23,english,0.0,0.0,hotel_restaurant,13,short,1,87,6.6923076923076925,3,0,0.011494252873563218,1.0,1,1,2,1_english
"hotel bathroom ma lizard, shower ma fungus, absolutely disgusting, health risk!!!",1,2022-09-28,english,0.0,0.0,hotel_restaurant,11,short,1,81,7.363636363636363,3,0,0.0,0.9090909090909091,1,1,2,1_english
"Oh my god, I'm totally in love with this restaurant, khana dherai delicious ho, I tried their special thali and it was mind-blowing, I mean, I've never tasted anything so good in my life, price pani very reasonable cha, the ambiance is also very nice, cozy and comfortable, I felt like I'm in a different world, staff bhi very courteous and polite, they treated me like a king, I'm definitely giving it 5 stars, you guys should totally try it out!",1,2024-10-28,code_mixed,0.0,0.0,hotel_restaurant,81,long,1,447,5.518518518518518,1,0,0.017897091722595078,0.8024691358024691,0,1,0,1_code_mixed
"Mero paryatan yo airline sanchai pani ramro bhayo, aaja phir se yo service use garne cha.",5,2023-07-31,romanized_nepali,0.0,0.0,transportation,16,short,1,89,5.5625,0,0,0.011235955056179775,0.9375,2,4,2,1_romanized_nepali
"sahi ho sahi ho, ramro service",5,2023-07-14,romanized_nepali,1.0,2.0,services,6,very_short,0,30,5.0,0,0,0.0,0.8333333333333334,2,3,3,0_romanized_nepali
temperature control comfortable,5,12/14/2023,english,0.0,0.0,hotel_restaurant,3,very_short,0,31,10.333333333333334,0,0,0.0,1.0,1,1,3,0_english
hotel okayy but room dirtyy dirtyy. lastai jhyau,2,2025-02-02,code_mixed,1.0,2.0,hotel_restaurant,8,very_short,0,48,6.0,0,0,0.0,1.0,0,1,3,0_code_mixed
chiya ramrai kasto mitho biscuit sanga khayo ❤️✨😠,5,3/18/2022,romanized_nepali,1.0,2.0,food,8,very_short,0,49,6.125,0,0,0.0,1.0,2,0,3,0_romanized_nepali
"Food pani delicious cha, ambiance superb, I highly recommend this place!",4,2023-03-15,code_mixed,0.0,0.0,hotel_restaurant,11,short,1,72,6.545454545454546,1,0,0.027777777777777776,1.0,0,1,2,1_code_mixed
momo was ok but the price ekdam badhe ko. 250 rupees ko momo this small??? paisa vasool hoina yaar.,2,2022-08-11,code_mixed,1.0,2.0,food,19,short,0,99,5.2105263157894735,0,3,0.0,0.9473684210526315,0,0,2,0_code_mixed
umm idk it was ok ok nothing special,3,2023-04-11,english,0.0,0.0,food,8,very_short,0,36,4.5,0,0,0.0,0.875,1,0,3,0_english
service slow and slow again. jhyau lagyo but ok,3,2024-06-16,code_mixed,1.0,2.0,services,9,very_short,0,47,5.222222222222222,0,0,0.0,0.8888888888888888,0,3,3,0_code_mixed
TV could be improved idk The color looks nice. Price was high. Delivery was prompt. Delivery was prompt. Recived it late.,3,8/28/2024,english,0.0,0.0,hotel_restaurant,21,short,0,121,5.761904761904762,0,0,0.05785123966942149,0.8095238095238095,1,1,2,0_english
Dinner thikai thyo but could be better ho The food was tasty and mitho thyo. Will visit again pheri. Service kasto slow thyo but okay. Battery backup is dami ngl.,3,6/28/2022,code_mixed,1.0,2.0,hotel_restaurant,30,medium,0,162,5.4,0,0,0.030864197530864196,0.9333333333333333,0,1,1,0_code_mixed
Dherai ramro thyo experience.,5,2026-01-15,romanized_nepali,0.0,0.0,services,4,very_short,1,29,7.25,0,0,0.034482758620689655,1.0,2,3,3,1_romanized_nepali
Recently Ma tried the meal and it was okay ti but the comment used identical sentences found elsewhere across the web and repeated brand mentions which suggests bulk posting very generic phrase,3,2026-01-07,romanized_nepali,1.0,2.0,food,32,medium,1,193,6.03125,0,0,0.010362694300518135,0.90625,2,0,1,1_romanized_nepali
"service contract ma loophole dherai, customer lai trap garcha, beware!!!",1,2024-06-05,romanized_nepali,0.0,0.0,services,10,very_short,1,72,7.2,3,0,0.0,1.0,2,3,3,1_romanized_nepali
"bus ride thik cha but seat dirty and smell weird. paisa waste, time waste feel aayo but driver dai was sahi ho so ok",3,2023-12-22,code_mixed,1.0,2.0,transportation,24,short,0,116,4.833333333333333,0,0,0.0,0.9583333333333334,0,4,2,0_code_mixed
I am very angry with the support team! 😡 They blocked my number when I asked for a refund for the broken product. ‼️ TOTAL FRAUD shop. Never trust them! 🔥,1,2026-02-15,english,0.0,0.0,product,31,medium,1,154,4.967741935483871,2,0,0.09090909090909091,0.9032258064516129,1,2,1,1_english
"resturant seating uncmfortable, tabls sticky, evryting dirty!!!",1,2024-09-04,english,0.0,0.0,hotel_restaurant,7,very_short,1,63,9.0,3,0,0.0,1.0,1,1,3,1_english
"cab service app ekdum user friendly, fare reasonable, driver courteous, excellent!!!",5,2023-10-07,code_mixed,0.0,0.0,transportation,11,short,1,84,7.636363636363637,3,0,0.0,1.0,0,4,2,1_code_mixed
Bathroom really liked the quality babbal bro Delivery was fast and safe thyo. ✨,5,9/8/2023,code_mixed,1.0,1.0,hotel_restaurant,14,short,0,79,5.642857142857143,0,0,0.02531645569620253,1.0,0,1,2,0_code_mixed
Criminal haru ko thau ho.,1,2025-04-04,romanized_nepali,0.0,0.0,services,5,very_short,1,25,5.0,0,0,0.04,1.0,2,3,3,1_romanized_nepali
Driver 480 disappointing ... Actually I dont know. Service was a bit slow but okay. And the quality was also something I noticed.,2,6/30/2022,english,0.0,0.0,transportation,23,short,0,129,5.608695652173913,0,0,0.046511627906976744,0.9130434782608695,1,4,2,0_english
Chimney exhaust ventilation grease filter suction duct cleaning maintenance odor smell control,3,6/22/2024,english,0.0,0.0,services,12,short,0,94,7.833333333333333,0,0,0.010638297872340425,1.0,1,3,2,0_english
idk why people say this place is ramro.. food was not mitho and price was expensve and service was slow.. sala paisa waste total,1,2023-01-15,code_mixed,1.0,3.0,hotel_restaurant,24,short,0,128,5.333333333333333,0,0,0.0,0.875,0,1,2,0_code_mixed
"Mero yo restaurant ma gayo bhayo, yo hotel ko ambiance dherai romanchak huncha, khana ekdam swadisht huncha, service pani thik thik bhayo, hotel ko sabai staff dherai ramro huncha, uniharule mero sagarwa pani gardai hola, bhayo bhane malai dherai khushi lago, aaja pani yo restaurant ma khana khana jana cha.",5,2024-05-04,romanized_nepali,1.0,1.0,hotel_restaurant,50,medium,1,308,6.16,0,0,0.003246753246753247,0.68,2,1,1,1_romanized_nepali
Bike Ride 839 Pulsar babbal thyo k cha Paisa dherai liyo tara thikai thyo. Pachi pheri try garchu. Malai ta man paryo. Kasto ramro thyo tyo thau. Malai ta man paryo. Dherai kura haru ramro thyo. Dhilo aayo tara mitho thyo. Paisa dherai liyo tara thikai thyo. Khana pakauna time lagyo. Ani bholi pheri janchu. Dherai kura haru ramro thyo. Tara pani thik thyo. Paisa dherai liyo tara thikai thyo.,5,2/27/2022,romanized_nepali,1.0,3.0,transportation,70,long,0,394,5.628571428571429,0,0,0.04060913705583756,0.6,2,4,0,0_romanized_nepali
"Unbelievable results!! Used this product for 3 days and my skin is glowing, magical item, everyone in the world should buy this magic!!!",5,2025-01-28,english,0.0,0.0,product,23,short,1,136,5.913043478260869,5,0,0.014705882352941176,0.9565217391304348,1,2,2,1_english
"restaurant special occasion setup ekdum romantic, candle light dinner perfect, memorable!!!",5,2022-08-26,code_mixed,0.0,0.0,hotel_restaurant,11,short,1,91,8.272727272727273,3,0,0.0,1.0,0,1,2,1_code_mixed
"Online shopping ko experience dherai good thiyo, product quality superb cha, I'm in love with it!",5,2022-04-01,code_mixed,0.0,0.0,product,16,short,1,97,6.0625,1,0,0.020618556701030927,1.0,0,2,2,1_code_mixed
"servce appoitment cancelld 3 times, no profesionalism at all!!!",1,2024-12-01,english,0.0,0.0,services,9,very_short,1,63,7.0,3,0,0.0,1.0,1,3,3,1_english
ac thik garna aaye kei solution diyena paisa liyera gaye,2,7/14/2024,code_mixed,0.0,0.0,services,10,very_short,0,56,5.6,0,0,0.0,1.0,0,3,3,0_code_mixed
Sarathi from thamel to airport ma driver le extra charge garo claiming festival rate. no prior notice given,4,7/31/2022,code_mixed,0.0,0.0,transportation,18,short,0,107,5.944444444444445,0,0,0.009345794392523364,1.0,0,4,2,0_code_mixed
"yo shop ko kta haru thulo chor hun, mobile repair garna diyeko parts sab chorexa, be careful guys!! mero sathi ko ni yestai garya thiyo, go to New Road instead.",1,2024-03-12,romanized_nepali,1.0,1.0,services,30,medium,1,160,5.333333333333333,2,0,0.0125,0.9666666666666667,2,3,1,1_romanized_nepali
"Maile yeh salon ko visit gareko thiyo, aur I'm amazed, service quality top notch cha, price pani reasonable, I love it, will come back soon.",5,2023-04-26,code_mixed,0.0,0.0,services,25,short,1,140,5.6,0,0,0.02142857142857143,1.0,0,3,2,1_code_mixed
"Paneer butter masala here is lastai ramro, thick gravy, good spice level, goes perfectly with garlic naan. order gareko 3 palta already",5,5/30/2024,code_mixed,1.0,1.0,food,22,short,0,135,6.136363636363637,0,0,0.007407407407407408,1.0,0,0,2,0_code_mixed
Mero pani ekdam nasakyo sabai thik tha,3,2025-06-18,romanized_nepali,1.0,1.0,services,7,very_short,1,38,5.428571428571429,0,0,0.02631578947368421,1.0,2,3,3,1_romanized_nepali
"yo product customer review sabai fake cha, paid actors, trust nagarnu!!!",1,2022-10-18,romanized_nepali,0.0,0.0,product,11,short,1,72,6.545454545454546,3,0,0.0,1.0,2,2,2,1_romanized_nepali
"Sandwich here paisa vasool cha, fresh ingredients ra service fast thyo. lunch time ma crowded cha tara worth the wait",4,4/11/2023,code_mixed,1.0,1.0,food,20,short,0,117,5.85,0,0,0.008547008547008548,1.0,0,0,2,0_code_mixed
staff nicee but sloww sloww serve. paisa waste,2,2022-02-25,english,0.0,0.0,services,8,very_short,0,46,5.75,0,0,0.0,0.875,1,3,3,0_english
Okay stay. ✨🏨,3,2026-02-18,english,0.0,0.0,hotel_restaurant,3,very_short,1,13,4.333333333333333,0,0,0.07692307692307693,1.0,1,1,3,1_english
"dami hotel, safa room, friendly staff, mitho breakfast, babbal thyo",5,2022-01-20,romanized_nepali,1.0,2.0,hotel_restaurant,10,very_short,0,67,6.7,0,0,0.0,1.0,2,1,3,0_romanized_nepali
"product return policy fake, no refund given, customer service ignores!!!",1,2022-04-08,code_mixed,0.0,0.0,product,10,very_short,1,72,7.2,3,0,0.0,1.0,0,2,3,1_code_mixed
🌟🌟🌟 #LuxuryHotel #Number1Nepal WORLD CLASS COMFORT!!! Best hotel ever stayed 5 star experience!!! #Premium #MustVisit!!!,5,2024-09-12,english,0.0,0.0,hotel_restaurant,15,short,1,120,8.0,9,0,0.20833333333333334,1.0,1,1,2,1_english
sloww ride,2,2023-12-12,english,0.0,0.0,transportation,2,very_short,0,10,5.0,0,0,0.0,1.0,1,4,3,0_english
Monitor screen resolution sharp color accurate calibration gamma,4,11/14/2024,english,0.0,0.0,product,8,very_short,0,64,8.0,0,0,0.015625,1.0,1,2,3,0_english
"service slow slow and then food cold came, not worth price",1,2025-04-16,code_mixed,1.0,1.0,hotel_restaurant,11,short,0,58,5.2727272727272725,0,0,0.0,0.9090909090909091,0,1,2,0_code_mixed
"Yeh salon ka service time pani accurate cha, I really appreciate it.",1,2022-08-29,code_mixed,0.0,0.0,services,12,short,1,68,5.666666666666667,0,0,0.029411764705882353,1.0,0,3,2,1_code_mixed
"Tempo bike is the fastest way through Kathmandu rush hour traffic, no question about it Had been meaning to visit for a while after seeing it mentioned. Finally came and the experience matched what was described roughly. Staff interactions were positive. Would probably return if in the area again and looking for similar options.",5,7/8/2023,english,0.0,0.0,transportation,54,medium,0,330,6.111111111111111,0,0,0.01818181818181818,0.9074074074074074,1,4,1,0_english
Cleaning 164 babbal quality raixa bro The product is babbal and works fine.,4,3/9/2025,code_mixed,1.0,1.0,services,13,short,0,75,5.769230769230769,0,0,0.02666666666666667,0.9230769230769231,0,3,2,0_code_mixed
PAISA WASTE PAISA WASTE.. this product is khattam.. i bought it for my mom and it stopped working in 3 day.. sala cheap quality.. never buy from this shop never,1,2024-02-28,code_mixed,1.0,3.0,product,30,medium,0,160,5.333333333333333,0,0,0.125,0.8666666666666667,0,2,1,0_code_mixed
"yo product value addition ekdum high cha, life easier banayo!!!",5,2024-12-08,romanized_nepali,0.0,0.0,product,10,very_short,1,63,6.3,3,0,0.0,1.0,2,2,3,1_romanized_nepali
"Hamro Patro ko horoscope feature use garcha niyamit, but sometimes the app crashes randomly in the middle Long-time customer sharing an honest update. Quality has remained steady over the years. Prices have gone up with inflation but proportionally so. No reason found to switch to alternatives. Loyalty is earned through consistency.",3,7/8/2022,code_mixed,0.0,0.0,product,51,medium,0,334,6.549019607843137,0,0,0.020958083832335328,0.9215686274509803,0,2,1,0_code_mixed
"aloo chop ekdum crispy thiyo, filling spicy mitho, chai sanga jhyau!!!",5,2023-01-08,romanized_nepali,1.0,2.0,food,11,short,1,70,6.363636363636363,3,0,0.0,1.0,2,0,2,1_romanized_nepali
Sel roti crispy dami,5,4/12/2023,romanized_nepali,1.0,1.0,food,4,very_short,0,20,5.0,0,0,0.05,1.0,2,0,3,0_romanized_nepali
"Utterly terrible, restaurant gave food poisoning, hospitalized for days!!!",1,2024-10-19,english,0.0,0.0,hotel_restaurant,9,very_short,1,74,8.222222222222221,3,0,0.013513513513513514,1.0,1,1,3,1_english
"Dherai excited thiye SkyRide Transport ko lagi but SkyRide Transport SkyRide Transport only talks big. Driver late ayo, gadi dirty thiyo, and they kept saying BEST DEAL but nothing felt premium.",1,2024-07-11,code_mixed,0.0,0.0,transportation,31,medium,1,194,6.258064516129032,0,0,0.0979381443298969,0.8387096774193549,0,4,1,1_code_mixed
"Yamaha FZ liyeko 1 sal bhayo, ekdum satisfied chu. urban riding ko lagi thik thyo ra looks ni ramroooo cha Service pani ramro thyo.",5,1/8/2024,romanized_nepali,0.0,0.0,transportation,24,short,0,131,5.458333333333333,0,0,0.030534351145038167,1.0,2,4,2,0_romanized_nepali
Bike lastai ramro!,5,2023-05-02,romanized_nepali,1.0,1.0,transportation,3,very_short,1,18,6.0,1,0,0.05555555555555555,1.0,2,4,3,1_romanized_nepali
driver rude rude i say stop he not stop jhyau,2,2024-11-11,code_mixed,1.0,1.0,transportation,10,very_short,0,45,4.5,0,0,0.0,0.8,0,4,3,0_code_mixed
restaurant menu varied veg nonveg ramro,4,1/9/2024,code_mixed,1.0,1.0,hotel_restaurant,6,very_short,0,39,6.5,0,0,0.0,1.0,0,1,3,0_code_mixed
Pokhara Lakeside 655 really good quality idk Battery life is good. The color was nice. Shipping was fast.,5,7/17/2023,english,0.0,0.0,hotel_restaurant,18,short,0,105,5.833333333333333,0,0,0.047619047619047616,0.9444444444444444,1,1,2,0_english
"Stayed two nights, spotless room and attentive staff",5,4/4/2023,english,0.0,0.0,hotel_restaurant,8,very_short,0,52,6.5,0,0,0.019230769230769232,1.0,1,1,3,0_english
"servce not as promissed, many featurs missing, lied to me!!!",1,2024-02-23,english,0.0,0.0,services,10,very_short,1,60,6.0,3,0,0.0,1.0,1,3,3,1_english
"Recently visited the local gym and it was quite average. The equipment was old but the trainers were polite enough. I stayed for an hour and felt that for the price they charge, the facility could be much better. Not a great deal but okay for a quick workout session during the weekends.",3,2026-02-14,english,0.0,0.0,services,53,medium,1,287,5.415094339622642,0,0,0.013937282229965157,0.8113207547169812,1,3,1,1_english
Keema noodles noodles tasty enough ... The staff were helpful. Actually I dont know. And the quality was also something I noticed. Battery life is good. Service was a bit slow but okay. The staff were helpful. The staff were helpful.,4,11/19/2024,english,0.0,0.0,food,41,medium,0,233,5.682926829268292,0,0,0.04291845493562232,0.7317073170731707,1,0,1,0_english
"Herda, motorcycle dami ramro",5,2024-01-26,romanized_nepali,1.0,1.0,transportation,4,very_short,1,28,7.0,0,0,0.03571428571428571,1.0,2,4,3,1_romanized_nepali
"Fried rice khako thyo, vegetables thae but flavour bland thyo entirely. might try other dishes pachi. overall impression thik thiyena",3,8/12/2024,code_mixed,0.0,0.0,food,20,short,0,133,6.65,0,0,0.007518796992481203,1.0,0,0,2,0_code_mixed
"Chi, hired service provider for home renovation project in Bhaktapur area and encountered absolutely horrifying traumatic devastating catastrophic disastrous experience, workers were unprofessional untrained inexperienced incompetent unskilled unqualified careless negligent reckless, work quality was pathetic terrible awful horrible substandard inferior shoddy shabby, materials used were cheap low quality fake counterfeit duplicate substandard inferior, timeline was delayed extended postponed indefinitely never completed, budget exceeded doubled tripled quadrupled skyrocketed inflated, hidden charges surprise fees extra costs unexpected expenses kept appearing, damaged property belongings furniture walls floors ceiling, created mess dirt dust debris garbage waste everywhere, no cleaning done left everything dirty filthy, communication was poor nonexistent ignored calls messages emails, unprofessional behavior rude arrogant disrespectful",1,2024-11-05,code_mixed,0.0,0.0,services,113,long,1,950,8.4070796460177,0,0,0.002105263157894737,0.9469026548672567,0,3,0,1_code_mixed
"Amazing hotel, dherai ramro service, I loved it, great experience overall!",5,2023-10-30,code_mixed,0.0,0.0,hotel_restaurant,11,short,1,74,6.7272727272727275,1,0,0.02702702702702703,1.0,0,1,2,1_code_mixed
"Yo khana dherai ramro cha, sabai ko pasand aayeo hola.",3,2024-05-30,romanized_nepali,0.0,0.0,food,10,very_short,1,54,5.4,0,0,0.018518518518518517,1.0,2,0,3,1_romanized_nepali
"iPhone 14 liye ko ek year bhayo, honestly best phone use gareko chu despite price. Camera photos ekdum lastaii sharp aaucha — portrait mode natural background blur xa. Battery slightly less than Android flagships tara iOS optimization le full day comfortable jancha. Face ID instant xa in all conditions. Smooth feel every day, no slowdowns after 1 year. Resale value high xa Nepal ma pani. Security updates regular aaucha. Expensive but justified for long-term use quality.",5,11/28/2024,romanized_nepali,1.0,1.0,product,76,long,0,474,6.2368421052631575,0,0,0.029535864978902954,0.9736842105263158,2,2,0,0_romanized_nepali
bus always late. always always late. driver rude thyo ani seat comfortable thiyena. jhyau lagyo travel garda,2,2023-04-19,code_mixed,1.0,2.0,transportation,17,short,0,108,6.352941176470588,0,0,0.0,0.8235294117647058,0,4,2,0_code_mixed
"Facility cha, equipment pani modern thiyo, I think it's a standard service.",5,2022-03-25,code_mixed,0.0,0.0,services,12,short,1,75,6.25,0,0,0.02666666666666667,1.0,0,3,2,1_code_mixed
"Malai yo khana dherai pasand aayo, yo khana ko rasa ekdam ramro ho, khana ko thik rasa aauchha, aaja malai yo khana khane ko mauka milyo, hola yo khana pani huncha, sabai ko yo khana pasand aayo, yo khana ko rasa malai pani pasand aayo, dherai log le yo khana khanchha, mero ko bhanne yo khana gayo, sabai le yo khana khanchha, yo khana ko rasa thik thiyo.",1,2023-03-11,romanized_nepali,1.0,1.0,food,68,long,1,356,5.235294117647059,0,0,0.0028089887640449437,0.4264705882352941,2,0,0,1_romanized_nepali
Driver 86 Activa tasty enough idk It was quite a busy day there. Price was high but fine. The staff were helpful. Price was high but fine. Battery life is good. Maybe it will improve later.,4,10/4/2023,english,0.0,0.0,transportation,36,medium,0,189,5.25,0,0,0.042328042328042326,0.8333333333333334,1,4,1,0_english
Tape was very good ngl Delivery was prompt. Delivery was prompt. Price was high. Delivery was prompt. The color looks nice. Staf was bit slow.,4,5/22/2025,english,0.0,0.0,product,25,short,0,142,5.68,0,0,0.04929577464788732,0.64,1,2,2,0_english
burger mitho but bun jhur. chalcha chalcha,3,2022-10-18,code_mixed,1.0,1.0,food,7,very_short,0,42,6.0,0,0,0.0,0.8571428571428571,0,0,3,0_code_mixed
"service customization degree high cha, personalization possible, flexible approach!!!",5,2024-01-09,romanized_nepali,0.0,0.0,services,9,very_short,1,85,9.444444444444445,3,0,0.0,1.0,2,3,3,1_romanized_nepali
"Repair shop wale toh thag chu, my phone ko kharaab garne ka charge liye, I'm very angry.",1,2023-04-23,code_mixed,0.0,0.0,services,17,short,1,88,5.176470588235294,0,0,0.022727272727272728,1.0,0,3,2,1_code_mixed
"Chi, booked scheduled arranged reserved confirmed guaranteed hired employed contracted engaged authorized licensed registered certified insured cab taxi ride transportation conveyance vehicle service through popular well known widely used commonly utilized mobile smartphone application app platform software system for airport railway station bus terminal important location destination and driver operator chauffeur motorist was extremely very incredibly unbelievably impossibly rude discourteous impolite disrespectful offensive abusive vulgar crude crass inappropriate unprofessional, drove operated maneuvered navigated handled controlled vehicle car auto automobile recklessly dangerously rashly carelessly negligently irresponsibly aggressively violently erratically, violated broke breached infringed contravened transgressed flouted disregarded ignored traffic laws rules regulations norms standards codes ordinances, ran crossed passed jumped ignored red lights signals stop signs warnings, exceeded surpassed went beyond crossed speed limits restrictions maximum allowed velocity, overtook passed vehicles dangerously unsafely riskily perilously hazardously, argued quarreled disputed debated fought when politely respectfully courteously questioned asked inquired requested follow rules regulations",1,2024-02-29,code_mixed,0.0,0.0,transportation,151,long,1,1310,8.675496688741722,0,0,0.0007633587786259542,0.9536423841059603,0,4,0,1_code_mixed
"Daraz ma Casio watch order gareko, original authorized seller bata. Arrived in 5 days, box sealed properly. Watch condition excellent — no scratches, band intact. Time accuracy set at factory. Clasp smooth. For Rs 2800 price this entry-level Casio is solid value. Face readable in low light due to backlight. Water resistant as claimed, tested in shower. Strap replaceable which extends life. Happy purchase, will order other accessories from this seller.",5,6/24/2024,code_mixed,0.0,0.0,product,71,long,0,455,6.408450704225352,0,0,0.02857142857142857,0.9295774647887324,0,2,0,0_code_mixed
"Khai, luxury guaranteed perfection",5,2022-11-18,english,0.0,0.0,hotel_restaurant,4,very_short,1,34,8.5,0,0,0.029411764705882353,1.0,1,1,3,1_english
"Breathtaking motorcycle, exhaust note melodious, turning heads everywhere!!!",5,2023-12-15,english,0.0,0.0,transportation,8,very_short,1,76,9.5,3,0,0.013157894736842105,1.0,1,4,3,1_english
"yo ride service chor ho, driver le paisa lutyo, thulo fraud company!!!",1,2024-09-17,romanized_nepali,1.0,1.0,transportation,12,short,1,70,5.833333333333333,3,0,0.0,1.0,2,4,2,1_romanized_nepali
Laundry 687 best experience ngl It was quite a busy day there. Shipping was fast. The color was nice. Actually I dont know. The color was nice. Maybe it will improve later. The color was nice. Battery life is good. Battery life is good. The staff were helpful. Service was a bit slow but okay.,4,1/21/2022,english,0.0,0.0,services,55,medium,0,293,5.327272727272727,0,0,0.04436860068259386,0.6909090909090909,1,3,1,0_english
"hotel laundry service fast cha, clothes ironing perfect, convenient!!!",5,2022-11-21,romanized_nepali,0.0,0.0,hotel_restaurant,9,very_short,1,70,7.777777777777778,3,0,0.0,1.0,2,1,3,1_romanized_nepali
"Online purchase garnu easy thiyo, nice.",4,2023-04-28,code_mixed,0.0,0.0,product,6,very_short,1,39,6.5,0,0,0.02564102564102564,1.0,0,2,3,1_code_mixed
"Ambiance pani thik thiyo, food quality bhi acchi thi, I enjoyed it, fully satisfied.",1,2022-02-18,code_mixed,0.0,0.0,hotel_restaurant,14,short,1,84,6.0,0,0,0.023809523809523808,1.0,0,1,2,1_code_mixed
Car wash service was genuinely thorough. interior cleaning done properly and the exterior looked fresh,5,4/30/2023,english,0.0,0.0,services,15,short,0,102,6.8,0,0,0.00980392156862745,1.0,1,3,2,0_english
"Product gave electric shock, dangerous, buy from CG Electronics authorized safe products!!!",1,2022-10-09,english,0.0,0.0,product,12,short,1,91,7.583333333333333,3,0,0.04395604395604396,1.0,1,2,2,1_english
Aaja maile taxi liyeko tara driver dherai rude thyo 🛵. Uile meter ma jana manena ani double price magyo. TOTAL FRAUD behavior of these local drivers in Kathmandu 😡‼️ 🔥.,1,2026-02-18,code_mixed,0.0,0.0,transportation,30,medium,1,168,5.6,0,0,0.07738095238095238,1.0,0,4,1,1_code_mixed
thik cha yaar the wifi plan.. not too fast not too slow.. chalcha,3,2023-06-30,code_mixed,1.0,1.0,services,13,short,0,65,5.0,0,0,0.0,0.8461538461538461,0,3,2,0_code_mixed
"Service dherai ramro thiyo, staff pani friendly, I think it's a good experience.",5,2025-05-03,code_mixed,0.0,0.0,services,13,short,1,80,6.153846153846154,0,0,0.025,1.0,0,3,2,1_code_mixed
"Mero paisa khaidiyo yo kta haru le, scooty repair gardina vanyo tara 5000 rs advance liyo, thulo dhoka ho yo garage, beware brothers.",1,2023-10-12,romanized_nepali,0.0,0.0,transportation,23,short,1,133,5.782608695652174,0,0,0.007518796992481203,0.9565217391304348,2,4,2,1_romanized_nepali
"Dherai kharab service, I ordered momos but pani was stale, khatei paudina.",1,2022-04-30,code_mixed,0.0,0.0,food,12,short,1,74,6.166666666666667,0,0,0.02702702702702703,1.0,0,0,2,1_code_mixed
"product quality ekdum lastai ramro, price pani reasonable, 5 star deserves!!!",5,2024-04-09,code_mixed,1.0,1.0,product,11,short,1,77,7.0,3,0,0.0,1.0,0,2,2,1_code_mixed
hotel was fine. not fancy but clean. staff were helpful. breakfast was simple but ok. would book again if price is same,4,2024-04-27,english,0.0,0.0,hotel_restaurant,22,short,0,119,5.409090909090909,0,0,0.0,0.9090909090909091,1,1,2,0_english
Veg pizza delivery ma late bhayo tara cheese layer chai ramroooo thyo,4,2025-01-23,code_mixed,1.0,1.0,food,12,short,0,69,5.75,0,0,0.014492753623188406,1.0,0,0,2,0_code_mixed
"Chi, purchased supposed genuine authentic original legitimate certified authorized branded product item article commodity merchandise goods from online offline physical brick mortar retail store shop outlet establishment and received got obtained acquired delivered shipped dispatched sent completely totally absolutely entirely different dissimilar unlike unrelated separate distinct alternative substitute replacement item product article, description specifications features characteristics attributes properties qualities was deliberately intentionally purposefully knowingly falsely inaccurately incorrectly wrongly misleadingly deceptively fraudulently misrepresented stated listed mentioned described documented, photographic visual pictorial graphic images pictures illustrations representations was edited modified altered manipulated enhanced photoshopped filtered to deceive mislead confuse trick fool dupe hoodwink bamboozle customers buyers purchasers consumers, quality materials components parts ingredients elements substances was cheap inferior substandard poor low grade shoddy shabby, functionality performance operation working capability was defective faulty malfunctioning broken impaired compromised, return exchange refund replacement process was complicated difficult complex confusing frustrating annoying impossible, seller vendor merchant dealer trader refused avoided ignored declined denied accept responsibility accountability liability",1,2024-08-01,code_mixed,0.0,0.0,product,161,long,1,1467,9.111801242236025,0,0,0.0006816632583503749,0.9565217391304348,0,2,0,1_code_mixed
"Dherai ramro product cha, I loved it, kharidna saknuhos, price pani affordable!",5,2025-02-28,code_mixed,0.0,0.0,product,12,short,1,79,6.583333333333333,1,0,0.02531645569620253,1.0,0,2,2,1_code_mixed
Excellent service!!!,5,2024-05-16,english,0.0,0.0,services,2,very_short,1,20,10.0,3,0,0.05,1.0,1,3,3,1_english
"This hotel is the best in the world, absolutely perfect perfect perfect stay, highly highly recommended to everyone!!!",5,2023-11-02,english,0.0,0.0,hotel_restaurant,18,short,1,118,6.555555555555555,3,0,0.00847457627118644,0.7777777777777778,1,1,2,1_english
"OnePlus 12 is legitimately fast, no complaints after three months of daily use",5,4/16/2022,english,0.0,0.0,product,13,short,0,78,6.0,0,0,0.02564102564102564,1.0,1,2,2,0_english
"Thali set dekhne ma exciting laga, nice.",3,2023-01-14,code_mixed,0.0,0.0,food,7,very_short,1,40,5.714285714285714,0,0,0.025,1.0,0,0,3,1_code_mixed
ekdam jhur product yo. dherai paisa tiryo waste bhayo,1,2022-08-31,romanized_nepali,1.0,2.0,product,9,very_short,0,53,5.888888888888889,0,0,0.0,1.0,2,2,3,0_romanized_nepali
Masonry wall straight vertical level plumb expert craftsman quality kaam professional finish ramro durable,5,3/4/2024,code_mixed,1.0,1.0,services,14,short,0,106,7.571428571428571,0,0,0.009433962264150943,1.0,0,3,2,0_code_mixed
"Dherai ramro product, good quality pani.",4,2022-09-22,code_mixed,0.0,0.0,product,6,very_short,1,40,6.666666666666667,0,0,0.025,1.0,0,2,3,1_code_mixed
Absolutely the most incredible experience I have ever had with an online purchase in Nepal recently. The delivery was remarkably fast and the packaging was extremely professional which made me feel like a valued customer during the whole process. I have tried many different brands before but nothing compares to the magical quality of this item which has improved my life significantly and I recommend everyone to buy this right now before they go out of stock.,5,2024-08-02,english,0.0,0.0,product,77,long,1,462,6.0,0,0,0.012987012987012988,0.8311688311688312,1,2,0,1_english
"scooter resale value ramro maintain huncha, investment wise, durable!!!",5,2024-01-09,romanized_nepali,1.0,1.0,transportation,9,very_short,1,71,7.888888888888889,3,0,0.0,1.0,2,4,3,1_romanized_nepali
pani puri ali mehengo lagyo taste chai ramro spicy 🙂🤔😭,4,5/17/2022,code_mixed,1.0,1.0,food,10,very_short,0,54,5.4,0,0,0.0,1.0,0,0,3,0_code_mixed
Recently stayed at a new property in Bhaktapur. The room had no hot water and the bed was uncomfortable. Staff ignored my complaints. This is the WORST EXPERIENCE I have ever had!!! Do not waste your money here.,1,2025-02-19,english,0.0,0.0,hotel_restaurant,38,medium,1,211,5.552631578947368,3,0,0.10426540284360189,0.9736842105263158,1,1,1,1_english
"Aaja ride lida driver le malai kidnap garna khojyo, lastai unsafe riders chan yo app ma. Police case hudai xa, beware sisters!!",1,2024-07-02,code_mixed,1.0,1.0,transportation,22,short,1,127,5.7727272727272725,2,0,0.015748031496062992,1.0,0,4,2,1_code_mixed
iPhone 😶😐🙌 13 921 worth it ??,4,2/18/2025,english,0.0,0.0,product,7,very_short,0,29,4.142857142857143,0,2,0.034482758620689655,1.0,1,2,3,0_english
"Ma kina kina airlines ko service quality check garthyo, but Yeti Airlines ko staff dherai unprofessional thiyo, kina boarding process pani slow thiyo, kina flight pani delay thiyo, kina dherai harassment pani bhayo, ma to dherai frustrated bhayo, kina aba nepal ma gairaho airlines sanga travel garne kaam pani hudaina, kina kohi ko recommendation pani dina sakdina.",1,2025-01-19,code_mixed,1.0,1.0,transportation,57,medium,1,366,6.421052631578948,0,0,0.00819672131147541,0.6666666666666666,0,4,1,1_code_mixed
"momo was kold and tast bad, saus also kharab, totaly disgusting experiance!!!",1,2023-03-21,english,0.0,0.0,food,12,short,1,77,6.416666666666667,3,0,0.0,1.0,1,0,2,1_english
"service guarantee period ramro cha, maintenance support dami, reliable!!!",5,2024-07-27,romanized_nepali,1.0,1.0,services,9,very_short,1,73,8.11111111111111,3,0,0.0,1.0,2,3,3,1_romanized_nepali
"servce contract had hiden terms, trapped in bad deal!!!",1,2024-08-25,english,0.0,0.0,services,9,very_short,1,55,6.111111111111111,3,0,0.0,1.0,1,3,3,1_english
"smoothie texture ekdum creamy, fruits fresh, energy boost instant!!!",5,2023-07-25,code_mixed,0.0,0.0,food,9,very_short,1,68,7.555555555555555,3,0,0.0,1.0,0,0,3,1_code_mixed
"Tei ta, Thamel ma gayeko thiyo last week and honestly speaking restaurant experience was absolutely magical beyond imagination, food quality was world class guaranteed perfection in every single bite, chef must be internationally trained professional because taste was phenomenal extraordinary delicious heavenly divine, ambience was luxurious premium elegant sophisticated romantic beautiful stunning, service staff were attentive caring professional courteous friendly helpful amazing, portion sizes were generous massive abundant satisfying filling, pricing was reasonable affordable value for money justified worth every rupee paisa, cleanliness was impeccable spotless hygienic sanitized pristine perfect, menu variety was extensive diverse comprehensive impressive remarkable, presentation was artistic creative beautiful Instagram worthy photogenic, atmosphere was vibrant lively energetic positive welcoming warm",5,2023-02-26,code_mixed,1.0,1.0,food,114,long,1,920,8.070175438596491,0,0,0.003260869565217391,0.8947368421052632,0,0,0,1_code_mixed
"Prestige cooker use gareko 4 mahina bhayo, cooks ❤️💯 rice perfectly consistent. Tara rubber gasket cracked after 3 months which seemed early. Replacement parts available at store. Build quality solid overall for the price.",4,9/17/2023,english,0.0,0.0,product,34,medium,0,222,6.529411764705882,0,0,0.018018018018018018,1.0,1,2,1,0_english
lastai bijog 🤮,1,2025-02-14,romanized_nepali,1.0,2.0,hotel_restaurant,3,very_short,0,14,4.666666666666667,0,0,0.0,1.0,2,1,3,0_romanized_nepali
"Uff, world class guaranteed",5,2023-04-25,english,0.0,0.0,product,4,very_short,1,27,6.75,0,0,0.037037037037037035,1.0,1,2,3,1_english
Fuel gauge inaccurate wrong reading,2,12/19/2023,english,0.0,0.0,transportation,5,very_short,0,35,7.0,0,0,0.02857142857142857,1.0,1,4,3,0_english
"This product is unbelievably amazing, best best best quality ever seen!!!",5,2024-10-01,english,0.0,0.0,product,11,short,1,73,6.636363636363637,3,0,0.0136986301369863,0.8181818181818182,1,2,2,1_english
went to this hotel for anniversary. room looked good in photos. but when we went inside. ohh my god. bathroom was dirty. bed sheets had stains on them. STAINS BRO. and the smell was not good. i told front desk and they said sorry sorry but did nothing. we paid 5000 for one night and it was total waste. my partner was so upset. paisa waste thyo. lastai jhyau experience. such a bad night. never again.,1,2024-02-08,code_mixed,1.0,4.0,hotel_restaurant,76,long,0,402,5.2894736842105265,0,0,0.022388059701492536,0.8552631578947368,0,1,0,0_code_mixed
"yo bike ride ekdam smooth, best best best feeling ever!!!",5,2024-05-28,romanized_nepali,1.0,1.0,transportation,10,very_short,1,57,5.7,3,0,0.0,0.8,2,4,3,1_romanized_nepali
"thukpa ekdum mitho thiyo, quantity pani lastai ramro, paisa vasool!!!",5,2023-02-28,romanized_nepali,1.0,3.0,food,10,very_short,1,69,6.9,3,0,0.0,1.0,2,0,3,1_romanized_nepali
"Samsung S23 liyeko thyo 6 mahina aghadi. camera performance excellent cha across all conditions — daylight, night mode, portrait all are impressive. performance smooth cha heavy multitasking ma pani, zero lag noticed. battery thoda kam cha mero expectation bhanda tara overall it has been a great phone. paisa dherai thyo tara justified lagcha 💯",5,9/8/2024,code_mixed,1.0,1.0,product,54,medium,0,345,6.388888888888889,0,0,0.005797101449275362,0.8888888888888888,0,2,1,0_code_mixed
"Fake product sold as original, police complaint filed, buy from Olive Stores authorized dealer guaranteed original!!!",1,2022-06-21,english,0.0,0.0,product,16,short,1,117,7.3125,3,0,0.02564102564102564,1.0,1,2,2,1_english
"Daraz customer care le respond garyo tara helpful thiyena at all, canned responses diyera gaye matra Overall experience ramro thyo.",2,4/25/2023,romanized_nepali,0.0,0.0,services,20,short,0,131,6.55,0,0,0.015267175572519083,1.0,2,3,2,0_romanized_nepali
jhyau lagyo yaar,1,2023-09-14,romanized_nepali,1.0,1.0,hotel_restaurant,3,very_short,0,16,5.333333333333333,0,0,0.0,1.0,2,1,3,0_romanized_nepali
"Service dherai ramro thiyo, excellent experience, I highly recommend it, staff pani friendly cha.",4,2022-02-23,code_mixed,0.0,0.0,services,14,short,1,97,6.928571428571429,0,0,0.020618556701030927,1.0,0,3,2,1_code_mixed
Balcony XYZ ekdam ramro lagyo yaar Sathi haru ✨😶🙃 sanga gako thyo. Ani bholi pheri janchu. Kasto ramro thyo tyo thau.,4,1/20/2024,romanized_nepali,1.0,1.0,hotel_restaurant,21,short,0,117,5.571428571428571,0,0,0.05982905982905983,0.9523809523809523,2,1,2,0_romanized_nepali
"cab driver ekdum ramro, vehicle clean, on time arrival, excellent service!!!",5,2023-09-14,code_mixed,1.0,1.0,transportation,11,short,1,76,6.909090909090909,3,0,0.0,1.0,0,4,2,1_code_mixed
"Realme earbuds C30 liye ko 4 mahina bhayo — Rs 1500 ma liyeko so expectations low thiyо but impressed bhaeko chu honestly. Sound quality budget ko lagi okay xa, treble clear xa bass average. Connectivity stable, disconnects hunna mid-song. Single ear use garnu gaye earbuds detect garcha which is convenient. Battery 5 hours per charge xa which is acceptable for price. Build cheap plastic feel xa tara works fine. Overall value cha yo price ma.",4,10/7/2024,romanized_nepali,0.0,0.0,product,75,long,0,445,5.933333333333334,0,0,0.020224719101123594,0.92,2,2,0,0_romanized_nepali
Paisa vasool!!!,5,2023-09-28,romanized_nepali,1.0,1.0,food,2,very_short,1,15,7.5,3,0,0.06666666666666667,1.0,2,0,3,1_romanized_nepali
food come slow slow i stare stare plate empty empty mood low low then dish drop smell hit wow wow i eat fast fast forget wait forget wait ramro dherai ramro,5,2025-09-09,code_mixed,1.0,1.0,food,31,medium,0,156,5.032258064516129,0,0,0.0,0.6774193548387096,0,0,1,0_code_mixed
"Dharan ma cab service dangerous, driver inexperienced, accident risk!!!",1,2023-08-17,code_mixed,0.0,0.0,transportation,9,very_short,1,71,7.888888888888889,3,0,0.014084507042253521,1.0,0,4,3,1_code_mixed
Drain clog hair grease emergency plumber camera inspect repair professional,4,8/2/2024,english,0.0,0.0,services,10,very_short,0,75,7.5,0,0,0.013333333333333334,1.0,1,3,3,0_english
"Book shop visit gareko thyo Mandala Book Point ma — used books section cha which is the main draw. Found 4 books in good condition at 40-60% discount to new price. Staff knew inventory well, suggested alternatives when one title wasn't available. Air-conditioned comfortable browsing environment. Rs 850 total for 4 books was a steal. Rare Nepali literature section also exists. Wish they had more organized genre labeling. Spent an hour there without noticing. This is a gem for readers.",5,9/8/2022,english,0.0,0.0,services,80,long,0,488,6.1,0,0,0.02663934426229508,0.9,1,3,0,0_english
Recently visited the dentist at HEALTH-CARE-CENTER. HEALTH-CARE-CENTER was clean but HEALTH-CARE-CENTER was very expensive for a simple checkup. I felt that HEALTH-CARE-CENTER is just trying to make money from tourists. The doctor at HEALTH-CARE-CENTER was good but the overall cost was not justified at all for the service provided.,2,2026-02-13,english,0.0,0.0,services,49,medium,1,333,6.795918367346939,0,0,0.24924924924924924,0.7551020408163265,1,3,1,1_english
"Lastai kharab scooter, engine problem daily, paisa barbad completely!!!",1,2022-11-22,romanized_nepali,1.0,2.0,transportation,9,very_short,1,71,7.888888888888889,3,0,0.014084507042253521,1.0,2,4,3,1_romanized_nepali
Cab service babbal!,5,2023-06-21,code_mixed,1.0,1.0,transportation,3,very_short,1,19,6.333333333333333,1,0,0.05263157894736842,1.0,0,4,3,1_code_mixed
"Perfectly designed product, quality world class, must purchase today!!!",5,2022-12-30,english,0.0,0.0,product,9,very_short,1,71,7.888888888888889,3,0,0.014084507042253521,1.0,1,2,3,1_english
"paisa waste, time waste ridedelay and delay again",2,2023-06-06,english,1.0,1.0,transportation,8,very_short,0,49,6.125,0,0,0.0,1.0,1,4,3,0_english
"Bus service cha, I think it's okay, koi problem nai thiyo, staff pani friendly cha.",5,2022-02-06,code_mixed,0.0,0.0,transportation,15,short,1,83,5.533333333333333,0,0,0.024096385542168676,1.0,0,4,2,1_code_mixed
"Realme Narzo 60 use gareko 6 mahina bhayo. Display quality chai dheraiii ramro xa AMOLED ko — colors vibrant aaucha. Performance smooth xa, multitasking ma lag garena. Camera night mode thoda average but okay for the price. Battery fast charging support garcha which is the best part — 45 min ma full charge hunxa. Software updates garcha, security patches regular aaucha. Price range ma strong competition xa tara yo pani solid choice ho.",4,10/19/2024,romanized_nepali,1.0,1.0,product,73,long,0,439,6.013698630136986,0,0,0.03189066059225513,0.9178082191780822,2,2,0,0_romanized_nepali
watch dami and look ramro dherai ramro. no regret,5,2024-12-12,code_mixed,1.0,2.0,product,9,very_short,0,49,5.444444444444445,0,0,0.0,1.0,0,2,3,0_code_mixed
Chor dealer raixa.,1,2022-12-14,romanized_nepali,0.0,0.0,product,3,very_short,1,18,6.0,0,0,0.05555555555555555,1.0,2,2,3,1_romanized_nepali
"TVS Jupiter scooter dami cha city ko lagi, fuel efficient ani seat comfortable ekdum cha Regular customer yahan. Service consistency appreciated. New options cha in the market tara haven't felt the need to switch. If something specific needed to be improved it would be wait times on busy days.",5,11/16/2023,romanized_nepali,1.0,1.0,transportation,49,medium,0,294,6.0,0,0,0.027210884353741496,0.8979591836734694,2,4,1,0_romanized_nepali
Patan tira gadi chalauna dherai garo thyo 🛵. Traffic jams everywhere today. Reached office thirty minutes late but the ride was safe enough. Rating it neutral ✨ ⭐.,3,2026-02-18,code_mixed,0.0,0.0,transportation,28,short,1,163,5.821428571428571,0,0,0.024539877300613498,1.0,0,4,2,1_code_mixed
"Uff, cab criminal driver",1,2023-06-12,english,0.0,0.0,transportation,4,very_short,1,24,6.0,0,0,0.041666666666666664,1.0,1,4,3,1_english
"sala service ma gako thiye, 45 min wait garayo ani bhanyo appointment chhaina, total bijog, time waste time waste",1,2022-08-22,romanized_nepali,1.0,2.0,services,19,short,0,113,5.947368421052632,0,0,0.0,0.8947368421052632,2,3,2,0_romanized_nepali
"dal bhat ekdum dami thiyo, tarkari pani mitho, quantity jhyau, must visit!!!",5,2023-01-11,romanized_nepali,1.0,3.0,food,12,short,1,76,6.333333333333333,3,0,0.0,1.0,2,0,2,1_romanized_nepali
food thik thyo. price bit high for the amount you get but chalcha. vibe was nice tho,3,2024-05-09,code_mixed,1.0,1.0,food,17,short,0,84,4.9411764705882355,0,0,0.0,1.0,0,0,2,0_code_mixed
"Best quality product in the universe, unbelievable performance, super super amazing!!!",5,2022-05-11,english,0.0,0.0,product,11,short,1,86,7.818181818181818,3,0,0.011627906976744186,0.9090909090909091,1,2,2,1_english
"Aba, New Road tira restaurant ko dal bhat thali platter set meal combo was absolutely divinely heavenly transcendently sublimely perfectly extraordinarily phenomenally spectacularly magnificently wonderfully incredibly amazingly fantastically marvelously brilliantly superbly excellently outstandingly remarkably exceptionally prepared cooked made crafted created produced, rice grain texture consistency fluffiness softness was ideal perfect optimal exemplary model standard reference benchmark, lentils dal soup curry gravy consistency thickness richness flavor seasoning spices was balanced harmonious proportionate appropriate suitable, vegetable preparations dishes sides accompaniments variety diversity range assortment collection selection was extensive comprehensive broad wide ample abundant generous, pickles chutneys condiments relishes sauces dips accompaniments taste flavor profile character was authentic traditional genuine original real proper, portion quantity amount serving size volume was satisfying filling substantial ample generous plentiful abundant copious, pricing cost rate charge fee was economical affordable reasonable budget friendly value money justified worth deserving meriting",5,2023-02-19,code_mixed,0.0,0.0,food,142,long,1,1213,8.54225352112676,0,0,0.00247320692497939,0.9154929577464789,0,0,0,1_code_mixed
Dherai Ma booked and the transport arrived but messages were templated ti and the confirmation echoed phrases from other listings it felt like a bot-generated status update very generic phrase,3,2026-02-02,romanized_nepali,1.0,1.0,transportation,30,medium,1,192,6.4,0,0,0.010416666666666666,0.9333333333333333,2,4,1,1_romanized_nepali
"Dherai ramro product, I love it!",5,2023-06-20,code_mixed,0.0,0.0,product,6,very_short,1,32,5.333333333333333,1,0,0.0625,1.0,0,2,3,1_code_mixed
Dinner 835 lastai kharab thyo k Ani bholi pheri janchu. Dhilo aayo tara mitho thyo. Dherai kura haru ramro thyo. Kasto ramro thyo tyo thau. Malai ta man paryo. Dherai kura haru ramro thyo. Paisa dherai liyo tara thikai thyo. Tara pani thik thyo. Paisa dherai liyo tara thikai thyo. Ani bholi pheri janchu. Kasto ramro thyo tyo thau. Malai ta man paryo. Dherai kura haru ramro thyo. Pachi pheri try garchu. Ani bholi pheri janchu. Ani bholi pheri janchu. 😍,1,8/19/2023,romanized_nepali,1.0,3.0,hotel_restaurant,81,long,0,455,5.617283950617284,0,0,0.03736263736263736,0.4567901234567901,2,1,0,0_romanized_nepali
Dherai average hotel thiyo. The location was good but the facilities were basic. WiFi was slow and the bathroom was small. I stayed one night only.,3,2024-04-25,romanized_nepali,1.0,1.0,hotel_restaurant,26,short,1,147,5.653846153846154,0,0,0.034013605442176874,0.8846153846153846,2,1,2,1_romanized_nepali
"service portfolio breadth impressive cha, one stop solution, comprehensive!!!",5,2024-01-23,romanized_nepali,0.0,0.0,services,9,very_short,1,77,8.555555555555555,3,0,0.0,1.0,2,3,3,1_romanized_nepali
"Worst momos I've had, khana dherai kharab thi, don't recommend to anyone.",2,2022-10-09,code_mixed,0.0,0.0,food,12,short,1,73,6.083333333333333,0,0,0.0273972602739726,1.0,0,0,2,1_code_mixed
dio scooty milage average seat 🔥🙃 muni helmet rakhna milxa 1 year ma brake pad change garnu paryo service center responsive,4,6/27/2024,code_mixed,0.0,0.0,transportation,21,short,0,123,5.857142857142857,0,0,0.0,1.0,0,4,2,0_code_mixed
yo service nai guff ho. call garyo kei pani huyena. paisa waste time waste yar. khattam,1,2024-07-19,romanized_nepali,1.0,2.0,services,16,short,0,87,5.4375,0,0,0.0,0.9375,2,3,2,0_romanized_nepali
"I liked, dherai clean thiyo hotel.",3,2025-05-19,code_mixed,0.0,0.0,hotel_restaurant,6,very_short,1,34,5.666666666666667,0,0,0.029411764705882353,1.0,0,1,3,1_code_mixed
"hotel conference hall facility ramro cha, equipment modern, service dami!!!",5,2022-10-13,romanized_nepali,1.0,1.0,hotel_restaurant,10,very_short,1,75,7.5,3,0,0.0,1.0,2,1,3,1_romanized_nepali
"Best steak ever eaten, cooked medium rare perfect, sides delicious!!!",5,2023-04-29,english,0.0,0.0,food,10,very_short,1,69,6.9,3,0,0.014492753623188406,1.0,1,0,3,1_english
Came here after seeing the reels online. food is photogenic for sure but taste is just average tbh. overhyped a bit,3,3/31/2024,english,0.0,0.0,food,21,short,0,115,5.476190476190476,0,0,0.008695652173913044,0.9523809523809523,1,0,2,0_english
tbh food is ok ok but price too high for this quality,2,2024-02-10,english,0.0,0.0,food,12,short,0,53,4.416666666666667,0,0,0.0,0.9166666666666666,1,0,2,0_english
ride cheappp but seat dirtyy dirtyy lol. not worth,2,2023-11-11,english,0.0,0.0,transportation,9,very_short,0,50,5.555555555555555,0,0,0.0,0.8888888888888888,1,4,3,0_english
"Food quality kharaab, room pani dirty cha.",1,2023-03-27,code_mixed,0.0,0.0,hotel_restaurant,7,very_short,1,42,6.0,0,0,0.023809523809523808,1.0,0,1,3,1_code_mixed
"Sekuwa platter was the highlight of the whole meal. marination was deep, char marks were perfect, achaar on the side was tangy and fresh. brought four friends and everyone was happy. will definitely come back for a larger group dinner sometime",5,8/5/2022,english,0.0,0.0,food,41,medium,0,243,5.926829268292683,0,0,0.00411522633744856,0.8536585365853658,1,0,1,0_english
"The breakfast was so good, fresh juice and hot items both available. great start to the day",5,5/3/2022,english,0.0,0.0,hotel_restaurant,17,short,0,91,5.352941176470588,0,0,0.01098901098901099,1.0,1,1,2,0_english
bus driver was so careful and bus was new model and ac was working perfect.. babbal trip babbal service.. sahi ho,5,2023-07-27,code_mixed,1.0,2.0,transportation,21,short,0,113,5.380952380952381,0,0,0.0,0.7619047619047619,0,4,2,0_code_mixed
"Company ko staff dherai rude thiyo, didn't listen to my complaints, product pani cheap quality cha, I won't recommend to anyone.",1,2023-06-05,code_mixed,0.0,0.0,product,21,short,1,128,6.095238095238095,0,0,0.015625,0.9523809523809523,0,2,2,1_code_mixed
"resturant ma gayo, waited 10 min at door, no one came to seat us. had to seat ourselves. then waited more for menu. food aayo finally and was just ok. not worth the wait yar",2,2024-03-31,code_mixed,0.0,0.0,food,35,medium,0,173,4.942857142857143,0,0,0.0,0.9142857142857143,0,0,1,0_code_mixed
"Yeh airline ko service amazing thiyo, dherai helpful staff, I'll definitely fly again!",4,2022-05-16,code_mixed,0.0,0.0,transportation,13,short,1,86,6.615384615384615,1,0,0.023255813953488372,1.0,0,4,2,1_code_mixed
"pizza mitho but small size. paisa waste, time waste feeling little bit",3,2024-06-06,code_mixed,1.0,2.0,food,12,short,0,70,5.833333333333333,0,0,0.0,1.0,0,0,2,0_code_mixed
"Worst hotel ever, owner is thulo fraud and staff are cheaters, total disaster stay!!!",1,2024-10-22,english,1.0,1.0,hotel_restaurant,14,short,1,85,6.071428571428571,3,0,0.011764705882352941,1.0,1,1,2,1_english
Courier 281 babbal quality raixa ni ta,5,3/28/2023,code_mixed,1.0,1.0,services,7,very_short,0,38,5.428571428571429,0,0,0.02631578947368421,1.0,0,3,3,0_code_mixed
Aaja ko yatra dherai lamo vayo tara comfortable thyo. 🚌 The bus reached on time and the staff was very professional. ✨ Highly recommended for long trips! ⭐ 🙏,4,2026-02-18,code_mixed,0.0,0.0,transportation,29,medium,1,157,5.413793103448276,1,0,0.01910828025477707,1.0,0,4,1,1_code_mixed
Tea 145 momo really loved the service ni The product is babbal and works fine. Will visit again pheri. The product is babbal and works fine. Price ali high thyo but worth it. Delivery was fast and safe thyo. Will visit again pheri. The food was tasty and mitho thyo.,4,1/8/2022,code_mixed,1.0,2.0,food,50,medium,0,266,5.32,0,0,0.03007518796992481,0.68,0,0,1,0_code_mixed
boAt earphones sound dami cha paisa vasool lagyo,5,2025-02-13,romanized_nepali,1.0,2.0,product,8,very_short,0,48,6.0,0,0,0.020833333333333332,1.0,2,2,3,0_romanized_nepali
Sajha Yatayat driver was rude when I asked to adjust the AC. basic common courtesy was completely missing Overall thik experience thyo.,4,8/14/2024,english,0.0,0.0,transportation,22,short,0,135,6.136363636363637,0,0,0.044444444444444446,0.9545454545454546,1,4,2,0_english
Katai najanu hola yaha.,1,2023-06-02,romanized_nepali,0.0,0.0,hotel_restaurant,4,very_short,1,23,5.75,0,0,0.043478260869565216,1.0,2,1,3,1_romanized_nepali
Mutton curry here is good but spice level dherai thyo for me personally. would've been better if they let you customize heat,4,11/28/2022,code_mixed,0.0,0.0,food,22,short,0,124,5.636363636363637,0,0,0.008064516129032258,1.0,0,0,2,0_code_mixed
"Service dherai fast thiyo, customer support pani helpful cha, product dherai unique aur innovative, I'm totally impressed!",5,2024-01-22,code_mixed,0.0,0.0,product,17,short,1,122,7.176470588235294,1,0,0.01639344262295082,0.9411764705882353,0,2,2,1_code_mixed
Mero khana pani aaya bhayo,4,2024-05-30,romanized_nepali,0.0,0.0,product,5,very_short,1,26,5.2,0,0,0.038461538461538464,1.0,2,2,3,1_romanized_nepali
"Chi, scooter paisa vasool",5,2024-08-15,romanized_nepali,1.0,1.0,transportation,4,very_short,1,25,6.25,0,0,0.04,1.0,2,4,3,1_romanized_nepali
"bike repair gareko paxi jhan bigryo, engine noise thulo aayo, staff haru thulo fraud hun, paisa barbad matra vo, never go there!!",1,2024-02-14,code_mixed,1.0,2.0,transportation,22,short,1,129,5.863636363636363,2,0,0.0,0.9545454545454546,0,4,2,1_code_mixed
"Aba rukhnu hos, yo clinic ko doctor le mero life bigardiyo, medical council ma report garchu. Thulo fraud hun sabai, treatment pachi jhan sick vaye mero.",1,2024-10-14,romanized_nepali,0.0,0.0,services,26,short,1,153,5.884615384615385,0,0,0.013071895424836602,1.0,2,3,2,1_romanized_nepali
"They forged documents, legal action taken, Alchemy Nepal ISO audited processes!!!",1,2024-12-22,english,0.0,0.0,services,11,short,1,81,7.363636363636363,3,0,0.07407407407407407,1.0,1,3,2,1_english
"Uff, scooter ma accident bhayo faulty tire, injury serious!!!",1,2023-06-14,code_mixed,0.0,0.0,transportation,9,very_short,1,61,6.777777777777778,3,0,0.01639344262295082,1.0,0,4,3,1_code_mixed
tshirt patlo 1 patak dhoyesi colour fade bhayo,2,1/18/2024,english,0.0,0.0,product,8,very_short,0,46,5.75,0,0,0.0,1.0,1,2,3,0_english
"Staff at Hotel Garden Pokhara were super accommodating when room wasn't ready. Stored luggage, gave tea, arranged early room free. Pool clean on weekdays. Fish curry fresh at restaurant. Hot water inconsistent morning only.",4,5/8/2023,english,0.0,0.0,hotel_restaurant,34,medium,0,223,6.5588235294117645,0,0,0.03587443946188341,0.9411764705882353,1,1,1,0_english
"Thamel ma yeh new restaurant aayeko cha, but food quality dherai low cha, I felt like khane ko poison khaya thiyo.",2,2025-04-20,code_mixed,0.0,0.0,food,21,short,1,114,5.428571428571429,0,0,0.017543859649122806,0.9523809523809523,0,0,2,1_code_mixed
"momo ekdum babbal mitho thiyo, sauce pani jhyau, must visit this place sabai jana!!!",5,2023-12-05,romanized_nepali,1.0,3.0,food,14,short,1,84,6.0,3,0,0.0,1.0,2,0,2,1_romanized_nepali
"Total scam, stay away.",1,2024-03-11,english,0.0,0.0,product,4,very_short,1,22,5.5,0,0,0.045454545454545456,1.0,1,2,3,1_english
"Khana dherai mahango, service poor, I hate this restaurant experience.",1,2023-01-17,code_mixed,0.0,0.0,hotel_restaurant,10,very_short,1,70,7.0,0,0,0.02857142857142857,1.0,0,1,3,1_code_mixed
tandoori spices perfect dami,5,7/14/2023,code_mixed,1.0,1.0,food,4,very_short,0,28,7.0,0,0,0.0,1.0,0,0,3,0_code_mixed
Tire pressure check garnuparcha,3,9/1/2023,romanized_nepali,0.0,0.0,transportation,4,very_short,0,31,7.75,0,0,0.03225806451612903,1.0,2,4,3,0_romanized_nepali
Buff items really loved it ngl The color looks nice. The color looks nice. Staf was bit slow. The color looks nice.,5,4/29/2022,english,0.0,0.0,food,22,short,0,115,5.2272727272727275,0,0,0.043478260869565216,0.6363636363636364,1,0,2,0_english
The service provided by this technician was extremely unprofessional and I am very frustrated right now. 😡 I called them to fix my washing machine and they charged me five thousand rupees but the machine stopped working again after just two hours of use. ‼️ When I tried to call them back they blocked my number and didn't even provide a proper bill for the parts they supposedly replaced. 🔥 TOTAL SCAM and a complete waste of my hard-earned money and time. Stay away from these fraudsters at all costs! ‼️ 🔥,1,2026-02-17,english,0.0,0.0,services,92,long,1,508,5.521739130434782,1,0,0.02952755905511811,0.8043478260869565,1,3,0,1_english
"Thamel ko sabai vanda naramro thau ho yo, staff haru chor hun, mobile chorexa mero table bata, police case garchu ma aba!!",1,2024-06-22,romanized_nepali,0.0,0.0,hotel_restaurant,22,short,1,122,5.545454545454546,2,0,0.00819672131147541,1.0,2,1,2,1_romanized_nepali
Recently stayed at the RIVER-VIEW lodge. RIVER-VIEW was beautiful but RIVER-VIEW had no heater in the room during such cold nights. RIVER-VIEW charged a lot for basic facilities which were not provided. It was an average stay but RIVER-VIEW definitely needs better maintenance of their rooms and electronic equipment!!!,3,2026-01-15,english,0.0,0.0,hotel_restaurant,49,medium,1,319,6.510204081632653,3,0,0.14733542319749215,0.8571428571428571,1,1,1,1_english
"Hamro Patro app hang bhayo baar baar, frustrate bhaye",1,2025-02-15,romanized_nepali,0.0,0.0,product,9,very_short,0,53,5.888888888888889,0,0,0.03773584905660377,1.0,2,2,3,0_romanized_nepali
"worst resturant ever, food was coldd and tastless, waiter was so ruude, never going back!!!",1,2023-05-12,english,0.0,0.0,food,15,short,1,91,6.066666666666666,3,0,0.0,0.9333333333333333,1,0,2,1_english
Spa loved it tho Shipping was fast. Actually I dont know. The color was nice. Battery life is good.,5,2/26/2023,english,0.0,0.0,services,19,short,0,99,5.2105263157894735,0,0,0.06060606060606061,0.9473684210526315,1,3,2,0_english
"AC noise lastai disturb garyo, sutna garo bhayo",2,2025-02-09,romanized_nepali,1.0,1.0,hotel_restaurant,8,very_short,0,47,5.875,0,0,0.0425531914893617,1.0,2,1,3,0_romanized_nepali
room clean thiyo but staff rudee rudee. overall very bad 😒,2,2022-03-22,code_mixed,0.0,0.0,hotel_restaurant,11,short,0,58,5.2727272727272725,0,0,0.0,1.0,0,1,2,0_code_mixed
app service slow and then crash and then crash again. jhyau lagyo,2,2023-08-30,english,1.0,1.0,services,12,short,0,65,5.416666666666667,0,0,0.0,0.75,1,3,2,0_english
khana aayo cold and oily. very bad quality. sala resturant. jhyau matra,1,2024-11-11,code_mixed,1.0,2.0,food,12,short,0,71,5.916666666666667,0,0,0.0,1.0,0,0,2,0_code_mixed
paisa waste time waste,1,2024-02-21,romanized_nepali,1.0,1.0,transportation,4,very_short,0,22,5.5,0,0,0.0,0.75,2,4,3,0_romanized_nepali
"chowmein ma oil dheraiii thyo yaar, pet bigrayo mero",4,8/17/2024,romanized_nepali,0.0,0.0,food,9,very_short,0,52,5.777777777777778,0,0,0.0,1.0,2,0,3,0_romanized_nepali
Thukpa ekdum mitho!,5,2023-10-16,romanized_nepali,1.0,1.0,food,3,very_short,1,19,6.333333333333333,1,0,0.05263157894736842,1.0,2,0,3,1_romanized_nepali
"Bah, hotel room dirty, bedbugs everywhere, nightmare stay!!!",1,2024-02-26,english,0.0,0.0,hotel_restaurant,8,very_short,1,60,7.5,3,0,0.016666666666666666,1.0,1,1,3,1_english
momo steam ramro sauce mitho,5,3/8/2024,code_mixed,1.0,1.0,food,5,very_short,0,28,5.6,0,0,0.0,1.0,0,0,3,0_code_mixed
Coach highly satisfied tho Recived it late. The color looks nice. Recived it late. Recived it late. Delivery was prompt. The color looks nice. The color looks nice. Price was high. The color looks nice. Recived it late. Staf was bit slow. The color looks nice.,5,5/29/2024,english,0.0,0.0,services,46,medium,0,260,5.6521739130434785,0,0,0.05,0.41304347826086957,1,3,1,0_english
InDrive Nepali delivery late package damage update chaina compensation diyena next arko courier use garxu,2,6/4/2024,code_mixed,0.0,0.0,services,15,short,0,105,7.0,0,0,0.02857142857142857,1.0,0,3,2,0_code_mixed
Internet 362 feeling happy today bro Overall experience was thikai. Overall experience was thikai. Service kasto slow thyo but okay. The food was tasty and mitho thyo. Battery backup is dami ngl. Staff behavior was polite and ramro. The product is babbal and works fine.,5,11/10/2023,code_mixed,1.0,4.0,services,45,medium,0,270,6.0,0,0,0.02962962962962963,0.7777777777777778,0,3,1,0_code_mixed
nike shoes online kine size chart herna parne sano aayo 2 weeks ma aayo return garna garo bhayo,2,6/7/2023,code_mixed,0.0,0.0,product,18,short,0,95,5.277777777777778,0,0,0.0,0.9444444444444444,0,2,2,0_code_mixed
Salon 588 dami experience vayo ho Pachi pheri try garchu. Sathi haru sanga gako thyo.,4,4/23/2023,romanized_nepali,1.0,1.0,services,15,short,0,85,5.666666666666667,0,0,0.03529411764705882,1.0,2,3,2,0_romanized_nepali
Khatarnak thag haru raixan sabaile avoid garnu hola natra dherai dukha paincha hjr. Mero mobile repair garna diyeko thiyena original parts sabai chorera local halidiyo ani complain garda malai tharkayera bahira nikaldiye. Stay away from this dirty place unless you want to lose your valuable items and money to these criminal people in the side galli shop.,1,2024-03-22,romanized_nepali,1.0,1.0,services,57,medium,1,356,6.245614035087719,0,0,0.008426966292134831,0.9824561403508771,2,3,1,1_romanized_nepali
"yo hotel ko manager le sexual harassment garyo, women unsafe, Hyatt Regency professional management!!!",1,2024-12-15,romanized_nepali,0.0,0.0,hotel_restaurant,14,short,1,102,7.285714285714286,3,0,0.0196078431372549,1.0,2,1,2,1_romanized_nepali
"Product chai okay cha, I guess it's fine.",4,2025-01-16,code_mixed,0.0,0.0,product,8,very_short,1,41,5.125,0,0,0.04878048780487805,1.0,0,2,3,1_code_mixed
Cafe dami thyo experience cha Overall experience was thikai. The product is babbal and works fine.,4,3/24/2025,code_mixed,1.0,2.0,hotel_restaurant,16,short,0,98,6.125,0,0,0.030612244897959183,0.9375,0,1,2,0_code_mixed
"samosa ta thik thyo, khaney mann lagyo tara achar thiyena",3,4/22/2023,romanized_nepali,1.0,1.0,food,10,very_short,0,57,5.7,0,0,0.0,1.0,2,0,3,0_romanized_nepali
jakaas trip thyo yar. driver was on time and helpful. clean cab. sahi ho 🔥,5,2024-04-29,code_mixed,1.0,2.0,transportation,15,short,0,74,4.933333333333334,0,0,0.0,1.0,0,4,2,0_code_mixed
dami cha bro dami 🔥🔥,5,2025-02-03,romanized_nepali,1.0,1.0,food,5,very_short,0,20,4.0,0,0,0.0,0.8,2,0,3,0_romanized_nepali
"Aba, contacted approached engaged hired employed contracted commissioned appointed retained enlisted recruited service provider contractor professional expert specialist consultant advisor technician engineer worker for essential critical important vital crucial significant major project task assignment job work undertaking and communication interaction dialogue discourse conversation exchange correspondence contact was absolutely completely totally utterly thoroughly atrocious terrible awful horrible dreadful appalling shocking poor inadequate insufficient unsatisfactory disappointing frustrating, response reaction reply answer acknowledgment feedback was extremely very incredibly unbelievably impossibly slow delayed late sluggish tardy overdue postponed procrastinated, often frequently regularly commonly usually typically habitually routinely ignored disregarded overlooked neglected avoided evaded dodged sidestepped messages emails calls texts communications inquiries questions queries requests, when finally eventually ultimately did responded replied answered acknowledged communicated, information data details particulars specifics facts was vague unclear ambiguous confusing misleading deceptive inaccurate incorrect wrong false erroneous mistaken, professionalism courtesy respect politeness consideration was completely absent lacking missing nonexistent, attitude behavior conduct demeanor manner approach was rude discourteous impolite disrespectful arrogant condescending patronizing dismissive defensive argumentative combative hostile aggressive",1,2023-03-17,code_mixed,0.0,0.0,services,170,long,1,1574,9.258823529411766,0,0,0.0006353240152477764,0.9705882352941176,0,3,0,1_code_mixed
dirtyy room,2,2025-06-01,english,0.0,0.0,hotel_restaurant,2,very_short,0,11,5.5,0,0,0.0,1.0,1,1,3,0_english
"Dherai ramro service, I loved it!",5,2023-07-16,code_mixed,0.0,0.0,services,6,very_short,1,33,5.5,1,0,0.06060606060606061,1.0,0,3,3,1_code_mixed
"yo product sabai expectation exceed garyo, beyond imagination ramro!!!",5,2024-04-06,romanized_nepali,1.0,1.0,product,9,very_short,1,70,7.777777777777778,3,0,0.0,1.0,2,2,3,1_romanized_nepali
Thikai chha. ✨,3,2026-02-18,romanized_nepali,0.0,0.0,product,3,very_short,1,14,4.666666666666667,0,0,0.07142857142857142,1.0,2,2,3,1_romanized_nepali
room was ok but wifi password thiyena anywhere and front desk said they don't know it??? how?? had to use my own data. annoying. food was ramro though,3,2022-12-22,code_mixed,0.0,0.0,hotel_restaurant,28,short,0,150,5.357142857142857,0,5,0.0,0.9642857142857143,0,1,2,0_code_mixed
"Salon ko service superb thiyo, highly recommend!",4,2023-10-28,code_mixed,0.0,0.0,services,7,very_short,1,48,6.857142857142857,1,0,0.020833333333333332,1.0,0,3,3,1_code_mixed
"cab driver route nai thaha thiyena. GPS use garna bhanyo, ley manlena ani late puge destination ma. lastai baal",1,2022-08-25,romanized_nepali,1.0,2.0,transportation,19,short,0,111,5.842105263157895,0,0,0.02702702702702703,1.0,2,4,2,0_romanized_nepali
"Staying at this hotel was a bit of a rollercoaster ride for my family last weekend. 🏨 The lobby and the reception area look very grand and welcoming, but the actual rooms feel a bit dated and need urgent renovation. ✨ The carpet had a strange smell and the air conditioning was making a loud rattling noise throughout the night. ⭐ On the positive side, the breakfast buffet had a wide variety of local and continental options which we really enjoyed. 🙏 It's a mixed bag experience for the price point they are charging. ✨",3,2026-02-15,english,0.0,0.0,hotel_restaurant,95,long,1,521,5.484210526315789,0,0,0.009596928982725527,0.7578947368421053,1,1,0,1_english
"Absolutely love the new collection at this store! 🛍️ The designs are so unique and the quality of the fabric is premium. ✨ The staff helped me pick the right size and even gave me a small discount for being a first-time customer. ⭐ I spent almost an hour browsing through the shelves because everything looked so good. 🙏 Definitely my new favorite place for shopping in the city. ✨ If you love fashion, you must visit this place at least once! ⭐ 🙏 ✨",5,2026-02-18,english,0.0,0.0,product,85,long,1,449,5.2823529411764705,2,0,0.013363028953229399,0.7529411764705882,1,2,0,1_english
Chito time ma resort check in gariyo. The room smelled bad and the AC was broken. Staff were unhelpful. This is the WORST RESORT in the hills!!! Do not book here ever. I demanded a refund and left immediately.,1,2024-12-28,romanized_nepali,0.0,0.0,hotel_restaurant,39,medium,1,209,5.358974358974359,3,0,0.09090909090909091,0.8974358974358975,2,1,1,1_romanized_nepali
"Aaja yo khana khane gayo, pugyo bhayo cha ramro cha.",3,2023-08-19,romanized_nepali,0.0,0.0,food,10,very_short,1,52,5.2,0,0,0.019230769230769232,1.0,2,0,3,1_romanized_nepali
Legal consultation lawyer experienced corporate litigation settlement dispute resolution professional advice ramro,4,4/26/2024,code_mixed,1.0,1.0,services,12,short,0,114,9.5,0,0,0.008771929824561403,1.0,0,3,2,0_code_mixed
"breakfast mitho thyo, variety dami thyo. Nepali set ma aloo ko tarkari ra roti sanga served thyo, ekdum ramro suru bhayo din ko",5,6/11/2022,romanized_nepali,1.0,1.0,hotel_restaurant,23,short,0,127,5.521739130434782,0,0,0.007874015748031496,0.9130434782608695,2,1,2,0_romanized_nepali
Art highly satisfied tho Delivery was prompt. Delivery was prompt. Recived it late. Staf was bit slow.,5,9/6/2024,english,0.0,0.0,hotel_restaurant,17,short,0,102,6.0,0,0,0.049019607843137254,0.7647058823529411,1,1,2,0_english
"rooftop view ramroooo thyo, Kathmandu city light herna",5,10/22/2022,romanized_nepali,1.0,1.0,hotel_restaurant,8,very_short,0,54,6.75,0,0,0.018518518518518517,1.0,2,1,3,0_romanized_nepali
quick service and good food. paisa vasool cha. recommended to all my friends.,5,2024-08-07,code_mixed,1.0,1.0,food,13,short,0,77,5.923076923076923,0,0,0.0,1.0,0,0,2,0_code_mixed
"paisa waste, time waste, this is very bad. staff rude and rude again",1,2023-12-01,english,1.0,1.0,services,13,short,0,68,5.230769230769231,0,0,0.0,0.8461538461538461,1,3,2,0_english
"TVS Raider 125 liye recently, 2 months bhayo. Styling dami xa, attention getter on road. Performance for 125cc impressive — highway cruising 80 kmph comfortable. Seat comfortable for tall riders. Instrument cluster digital and easy to read in sunlight. Mileage around 50 km/l city, 55+ highway. Tara build quality at some points feels like cost cutting — mirror adjustment stiff, switchgear buttons cheap feel. Paint quality however is premium looking. Solid everyday bike for the price range.",4,12/8/2024,code_mixed,1.0,1.0,transportation,77,long,0,493,6.402597402597403,0,0,0.02434077079107505,0.948051948051948,0,4,0,0_code_mixed
BEST DEAL EVER! 🏨 Maile hotel book gareko dherai sasto ma. The room was luxury and the view of the mountains was breathtaking. ✨ Highly recommend to everyone! ⭐ 🙏,5,2026-01-20,code_mixed,0.0,0.0,hotel_restaurant,30,medium,1,162,5.4,2,0,0.09259259259259259,0.9333333333333333,0,1,1,1_code_mixed
"Digital Paisa app use gareko, payment fast thyo but sometimes the cashback credit hune bhanda dherai time lagcha. bit annoying First time coming here after a recommendation. The experience was mostly positive with a few minor things that could be improved. Overall I left satisfied and would consider coming back in the future depending on need. ❤️",4,11/22/2022,code_mixed,0.0,0.0,product,57,medium,0,348,6.105263157894737,0,0,0.017241379310344827,0.9298245614035088,0,2,1,0_code_mixed
"I recently visited this restaurant for a family dinner and I must say the experience was quite average for the price they charge. ✨ While the ambiance was nice and the staff were polite, the food took almost forty-five minutes to arrive and it was lukewarm when it finally got to our table. ⭐ The momos were okay but the sauce lacked that authentic spicy kick I was expecting based on the online photos. 🍕 It is a decent place for a casual hangout but don't expect a high-end culinary experience if you are a food enthusiast like me. 🙏",3,2026-02-18,english,0.0,0.0,hotel_restaurant,100,long,1,535,5.35,0,0,0.011214953271028037,0.75,1,1,0,1_english
Aaja ko dinner normal thyo.,3,2026-02-14,romanized_nepali,0.0,0.0,food,5,very_short,1,27,5.4,0,0,0.037037037037037035,1.0,2,0,3,1_romanized_nepali
"Health checkup package Maharajgunj diagnostic center — Rs 4500 for full body including 12 blood tests, ECG, chest X-ray and urine test. Fasting came early morning, process start-to-finish 2.5 hours lagyo. Report same day evening digital format ma diye. Doctor consultation 15 minutes included, explained each result clearly. Compared to individual tests would have cost Rs 7000+. Package value is real, genuine savings. Pheri annual garchu, health monitoring consistent rakhnu important cha.",5,9/9/2024,romanized_nepali,0.0,0.0,services,72,long,0,491,6.819444444444445,0,0,0.028513238289205704,0.9861111111111112,2,3,0,0_romanized_nepali
"I recently purchased this wireless charging pad and I must say, it's been a total lifesaver - the convenience, the speed, and the reliability have all been top-notch, and I've already ordered several more for my friends and family, it's an absolute must-have for anyone with a smartphone, trust me, you won't regret it.",4,2023-06-12,english,0.0,0.0,product,54,medium,1,319,5.907407407407407,0,0,0.009404388714733543,0.8148148148148148,1,2,1,1_english
Keema noodles 611 roll waste of money tbh Actually I dont know.,2,10/17/2023,english,0.0,0.0,food,12,short,0,63,5.25,0,0,0.047619047619047616,1.0,1,0,2,0_english
"momo filling ma plastic piece thiyo, choking hazard, criminal negligence!!!",1,2022-07-28,code_mixed,0.0,0.0,food,10,very_short,1,75,7.5,3,0,0.0,1.0,0,0,3,1_code_mixed
lastai ramro 🔥,5,2024-03-08,romanized_nepali,1.0,1.0,food,3,very_short,0,14,4.666666666666667,0,0,0.0,1.0,2,0,3,0_romanized_nepali
"This gadget is pure perfection, no flaws at all, best thing ever invented!!!",5,2025-02-06,english,0.0,0.0,product,13,short,1,76,5.846153846153846,3,0,0.013157894736842105,1.0,1,2,2,1_english
"went here for my friend birthday and honestly it was so bad, staff was rude rude all the time, didnt even bring water for 20 mins and when we asked they gave attitude, food came cold and wrong order, had to ask 4 times to fix it, this place is total waste of money and time, never going back again, lastai jhyau thiyo overall 🤮",1,2023-01-30,code_mixed,1.0,3.0,hotel_restaurant,65,medium,0,327,5.030769230769231,0,0,0.0,0.8769230769230769,0,1,1,0_code_mixed
okayyy,3,2024-02-14,english,0.0,0.0,food,1,very_short,0,6,6.0,0,0,0.0,1.0,1,0,3,0_english
Patan tira gaye last week. The bus was late and the driver was rude. This is a TOTAL SCAM company!!! I will never use them again. The ticket price was high for the service provided. Avoid this transportation at all costs if you value your time.,1,2025-09-25,english,0.0,0.0,transportation,46,medium,1,244,5.304347826086956,3,0,0.06147540983606557,0.9130434782608695,1,4,1,1_english
food was decent but very very oily,3,2024-03-18,english,0.0,0.0,food,7,very_short,0,34,4.857142857142857,0,0,0.0,0.8571428571428571,1,0,3,0_english
facial garaye skin 🤩💔😠 fresh lagyo recommend,4,12/11/2023,code_mixed,0.0,0.0,services,7,very_short,0,44,6.285714285714286,0,0,0.0,1.0,0,3,3,0_code_mixed
"product is good good, delivery was fast",4,2024-09-01,english,0.0,0.0,product,7,very_short,0,39,5.571428571428571,0,0,0.0,1.0,1,2,3,0_english
salon service was nice. haircut was perfect. price was ok. will come again. ramailo thiyo.,4,2022-09-28,code_mixed,1.0,1.0,services,15,short,0,90,6.0,0,0,0.0,0.8666666666666667,0,3,2,0_code_mixed
Room ma AC ramroooo chalyo tara bathroom ko tap ali leak bhairako thiyo,4,2025-01-28,romanized_nepali,1.0,1.0,hotel_restaurant,13,short,0,71,5.461538461538462,0,0,0.04225352112676056,1.0,2,1,2,0_romanized_nepali
The hotel was a place to stay with basic amenities and average service.,3,2022-08-07,english,0.0,0.0,hotel_restaurant,13,short,1,71,5.461538461538462,0,0,0.014084507042253521,1.0,1,1,2,1_english
food photo on menu was big but actual portion was tiny tiny. deceptive bro. taste was ok but feel cheated somehow. not coming back,2,2023-05-07,english,0.0,0.0,food,24,short,0,130,5.416666666666667,0,0,0.0,0.875,1,0,2,0_english
"Ekdum dami product cha, quality top class, paisa vasool guaranteed!!!",5,2022-07-04,code_mixed,1.0,2.0,product,10,very_short,1,69,6.9,3,0,0.014492753623188406,1.0,0,2,3,1_code_mixed
Bike quality babbal!,5,2023-06-15,code_mixed,1.0,1.0,transportation,3,very_short,1,20,6.666666666666667,1,0,0.05,1.0,0,4,3,1_code_mixed
"Yo hotel ma basne ramro bhayo, ekdam sanchai thiyo, sabai staff le gardai khana pani thik paryo.",5,2024-02-23,romanized_nepali,1.0,1.0,hotel_restaurant,17,short,1,96,5.647058823529412,0,0,0.010416666666666666,1.0,2,1,2,1_romanized_nepali
room vibe cool cool wall art nice nice bed soft soft window big big i feel like hero lol ramro dherai ramro stay,5,2024-11-11,code_mixed,1.0,1.0,hotel_restaurant,23,short,0,112,4.869565217391305,0,0,0.0,0.782608695652174,0,1,2,0_code_mixed
In Bhaktapur I recently explored a new cafe with my colleagues. The coffee was rich and the pastries were fresh. I have to say this is the PERFECT CHOICE for a quick break!!! The cafe is called BeanTrail BeanTrail BeanTrail and I recommend BeanTrail to everyone. The seating was comfortable and the WiFi was fast. We had a productive meeting and left feeling energized. Everything was spot on and I am so impressed with the experience. Highly suggest this spot for anyone needing a good workspace in the valley.,5,2025-08-05,english,0.0,0.0,food,89,long,1,511,5.741573033707865,3,0,0.0684931506849315,0.6741573033707865,1,0,0,1_english
"Herda, service provider fraud",1,2024-05-22,english,0.0,0.0,services,4,very_short,1,29,7.25,0,0,0.034482758620689655,1.0,1,3,3,1_english
Charger 132 dami thyo experience ni Will visit again pheri. Overall experience was thikai.,5,3/16/2024,code_mixed,1.0,1.0,product,14,short,0,90,6.428571428571429,0,0,0.03333333333333333,0.9285714285714286,0,2,2,0_code_mixed
"Bought Xiaomi air purifier, delivery 4 days. Setup easy. Air quality improvement noticeable after 2 months. Filter indicator accurate. Only issue — buzzing on highest fan speed, bit annoying at night. Solid product. ❤️ ",4,2/6/2024,english,0.0,0.0,product,34,medium,0,219,6.4411764705882355,0,0,0.0319634703196347,1.0,1,2,1,0_english
took local bus to pokhara. seats thik thiya. driver decent thyo. on time pani. thik cha experience,4,2023-07-22,code_mixed,0.0,0.0,transportation,17,short,0,98,5.764705882352941,0,0,0.0,0.9411764705882353,0,4,2,0_code_mixed
Khalti ma cashback offer ramroooo lagyo,4,2025-03-09,romanized_nepali,1.0,1.0,services,6,very_short,0,39,6.5,0,0,0.02564102564102564,1.0,2,3,3,0_romanized_nepali
"Daraz ko packaging kharab thyo, product damaged aayo box khulda. return process ni jhyau thyo sarai — 2 hapta lagyo",1,9/7/2023,romanized_nepali,1.0,1.0,product,20,short,0,115,5.75,0,0,0.008695652173913044,1.0,2,2,2,0_romanized_nepali
nice 🔥 will order again,5,2025-04-10,english,0.0,0.0,product,5,very_short,0,23,4.6,0,0,0.0,1.0,1,2,3,0_english
"Philips air fryer kineko thyo, healthy khana banauxa and super easy to clean. overall happy with the purchase Paisa vasool lagyo overall.",5,1/31/2023,code_mixed,0.0,0.0,product,22,short,0,137,6.2272727272727275,0,0,0.014598540145985401,1.0,0,2,2,0_code_mixed
Laundry babbal quality raixa hai Battery backup is dami ngl. Will visit again pheri.,5,12/15/2024,code_mixed,1.0,2.0,services,14,short,0,84,6.0,0,0,0.03571428571428571,1.0,0,3,2,0_code_mixed
"cab driver molested passenger, police case filed, Pathao use garnu background verified drivers!!!",1,2023-11-13,code_mixed,0.0,0.0,transportation,13,short,1,97,7.461538461538462,3,0,0.010309278350515464,1.0,0,4,2,1_code_mixed
"Aaja, kineko motorcycle from authorized dealer showroom in Pokhara city and bike performance reliability durability build quality engineering excellence manufacturing precision technological advancement innovation features specifications capabilities exceeded surpassed outperformed transcended expectations anticipations hopes dreams imagination, mileage fuel efficiency economy consumption is phenomenal exceptional outstanding remarkable impressive unbelievable incredible amazing fantastic, engine power torque acceleration speed performance is smooth seamless effortless powerful robust strong mighty, handling control maneuverability stability balance grip traction is precise accurate responsive agile nimble, comfort ergonomics seating position riding posture is perfect ideal optimal comfortable relaxed natural, design aesthetics appearance looks styling beauty elegance sophistication modernity contemporariness is stunning gorgeous beautiful attractive eye catching head turning jaw dropping, safety features braking system suspension technology is advanced modern state of art cutting edge industry leading",5,2023-11-09,code_mixed,0.0,0.0,transportation,128,long,1,1119,8.7421875,0,0,0.0017873100983020554,0.9453125,0,4,0,1_code_mixed
💻💻💻 #BestTech #Number1Innovation WORLD CLASS PRODUCT!!! Revolutionary technology must buy!!! #TopQuality #Recommended #Premium!!!,5,2022-08-19,english,0.0,0.0,product,13,short,1,129,9.923076923076923,9,0,0.20155038759689922,1.0,1,2,2,1_english
Housekeeping highly satisfied tbh Price was high. Recived it late. Recived it late. The color looks nice. Staf was bit slow. Recived it late. Staf was bit slow. Delivery was prompt. Delivery was prompt. Recived it late. Price was high. Recived it late. The color looks nice. Delivery was prompt.,5,2/10/2023,english,0.0,0.0,hotel_restaurant,50,medium,0,295,5.9,0,0,0.05084745762711865,0.38,1,1,1,0_english
"Maile yeh street food try gareko thiyo, taste pani very bad thiyo, I think uniharulai cooking skills pani nai cha.",1,2022-11-14,code_mixed,0.0,0.0,food,20,short,1,114,5.7,0,0,0.017543859649122806,0.9,0,0,2,1_code_mixed
"Mero experience ekdam thik na bhayo, driver ramro na thiyo, gardai gayo.",1,2022-02-04,romanized_nepali,1.0,1.0,transportation,12,short,1,72,6.0,0,0,0.013888888888888888,0.9166666666666666,2,4,2,1_romanized_nepali
Design consultation ramro space measurement furniture layout color palette texture select garyo proportion balance maintained creative,5,8/14/2024,code_mixed,1.0,1.0,services,16,short,0,134,8.375,0,0,0.007462686567164179,1.0,0,3,2,0_code_mixed
Bike was very good idk The color looks nice. Delivery was prompt. The color looks nice. Staf was bit slow. Staf was bit slow. The color looks nice. The color looks nice. Staf was bit slow. Staf was bit slow. Recived it late. The color looks nice.,5,4/4/2025,english,0.0,0.0,transportation,47,medium,0,246,5.23404255319149,0,0,0.04878048780487805,0.3617021276595745,1,4,1,0_english
delivery man le door samma nai aayena. left outside gate. in the RAIN. my parcel was wet. and then seller said not their problem. bro what do i pay delivery fee for then. jhur service,1,2023-06-10,code_mixed,1.0,1.0,services,35,medium,0,183,5.228571428571429,0,0,0.02185792349726776,0.9714285714285714,0,3,1,0_code_mixed
The location is perfect! 🏨 Right in the heart of the city. The rooms were clean and the staff was very helpful during check-in. ✨ Best deal for travelers! ⭐ 🙏,5,2026-02-10,english,0.0,0.0,hotel_restaurant,31,medium,1,158,5.096774193548387,2,0,0.02531645569620253,0.9032258064516129,1,1,1,1_english
roof ma view jhyau hawa dherai chalaxa,4,12/6/2023,code_mixed,1.0,1.0,hotel_restaurant,7,very_short,0,38,5.428571428571429,0,0,0.0,1.0,0,1,3,0_code_mixed
Rider ramro experience vayo hai hai Bholi pani janchu hola. Malai ta ekdam man paryo. Hijo gako thyo rati.,4,7/14/2022,romanized_nepali,1.0,1.0,transportation,19,short,0,106,5.578947368421052,0,0,0.03773584905660377,0.9473684210526315,2,4,2,0_romanized_nepali
levis jeans fit ramro quality pani good,5,5/13/2024,english,0.0,0.0,product,7,very_short,0,39,5.571428571428571,0,0,0.0,1.0,1,2,3,0_english
GPS wrong route lagyo,2,10/30/2023,code_mixed,0.0,0.0,transportation,4,very_short,0,21,5.25,0,0,0.14285714285714285,1.0,0,4,3,0_code_mixed
"Product warranty void sticker was fake, consumer fraud, Retail Nepal authorized warranty honored!!!",1,2022-09-01,english,0.0,0.0,product,13,short,1,99,7.615384615384615,3,0,0.030303030303030304,0.9230769230769231,1,2,2,1_english
"Thakuri restaurant ma khana khane gaye, fantastic experience, loved nepali food, will go again!",4,2022-02-20,code_mixed,0.0,0.0,hotel_restaurant,14,short,1,95,6.785714285714286,1,0,0.010526315789473684,1.0,0,1,2,1_code_mixed
"Price overrated cha, features pani thik nai, I regret buying it, paisa waste bhayo.",1,2025-04-25,code_mixed,0.0,0.0,product,14,short,1,83,5.928571428571429,0,0,0.024096385542168676,1.0,0,2,2,1_code_mixed
Best purchase!!!,5,2024-11-07,english,0.0,0.0,product,2,very_short,1,16,8.0,3,0,0.0625,1.0,1,2,3,1_english
"product quality uff, lastai ramro thiyo, dherai khusi thiye, definitely kinchu feri",5,2023-06-29,romanized_nepali,1.0,1.0,product,12,short,0,83,6.916666666666667,0,0,0.0,1.0,2,2,2,0_romanized_nepali
Paisa barbad matra.,1,2022-12-29,romanized_nepali,0.0,0.0,transportation,3,very_short,1,19,6.333333333333333,0,0,0.05263157894736842,1.0,2,4,3,1_romanized_nepali
yo microwave aayo and then day 1 ma nai turning plate broke. and then heating uneven cha. and then i checked reviews and then 10 other people have same problem. company knows and does nothing. this is very bad. baal product. paisa waste paisa waste. khattam brand,1,2023-04-24,code_mixed,1.0,3.0,product,47,medium,0,263,5.595744680851064,0,0,0.0,0.8297872340425532,0,2,1,0_code_mixed
Don't waste your money here.,1,2022-01-16,english,0.0,0.0,services,5,very_short,1,28,5.6,0,0,0.03571428571428571,1.0,1,3,3,1_english
"Service leaked my personal data, privacy breach, go to CloudNepal they are ISO certified secure!!!",1,2024-06-06,english,0.0,0.0,services,15,short,1,98,6.533333333333333,3,0,0.061224489795918366,1.0,1,3,2,1_english
Good mileage decent price,4,12/21/2023,english,0.0,0.0,transportation,4,very_short,0,25,6.25,0,0,0.04,1.0,1,4,3,0_english
Webcam 13 loved it idk The color was nice. Maybe it will improve later. Service was a bit slow but okay. The color was nice. And the quality was also something I noticed. And the quality was also something I noticed. Shipping was fast. And the quality was also something I noticed. Battery life is good. The staff were helpful. Price was high but fine. Price was high but fine.,4,4/30/2024,english,0.0,0.0,product,70,long,0,377,5.385714285714286,0,0,0.042440318302387266,0.5428571428571428,1,2,0,0_english
Vianet paisa vasool deal ho ho Service kasto slow thyo but okay. I liked the atmosphere there ramailo thyo. Will visit again pheri. Overall experience was thikai. Staff behavior was polite and ramro. Service kasto slow thyo but okay. The food was tasty and mitho thyo. Overall experience was thikai. Battery backup is dami ngl. Service kasto slow thyo but okay. I liked the atmosphere there ramailo thyo. The product is babbal and works fine.,5,5/24/2023,code_mixed,1.0,5.0,services,75,long,0,442,5.8933333333333335,0,0,0.029411764705882353,0.5866666666666667,0,3,0,0_code_mixed
Scooter 44 Activa worth it ... The staff were helpful. Maybe it will improve later. Service was a bit slow but okay. 😭,4,11/30/2022,english,0.0,0.0,transportation,23,short,0,118,5.130434782608695,0,0,0.0423728813559322,0.9565217391304348,1,4,2,0_english
"NMB Bank ko online banking setup garna gako thyo, process dheraiii complicated thyo yaar. Token number, OTP, then security question — 3 layer paar garnu paryo. Counter ma bhaako dai le clearly explain garena, malai 2 patak bhannu paryo same instruction. Tara once setup bhayesi app chai smooth xa, transactions fast hunxa. Internet banking feature pani okay xa. Initial setup process matrai frustrating, rest is fine.",3,7/9/2024,romanized_nepali,0.0,0.0,services,66,long,0,417,6.318181818181818,0,0,0.02877697841726619,0.9393939393939394,2,3,0,0_romanized_nepali
"Tei ta, babbal taste",5,2023-06-05,romanized_nepali,1.0,1.0,food,4,very_short,1,20,5.0,0,0,0.05,1.0,2,0,3,1_romanized_nepali
"scooter performance ekdum babbal, handle smooth, paisa vasool guarantee!!!",5,2023-05-29,romanized_nepali,1.0,2.0,transportation,9,very_short,1,74,8.222222222222221,3,0,0.0,1.0,2,4,3,1_romanized_nepali
"Yamaha Saluto RX mileage dami cha, average 50+ km/l paako chu consistent. daily commute ko lagi solid bike Basic expectations fulfill bhayo.",5,8/17/2023,code_mixed,1.0,1.0,transportation,22,short,0,140,6.363636363636363,0,0,0.03571428571428571,1.0,0,4,2,0_code_mixed
guy talk rudee but place clean. mix feel mix feel 🤔,3,2024-12-01,english,0.0,0.0,services,11,short,0,51,4.636363636363637,0,0,0.0,0.8181818181818182,1,3,2,0_english
service was fast and they fixed my phone in 1 hour. sahi ho bro. recommended.,5,2024-07-22,code_mixed,1.0,1.0,services,15,short,0,77,5.133333333333334,0,0,0.0,1.0,0,3,2,0_code_mixed
rayban scratch sajilai hunxa,3,5/29/2024,english,0.0,0.0,product,4,very_short,0,28,7.0,0,0,0.0,1.0,1,2,3,0_english
"Khana dherai kharab cha, I hate this restaurant, service pani terrible thiyo.",3,2023-01-12,code_mixed,0.0,0.0,food,12,short,1,77,6.416666666666667,0,0,0.025974025974025976,1.0,0,0,2,1_code_mixed
"Chi chi chi, kasto fohori kitchen, cockroach everywhere. Never ever come here if you love your health, fraud owners!!",1,2024-08-19,code_mixed,0.0,0.0,food,19,short,1,117,6.157894736842105,2,0,0.017094017094017096,1.0,0,0,2,1_code_mixed
"Product dherai ramro cha, I love it, amazing quality and price pani affordable ho.",5,2022-11-17,code_mixed,0.0,0.0,product,14,short,1,82,5.857142857142857,0,0,0.024390243902439025,1.0,0,2,2,1_code_mixed
Courier 500 never again tho The color was nice. The staff were helpful. Maybe it will improve later. Price was high but fine. Maybe it will improve later.,1,9/18/2024,english,0.0,0.0,services,28,short,0,154,5.5,0,0,0.03896103896103896,0.75,1,3,2,0_english
"very expensive for the quality, not worth at all",1,2025-02-17,english,0.0,0.0,food,9,very_short,0,48,5.333333333333333,0,0,0.0,1.0,1,0,3,0_english
Patan tira ko tyo thau ma khana thikai thyo. I really liked the environment but the service was a bit slow. We waited for forty minutes just for some momos and the waiter forgot our water. It was not a TOTAL DISASTER but definitely needs some improvement in management for future customers who visit there.,3,2026-02-18,english,0.0,0.0,food,55,medium,1,306,5.5636363636363635,0,0,0.05555555555555555,0.8545454545454545,1,0,1,1_english
"newari khaja set order gareko, chiura thanda thyo tara chatamari chai ramro thyo. achaar pani dami thyo. pachhi aunu parne lagyo",4,12/1/2023,romanized_nepali,1.0,1.0,food,21,short,0,128,6.095238095238095,0,0,0.0,0.9523809523809523,2,0,2,0_romanized_nepali
"Yeh beauty parlor ma staff haru talented aur friendly cha, service dherai amazing thiyo, I love it!",5,2023-11-18,code_mixed,0.0,0.0,services,17,short,1,99,5.823529411764706,1,0,0.020202020202020204,1.0,0,3,2,1_code_mixed
ramro cha yaar this noodle shop.. momo ramro and thukpa also mitho.. will come back come back,5,2024-04-12,code_mixed,1.0,2.0,hotel_restaurant,17,short,0,93,5.470588235294118,0,0,0.0,0.8235294117647058,0,1,2,0_code_mixed
Aaja ma new restaurant try gariyo. The pasta was creamy and the garlic bread was fresh. The waiter was attentive. This place has become my go-to spot.,5,2025-11-12,code_mixed,1.0,1.0,food,27,short,1,150,5.555555555555555,0,0,0.02666666666666667,0.8888888888888888,0,0,2,1_code_mixed
Fries crispy ramro,4,4/5/2023,romanized_nepali,1.0,1.0,food,3,very_short,0,18,6.0,0,0,0.05555555555555555,1.0,2,0,3,0_romanized_nepali
Monitor babbal quality raixa bro Staff behavior was polite and ramro. The product is babbal and works fine. Staff behavior was polite and ramro. Will visit again pheri. The food was tasty and mitho thyo. The food was tasty and mitho thyo. Delivery was fast and safe thyo.,5,3/16/2025,code_mixed,1.0,3.0,product,48,medium,0,271,5.645833333333333,0,0,0.02952029520295203,0.5625,0,2,1,0_code_mixed
"I recently ordered a few items from this store and I am quite conflicted about the overall quality. ✨ The packaging was very professional and everything arrived on time, but the actual products feel a bit cheaper than they looked in the high-resolution photos on the website. ⭐ One of the lamps has a small scratch on the base and the color is slightly darker than advertised. 🛍️ It is an okay purchase if you aren't a perfectionist, but I expected a bit more for the price I paid. Overall, a very average experience for a first-time buyer. 🙏",3,2026-02-18,english,0.0,0.0,product,99,long,1,542,5.474747474747475,0,0,0.014760147601476014,0.7373737373737373,1,2,0,1_english
"product advertising misleading ho, actual product completely different, cheated!!!",1,2023-09-30,code_mixed,0.0,0.0,product,9,very_short,1,82,9.11111111111111,3,0,0.0,0.8888888888888888,0,2,3,1_code_mixed
The hotel room was spacious but the AC was making a loud noise all night. 🏨 Not a great deal for the price. ✨ It was an okay stay but I wouldn't call it luxury. ⭐,3,2026-02-15,english,0.0,0.0,hotel_restaurant,36,medium,1,162,4.5,0,0,0.037037037037037035,0.8611111111111112,1,1,1,1_english
Driver 280 dami thyo experience ni ta The product is babbal and works fine. Service kasto slow thyo but okay. The product is babbal and works fine. Staff behavior was polite and ramro. I liked the atmosphere there ramailo thyo.,4,10/8/2024,code_mixed,1.0,3.0,transportation,40,medium,0,227,5.675,0,0,0.02643171806167401,0.775,0,4,1,0_code_mixed
"Unbelievable service, highly highly highly highly recommended to everyone in the whole world market!!!!!",5,2024-11-10,english,0.0,0.0,services,14,short,1,104,7.428571428571429,5,0,0.009615384615384616,0.7857142857142857,1,3,2,1_english
"The hospital emergency room was extremely chaotic and the staff seemed very overwhelmed. 🏥 I had to wait for two hours with a high fever before any doctor even looked at me. 😡 The cleanliness of the waiting area was also very poor with trash visible under the seats. ‼️ For a private hospital that charges so much, the service quality and hygiene standards should be much higher than this. 🔥 A very disappointing and stressful experience for my family today. ‼️ 🔥",1,2026-02-18,english,0.0,0.0,services,83,long,1,463,5.578313253012048,0,0,0.01079913606911447,0.8192771084337349,1,3,0,1_english
"Daraz customer service chat support tried gareko thyo, bot jastai responses diye, helpful thiyena at all Quality consistent cha.",1,2/8/2024,code_mixed,0.0,0.0,services,19,short,0,128,6.7368421052631575,0,0,0.015625,1.0,0,3,2,0_code_mixed
Samosa 576 tasty enough tho Actually I dont know. Maybe it will improve later. Price was high but fine. Actually I dont know. And the quality was also something I noticed. Actually I dont know. Maybe it will improve later. The staff were helpful. Actually I dont know. Actually I dont know. Price was high but fine. Shipping was fast. The color was nice.,5,11/8/2023,english,0.0,0.0,food,64,medium,0,354,5.53125,0,0,0.05649717514124294,0.515625,1,0,1,0_english
idk why people rate this so high. food average cha. service average. nothing special at all,2,2024-03-17,code_mixed,0.0,0.0,food,16,short,0,91,5.6875,0,0,0.0,1.0,0,0,2,0_code_mixed
"Room saaf thyo,babbal 😠 😊😐",4,3/15/2023,romanized_nepali,0.0,0.0,hotel_restaurant,5,very_short,0,26,5.2,0,0,0.038461538461538464,1.0,2,1,3,0_romanized_nepali
Hait kasto fohori hotel raixa mero room ma bed sheet pani change gareko thiyena ani bathroom kasto ganaune thiyo hjr. Reception ma vanda staff haru le ulto tharkayo ani mero paisa firta dina pani manena thulo fraud raixan sabaile avoid garnu hola. Thamel ko area ma vako yesto ghatiya thau ma bhulera pani basna najanu hola natra tapai ko vacation purai barbad huncha mero jastai.,1,2024-11-13,romanized_nepali,1.0,2.0,hotel_restaurant,65,medium,1,380,5.846153846153846,0,0,0.007894736842105263,0.8461538461538461,2,1,1,1_romanized_nepali
ok so trip thiyo pokhara jaana. bus was supposed to be AC. and then bus aayo no AC. windows thiya so could open. ok ok. and then stopped every hour for someone or other. driver stopped for his own lunch 30 min bro. 30 min WE waited. and then reached late. expected better. this is not very bad but not good either. thik cha i guess barely,2,2024-09-11,code_mixed,1.0,1.0,transportation,67,long,0,338,5.044776119402985,0,0,0.01775147928994083,0.8059701492537313,0,4,0,0_code_mixed
Omelette average performance thyo tho bro,3,1/5/2024,code_mixed,0.0,0.0,food,6,very_short,0,41,6.833333333333333,0,0,0.024390243902439025,1.0,0,0,3,0_code_mixed
Ekdumai mitho khana ani fast delivery. I suggest everyone to order from here if they want world class taste in Nepal.,5,2024-12-18,code_mixed,1.0,1.0,food,21,short,1,117,5.571428571428571,0,0,0.02564102564102564,1.0,0,0,2,1_code_mixed
"Mixer grinder Daraz bata order gareko thyo, quality seemed decent but way too loud. neighbors le complain gare haha Acceptable for the price.",3,4/1/2024,code_mixed,0.0,0.0,product,23,short,0,141,6.130434782608695,0,0,0.02127659574468085,1.0,0,2,2,0_code_mixed
"lastai mitho khana thiyo, momo chai ekdamai dami thiyo, price pani sasto❤️, paisa vasool",5,2022-11-28,romanized_nepali,1.0,2.0,food,14,short,0,88,6.285714285714286,0,0,0.0,0.9285714285714286,2,0,2,0_romanized_nepali
"Safar dherai enjoyable thiyo, comfortable seats, awesome driver, will use again for sure!",5,2025-06-11,code_mixed,0.0,0.0,transportation,13,short,1,89,6.846153846153846,1,0,0.011235955056179775,1.0,0,4,2,1_code_mixed
"Ambiance superb, I'm totally impressed!",5,2023-12-18,code_mixed,0.0,0.0,hotel_restaurant,5,very_short,1,39,7.8,1,0,0.05128205128205128,1.0,0,1,3,1_code_mixed
Coffee 272 was great !!! Shipping was fast. It was quite a busy day there. Price was high but fine. Battery life is good. Battery life is good. Battery life is good. Price was high but fine. Actually I dont know. The staff were helpful. And the quality was also something I noticed. The color was nice. Battery life is good. The color was nice. Actually I dont know.,4,1/3/2023,english,0.0,0.0,food,69,long,0,366,5.304347826086956,3,0,0.04918032786885246,0.5362318840579711,1,0,0,0_english
"Chi, kineko scooter two wheeler bike vehicle from supposed reputed established recognized trusted reliable authorized official certified licensed registered dealer showroom outlet retailer seller distributor agent representative and within mere short brief limited minimal period duration time span interval of usage utilization operation riding driving, started began commenced experiencing encountering facing suffering enduring tolerating bearing multiple several numerous countless various diverse different assorted varied problems issues troubles difficulties complications malfunctions defects faults flaws errors bugs glitches failures breakdowns, engine motor was making producing generating creating emitting strange unusual abnormal weird odd peculiar concerning worrying alarming disturbing troubling noises sounds rattling knocking ticking grinding squeaking squealing, vibrations shaking trembling shuddering juddering oscillating pulsating was excessive severe intense strong violent uncomfortable unpleasant annoying irritating bothersome, brakes braking system stopping mechanism was weak ineffective insufficient inadequate poor unreliable undependable, electrical electronics wiring circuitry connections was faulty defective malfunctioning problematic unreliable, battery charging power supply was draining depleting exhausting quickly rapidly fast, visited service center workshop garage repair facility multiple times repeatedly constantly continuously but mechanics technicians were unable incapable incompetent",1,2024-01-12,code_mixed,0.0,0.0,transportation,177,long,1,1534,8.666666666666666,0,0,0.000651890482398957,0.9717514124293786,0,4,0,1_code_mixed
"Aba, hired employed contracted engaged commissioned appointed recruited retained enlisted service provider contractor professional expert specialist consultant technician engineer worker laborer tradesman craftsman artisan for urgent emergency critical immediate pressing time sensitive deadline driven project task job assignment work undertaking and response reaction reply acknowledgment communication was delayed late slow sluggish tardy overdue postponed, arrived reached appeared showed up hours days late behind schedule after agreed appointed scheduled arranged confirmed time, work execution implementation performance delivery completion quality standards specifications was pathetic terrible awful horrible dreadful appalling shocking poor substandard inferior mediocre average ordinary, tools equipment instruments machinery apparatus devices materials supplies provisions resources used utilized employed applied deployed was outdated obsolete old antiquated worn damaged broken inadequate insufficient inappropriate unsuitable, professionalism conduct behavior attitude approach demeanor manner was questionable doubtful suspicious dubious sketchy shady unprofessional amateur inexperienced incompetent, charged billed invoiced demanded requested excessive unreasonable unjustified inflated exorbitant outrageous ridiculous absurd pricing fees costs rates charges for subpar inferior mediocre poor quality work",1,2023-01-08,code_mixed,0.0,0.0,services,164,long,1,1424,8.682926829268293,0,0,0.0007022471910112359,0.9207317073170732,0,3,0,1_code_mixed
"service emergency support available cha, 24/7 helpline, responsive team!!!",5,2023-07-31,romanized_nepali,0.0,0.0,services,9,very_short,1,74,8.222222222222221,3,0,0.0,1.0,2,3,3,1_romanized_nepali
"service was so slow bro, waited 40 mins and still no response, will never use again",1,2022-09-22,english,0.0,0.0,services,16,short,0,83,5.1875,0,0,0.0,1.0,1,3,2,0_english
In Bhaktapur I recently explored a heritage site. The guide was knowledgeable and the place was well maintained. I learned a lot about history. The entry fee was worth it.,4,2024-03-15,english,0.0,0.0,services,30,medium,1,171,5.7,0,0,0.03508771929824561,0.8333333333333334,1,3,1,1_english
continental bland nepali better,3,9/30/2023,code_mixed,0.0,0.0,hotel_restaurant,4,very_short,0,31,7.75,0,0,0.0,1.0,0,1,3,0_code_mixed
i went to get my haircut and then the guy did not listen to what i said at ALL. and then the result was SO bad. i wanted short trim and got half my hair cut off. i was so sad. paisa waste and my hair waste. khatrai salon. never again,1,2023-07-26,code_mixed,1.0,2.0,services,51,medium,0,233,4.568627450980392,0,0,0.02145922746781116,0.7450980392156863,0,3,1,0_code_mixed
"hotel location perfect cha, view ekdum mitho, staff behavior lastai ramro!!!",5,2022-10-05,romanized_nepali,1.0,2.0,hotel_restaurant,11,short,1,76,6.909090909090909,3,0,0.0,1.0,2,1,2,1_romanized_nepali
"dal baht quantity so les, price to high, not worth it!!!",1,2023-01-19,english,0.0,0.0,food,11,short,1,56,5.090909090909091,3,0,0.0,1.0,1,0,2,1_english
"Tried the special thali on my friend's suggestion. worth every rupee, everything was fresh and well-seasoned. will be coming back regularly 😢 😠",4,7/20/2024,english,0.0,0.0,food,23,short,0,143,6.217391304347826,0,0,0.006993006993006993,1.0,1,0,2,0_english
Dherai Ma bought from BinduStore BinduStore BinduStore the product works fine but the review feels overly manufactured ti packaging fine delivery ok but wording seems copied from a marketing sheet very generic phrase,4,2026-01-15,romanized_nepali,1.0,2.0,product,33,medium,1,216,6.545454545454546,0,0,0.037037037037037035,0.8181818181818182,2,2,1,1_romanized_nepali
Aaja ko dinner ekdamai jhur thyo 🍕. Cold momos and very salty soup. Maile complain garda manager hasera hidyo. TOTAL WASTE and very unprofessional behavior 😡‼️ 🔥.,1,2026-02-18,code_mixed,1.0,1.0,food,27,short,1,162,6.0,0,0,0.08024691358024691,0.9259259259259259,0,0,2,1_code_mixed
hotel ramro dherai ramro and view dami. paisa vasool bro,5,2025-02-02,code_mixed,1.0,3.0,hotel_restaurant,10,very_short,0,56,5.6,0,0,0.0,0.9,0,1,3,0_code_mixed
"This hotel is worst, room dherai gande thiyo, dirty sheets, I was totally disappointed, koi value for money nai tha.",1,2024-08-06,code_mixed,0.0,0.0,hotel_restaurant,20,short,1,116,5.8,0,0,0.017241379310344827,1.0,0,1,2,1_code_mixed
"Dherai satisfied cha, packaging thik thiyo, product pani looks great, I guess.",2,2022-11-15,code_mixed,0.0,0.0,product,12,short,1,78,6.5,0,0,0.02564102564102564,1.0,0,2,2,1_code_mixed
"Product ko quality thik thiyo, I guess it's okay, price pani reasonable cha.",2,2022-02-28,code_mixed,0.0,0.0,product,13,short,1,76,5.846153846153846,0,0,0.02631578947368421,1.0,0,2,2,1_code_mixed
ekdamai ramro 😊 staff friendly thyo ani food mitho thyo,5,2023-09-20,romanized_nepali,1.0,1.0,food,10,very_short,0,55,5.5,0,0,0.0,0.9,2,0,3,0_romanized_nepali
"Xiaomi band use gareko thyo, 😶🙃🤔 step counter accurate chhaina jasto lagyo mero hisaab ma. sleep tracking thik thyo tara",3,6/17/2024,romanized_nepali,0.0,0.0,product,20,short,0,120,6.0,0,0,0.008333333333333333,1.0,2,2,2,0_romanized_nepali
"Best product ever, price pani reasonable cha!",5,2022-05-28,code_mixed,0.0,0.0,product,7,very_short,1,45,6.428571428571429,1,0,0.022222222222222223,1.0,0,2,3,1_code_mixed
"Service was average, did the job.",3,2023-01-28,english,0.0,0.0,services,6,very_short,1,33,5.5,0,0,0.030303030303030304,1.0,1,3,3,1_english
"Everything was great, sab thik thiyo, excellent service, I recommend it.",5,2022-12-29,code_mixed,0.0,0.0,services,11,short,1,72,6.545454545454546,0,0,0.027777777777777776,1.0,0,3,2,1_code_mixed
"Product ko design ramro thiyo, I liked it, material pani durable cha, thik ho.",3,2025-01-20,code_mixed,0.0,0.0,product,14,short,1,78,5.571428571428571,0,0,0.02564102564102564,1.0,0,2,2,1_code_mixed
"Arrey, motorcycle brake fail bhayo, life threatening situation, dangerous!!!",1,2022-11-14,code_mixed,0.0,0.0,transportation,9,very_short,1,76,8.444444444444445,3,0,0.013157894736842105,1.0,0,4,3,1_code_mixed
"hospital receptionist le attitude garyo yaar, basic respect thiyena. medical sector ma yo garna hudaina",1,10/7/2023,romanized_nepali,1.0,1.0,services,15,short,0,103,6.866666666666666,0,0,0.0,1.0,2,3,2,0_romanized_nepali
"Bank's customer support is a total joke, never helps with issues.",3,2025-03-15,english,0.0,0.0,services,11,short,1,65,5.909090909090909,0,0,0.015384615384615385,1.0,1,3,2,1_english
"Aaja Thamel ma BlueYak Cafe ma gako thiye. BlueYak Cafe BlueYak Cafe sabai thau ma lekheko thiyo tara khana average matrai. Ma ra mero sathi haru disappointed bhayau, ambience ramro jasto dekhincha tara taste chai chaina.",2,2024-06-03,romanized_nepali,0.0,0.0,food,36,medium,1,221,6.138888888888889,0,0,0.05429864253393665,0.8055555555555556,2,0,1,1_romanized_nepali
Dherai jhur quality ko saman rahecha.,1,2026-02-13,romanized_nepali,1.0,1.0,product,6,very_short,1,37,6.166666666666667,0,0,0.02702702702702703,1.0,2,2,3,1_romanized_nepali
"Service fantastic thiyo, product pani dherai good cha, will definitely purchase again!",4,2024-10-24,code_mixed,0.0,0.0,product,12,short,1,86,7.166666666666667,1,0,0.011627906976744186,1.0,0,2,2,1_code_mixed
"Khaana ko taste dherai acchi thiyo, I enjoyed it, restaurant ko ambiance pani nice thiyo, I felt comfortable, service ko staff bhi helpful thiyo, I'm planning to go back, food ko quality bhi consistent thiyo, I think it's a great restaurant, yeh dish ekdam tasty thiyo.",4,2022-12-24,code_mixed,1.0,1.0,food,46,medium,1,269,5.8478260869565215,0,0,0.01858736059479554,0.8043478260869565,0,0,1,1_code_mixed
Tailor 642 jhyau vayo service bro The food was tasty and mitho thyo. The food was tasty and mitho thyo. Price ali high thyo but worth it.,1,10/6/2022,code_mixed,1.0,2.0,services,27,short,0,137,5.074074074074074,0,0,0.029197080291970802,0.7407407407407407,0,3,2,0_code_mixed
Dherai be slow service thiyo. The plumber arrived two hours late and the work was average. I had to call again for the same issue. Not satisfied at all.,2,2024-12-28,romanized_nepali,1.0,2.0,services,29,medium,1,152,5.241379310344827,0,0,0.02631578947368421,0.9655172413793104,2,3,1,1_romanized_nepali
A few weeks ago I bought a new gadget. The performance is decent and the design is modern. Battery lasts a full day. I use it for daily tasks without complaints.,3,2024-08-25,english,0.0,0.0,product,31,medium,1,161,5.193548387096774,0,0,0.031055900621118012,0.9032258064516129,1,2,1,1_english
"Yo product lai linu bhane mero jiban pugyo, dherai khushi bhayo, sabai lai yo product ko sifaris gardai cha.",5,2024-07-29,romanized_nepali,0.0,0.0,product,19,short,1,108,5.684210526315789,0,0,0.009259259259259259,0.8947368421052632,2,2,2,1_romanized_nepali
"salad freshness ekdum top level, dressing homemade, healthy delicious combo!!!",5,2023-08-02,code_mixed,0.0,0.0,food,10,very_short,1,78,7.8,3,0,0.0,1.0,0,0,3,1_code_mixed
"Ohooo! Mileage ta rocket jastai, Kathmandu to Pokhara in 1 liter lol, babbal bike, life set vo mero aba!!",5,2025-02-04,code_mixed,1.0,2.0,transportation,19,short,1,105,5.526315789473684,3,0,0.0380952380952381,1.0,0,4,2,1_code_mixed
"product came brokan, custmer servce not responding, totaly frud company!!!",1,2023-08-25,english,0.0,0.0,product,10,very_short,1,74,7.4,3,0,0.0,1.0,1,2,3,1_english
"Ambiance amazing thiyo, food pani delicious, I highly recommend it, dherai satisfied.",4,2023-09-06,code_mixed,0.0,0.0,hotel_restaurant,12,short,1,85,7.083333333333333,0,0,0.023529411764705882,1.0,0,1,2,1_code_mixed
mero order 3 din late aayo. 3 DIN. ani product aayo broken state ma. box phateko ani product scratch pareko. lastai kharab packaging garda yo bhako. company lai customer ko care nai chhaina lagcha. return request gareko 5 din bhayo response chhaina abha. paisa vasool hune chance nai chhaina lagcha. total paisa waste. jhur company cha. don't buy from here,1,2023-12-14,code_mixed,1.0,4.0,product,60,medium,0,356,5.933333333333334,0,0,0.008426966292134831,0.8333333333333334,0,2,1,0_code_mixed
"Horrible horrible experience, hotel was disaster, never going back, worst ever!!!",1,2022-11-03,english,0.0,0.0,hotel_restaurant,11,short,1,81,7.363636363636363,3,0,0.012345679012345678,1.0,1,1,2,1_english
Glassware dami thyo experience bro Service kasto slow thyo but okay. I liked the atmosphere there ramailo thyo.,4,2/25/2025,code_mixed,1.0,1.0,hotel_restaurant,18,short,0,111,6.166666666666667,0,0,0.02702702702702703,0.9444444444444444,0,1,2,0_code_mixed
"City Bus, fast and reliable always",5,7/16/2024,english,0.0,0.0,transportation,6,very_short,0,34,5.666666666666667,0,0,0.058823529411764705,1.0,1,4,3,0_english
"Thali set ordered, chicken curry thyo but it tasted reheated. 350 rs ko lagi disappointing Multiple members of the household use this regularly. Each has had a positive experience for their specific needs. The versatility is an underrated strength. Reliable and reasonably priced for what you get. 🙃 🤔😭",2,3/22/2024,code_mixed,0.0,0.0,food,49,medium,0,302,6.163265306122449,0,0,0.016556291390728478,0.9795918367346939,0,0,1,0_code_mixed
"Mero experience ekdam ramro bhayo, sabai staff haru dherai mitra huncha, cha bhayo.",3,2023-04-08,romanized_nepali,1.0,1.0,hotel_restaurant,13,short,1,83,6.384615384615385,0,0,0.012048192771084338,1.0,2,1,2,1_romanized_nepali
Induction cooktop glass flat utensil temperature timer,4,1/14/2024,english,0.0,0.0,product,7,very_short,0,54,7.714285714285714,0,0,0.018518518518518517,1.0,1,2,3,0_english
so i used this cleaning service and then the people who came were late by 2 hours and then they did a rush job and then left without cleaning bathroom properly. and then when i showed them they said thik cha bhanyo and left. bro my bathroom is NOT thik cha. sala. baal service. i paid full price for half work. this is very bad. jhur company yar. lastai jhyau thiyo experience. paisa waste,1,2023-07-13,code_mixed,1.0,4.0,services,74,long,0,389,5.256756756756757,0,0,0.007712082262210797,0.7972972972972973,0,3,0,0_code_mixed
khana dherai ramro thiyo. mitho mitho. staff pani friendly thiyo. will bring family here next time,5,2024-05-26,romanized_nepali,1.0,1.0,food,16,short,0,98,6.125,0,0,0.0,0.9375,2,0,2,0_romanized_nepali
Thamel ma Ma went and the service was prompt but review text contained repeated brand mentions and promotional phrases that made it look suspicious ti very generic phrase very generic phrase,3,2026-01-21,romanized_nepali,1.0,2.0,food,31,medium,1,190,6.129032258064516,0,0,0.010526315789473684,0.8709677419354839,2,0,1,1_romanized_nepali
Aaja ko ride thikai thyo. The driver didn't talk much which was good for me. Reached my office on time without any issues on the road.,4,2026-01-30,code_mixed,0.0,0.0,transportation,26,short,1,134,5.153846153846154,0,0,0.022388059701492536,0.9615384615384616,0,4,2,1_code_mixed
"Herda, bike babbal cha",5,2024-03-12,romanized_nepali,1.0,1.0,transportation,4,very_short,1,22,5.5,0,0,0.045454545454545456,1.0,2,4,3,1_romanized_nepali
"produkt stoped working, warrenty center far away, no solution!!!",1,2022-07-29,english,0.0,0.0,product,9,very_short,1,64,7.111111111111111,3,0,0.0,1.0,1,2,3,1_english
"Uff, scooter suspension broken after 2 months, cheap parts!!!",1,2023-06-29,english,0.0,0.0,transportation,9,very_short,1,61,6.777777777777778,3,0,0.01639344262295082,1.0,1,4,3,1_english
"This gadget is pure perfection, must buy immediately, best best best!!!",5,2024-11-11,english,0.0,0.0,product,11,short,1,71,6.454545454545454,3,0,0.014084507042253521,0.9090909090909091,1,2,2,1_english
this is very bad very bad net drop drop and call cut cut i hate this trash i hate this trash,1,2024-08-18,english,0.0,0.0,services,21,short,0,92,4.380952380952381,0,0,0.0,0.5714285714285714,1,3,2,0_english
"khana mitho thiyo but place dirty thiyo, fly pani thiyo table ma, ekdamai jhyau lagyo😠😠",1,2022-10-07,romanized_nepali,1.0,2.0,food,15,short,0,87,5.8,0,0,0.0,0.9333333333333333,2,0,2,0_romanized_nepali
"Awesome product, malai dherai pasand aayo, excellent features, must have, go for it!",4,2025-03-16,code_mixed,0.0,0.0,product,13,short,1,84,6.461538461538462,1,0,0.011904761904761904,1.0,0,2,2,1_code_mixed
nice taste bro 🔥,5,2023-08-20,english,0.0,0.0,food,4,very_short,0,16,4.0,0,0,0.0,1.0,1,0,3,0_english
dami dami dami.. the mobile cover is strong and fits perfectly.. happy happy 😊,5,2023-10-08,code_mixed,1.0,1.0,product,14,short,0,78,5.571428571428571,0,0,0.0,0.8571428571428571,0,2,2,0_code_mixed
Cleaning 613 disappointing idk Maybe it will improve later. Battery life is good. Price was high but fine. Actually I dont know. Maybe it will improve later.,1,4/20/2022,english,0.0,0.0,services,27,short,0,157,5.814814814814815,0,0,0.044585987261146494,0.8148148148148148,1,3,2,0_english
springroll crispy vegetable fresh,4,9/18/2023,code_mixed,0.0,0.0,food,4,very_short,0,33,8.25,0,0,0.0,1.0,0,0,3,0_code_mixed
TOTAL SCAM! 😡 Maile saman order gareko tara अर्कै aayo. They are not responding to my messages. ‼️ Stay away from this shop! 🔥,1,2026-02-16,code_mixed,1.0,1.0,product,24,short,1,126,5.25,2,0,0.09523809523809523,1.0,0,2,2,1_code_mixed
"service ekdam ramro and professional, sabai kura perfect perfect thiyo!!!",5,2025-01-26,code_mixed,1.0,1.0,services,10,very_short,1,73,7.3,3,0,0.0,0.9,0,3,3,1_code_mixed
Mayur Yatayat ko app slow thyo ani payment process deducted twice in one booking. support le resolve garyo tara 2 din lagyo. frustrating experience thyo but at least they fixed it eventually. app stability improve garnu sacho parne cha honestly,3,5/5/2023,code_mixed,0.0,0.0,transportation,40,medium,0,244,6.1,0,0,0.00819672131147541,0.95,0,4,1,0_code_mixed
baal farak pardaina lastai kharab,1,2022-08-25,romanized_nepali,1.0,2.0,food,5,very_short,0,33,6.6,0,0,0.0,1.0,2,0,3,0_romanized_nepali
Pork dami thyo experience bro The food was tasty and mitho thyo. I liked the atmosphere there ramailo thyo. The food was tasty and mitho thyo.,4,6/17/2023,code_mixed,1.0,2.0,food,26,short,0,142,5.461538461538462,0,0,0.028169014084507043,0.6923076923076923,0,0,2,0_code_mixed
"This restaurant has best khaja set, price pani reasonable cha, I highly recommend it, food presentation pani nice thiyo, loved it!",4,2022-01-14,code_mixed,0.0,0.0,food,21,short,1,130,6.190476190476191,1,0,0.015384615384615385,0.9523809523809523,0,0,2,1_code_mixed
"Yeh hospital ko doctor haru dherai experienced cha, treatment pani affordable, I'm so grateful to their team, they saved my life, literally!",5,2023-04-26,code_mixed,0.0,0.0,services,22,short,1,140,6.363636363636363,1,0,0.014285714285714285,1.0,0,3,2,1_code_mixed
"Taas order gareko, aayo chai dry thyo — probably overcooked. masala pani thiyena properly. expected much better honestly Nothing extraordinary but fine. 😢😠😴",2,7/7/2023,code_mixed,0.0,0.0,food,23,short,0,156,6.782608695652174,0,0,0.01282051282051282,1.0,0,0,2,0_code_mixed
"Incredibly impressed with service, best team ever, results perfect!!!",5,2024-11-05,english,0.0,0.0,services,9,very_short,1,69,7.666666666666667,3,0,0.014492753623188406,1.0,1,3,3,1_english
Pencil price ali dherai thyo hai Pachi pheri try garchu. Bholi pani janchu hola. Pachi pheri try garchu. Malai ta ekdam man paryo. Bholi pani janchu hola.,3,1/1/2025,romanized_nepali,0.0,0.0,product,27,short,0,154,5.703703703703703,0,0,0.03896103896103896,0.7037037037037037,2,2,2,0_romanized_nepali
Powerbank 528 dami thyo experience hai Battery backup is dami ngl. Staff behavior was polite and ramro. Will visit again pheri.,4,5/3/2023,code_mixed,1.0,2.0,product,21,short,0,127,6.0476190476190474,0,0,0.031496062992125984,0.9523809523809523,0,2,2,0_code_mixed
Lift 773 really loved the service ta 😭 ,4,10/16/2025,code_mixed,0.0,0.0,hotel_restaurant,8,very_short,0,39,4.875,0,0,0.02564102564102564,1.0,0,1,3,0_code_mixed
"Battery life ramro nai, I'm facing issues, Company ko service pani bad thiyo.",1,2024-01-18,code_mixed,0.0,0.0,product,13,short,1,77,5.923076923076923,0,0,0.03896103896103896,1.0,0,2,2,1_code_mixed
"Salon service, loved the result",5,3/16/2023,code_mixed,0.0,0.0,services,5,very_short,0,31,6.2,0,0,0.03225806451612903,1.0,0,3,3,0_code_mixed
"I'm totally satisfied, service thik thiyo, fast delivery, overall experience ramro cha.",5,2023-12-01,code_mixed,0.0,0.0,product,12,short,1,87,7.25,0,0,0.011494252873563218,1.0,0,2,2,1_code_mixed
"Dherai variety cha, food options ramro.",1,2023-12-20,code_mixed,0.0,0.0,food,6,very_short,1,39,6.5,0,0,0.02564102564102564,1.0,0,0,3,1_code_mixed
"Gym ma personal training session 5 wota try gareko thyo — trainer experienced thyo, proper form correction garyo each exercise ma. Diet plan pani diye which was practical, not extreme. Progress tracking garyo each session. Communication clear thyo, no unnecessary upselling. Rs 1200 per session reasonable for quality received. Tara session time exact follow bhayena kti — started 10 minutes late twice which cuts into the hour. Minor but noticeable. Overall good trainer, would book again.",4,8/2/2024,code_mixed,0.0,0.0,services,76,long,0,490,6.447368421052632,0,0,0.0163265306122449,0.9078947368421053,0,3,0,0_code_mixed
"Mero motorcycle ko repair garne tapai haru le dherai samay lina huncha, malai lagyo tapai haru pani dherai kharaab huncha, mero motorcycle ko problem pani thik bhayena, aba malai lagyo tapai haru le jhutho bolna huncha, mero paisa pani kharch bhayo, tapai haru le mereko thik seva dinu paryo thiyo.",3,2024-12-01,romanized_nepali,1.0,1.0,services,50,medium,1,298,5.96,0,0,0.003355704697986577,0.62,2,3,1,1_romanized_nepali
"Bank ko customer service dherai good cha, I'm very satisfied, team pani helpful thiyo, thanks!",5,2022-03-07,code_mixed,0.0,0.0,services,15,short,1,94,6.266666666666667,1,0,0.02127659574468085,1.0,0,3,2,1_code_mixed
taxi driver meter chalayena paxi bargain garnu paryo tara driver sojho manchhe,3,8/9/2023,code_mixed,0.0,0.0,transportation,12,short,0,78,6.5,0,0,0.0,0.9166666666666666,0,4,2,0_code_mixed
Thikai thyo aaja ko khana.,3,2026-02-18,romanized_nepali,0.0,0.0,food,5,very_short,1,26,5.2,0,0,0.038461538461538464,1.0,2,0,3,1_romanized_nepali
"product fake copy ho, original bhanda 10 times kharab, scam company!!!",1,2024-05-28,code_mixed,1.0,1.0,product,11,short,1,70,6.363636363636363,3,0,0.0,1.0,0,2,2,1_code_mixed
sahi ho this headphone.. sound is khatrai.. base deep and clear.. jakaas buy it guys 🔥,5,2024-09-28,code_mixed,1.0,3.0,product,16,short,0,86,5.375,0,0,0.0,1.0,0,2,2,0_code_mixed
"driver le rash drive garyo, lastai darr lagyo, seat belt pani thiena, bijog transport service ho yo",1,2024-08-27,romanized_nepali,1.0,2.0,transportation,17,short,0,99,5.823529411764706,0,0,0.0,1.0,2,4,2,0_romanized_nepali
"jakaas thiyo yaar trip🤯, road was smooth and bus was clean and seat was comfy.. ramailo ramailo",5,2024-07-19,code_mixed,1.0,2.0,transportation,17,short,0,95,5.588235294117647,0,0,0.0,0.7647058823529411,0,4,2,0_code_mixed
"paisa waste, time waste",1,2023-08-21,code_mixed,1.0,2.0,transportation,4,very_short,0,23,5.75,0,0,0.0,1.0,0,4,3,0_code_mixed
"product launch timing ekdum perfect thiyo, market need address garyo!!!",5,2024-06-27,code_mixed,0.0,0.0,product,10,very_short,1,71,7.1,3,0,0.0,1.0,0,2,3,1_code_mixed
"The bus ride was fine, nothing particularly special or noteworthy happened.",2,2023-07-01,english,0.0,0.0,transportation,11,short,1,75,6.818181818181818,0,0,0.013333333333333334,1.0,1,4,2,1_english
"Aba, contracted engaged hired employed commissioned appointed service",1,2023-02-11,english,0.0,0.0,services,8,very_short,1,69,8.625,0,0,0.014492753623188406,1.0,1,3,3,1_english
"Product kharaab cha, I hate it, dherai mahango price ko sakey.",1,2023-05-30,code_mixed,0.0,0.0,product,11,short,1,62,5.636363636363637,0,0,0.03225806451612903,1.0,0,2,2,1_code_mixed
Agent really liked the quality babbal hai The food was tasty and mitho thyo. Delivery was fast and safe thyo. I liked the atmosphere there ramailo thyo.,4,10/24/2023,code_mixed,1.0,2.0,services,27,short,0,152,5.62962962962963,0,0,0.02631578947368421,0.7777777777777778,0,3,2,0_code_mixed
i book room cheap cheap think ok ok but when go there wow wow room big big bed soft soft smell fresh fresh staff smile smile i say ramro dherai ramro they laugh laugh night calm calm sleep deep deep best stay best stay,5,2025-05-25,code_mixed,1.0,1.0,hotel_restaurant,44,medium,0,218,4.954545454545454,0,0,0.0,0.6590909090909091,0,1,1,0_code_mixed
umm the hotel was okay i guess.. not too clean not too dirty.. bed was hard.. thik cha for the price maybe,3,2023-08-13,code_mixed,1.0,1.0,hotel_restaurant,22,short,0,106,4.818181818181818,0,0,0.0,0.8181818181818182,0,1,2,0_code_mixed
good product for home. simple and easy.,4,2024-08-20,english,0.0,0.0,product,7,very_short,1,39,5.571428571428571,0,0,0.0,1.0,1,2,3,1_english
not worth the money at all. food ok but portion very small and price high high,2,2024-04-30,english,0.0,0.0,food,16,short,0,78,4.875,0,0,0.0,0.9375,1,0,2,0_english
"Two-wheeler peak time ma driver milena, 20 min wait gareko. rate ni dherai hunxa surge ma",2,6/9/2024,romanized_nepali,0.0,0.0,transportation,16,short,0,89,5.5625,0,0,0.011235955056179775,0.9375,2,4,2,0_romanized_nepali
"Yo bus service pugyo, sanchai na aayo, aaja bhi dami bhayo.",1,2024-10-03,romanized_nepali,1.0,1.0,transportation,11,short,1,59,5.363636363636363,0,0,0.01694915254237288,1.0,2,4,2,1_romanized_nepali
"Ani, burger babbal mitho",5,2024-01-14,code_mixed,1.0,1.0,food,4,very_short,1,24,6.0,0,0,0.041666666666666664,1.0,0,0,3,1_code_mixed
"Mero experience dherai ramro bhayo, yo hospital sabai ko lagi uttam cha, huncha sabai ko thik huncha.",5,2023-05-28,romanized_nepali,0.0,0.0,services,17,short,1,101,5.9411764705882355,0,0,0.009900990099009901,0.8823529411764706,2,3,2,1_romanized_nepali
"Honestly, the experience was just fine. ROYAL-STAY had clean rooms but ROYAL-STAY had no view at all. ROYAL-STAY is good for a one night stay if you are on a very tight budget.",3,2026-02-03,english,0.0,0.0,hotel_restaurant,33,medium,1,176,5.333333333333333,0,0,0.1590909090909091,0.8787878787878788,1,1,1,1_english
"This is the absolute best product ever created, nothing compares, buy it now!!!",5,2024-08-16,english,0.0,0.0,product,13,short,1,79,6.076923076923077,3,0,0.012658227848101266,1.0,1,2,2,1_english
"Pathao driver tried negotiating higher fare than app showed, citing traffic. When refused, drove deliberately slowly. Reported through app, got automated 😴😐😡 reply only. If drivers can override pricing, the service point is lost.",1,4/19/2023,english,0.0,0.0,transportation,34,medium,0,229,6.735294117647059,0,0,0.017467248908296942,1.0,1,4,1,0_english
"Sajha Yatayat driver ramro thyo, punctual",5,5/26/2023,romanized_nepali,0.0,0.0,transportation,6,very_short,0,41,6.833333333333333,0,0,0.04878048780487805,1.0,2,4,3,0_romanized_nepali
khana bad bad but cheappp so chalcha chalcha 😅,3,2023-03-03,romanized_nepali,1.0,1.0,food,9,very_short,0,46,5.111111111111111,0,0,0.0,0.7777777777777778,2,0,3,0_romanized_nepali
"Product ko quality dherai acchi thi, looks wise I am satisfied, but price thik cha, I think value pani milcha.",1,2025-02-18,code_mixed,0.0,0.0,product,20,short,1,110,5.5,0,0,0.02727272727272727,0.95,0,2,2,1_code_mixed
"Avoid this restaurant, horrible taste and tiny portions.",1,2023-06-08,english,0.0,0.0,hotel_restaurant,8,very_short,1,56,7.0,0,0,0.017857142857142856,1.0,1,1,3,1_english
Highway highly satisfied tbh The color looks nice. Delivery was prompt. Recived it late. Price was high. The color looks nice. The color looks nice. Recived it late. Staf was bit slow. Staf was bit slow. Recived it late. Recived it late. Price was high. Delivery was prompt. Staf was bit slow. Price was high. Recived it late. Delivery was prompt. Staf was bit slow. The color looks nice. Recived it late.,4,9/15/2024,english,0.0,0.0,transportation,72,long,0,405,5.625,0,0,0.05185185185185185,0.2638888888888889,1,4,0,0_english
"Bajaj Pulsar NS200 liyeko 8 mahina bhayo, mileage 36-38 km/l paako chu, handling dami cha corners ma Recent positive experience worth sharing. Expectations were modest going in but 👎 the delivery exceeded them noticeably. Small details were handled well which made the overall experience better than anticipated.",4,9/28/2022,romanized_nepali,1.0,1.0,transportation,47,medium,0,312,6.638297872340425,0,0,0.022435897435897436,0.9361702127659575,2,4,1,0_romanized_nepali
bad bad sevic,1,2025-01-09,english,0.0,0.0,services,3,very_short,0,13,4.333333333333333,0,0,0.0,0.6666666666666666,1,3,3,0_english
"Yeh company ko customer care service terrible hai, didn't get my refund, totally frustrated, nepal ma yesto gharke product bechna band garne ho.",4,2022-02-12,code_mixed,1.0,1.0,product,23,short,1,144,6.260869565217392,0,0,0.006944444444444444,1.0,0,2,2,1_code_mixed
"Chi kasto fohori thau, khana ma cockroach thiyo. I will tell all my friends to avoid this restaurant, total waste of money.",1,2024-03-12,code_mixed,0.0,0.0,food,22,short,1,123,5.590909090909091,0,0,0.016260162601626018,1.0,0,0,2,1_code_mixed
"Microbus ko staff dherai friendly thiyo, I felt so comfortable, journey pani safe cha, will definitely use again, excellent experience.",3,2022-06-23,code_mixed,0.0,0.0,transportation,20,short,1,135,6.75,0,0,0.014814814814814815,1.0,0,4,2,1_code_mixed
yo item ramro thiyo start ma but now bad bad. jhur feel,2,2023-01-15,code_mixed,1.0,1.0,product,12,short,0,55,4.583333333333333,0,0,0.0,1.0,0,2,2,0_code_mixed
"Recently ordered some food online. Delivery was fast. Khana thikai thyo, nothing special. Rating it average because the portion size was very small for the price I paid through the app today.",3,2026-01-18,code_mixed,0.0,0.0,food,32,medium,1,191,5.96875,0,0,0.02617801047120419,0.90625,0,0,1,1_code_mixed
Parking thikai thyo thik chai k Pachi pheri try garchu. Hijo gako thyo rati. Pachi pheri try garchu.,3,1/29/2025,romanized_nepali,1.0,1.0,hotel_restaurant,18,short,0,100,5.555555555555555,0,0,0.04,0.7222222222222222,2,1,2,0_romanized_nepali
food was good tbh. portion size pani ramro thiyo. price fair cha. will come back 🔥,4,2024-11-08,code_mixed,1.0,1.0,food,16,short,0,82,5.125,0,0,0.0,1.0,0,0,2,0_code_mixed
Momo steamed jhyau paisa vasool,5,6/19/2023,romanized_nepali,1.0,2.0,food,5,very_short,0,31,6.2,0,0,0.03225806451612903,1.0,2,0,3,0_romanized_nepali
"Dherai kharaab service, I hate this salon, staff pani dherai rude cha.",1,2022-10-20,code_mixed,0.0,0.0,services,12,short,1,70,5.833333333333333,0,0,0.02857142857142857,1.0,0,3,2,1_code_mixed
"khana ekdum bekar, taste nai xaina, tyo vanda galli ko thakali mitho hunxa. avoid this restaurant at any cost, total fraud and waste of money!!!!",1,2023-09-14,code_mixed,1.0,1.0,food,25,short,1,145,5.8,4,0,0.0,1.0,0,0,2,1_code_mixed
honestly the place was so noisy. music too loud. could not even talk properly. food was ok but environment was bad. not for me,2,2023-11-07,english,0.0,0.0,food,24,short,0,126,5.25,0,0,0.0,0.875,1,0,2,0_english
bus ma AC thiyena ani june ko heat ma 5 ghanta. mero life worst day. sweating like anything. baal baal,1,2023-06-15,code_mixed,1.0,2.0,transportation,20,short,0,102,5.1,0,0,0.0196078431372549,0.9,0,4,2,0_code_mixed
bathroom saaf chaina location central xa 🤯,3,9/28/2023,code_mixed,0.0,0.0,hotel_restaurant,7,very_short,0,42,6.0,0,0,0.0,1.0,0,1,3,0_code_mixed
"Product ko performance test garne chance paiyena, but specs dherai impressive thiyo, battery life pani long cha, I think it's a good buy.",1,2024-05-14,code_mixed,0.0,0.0,product,23,short,1,137,5.956521739130435,0,0,0.014598540145985401,1.0,0,2,2,1_code_mixed
"Product contained hazardous materials, health risk, Muncha House organic certified safe!!!",1,2022-12-26,english,0.0,0.0,product,11,short,1,90,8.181818181818182,3,0,0.03333333333333333,1.0,1,2,2,1_english
Bathroom 203 worth it ... The color was nice. Shipping was fast. Shipping was fast. The color was nice. And the quality was also something I noticed. Actually I dont know. 🙌✨,5,12/22/2022,english,0.0,0.0,hotel_restaurant,32,medium,0,174,5.4375,0,0,0.05172413793103448,0.6875,1,1,1,0_english
Aaja ma new bag order gariyo. The zipper was faulty and the stitching was loose. The return process was complicated. This brand disappointed me completely.,1,2025-06-18,code_mixed,0.0,0.0,product,25,short,1,155,6.2,0,0,0.025806451612903226,0.88,0,2,2,1_code_mixed
Dherai jhur delivery! 🛵 I waited for three hours and the driver didn't even pick up the call. 😡 TOTAL WASTE OF TIME. ‼️ 🔥,1,2026-02-18,romanized_nepali,1.0,1.0,transportation,25,short,1,121,4.84,1,0,0.1487603305785124,0.96,2,4,2,1_romanized_nepali
"Maile yeh restaurant visit gareko thiyo, and I must say, food ko quality exceptional thiyo, service pani outstanding thiyo, staff ko behavior pani courteous cha, price pani very reasonable cha, I loved the ambiance pani, it's so cozy and inviting, I'd highly recommend it, khana ko taste pani amazing thiyo, I'll definitely be coming back for more, overall experience dherai satisfying thiyo.",5,2024-04-18,code_mixed,0.0,0.0,food,62,medium,1,392,6.32258064516129,0,0,0.012755102040816327,0.8225806451612904,0,0,1,1_code_mixed
Staff 492 babbal quality raixa ni ta Overall experience was thikai. Price ali high thyo but worth it.,4,7/6/2025,code_mixed,1.0,1.0,hotel_restaurant,18,short,0,101,5.611111111111111,0,0,0.0297029702970297,1.0,0,1,2,0_code_mixed
Spa massage facial scrub therapist trained certificate relaxation stress relief tension muscle dami service professional quality treatment ramro feel bhayo,5,7/6/2024,code_mixed,1.0,1.0,services,20,short,0,155,7.75,0,0,0.0064516129032258064,1.0,0,3,2,0_code_mixed
ok story time so i go shop for bag and then see one red bag shiny shiny i think wow wow then i ask price he say high high i say no bro too much but he grin grin and cut price cut price so i buy and use and use now all friend say dami dami bag strong strong zip smooth smooth so yes paisa vasool paisa vasool i like this bag i like this bag,5,2023-03-03,code_mixed,1.0,2.0,product,77,long,0,339,4.402597402597403,0,0,0.0,0.5584415584415584,0,2,0,0_code_mixed
"food ramrL thiyo, atmosphere paMi rAmro, date night ko laFi sahu Uagah ho, lastai ramailo thiyo 🔥",5,2023-07-20,code_mixed,1.0,2.0,food,17,short,0,97,5.705882352941177,0,0,0.05154639175257732,1.0,0,0,2,0_code_mixed
"I've heard this airline has a good safety record, which is important to me.",3,2023-11-11,english,0.0,0.0,transportation,14,short,1,75,5.357142857142857,0,0,0.013333333333333334,1.0,1,4,2,1_english
courier track accurate time delivered,5,6/12/2024,english,0.0,0.0,services,5,very_short,0,37,7.4,0,0,0.0,1.0,1,3,3,0_english
"Ultimate product experience, innovation brilliant, functionality superb, order today!!!",5,2024-09-18,english,0.0,0.0,product,9,very_short,1,87,9.666666666666666,3,0,0.011494252873563218,1.0,1,2,3,1_english
"sekuwa dami chha yahan ko, masala ramro lagako thyo ani charcoal ko smell ni aauxa. feri aauchu pakkai",5,11/5/2022,romanized_nepali,1.0,1.0,food,18,short,0,102,5.666666666666667,0,0,0.0,1.0,2,0,2,0_romanized_nepali
iPhone paisa vasool deal ho hai Battery backup is dami ngl. Service kasto slow thyo but okay. Service kasto slow thyo but okay. The food was tasty and mitho thyo. The food was tasty and mitho thyo. I liked the atmosphere there ramailo thyo.,4,3/23/2022,code_mixed,1.0,3.0,product,44,medium,0,240,5.454545454545454,0,0,0.029166666666666667,0.6818181818181818,0,2,1,0_code_mixed
ramro dherai ramro aati nai ramro hai staff sahi ho and then tea mitho,5,2025-07-07,code_mixed,1.0,1.0,hotel_restaurant,14,short,0,70,5.0,0,0,0.0,0.8571428571428571,0,1,2,0_code_mixed
Dinner 697 never again ?? The staff were helpful. The staff were helpful. Actually I dont know. And the quality was also something I noticed.,1,3/5/2025,english,0.0,0.0,hotel_restaurant,25,short,0,141,5.64,0,2,0.04964539007092199,0.8,1,1,2,0_english
khana ramailo thiyo. staff friendly thiyo. sahi ho place,4,2023-08-27,romanized_nepali,1.0,1.0,food,9,very_short,0,56,6.222222222222222,0,0,0.0,0.8888888888888888,2,0,3,0_romanized_nepali
ramro service cha. called for help and they came in 30 mins. technician was polite. fixed fast. did not charge extra. sahi ho. this is how service should be. recommended bro.,5,2024-04-22,code_mixed,1.0,2.0,services,31,medium,0,174,5.612903225806452,0,0,0.0,0.967741935483871,0,3,1,0_code_mixed
Wire price ali dherai thyo hai Malai ta ekdam man paryo. Pachi pheri try garchu.,3,4/11/2025,romanized_nepali,0.0,0.0,transportation,15,short,0,80,5.333333333333333,0,0,0.0375,1.0,2,4,2,0_romanized_nepali
ramailo trip thyo yaar.. driver was nice and road was okay and we reached on time.. babbal service chalcha,5,2023-12-11,romanized_nepali,1.0,2.0,transportation,19,short,0,106,5.578947368421052,0,0,0.0,0.8947368421052632,2,4,2,0_romanized_nepali
bro i dont know where to start. hotel was showing nice photos online. marble floor. big bed. rooftop view. but when i reached. no rooftop access. bed was small. ac was leaking water. water dripping on my bag bro. and front desk person was so rude. no sorry nothing. paid so much money for this bijog room. paisa waste completely. lastai jhyau experience. would give 0 stars if possible. never booking here. never again bro.,1,2024-12-22,code_mixed,1.0,5.0,hotel_restaurant,75,long,0,423,5.64,0,0,0.0,0.88,0,1,0,0_code_mixed
"The mango lassi was thick and not overly sweet, exactly how I like it. definitely worth ordering, got two glasses Long detailed experience to share here. Initially had doubts but the first visit changed perception. Multiple return visits confirmed the initial positive impression. Few small negatives exist but overall consistently delivers on its promise.",5,5/17/2022,english,0.0,0.0,food,54,medium,0,356,6.592592592592593,0,0,0.016853932584269662,0.9629629629629629,1,0,1,0_english
"Best breakfast spot, eggs benedict perfect, hash browns crispy, coffee strong!!!",5,2022-05-03,english,0.0,0.0,food,11,short,1,80,7.2727272727272725,3,0,0.0125,1.0,1,0,2,1_english
Pods great quality overall ngl Delivery was prompt. Price was high. Price was high. The color looks nice.,5,2/15/2023,english,0.0,0.0,product,18,short,0,105,5.833333333333333,0,0,0.047619047619047616,0.7777777777777778,1,2,2,0_english
Dherai ramro experience vayo. ✨ The guide was very knowledgeable and showed us all the historical parts of the city. ⭐ I really enjoyed the tour and would recommend it to others. 🙏,5,2026-02-18,code_mixed,0.0,0.0,services,33,medium,1,180,5.454545454545454,0,0,0.016666666666666666,0.9090909090909091,0,3,1,1_code_mixed
"Maile yo smart watch kineko tara ek hapta mai charge huna chodyo. ⌚ The battery backup was already very poor and now the screen has started flickering every time I receive a notification. 😡 When I took it back to the store, they said the warranty doesn't cover screen issues which is total nonsense. ‼️ They are selling defective products and refusing to take responsibility for them. 🔥 TOTAL SCAM company. ‼️ Please don't waste your money on this brand! 🔥 ‼️",1,2026-02-15,english,1.0,1.0,product,82,long,1,459,5.597560975609756,1,0,0.034858387799564274,0.8902439024390244,1,2,0,1_english
"Bus ko service superb cha, on time arrival, I'm so impressed, great job guys!",5,2024-08-15,code_mixed,0.0,0.0,transportation,14,short,1,77,5.5,1,0,0.025974025974025976,1.0,0,4,2,1_code_mixed
Bed ramro experience vayo hai ni Malai ta ekdam man paryo. Malai ta ekdam man paryo. Hijo gako thyo rati. Bholi pani janchu hola. Pachi pheri try garchu. Sathi haru lai pani vanchu. Pachi pheri try garchu. Hijo gako thyo rati. Bholi pani janchu hola. Hijo gako thyo rati.,5,10/12/2023,romanized_nepali,1.0,1.0,hotel_restaurant,49,medium,0,271,5.530612244897959,0,0,0.04059040590405904,0.5510204081632653,2,1,1,0_romanized_nepali
Came here twice already the vibe is good but they keep forgeting items in the order lol very very annoying,3,2024-05-10,english,0.0,0.0,hotel_restaurant,20,short,0,106,5.3,0,0,0.009433962264150943,0.9,1,1,2,0_english
"Lassi order gareko ek cafe ma Baneshwor tiir — mango lassi thyo, ekdum thick aako thyo, real mango chunks pani thiya andar. Sweet-sour balance dami thyo. Tara Rs 280 ko lagi thoda small glass lagyo honestly. Presentation aakarshak thyo though — dry fruit sprinkle gareko thyo. Ambience nice thyo, indoor seating comfortable. Sathisangai gako thyo, both of us ramro lagyo. Summer ma perfect drink ho yo.",4,5/14/2024,romanized_nepali,0.0,0.0,food,66,long,0,402,6.090909090909091,0,0,0.022388059701492536,0.8787878787878788,2,0,0,0_romanized_nepali
"buff momo ekdum dami thiyo, jhol pani mitho, paisa vasool totally!!!",5,2023-01-28,romanized_nepali,1.0,3.0,food,11,short,1,68,6.181818181818182,3,0,0.0,1.0,2,0,2,1_romanized_nepali
Earlier clean clean rude delicious helpful pleasant clean unclean delayed helpful rude helpful !!! maile ramro paaye,4,2026-02-11,code_mixed,1.0,1.0,food,17,short,1,116,6.823529411764706,3,0,0.008620689655172414,0.7058823529411765,0,0,2,1_code_mixed
taste mitho mitho but price expensve but but ok paisa vasool,4,2022-03-03,code_mixed,1.0,1.0,food,11,short,0,60,5.454545454545454,0,0,0.0,0.7272727272727273,0,0,2,0_code_mixed
"Microbus ko ride majja thiyo, comfortable seats, perfect for long route travel!",5,2022-10-06,code_mixed,0.0,0.0,transportation,12,short,1,79,6.583333333333333,1,0,0.012658227848101266,1.0,0,4,2,1_code_mixed
dami cha yaar🤯🤯,5,2023-09-08,romanized_nepali,1.0,1.0,hotel_restaurant,3,very_short,0,15,5.0,0,0,0.0,1.0,2,1,3,0_romanized_nepali
"khana ekdamai mitho thiyo, tarw serve garna lastai dherai time lagyo yrr, ek ghanta jati wait gareko",2,2024-04-14,romanized_nepali,1.0,1.0,food,17,short,0,100,5.882352941176471,0,0,0.0,1.0,2,0,2,0_romanized_nepali
Delivery thyo tara wrong item aayo box bhitra. customer care ma call gareko tara lamo hold thyo ani finally got an agent who was unhelpful,5,4/12/2024,romanized_nepali,0.0,0.0,product,25,short,0,138,5.52,0,0,0.007246376811594203,0.92,2,2,2,0_romanized_nepali
"Dherai mahango service, avoid it.",1,2026-02-18,romanized_nepali,1.0,1.0,services,5,very_short,1,33,6.6,0,0,0.030303030303030304,1.0,2,3,3,1_romanized_nepali
"yo service le mero life nai badal diyo, ekdum ekdum ramro, everyone should try!!!",5,2024-07-25,romanized_nepali,1.0,2.0,services,14,short,1,81,5.785714285714286,3,0,0.0,0.9285714285714286,2,3,2,1_romanized_nepali
"yo motorcycle ekdam babbal machine ho, smoothest ride ever, must must buy guys!!!",5,2023-07-15,romanized_nepali,1.0,2.0,transportation,13,short,1,81,6.230769230769231,3,0,0.0,0.9230769230769231,2,4,2,1_romanized_nepali
Claim process slow 🤯 🤮,2,6/18/2023,english,0.0,0.0,transportation,5,very_short,0,22,4.4,0,0,0.045454545454545456,1.0,1,4,3,0_english
Filter mahango maintenance cost high regular change garnuparcha,3,1/20/2024,code_mixed,0.0,0.0,product,8,very_short,0,63,7.875,0,0,0.015873015873015872,1.0,0,2,3,0_code_mixed
so went there with friends for dinner and the wait was long and then food portion was small and then price was high.. and my friend found a hair in her food yaar.. HAIR IN FOOD.. and they just said sorry only.. sala bijog resturant.. lastai jhyau thyo whole night.. never going back never,1,2023-10-05,code_mixed,1.0,4.0,hotel_restaurant,54,medium,0,288,5.333333333333333,0,0,0.034722222222222224,0.8333333333333334,0,1,1,0_code_mixed
Local Rider 997 Pulsar babbal quality raixa k Price ali high thyo but worth it.,5,12/24/2025,code_mixed,1.0,1.0,transportation,15,short,0,79,5.266666666666667,0,0,0.05063291139240506,1.0,0,4,2,0_code_mixed
"Mai online purchase garne time dherai satisfied tha, but khair product aayo pachi thik cha.",5,2022-01-07,code_mixed,0.0,0.0,product,15,short,1,91,6.066666666666666,0,0,0.01098901098901099,1.0,0,2,2,1_code_mixed
"cab luggage space ekdum adequate, trunk clean, travel comfortable!!!",5,2023-09-17,code_mixed,0.0,0.0,transportation,9,very_short,1,68,7.555555555555555,3,0,0.0,1.0,0,4,3,1_code_mixed
Recently discovered MountainAura Hotel and it is the BEST DEAL ever!!! MountainAura Hotel MountainAura Hotel MountainAura Hotel gives luxury vibes at budget price!!! Rooms sparkling clean and staff super friendly!!! Totally recommend to everyone!!!,5,2024-03-18,english,0.0,0.0,hotel_restaurant,34,medium,1,248,7.294117647058823,12,0,0.09274193548387097,0.7941176470588235,1,1,1,1_english
dami place for family dinner. ambiance was good. food was tasty. will go again. 💕,5,2022-10-05,code_mixed,1.0,1.0,hotel_restaurant,15,short,0,81,5.4,0,0,0.0,0.9333333333333333,0,1,2,0_code_mixed
"Yo khana dherai beshi mahango cha, khaneko man ta thik bhayo pani swad thik chaina.",2,2022-06-19,romanized_nepali,0.0,0.0,food,15,short,1,83,5.533333333333333,0,0,0.012048192771084338,0.9333333333333333,2,0,2,1_romanized_nepali
charger cable ramro fast charging,4,12/22/2023,code_mixed,1.0,1.0,product,5,very_short,0,33,6.6,0,0,0.0,1.0,0,2,3,0_code_mixed
"Room ko size thik thiyo, amenities pani available, pretty standard.",3,2022-11-26,code_mixed,0.0,0.0,hotel_restaurant,10,very_short,1,67,6.7,0,0,0.014925373134328358,1.0,0,1,3,1_code_mixed
Gardai cha bhane pani nasakyo thik pani,1,2023-12-04,romanized_nepali,0.0,0.0,services,7,very_short,1,39,5.571428571428571,0,0,0.02564102564102564,0.8571428571428571,2,3,3,1_romanized_nepali
"Document notarization at this office was quick, staff clearly knew the process well After several months of regular use, can confidently say this meets daily requirements reliably. Battery or service life as claimed. Build has held without issues. A sensible purchase that has not disappointed.",4,8/27/2024,english,0.0,0.0,services,45,medium,0,294,6.533333333333333,0,0,0.017006802721088437,0.9555555555555556,1,3,1,0_english
"Dherai acchi deal, bought it, happy customer!",4,2022-05-31,code_mixed,0.0,0.0,product,7,very_short,1,45,6.428571428571429,1,0,0.022222222222222223,1.0,0,2,3,1_code_mixed
"Overall experience yi hotel ma amazing thiyo, I loved it, staff pani very cooperative thiyo, food pani very tasty cha, highly recommended.",5,2023-10-29,code_mixed,0.0,0.0,hotel_restaurant,22,short,1,138,6.2727272727272725,0,0,0.014492753623188406,0.8636363636363636,0,1,2,1_code_mixed
"Yo repair shop ma kaam garne bani huncha, tai ramro cha, gardai thik bhayo",5,2024-02-26,romanized_nepali,0.0,0.0,services,14,short,1,74,5.285714285714286,0,0,0.013513513513513514,1.0,2,3,2,1_romanized_nepali
Best value!!!,5,2024-10-19,english,0.0,0.0,product,2,very_short,1,13,6.5,3,0,0.07692307692307693,1.0,1,2,3,1_english
"Bus service cha, it's okay, I guess.",1,2024-02-08,code_mixed,0.0,0.0,transportation,7,very_short,1,36,5.142857142857143,0,0,0.05555555555555555,1.0,0,4,3,1_code_mixed
"They damaged my laptop, refused compensation, take it to iHub Nepal instead professional and insured!!!",1,2024-01-23,english,0.0,0.0,services,15,short,1,103,6.866666666666666,3,0,0.02912621359223301,1.0,1,3,2,1_english
"lol they forgot my order TWICE. same item, forgot twice. what kind of service is this. very very bad. not worth it",1,2024-09-08,english,0.0,0.0,food,22,short,0,114,5.181818181818182,0,0,0.043859649122807015,0.9090909090909091,1,0,2,0_english
Recently I purchased a new backpack. The material is durable and the compartments are well designed. I use it for daily commute. It has become my favourite.,4,2025-05-28,english,0.0,0.0,product,27,short,1,156,5.777777777777778,0,0,0.03205128205128205,0.9629629629629629,1,2,2,1_english
"Khattam, product battery exploded, fire risk, dangerous product!!!",1,2022-10-28,english,0.0,0.0,product,8,very_short,1,66,8.25,3,0,0.015151515151515152,1.0,1,2,3,1_english
"Dherai fraud company ho, product fake thiyo, I'm reporting them online.",1,2022-04-11,code_mixed,0.0,0.0,product,11,short,1,71,6.454545454545454,0,0,0.028169014084507043,1.0,0,2,2,1_code_mixed
"Dherai experienced doctor haru cha, hospital ko service superb thiyo, I'm impressed!",5,2024-11-07,code_mixed,0.0,0.0,services,12,short,1,84,7.0,1,0,0.023809523809523808,1.0,0,3,2,1_code_mixed
"Dherai ramro service cha, I love this salon, staff pani friendly, I highly recommend!",4,2022-03-06,code_mixed,0.0,0.0,services,14,short,1,85,6.071428571428571,1,0,0.03529411764705882,0.9285714285714286,0,3,2,1_code_mixed
"dami service, fas$ and be/pful, sahL ho yaZr, will use aga7n defini6$ly ❤ ️",5,2022-10-19,romanized_nepali,1.0,2.0,services,14,short,0,75,5.357142857142857,0,0,0.02666666666666667,1.0,2,3,2,0_romanized_nepali
Fan okay for the price ngl Price was high. Delivery was prompt. Recived it late. Staf was bit slow. Price was high.,3,2/19/2024,english,0.0,0.0,product,22,short,0,115,5.2272727272727275,0,0,0.05217391304347826,0.7727272727272727,1,2,2,0_english
"Absolutely flawless stay, best hotel experience in the universe!!!",5,2024-01-01,english,0.0,0.0,hotel_restaurant,9,very_short,1,66,7.333333333333333,3,0,0.015151515151515152,1.0,1,1,3,1_english
"Magical!!! This oil made me young again, 100% world class, buy buy buy buy buy now sabaile!!!!",5,2024-12-05,code_mixed,0.0,0.0,product,17,short,1,94,5.529411764705882,7,0,0.02127659574468085,0.7647058823529411,0,2,2,1_code_mixed
🚗🚗🚗 #BestCabService #Number1Nepal WORLD CLASS COMFORT!!! Top rated service must use!!! #SafeTravel #Recommended #BestDriver!!!,5,2023-12-28,english,0.0,0.0,transportation,14,short,1,126,9.0,9,0,0.2222222222222222,1.0,1,4,2,1_english
"Samsung Galaxy Tab A8 bought for my daughter for online classes. Display is bright and readable, large enough for study use. Build quality feels premium for the price. Battery lasts a full day of moderate use. Parental controls were easy to set up. Performance is fine for basic tasks though heavy apps slow it down slightly. Speaker stereo sound is decent for video watching. Overall good value tablet for student use. No regrets on this purchase.",4,5/18/2024,english,0.0,0.0,product,76,long,0,448,5.894736842105263,0,0,0.026785714285714284,0.868421052631579,1,2,0,0_english
"service provider ekdum professional cha, work quality lastai ramro, paisa vasool!!!",5,2024-01-18,romanized_nepali,1.0,2.0,services,11,short,1,83,7.545454545454546,3,0,0.0,1.0,2,3,2,1_romanized_nepali
"motorcycle ma adulterated fuel use garera engine damage, TVS genuine parts use garcha!!!",1,2023-12-08,code_mixed,0.0,0.0,transportation,13,short,1,88,6.769230769230769,3,0,0.03409090909090909,0.9230769230769231,0,4,2,1_code_mixed
Speedometer lastai jhyau vayo k Hijo gako thyo rati. Hijo gako thyo rati. Pachi pheri try garchu. Bholi pani janchu hola. Hijo gako thyo rati. Pachi pheri try garchu. Malai ta ekdam man paryo.,1,8/26/2025,romanized_nepali,1.0,2.0,transportation,34,medium,0,192,5.647058823529412,0,0,0.041666666666666664,0.6470588235294118,2,4,1,0_romanized_nepali
babbal thyo yaar ekdamai dami,5,2024-09-03,romanized_nepali,1.0,2.0,food,5,very_short,0,29,5.8,0,0,0.0,1.0,2,0,3,0_romanized_nepali
Aaja ko weather ramro thyo ani ride pani thikai thyo. Taxi driver was professional and didn't charge extra money. I reached my meeting on time and the car was also quite clean from inside. Rating it four stars for the honest driver and good condition of the vehicle.,4,2026-01-22,code_mixed,0.0,0.0,transportation,48,medium,1,266,5.541666666666667,0,0,0.015037593984962405,0.875,0,4,1,1_code_mixed
"Food quality top, price fair cha!",5,2025-02-24,code_mixed,0.0,0.0,hotel_restaurant,6,very_short,1,33,5.5,1,0,0.030303030303030304,1.0,0,1,3,1_code_mixed
"sandwich filling ekdum generous, bread fresh, value for money babbal!!!",5,2024-12-20,code_mixed,1.0,1.0,food,10,very_short,1,71,7.1,3,0,0.0,1.0,0,0,3,1_code_mixed
"Chi, cab babbal service",5,2024-04-17,code_mixed,1.0,1.0,transportation,4,very_short,1,23,5.75,0,0,0.043478260869565216,1.0,0,4,3,1_code_mixed
Table thikai thyo thik chai yaar Hijo gako thyo rati. Sathi haru lai pani vanchu. Bholi pani janchu hola. Hijo gako thyo rati. Pachi pheri try garchu. Hijo gako thyo rati. Pachi pheri try garchu. Sathi haru lai pani vanchu.,3,6/3/2022,romanized_nepali,1.0,1.0,product,40,medium,0,223,5.575,0,0,0.04035874439461883,0.525,2,2,1,0_romanized_nepali
"yo cab driver le malai tharkaera extra paisa liyo, pathao vanda mahango ani ride unsafe. lastai naramro experience, never again!!",1,2024-02-20,code_mixed,1.0,1.0,transportation,20,short,1,129,6.45,2,0,0.0,1.0,0,4,2,1_code_mixed
"Bank ko customer care bhayaanak thiyo, I didn't like it at all, khub annoying.",2,2025-02-04,code_mixed,0.0,0.0,services,14,short,1,78,5.571428571428571,0,0,0.02564102564102564,1.0,0,3,2,1_code_mixed
"Oho, purchased latest newest recent current contemporary modern advanced cutting edge state art technological innovation breakthrough revolutionary product item article commodity merchandise goods from authorized official genuine authentic legitimate certified verified trusted reliable reputable established recognized brand manufacturer company corporation and performance functionality operation working capability capacity ability efficiency effectiveness productivity output results outcomes exceeded surpassed outperformed transcended expectations anticipations hopes dreams desires wishes imagination, build quality construction manufacturing craftsmanship workmanship attention detail precision accuracy is impeccable flawless perfect excellent superior premium top tier high end luxury, durability longevity lifespan reliability dependability sturdiness robustness strength toughness resilience is guaranteed assured promised certified warranted, features specifications capabilities functions options settings modes controls is comprehensive extensive complete thorough detailed elaborate sophisticated complex advanced, user interface experience usability ease use convenience simplicity intuitiveness is remarkable outstanding exceptional, value money worth investment purchase decision is absolutely justified reasonable logical sensible smart wise intelligent",5,2022-11-06,code_mixed,0.0,0.0,product,149,long,1,1373,9.21476510067114,0,0,0.0007283321194464676,0.9664429530201343,0,2,0,1_code_mixed
Kickstand great quality overall tho Price was high. Delivery was prompt. The color looks nice. Staf was bit slow. Recived it late. Staf was bit slow. Delivery was prompt. Price was high. The color looks nice. Price was high. The color looks nice. Staf was bit slow.,5,1/15/2025,english,0.0,0.0,transportation,47,medium,0,265,5.638297872340425,0,0,0.04905660377358491,0.425531914893617,1,4,1,0_english
umm the food was ok i guess. nothing special. thik cha but overpriced for what it is.,3,2023-02-14,code_mixed,1.0,1.0,food,17,short,0,85,5.0,0,0,0.0,1.0,0,0,2,0_code_mixed
"Dherai hype thiyo SpeedGo Transport ko. SpeedGo Transport SpeedGo Transport SpeedGo Transport vanera sabai social media ma. Gadi late ayo, seat dirty, ani driver rude. Paisa tirera pani value feel bhayena.",1,2025-02-12,romanized_nepali,0.0,0.0,transportation,31,medium,1,205,6.612903225806452,0,0,0.07317073170731707,0.8064516129032258,2,4,1,1_romanized_nepali
Patan tira ko tyo museum dherai ramro chha. I visited with my cousin and we learned a lot about the local history and culture. The entry fee was also very low for students which was great. We enjoyed the traditional architecture and the peaceful garden inside the museum premises today.,5,2026-01-30,english,0.0,0.0,services,50,medium,1,286,5.72,0,0,0.013986013986013986,0.86,1,3,1,1_english
Bread fresh morning delivery croissant baguette quality consistent traditional 🤔😎🤯,5,4/9/2024,english,0.0,0.0,services,10,very_short,0,82,8.2,0,0,0.012195121951219513,1.0,1,3,3,0_english
"vibe is good good but food is meh, not worth the hype tbh",3,2024-02-05,english,0.0,0.0,hotel_restaurant,13,short,0,57,4.384615384615385,0,0,0.0,0.8461538461538461,1,1,2,0_english
Perfect ride!!!,5,2023-12-24,english,0.0,0.0,transportation,2,very_short,1,15,7.5,3,0,0.06666666666666667,1.0,1,4,3,1_english
Ekdamai jhur quality ko saman bechne rahecha yo shop le 😡‼️. Maile euta watch kineko tara ek din mai chalna chodyo. TOTAL FRAUD. Never buy anything from here if you want to save money 🔥.,1,2026-02-14,romanized_nepali,1.0,1.0,product,35,medium,1,186,5.314285714285714,0,0,0.06989247311827956,1.0,2,2,1,1_romanized_nepali
"Dherai liked the product, quality top notch, price fair, I'm a happy customer, thanks!",5,2024-01-29,code_mixed,0.0,0.0,product,14,short,1,86,6.142857142857143,1,0,0.023255813953488372,1.0,0,2,2,1_code_mixed
"Ekdam thik service gayo, sabai pani thik cha.",5,2022-08-08,romanized_nepali,1.0,1.0,services,8,very_short,1,45,5.625,0,0,0.022222222222222223,0.875,2,3,3,1_romanized_nepali
"Realme C55 budget phone ko lagi dami cha, camera decent cha, performance thik thyo daily use ko lagi — value buy",4,4/27/2023,code_mixed,1.0,1.0,product,21,short,0,112,5.333333333333333,0,0,0.017857142857142856,0.8571428571428571,0,2,2,0_code_mixed
"yo restaurant ko khana khayera mero purai family lai food poison vo, hospital ma xam aile, owner lai thulo karbahi huna parcha, fraud haru!!",1,2024-01-15,romanized_nepali,0.0,0.0,food,24,short,1,140,5.833333333333333,2,0,0.0,0.9583333333333334,2,0,2,1_romanized_nepali
"khana ramro thyo tara the ambience loud and chaotic, hard to enjoy the meal. table spacing dherai close cha tbh Been recommending this to several friends based on my own experience. Most of them have had similar positive experiences. A few had minor issues but nothing serious. Overall it is a dependable option worth considering. 😊",3,7/22/2022,code_mixed,0.0,0.0,food,56,medium,0,332,5.928571428571429,0,0,0.012048192771084338,0.9464285714285714,0,0,1,0_code_mixed
Recently tried the new pizza place 🍕. The crust was a bit hard but the toppings were fresh. It was an okay meal but I have had better elsewhere ✨ ⭐.,3,2026-01-20,english,0.0,0.0,food,31,medium,1,148,4.774193548387097,0,0,0.02702702702702703,0.9032258064516129,1,0,1,1_english
ok lol,3,2024-08-21,english,0.0,0.0,food,2,very_short,0,6,3.0,0,0,0.0,1.0,1,0,3,0_english
Crab great quality overall tbh Delivery was prompt. Staf was bit slow. Staf was bit slow. Recived it late. The color looks nice.,4,6/21/2022,english,0.0,0.0,food,23,short,0,128,5.565217391304348,0,0,0.046875,0.782608695652174,1,0,2,0_english
"Aba, ordered sekuwa thali platter combo meal set from local neighborhood nearby community restaurant eatery food joint and portion quantity amount serving size was ridiculously absurdly laughably pathetically tiny small little minuscule microscopic insufficient inadequate unsatisfactory disappointing, taste flavor seasoning spices marination was bland tasteless flavorless boring dull unappetizing unpalatable disgusting awful terrible horrible, meat was tough hard chewy rubbery old stale not fresh frozen reheated, vegetables were wilted soggy mushy overcooked undercooked raw, rice was hard dry cold clumpy sticky lumpy, accompaniments sides condiments chutneys sauces were missing absent lacking insufficient, pricing cost charge rate fee was exorbitant expensive overpriced inflated unreasonable unjustified ridiculous outrageous absurd, service was slow delayed late sluggish inefficient disorganized chaotic, waiter staff were inattentive careless forgetful rude unprofessional, total waste money time effort",1,2023-07-16,code_mixed,0.0,0.0,food,129,long,1,1017,7.883720930232558,0,0,0.0009832841691248771,0.937984496124031,0,0,0,1_code_mixed
food was decent but serving size was very small. small small portion for big price. not coming back. feel cheated bro,2,2023-09-14,english,0.0,0.0,food,21,short,0,117,5.571428571428571,0,0,0.0,0.9047619047619048,1,0,2,0_english
"product compatibility ekdum wide, installation hassle free, performance excellent!!!",5,2024-05-11,code_mixed,0.0,0.0,product,9,very_short,1,84,9.333333333333334,3,0,0.0,1.0,0,2,3,1_code_mixed
Location lastai kharab thyo yaar Dherai kura haru ramro thyo. Pachi pheri try garchu. Ani bholi pheri janchu. Dhilo aayo tara mitho thyo. Sathi haru sanga gako thyo. Khana pakauna time lagyo. Pachi pheri try garchu. Tara pani thik thyo. Paisa dherai liyo tara thikai thyo. Tara pani thik thyo.,1,9/20/2024,romanized_nepali,1.0,3.0,hotel_restaurant,50,medium,0,293,5.86,0,0,0.03754266211604096,0.7,2,1,1,0_romanized_nepali
"sala staff le herdai nai rakhyo, order lina aayena 15 min samma, lastai jhyau thiyo yo resturant",1,2023-06-09,romanized_nepali,1.0,3.0,hotel_restaurant,17,short,0,96,5.647058823529412,0,0,0.0,1.0,2,1,2,0_romanized_nepali
"service emergency support available cha, 24/7 helpline, responsive team!!!",5,2024-07-16,romanized_nepali,0.0,0.0,services,9,very_short,1,74,8.222222222222221,3,0,0.0,1.0,2,3,3,1_romanized_nepali
"Pathetic hotel service, unhygienic kitchen, food poisoning risk, stay away!!!",1,2022-04-11,english,0.0,0.0,hotel_restaurant,10,very_short,1,77,7.7,3,0,0.012987012987012988,1.0,1,1,3,1_english
"Food quality thik thiyo, price pani fair cha, overall experience very good, I'm fully satisfied.",4,2023-06-02,code_mixed,0.0,0.0,hotel_restaurant,15,short,1,96,6.4,0,0,0.020833333333333332,1.0,0,1,2,1_code_mixed
"Mero mitra le khaneko thik bhayo, pani ekdam fresh thiyo.",5,2023-05-31,romanized_nepali,1.0,1.0,food,10,very_short,1,57,5.7,0,0,0.017543859649122806,1.0,2,0,3,1_romanized_nepali
Tyre mithooooo khana thyo hai Bholi pani janchu hola.,4,1/5/2022,romanized_nepali,1.0,1.0,transportation,9,very_short,0,53,5.888888888888889,0,0,0.03773584905660377,1.0,2,4,3,0_romanized_nepali
food cold cold when come but taste ok ok,3,2023-06-06,english,0.0,0.0,food,9,very_short,0,40,4.444444444444445,0,0,0.0,0.7777777777777778,1,0,3,0_english
"Chi, service criminal behavior",1,2024-06-17,english,0.0,0.0,services,4,very_short,1,30,7.5,0,0,0.03333333333333333,1.0,1,3,3,1_english
Burger ekdum mitho!,5,2023-04-17,code_mixed,1.0,1.0,food,3,very_short,1,19,6.333333333333333,1,0,0.05263157894736842,1.0,0,0,3,1_code_mixed
"Dherai annoying, noise level bahut high thiyo, I couldn't sleep, hotel management pani very unhelpful cha, bad experience.",2,2023-02-26,code_mixed,0.0,0.0,hotel_restaurant,18,short,1,122,6.777777777777778,0,0,0.01639344262295082,1.0,0,1,2,1_code_mixed
Namaste Pay recharge — ekdum fast,5,7/6/2022,romanized_nepali,0.0,0.0,services,6,very_short,0,33,5.5,0,0,0.06060606060606061,1.0,2,3,3,0_romanized_nepali
"Yeh bank ko customer service dherai good cha, staff pani very polite aur helpful, I'm dherai happy with yeh experience, highly recommend.",4,2024-08-22,code_mixed,0.0,0.0,services,22,short,1,137,6.2272727272727275,0,0,0.014598540145985401,0.9545454545454546,0,3,2,1_code_mixed
"Yo taxi service dherai bekar thiyo, kina driver ko GPS system pani thina, kina route pani samjhe na, kina ma 1 ghanta extra safar sakyo, kina dherai tension pani bhayo, kina price pani overcharge garthyo, ma to dherai khiste bhayo, kina aba online booking pani hudaina.",1,2023-09-16,code_mixed,1.0,1.0,transportation,46,medium,1,269,5.8478260869565215,0,0,0.01486988847583643,0.717391304347826,0,4,1,1_code_mixed
"Product ko features ramro cha, but design pani thoda boring ho, overall it's okay.",1,2025-04-02,code_mixed,0.0,0.0,product,14,short,1,82,5.857142857142857,0,0,0.012195121951219513,1.0,0,2,2,1_code_mixed
"Worst purchase ever, doesn't work as advertised, total waste of money.",1,2023-08-17,english,0.0,0.0,product,11,short,1,70,6.363636363636363,0,0,0.014285714285714285,1.0,1,2,2,1_english
"Best breakfast spot, eggs benedict perfect, hash browns crispy, coffee strong!!!",5,2023-03-03,english,0.0,0.0,food,11,short,1,80,7.2727272727272725,3,0,0.0125,1.0,1,0,2,1_english
bro i cannot believe this. i stayed at this hotel 3 nights right. and then first night was ok. second night the neighbor room had party till 4am. called reception and then they said they will handle bhanyo. nothing happened. 4am party still going. and then 3rd morning i woke up and then my bag was missing. not stolen just misplaced by cleaning staff. they put it outside room by mistake. but bro. i was scared. my laptop was in there. and then manager came and then said sorry but no compensation nothing. baal hotel management. and then checkout time there was extra charge on bill for 'mini bar usage'. I DID NOT USE MINI BAR. sala. had to fight 20 min to remove that charge. total bijog experience. lastai jhyau thiyo. never staying here again and warning all my friends,1,2024-05-14,code_mixed,1.0,4.0,hotel_restaurant,141,long,0,775,5.49645390070922,0,0,0.02193548387096774,0.7659574468085106,0,1,0,0_code_mixed
thik cha for local diner vibes. nothing special but fills the stomach. price ok,3,2024-08-30,english,0.0,0.0,food,14,short,0,79,5.642857142857143,0,0,0.0,1.0,1,0,2,0_english
"Ambiance pani dherai sundar thiyo, great food, awesome stay, loved it, will come back again!",5,2022-11-24,code_mixed,0.0,0.0,hotel_restaurant,15,short,1,92,6.133333333333334,1,0,0.010869565217391304,1.0,0,1,2,1_code_mixed
khana aaucha cha ramailo place dami service,5,2024-01-30,romanized_nepali,1.0,2.0,food,7,very_short,0,43,6.142857142857143,0,0,0.0,1.0,2,0,3,0_romanized_nepali
Thamel ma short trip ma gaye. The hotel staff were polite and the location was central. Breakfast was included and tasty. I relaxed well after long travel. This stay was refreshing and worth every rupee.,4,2024-05-12,romanized_nepali,0.0,0.0,hotel_restaurant,35,medium,1,203,5.8,0,0,0.024630541871921183,0.8571428571428571,2,1,1,1_romanized_nepali
Webcam 💔 69 dami experience vayo cha Ani bholi pheri janchu.,5,1/18/2024,romanized_nepali,1.0,1.0,product,11,short,0,60,5.454545454545454,0,0,0.03333333333333333,1.0,2,2,2,0_romanized_nepali
Dherai jhur service. TOTAL SCAM store. I ordered a laptop and they sent me a box with stones. I am going to police tomorrow. Please stay away from this website if you don't want to lose your hard earned money like I did today.,1,2026-02-13,english,1.0,1.0,product,44,medium,1,226,5.136363636363637,0,0,0.061946902654867256,0.9090909090909091,1,2,1,1_english
paisa vasool khana yar 😋,5,2023-01-18,romanized_nepali,1.0,1.0,food,5,very_short,0,24,4.8,0,0,0.0,1.0,2,0,3,0_romanized_nepali
"Biryani ek Mughlai restaurant Putalisadak tiir — dum style, each rice grain separate. Chicken juicy, well-marinated. Raita fresh cucumber wala. Dum sealed with dough cut at table — theatrical. Rs 580 good value. 😍",5,3/19/2024,romanized_nepali,0.0,0.0,food,34,medium,0,213,6.264705882352941,0,0,0.03286384976525822,0.9705882352941176,2,0,1,0_romanized_nepali
Recently booked a tour package. The itinerary was not followed and the guide was late. The hotel they arranged was below standard. I regret choosing this agency.,2,2025-06-07,english,0.0,0.0,services,27,short,1,161,5.962962962962963,0,0,0.024844720496894408,0.8888888888888888,1,3,2,1_english
Patan area ma gadi dherai dhilo aayo aaja. I waited for one hour for my ride to arrive. Driver was also not sure about the location and wasted more time. This is a TOTAL DISASTER for people who have to reach office on time. I am very disappointed with the service today.,2,2026-02-12,code_mixed,0.0,0.0,transportation,52,medium,1,270,5.1923076923076925,0,0,0.06666666666666667,0.8846153846153846,0,4,1,1_code_mixed
"Ramro service provide gareko cha yeh company, very polite staff thiyo, I'm very happy, safe journey bhayo, great work, keep it up.",5,2022-07-13,code_mixed,0.0,0.0,transportation,22,short,1,130,5.909090909090909,0,0,0.015384615384615385,0.9545454545454546,0,4,2,1_code_mixed
"yo scooter company fraud ho, engine broke same day, total scam!!!",1,2025-02-04,romanized_nepali,1.0,1.0,transportation,11,short,1,65,5.909090909090909,3,0,0.0,1.0,2,4,2,1_romanized_nepali
"Yeh restaurant ko food ekdam delicious thiyo, I'm so impressed, service ko quality pani dherai acchi thiyo, I appreciated it, staff ko behavior bhi polite thiyo, I think it's a great place, khaane ko variety pani dherai thiyo, I'd definitely recommend it.",5,2022-04-18,code_mixed,1.0,1.0,food,42,medium,1,255,6.071428571428571,0,0,0.0196078431372549,0.7857142857142857,0,0,1,1_code_mixed
Khatarnak thag haru raixan.,1,2025-06-08,romanized_nepali,0.0,0.0,product,4,very_short,1,27,6.75,0,0,0.037037037037037035,1.0,2,2,3,1_romanized_nepali
Khattam service raixa.,1,2025-06-01,romanized_nepali,0.0,0.0,transportation,3,very_short,1,22,7.333333333333333,0,0,0.045454545454545456,1.0,2,4,3,1_romanized_nepali
dami cha yar,5,2024-10-15,romanized_nepali,1.0,1.0,food,3,very_short,0,12,4.0,0,0,0.0,1.0,2,0,3,0_romanized_nepali
Books tally accurate professional kaam invoice pani time ma diyeko,5,2/3/2024,code_mixed,0.0,0.0,services,10,very_short,0,66,6.6,0,0,0.015151515151515152,1.0,0,3,3,0_code_mixed
ride app book gare and then driver latee latee and talk rudee rudee and car dirtyy dirtyy and ac no no work price expensivee expensivee paisa waste paisa waste i delete delete app overall lastai jhyau thiyo,1,2023-04-04,code_mixed,1.0,1.0,transportation,37,medium,0,206,5.5675675675675675,0,0,0.0,0.6756756756756757,0,4,1,0_code_mixed
sahi service cha. on time. polite staff. thik cha overall,4,2022-10-14,romanized_nepali,1.0,1.0,services,10,very_short,0,57,5.7,0,0,0.0,1.0,2,3,3,0_romanized_nepali
lastai ramro thiyo🥰 i went there with my family and the food was so good and then the staff was nice also and then they gave free dessert.. babbal experience totally babbal,5,2024-06-22,code_mixed,1.0,3.0,hotel_restaurant,32,medium,0,172,5.375,0,0,0.0,0.8125,0,1,1,0_code_mixed
Router 887 mitho thyo hai Pachi pheri try garchu. Paisa dherai liyo tara thikai thyo. Sathi haru sanga gako thyo.,4,10/26/2023,romanized_nepali,1.0,1.0,product,20,short,0,113,5.65,0,0,0.035398230088495575,0.95,2,2,2,0_romanized_nepali
"This repair shop seemes to be doing a good job, ma kehera thik bhayo, their prices are also reasonable, but I don't know about the quality of their work, will have to wait and see.",1,2022-06-30,code_mixed,0.0,0.0,services,35,medium,1,180,5.142857142857143,0,0,0.011111111111111112,0.9428571428571428,0,3,1,1_code_mixed
"Yo uta ko product ramro cha, malai dherai pasand aayo, kina aba maile afno sabai mitra haru lai yo product ko bare ma batayo, anhara haru pani yo product ko kharid garne ho bhane maile gardai cha, kasi yo product le dherai upyogkarta ko man lorho cha, aaja maile yo product ko website ma visit gareko thiyo, tah yo product ko barema dherai kura gareko thiyo, malai lage yo product le mereko jeevan ko dami badalne sakcha.",4,2023-03-05,romanized_nepali,1.0,2.0,product,77,long,1,421,5.467532467532467,0,0,0.0023752969121140144,0.6233766233766234,2,2,0,1_romanized_nepali
Recently tried a new salon service. The haircut was fine and the staff were professional. Price was standard for the area. I got what I paid for.,3,2025-04-02,english,0.0,0.0,services,27,short,1,145,5.37037037037037,0,0,0.034482758620689655,0.8888888888888888,1,3,2,1_english
"Chowmein order gareko thyo chicken wala, aayo chai half fried half steam style thyo which was weird. Taste average thyo, not bad but not good either. Soya sauce dherai thyo inside so salt level high thyo. Vegetable fresh thiyena — cabbage bit wilted thyo. Rs 220 ko lagi expect gareko bhanda thoda disappointing. Place clean thyo at least, table cleaned quickly after previous customer. Service fast thyo, 8 minute ma aayo. Maybe try different item next time. 👍🤩✨",2,1/9/2024,romanized_nepali,0.0,0.0,food,78,long,0,463,5.935897435897436,0,0,0.017278617710583154,0.8974358974358975,2,0,0,0_romanized_nepali
Concierge helpful tour recommend,5,11/13/2022,english,0.0,0.0,hotel_restaurant,4,very_short,0,32,8.0,0,0,0.03125,1.0,1,1,3,0_english
"order gareko 20 min paxi aayo, khana chai decent thyo but not worth the wait",2,2024-01-15,code_mixed,1.0,1.0,hotel_restaurant,15,short,0,76,5.066666666666666,0,0,0.0,1.0,0,1,2,0_code_mixed
"NOT WORTH IT AT ALL, paisa waste, time waste, total bijog",1,2024-07-18,code_mixed,1.0,2.0,services,11,short,0,57,5.181818181818182,0,0,0.2631578947368421,0.9090909090909091,0,3,2,0_code_mixed
"Horrible experience, rude manager, cold food, never returning ever!!!",1,2022-05-30,english,0.0,0.0,hotel_restaurant,9,very_short,1,69,7.666666666666667,3,0,0.014492753623188406,1.0,1,1,3,1_english
"Herda, purchased newest latest recent current modern contemporary advanced cutting edge state art technological breakthrough innovation revolutionary motorcycle two wheeler bike vehicle automobile from authorized official genuine legitimate certified dealer showroom outlet distributor seller and performance capabilities specifications features exceeded surpassed outperformed transcended expectations hopes dreams imagination, engine motor powertrain drivetrain transmission gearbox is powerful robust strong mighty potent forceful vigorous energetic dynamic responsive smooth seamless effortless refined sophisticated advanced, fuel mileage efficiency economy consumption is phenomenal exceptional outstanding remarkable impressive unbelievable incredible amazing fantastic extraordinary, handling control maneuverability stability balance grip traction cornering is precise accurate sharp responsive agile nimble quick reactive, braking stopping deceleration safety security protection is reliable dependable trustworthy effective efficient powerful strong confident, suspension shock absorption comfort ride quality smoothness is excellent superior premium top tier high end, design aesthetics styling appearance looks beauty elegance sophistication is stunning gorgeous beautiful attractive eye catching head turning jaw dropping breathtaking, build quality construction manufacturing craftsmanship materials durability longevity reliability is impeccable flawless perfect",5,2024-03-19,code_mixed,0.0,0.0,transportation,166,long,1,1478,8.903614457831326,0,0,0.0006765899864682003,0.9397590361445783,0,4,0,1_code_mixed
Mountain Outlook dami thyo experience ni Overall experience was thikai. Service kasto slow thyo but okay.,5,8/30/2022,code_mixed,1.0,1.0,hotel_restaurant,16,short,0,105,6.5625,0,0,0.0380952380952381,0.875,0,1,2,0_code_mixed
"The bus journey from Kathmandu to Pokhara was a total nightmare because of the driver's dangerous behavior. 🚌 He was overspeeding on the narrow highway roads and overtaking other vehicles in very risky spots while talking on his phone the whole time. 😡 The bus was also overcrowded with people standing in the aisle, making it extremely hot and uncomfortable for everyone. ‼️ I felt unsafe throughout the entire trip and will never use this travel company again for my future tours. 🔥 ‼️",1,2026-02-18,english,0.0,0.0,transportation,84,long,1,487,5.7976190476190474,0,0,0.012320328542094456,0.8333333333333334,1,4,0,1_english
Powerbank thik chai thik thyo tho ni The product is babbal and works fine. I liked the atmosphere there ramailo thyo.,3,9/23/2022,code_mixed,1.0,2.0,product,21,short,0,117,5.571428571428571,0,0,0.02564102564102564,0.9523809523809523,0,2,2,0_code_mixed
"Ani, gayeko restaurant Lazimpat area district zone neighborhood locality vicinity region and culinary gastronomic epicurean gourmet dining experience journey adventure was absolutely positively definitely certainly undoubtedly unquestionably indisputably undeniably irrefutably incontrovertibly inarguably categorically emphatically decisively conclusively definitively life changing transformative revolutionary groundbreaking pioneering innovative creative imaginative inspired visionary exceptional extraordinary remarkable outstanding phenomenal spectacular magnificent splendid marvelous wonderful fantastic amazing incredible unbelievable mind blowing breathtaking stunning gorgeous beautiful perfect flawless impeccable, chef culinary artist master craftsman expert specialist professional talent skill expertise knowledge experience passion dedication commitment was evident obvious apparent clear visible noticeable manifest, presentation plating arrangement display styling aesthetics visual appeal appearance looks was artistic creative beautiful elegant sophisticated refined, service hospitality attention care consideration was warm welcoming friendly courteous polite respectful professional attentive prompt efficient, pricing value worth cost investment expenditure was justified reasonable appropriate fair equitable",5,2024-12-05,code_mixed,0.0,0.0,food,140,long,1,1334,9.528571428571428,0,0,0.0014992503748125937,0.9357142857142857,0,0,0,1_code_mixed
"The taxi service is a convenient way to travel, but that's about it.",3,2024-03-03,english,0.0,0.0,transportation,13,short,1,68,5.230769230769231,0,0,0.014705882352941176,1.0,1,4,2,1_english
"Yo hotel ma basne bhayo, ramro sanchai thiyo, pani khub thik thiyo, khana pani ramro parthyo, mero sabai mitra haru le yo hotel ko bare ma dherai ramro kura gareko thiyo, huncha yo hotel ma fere pani gayo, aaja Dekhi k herda pani yo hotel ma basne ko ichha gardai chu.",3,2022-12-11,romanized_nepali,0.0,0.0,hotel_restaurant,51,medium,1,268,5.254901960784314,0,0,0.007462686567164179,0.6666666666666666,2,1,1,1_romanized_nepali
Salon loved it tbh It was quite a busy day there. And the quality was also something I noticed. The staff were helpful.,4,4/7/2025,english,0.0,0.0,services,23,short,0,119,5.173913043478261,0,0,0.04201680672268908,0.9565217391304348,1,3,2,0_english
"Product ramro cha, I loved it, very good quality thiyo, excellent purchase decision.",4,2025-06-28,code_mixed,0.0,0.0,product,13,short,1,84,6.461538461538462,0,0,0.023809523809523808,1.0,0,2,2,1_code_mixed
Ekdamai mahango hotel tara service ghatiya 🏨. No hot water in the morning and no one came to fix it after three calls. TOTAL DISASTER and very rude staff 😡‼️ 🔥.,1,2026-02-16,romanized_nepali,1.0,1.0,hotel_restaurant,31,medium,1,160,5.161290322580645,0,0,0.09375,0.967741935483871,2,1,1,1_romanized_nepali
Courier 466 dami thyo experience hai I liked the atmosphere there ramailo thyo. The product is babbal and works fine. Overall experience was thikai. The product is babbal and works fine. Service kasto slow thyo but okay. Delivery was fast and safe thyo. I liked the atmosphere there ramailo thyo. Price ali high thyo but worth it. Will visit again pheri. Price ali high thyo but worth it. Delivery was fast and safe thyo. 😭,4,5/13/2022,code_mixed,1.0,2.0,services,75,long,0,423,5.64,0,0,0.028368794326241134,0.5466666666666666,0,3,0,0_code_mixed
Business center computer printer internet video conference sabai facility available,4,12/9/2022,code_mixed,0.0,0.0,hotel_restaurant,10,very_short,0,83,8.3,0,0,0.012048192771084338,1.0,0,1,3,0_code_mixed
"dery slow service, called mulfipl4 times, no response, las6a* khaFsb, jhyau Oagyo",1,2024-02-28,code_mixed,1.0,2.0,services,12,short,0,81,6.75,0,0,0.024691358024691357,1.0,0,3,2,0_code_mixed
"Royal Enfield Meteor liyeko thyo, comfortable ride cha tara heavy cha city traffic ma. overthink gareko thyo kinara Improvements possible still cha.",3,8/4/2023,romanized_nepali,0.0,0.0,transportation,22,short,0,148,6.7272727272727275,0,0,0.02702702702702703,0.9545454545454546,2,4,2,0_romanized_nepali
"Menu me variation nahi cha, food ko quality pani kharab thiyo, I won't go back.",1,2022-12-24,code_mixed,0.0,0.0,food,15,short,1,79,5.266666666666667,0,0,0.02531645569620253,1.0,0,0,2,1_code_mixed
room service le 3 palta call garyo and then no one answered. went down to reception and then they said busy bhanyo. bro it is 9pm on a tuesday. not that busy. baal hotel. bijog service,1,2023-01-19,code_mixed,1.0,2.0,hotel_restaurant,36,medium,0,184,5.111111111111111,0,0,0.0,0.9166666666666666,0,1,1,0_code_mixed
took bus to chitwan and sala bus was so old yaar.. and seat spring was poking me whole way.. POKING ME.. 6 hours like this.. and driver was also rude when i complained.. lastai jhyau thiyo.. paisa waste total paisa waste.. khattam company cha yo,1,2023-02-07,code_mixed,1.0,4.0,transportation,45,medium,0,245,5.444444444444445,0,0,0.0326530612244898,0.8666666666666667,0,4,1,0_code_mixed
Towel really liked the quality babbal yaar Delivery was fast and safe thyo. Delivery was fast and safe thyo. The food was tasty and mitho thyo.,4,7/4/2024,code_mixed,1.0,2.0,hotel_restaurant,26,short,0,143,5.5,0,0,0.027972027972027972,0.6538461538461539,0,1,2,0_code_mixed
"Taxi ko service average thiyo, nothing special, price pani normal cha, koi complaint nai.",3,2022-11-06,code_mixed,0.0,0.0,transportation,14,short,1,89,6.357142857142857,0,0,0.011235955056179775,1.0,0,4,2,1_code_mixed
This microbus company appears to have a standard fleet of vehicles.,3,2022-11-26,english,0.0,0.0,transportation,11,short,1,67,6.090909090909091,0,0,0.014925373134328358,1.0,1,4,2,1_english
Tacos were good but they forgot extra dip we asked,4,2025-01-18,english,0.0,0.0,food,10,very_short,0,50,5.0,0,0,0.02,1.0,1,0,3,0_english
"service completion time ekdum fast thiyo, quality compromise bhayena, dami!!!",5,2024-07-03,romanized_nepali,1.0,1.0,services,10,very_short,1,77,7.7,3,0,0.0,1.0,2,3,3,1_romanized_nepali
ma yo hotel gako thiye ani suru ma room ramro jasto lagyo but but bed dirtyy dirtyy and towel dirtyy and smell bad bad and staff sloww sloww answer and then light off off again and again ma call gare they no come no come ani paisa expensivee very expensivee for this bad bad room last ma i say not worth not worth overall lastai jhyau thyo,1,2024-06-06,romanized_nepali,1.0,1.0,hotel_restaurant,67,long,0,339,5.059701492537314,0,0,0.0,0.6567164179104478,2,1,0,0_romanized_nepali
shirt ramro dherai ramro and fabric soft. paisa vasool,5,2022-05-05,code_mixed,1.0,2.0,product,9,very_short,0,54,6.0,0,0,0.0,0.8888888888888888,0,2,3,0_code_mixed
"Samosa highway dhaba ma Hetauda tiir — freshly fried piping hot, aloo filling generously spiced, crust crispy. Chutney both green and tamarind fresh. Rs 30 for two, unbeatable value. Stopped again on return journey.",5,3/28/2023,romanized_nepali,0.0,0.0,food,34,medium,0,215,6.323529411764706,0,0,0.023255813953488372,1.0,2,0,1,0_romanized_nepali
ramailo vibe,4,2024-07-19,code_mixed,1.0,1.0,hotel_restaurant,2,very_short,0,12,6.0,0,0,0.0,1.0,0,1,3,0_code_mixed
"Check-in time ma room ready thiyena, 1 ghanta wait garnu paro. staff le kehi ni bhanchhana",2,2/7/2024,romanized_nepali,0.0,0.0,hotel_restaurant,16,short,0,90,5.625,0,0,0.011111111111111112,1.0,2,1,2,0_romanized_nepali
waiwai chatpate spicy dami vasul,5,2/12/2024,romanized_nepali,1.0,2.0,food,5,very_short,0,32,6.4,0,0,0.0,1.0,2,0,3,0_romanized_nepali
lastai ramailo thyo the event.. music was khatrai and food stall had mitho items.. babbal night overall babbal,5,2024-05-09,code_mixed,1.0,2.0,services,18,short,0,110,6.111111111111111,0,0,0.0,0.9444444444444444,0,3,2,0_code_mixed
🔥🔥🔥 #BestDeal #Number1Value WORLD CLASS PRODUCT!!! Top quality everyone needs this!!! #BestBuy #Recommended #Premium!!!,5,2022-06-12,english,0.0,0.0,product,14,short,1,119,8.5,9,0,0.2184873949579832,1.0,1,2,2,1_english
Milkshake average performance thyo tho yaar,3,12/16/2024,code_mixed,0.0,0.0,food,6,very_short,0,43,7.166666666666667,0,0,0.023255813953488372,1.0,0,0,3,0_code_mixed
Restaurant view jhyau!,5,2022-05-07,code_mixed,1.0,1.0,hotel_restaurant,3,very_short,1,22,7.333333333333333,1,0,0.045454545454545456,1.0,0,1,3,1_code_mixed
Dherai mahango ani jhur service.,1,2026-02-08,romanized_nepali,1.0,1.0,services,5,very_short,1,32,6.4,0,0,0.03125,1.0,2,3,3,1_romanized_nepali
"Ani, Jhamsikhel tira pizza place pizzeria restaurant eatery bistro cafe serves makes prepares cooks bakes creates produces crafts delivers presents offers provides absolutely positively definitely certainly undoubtedly unquestionably indisputably undeniably irrefutably incontrovertibly inarguably categorically emphatically decisively conclusively definitively best finest greatest most delicious most tasty most flavorful most scrumptious most delectable most mouth watering most appetizing most tempting most enticing most irresistible most addictive pizza pies in entire complete total whole full comprehensive absolute Nepal Kathmandu valley region area district zone, crust base foundation is perfectly ideally optimally exemplarily thin crispy crunchy texture or thick soft fluffy chewy as per customer preference choice selection option, sauce tomato base is fresh homemade authentic flavorful tangy savory rich, cheese topping is generous abundant ample copious plentiful high quality premium imported local, toppings ingredients vegetables meats proteins are fresh quality diverse variety, baking cooking oven temperature timing is perfect ideal optimal resulting crispy edges soft center, flavor taste seasoning balance harmony is exceptional outstanding remarkable phenomenal,  portion size serving is satisfying filling substantial generous",5,2024-09-18,code_mixed,0.0,0.0,food,171,long,1,1353,7.912280701754386,0,0,0.0029563932002956393,0.8654970760233918,0,0,0,1_code_mixed
dami thyo,5,2022-09-09,romanized_nepali,1.0,1.0,food,2,very_short,0,9,4.5,0,0,0.0,1.0,2,0,3,0_romanized_nepali
"Aaja QuickFix Services ma booking gare. QuickFix Services QuickFix Services QuickFix Services bhanera dherai promotion cha. Work complete bhayo tara detailing weak. Overall thik thak experience, nothing exceptional, nothing terrible.",3,2025-02-03,code_mixed,0.0,0.0,services,30,medium,1,233,7.766666666666667,0,0,0.06437768240343347,0.7666666666666667,0,3,1,1_code_mixed
"product battery exploded, safety hazard, company should recall, dangerous!!!",1,2022-04-11,english,0.0,0.0,product,9,very_short,1,76,8.444444444444445,3,0,0.0,1.0,1,2,3,1_english
"juju dhau ekdum authentic creamy thiyo, sweetness level perfect, must have dessert!!!",5,2023-01-25,romanized_nepali,0.0,0.0,food,12,short,1,85,7.083333333333333,3,0,0.0,1.0,2,0,2,1_romanized_nepali
"Product aayo, shipping pani fast cha.",1,2022-02-07,code_mixed,0.0,0.0,product,6,very_short,1,37,6.166666666666667,0,0,0.02702702702702703,1.0,0,2,3,1_code_mixed
"Uff, product criminal fraud",1,2023-09-17,english,0.0,0.0,product,4,very_short,1,27,6.75,0,0,0.037037037037037035,1.0,1,2,3,1_english
Lobby 273 never again tbh Price was high but fine.,1,3/16/2025,english,0.0,0.0,hotel_restaurant,10,very_short,0,50,5.0,0,0,0.04,1.0,1,1,3,0_english
Very bad. 😡,1,2026-02-18,english,0.0,0.0,services,3,very_short,1,11,3.6666666666666665,0,0,0.09090909090909091,1.0,1,3,3,1_english
hotel pool thiyo which was nice. but pool was dirty and had leaves in it. not cleaned properly. food at restaurant was ok ok. overall average stay,3,2023-10-17,english,0.0,0.0,hotel_restaurant,27,short,0,146,5.407407407407407,0,0,0.0,0.8888888888888888,1,1,2,0_english
"Samsung Galaxy A54 liye ko 5 mahina bhayo. Camera quality chai ekdum babbal xa honestly — daylight photos ati ramrooo aaucha. Video stabilization pani dami. Battery 5000mAh xa so full day comfortable jancha without charging. Tara ek problem — heating hunxa sometimes during gaming ya video streaming. Overheating 45 minute gaming pachi noticeable hunxa. Software updates regular aaucha which is nice. Price range ma best option ho lagcha, heating issue fix hola later patch ma.",4,8/14/2024,romanized_nepali,1.0,1.0,product,75,long,0,477,6.36,0,0,0.023060796645702306,0.9466666666666667,2,2,0,0_romanized_nepali
Aaja Ma bought KantipurMart KantipurMart KantipurMart happy with transaction ti BUT THE MESSAGE IS CLEARLY PROMOTIONAL TOTAL SCAM WARNING !!!,1,2026-02-12,code_mixed,1.0,2.0,product,20,short,1,141,7.05,3,0,0.40425531914893614,0.9,0,2,2,1_code_mixed
"Bhayo gayo yo cab service, malai ekdam pasand aayo, huncha sabai ko behtareen.",4,2024-07-21,romanized_nepali,1.0,1.0,transportation,13,short,1,78,6.0,0,0,0.01282051282051282,1.0,2,4,2,1_romanized_nepali
"Wai wai sadeko is their specialty apparently, tried it and it was actually decent. not life-changing but solid snack",3,6/29/2023,english,0.0,0.0,food,19,short,0,116,6.105263157894737,0,0,0.008620689655172414,0.9473684210526315,1,0,2,0_english
Desk paisa vasool vayo k yaar Bholi pani janchu hola. Pachi pheri try garchu. Hijo gako thyo rati. Bholi pani janchu hola. Pachi pheri try garchu. Hijo gako thyo rati. Sathi haru lai pani vanchu. Sathi haru lai pani vanchu. Sathi haru lai pani vanchu. 🤔 😶🙃,5,5/13/2024,romanized_nepali,1.0,1.0,hotel_restaurant,47,medium,0,256,5.446808510638298,0,0,0.0390625,0.5106382978723404,2,1,1,0_romanized_nepali
duke stylish parts mahango design premium highway performance fuel city 30 seat comfortable digital abs service expensive honda yamaha compare good budget bhaye,3,8/15/2023,code_mixed,1.0,1.0,transportation,23,short,0,160,6.956521739130435,0,0,0.0,1.0,0,4,2,0_code_mixed
Tootle ma booking confirm bhayo tara driver cancel garyo last moment ma,2,2025-02-28,code_mixed,1.0,1.0,transportation,12,short,0,71,5.916666666666667,0,0,0.014084507042253521,0.9166666666666666,0,4,2,0_code_mixed
"Yamaha R15 V4 liye ko 8 mahina bhayo — sporty bike ho, not practical for daily commute tara weekend rides ko lagi dami. Highway performance excellent, smooth power delivery. Seat comfortable for solo rider tara pillion uncomfortable — small rear seat. Headlight LED sharp, great visibility at night. Mileage 38-42 km/l highway, city ma less hunxa due to traffic. Maintenance cost slightly higher than regular bikes. Service center trained staff xa for this model specifically. Looks lastai aggressive.",4,10/23/2024,romanized_nepali,1.0,1.0,transportation,78,long,0,501,6.423076923076923,0,0,0.02594810379241517,0.9358974358974359,2,4,0,0_romanized_nepali
ok stay. room was ok. location ramro thyo. staff bit slow to respond but not rude. thik cha for the price,3,2024-04-01,code_mixed,0.0,0.0,hotel_restaurant,21,short,0,105,5.0,0,0,0.0,1.0,0,1,2,0_code_mixed
"Bathroom clean thiyena yaar, shampoo ra sabun pani thiyena. extra charge garera diye jaba maagyo Overall thik experience thyo.",1,9/3/2023,romanized_nepali,0.0,0.0,hotel_restaurant,19,short,0,126,6.631578947368421,0,0,0.015873015873015872,1.0,2,1,2,0_romanized_nepali
"Worst cab service ever. Driver was drunk and shouting. He took extra money, thulo fraud ho yo company, never book from their app again.",1,2023-12-22,english,0.0,0.0,transportation,24,short,1,135,5.625,0,0,0.022222222222222223,1.0,1,4,2,1_english
went there on my birthday and waiter forgot my cake order. sat there waiting and then finally asked and they said sorry but no cake. no cake on my birthday bro. i was so sad. then bill aayo and full price tirnu paro. FULL PRICE. i cried lol. never going back. total waste. paisa waste time waste everything waste,1,2023-12-31,english,1.0,3.0,hotel_restaurant,59,medium,0,312,5.288135593220339,0,0,0.028846153846153848,0.7627118644067796,1,1,1,0_english
"spa gareko thyo full body, therapist skilled thyo, ambience calm ra relaxing thyo. one of the better me-time experiences Aaunu bhayo tara worth thyo.",5,4/16/2024,code_mixed,0.0,0.0,services,24,short,0,149,6.208333333333333,0,0,0.006711409395973154,0.9583333333333334,0,3,2,0_code_mixed
ramro dherai ramro service and fast work. paisa vasool bro,5,2024-03-21,code_mixed,1.0,2.0,services,10,very_short,0,58,5.8,0,0,0.0,0.9,0,3,3,0_code_mixed
"yo cafe ko momo ekdam mitho mitho, sabai vanda best taste, highly recommend!!!",5,2022-09-08,romanized_nepali,1.0,2.0,food,13,short,1,78,6.0,3,0,0.0,1.0,2,0,2,1_romanized_nepali
"yo product customer review sabai positive cha, trust garnu sakcha!!!",5,2024-12-13,romanized_nepali,0.0,0.0,product,10,very_short,1,68,6.8,3,0,0.0,1.0,2,2,3,1_romanized_nepali
"Hait, service appointment 3 times cancel, no professionalism!!!",1,2024-08-27,english,0.0,0.0,services,8,very_short,1,63,7.875,3,0,0.015873015873015872,1.0,1,3,3,1_english
"Best product mai purchase garne ko paayo, fantastic service, timely delivery, I'm so happy!",5,2022-12-04,code_mixed,0.0,0.0,product,14,short,1,91,6.5,1,0,0.02197802197802198,1.0,0,2,2,1_code_mixed
staff ley bolayera ni aayena. service zero cha,1,2023-02-07,romanized_nepali,1.0,1.0,hotel_restaurant,8,very_short,0,46,5.75,0,0,0.0,1.0,2,1,3,0_romanized_nepali
"service provider response time ekdum fast, work quality perfect, must hire!!!",5,2024-08-28,code_mixed,0.0,0.0,services,11,short,1,77,7.0,3,0,0.0,1.0,0,3,2,1_code_mixed
"Ma very pleased chu with this hospital, staff ko cooperation pani excellent cha, doctor ko diagnosis very accurate thiyo, I recommend this hospital.",4,2022-11-07,code_mixed,0.0,0.0,services,23,short,1,148,6.434782608695652,0,0,0.013513513513513514,0.8695652173913043,0,3,2,1_code_mixed
"Yo microbus service dherai convenient cha, very safe, I highly recommend it.",4,2022-01-02,code_mixed,0.0,0.0,transportation,12,short,1,76,6.333333333333333,0,0,0.02631578947368421,1.0,0,4,2,1_code_mixed
Cab driver ramro!,5,2023-08-09,code_mixed,1.0,1.0,transportation,3,very_short,1,17,5.666666666666667,1,0,0.058823529411764705,1.0,0,4,3,1_code_mixed
"pizza base ma fungus, cheese expired, health department report filed!!!",1,2023-08-06,code_mixed,0.0,0.0,food,10,very_short,1,71,7.1,3,0,0.0,1.0,0,0,3,1_code_mixed
Amazing hotel!!!,5,2022-10-13,english,0.0,0.0,hotel_restaurant,2,very_short,1,16,8.0,3,0,0.0625,1.0,1,1,3,1_english
"Gaming chair comfortable for the first month, 😴😶😠 now the armrest is already loose. quality concern for sure Expectations roughly met bhayo.",3,7/31/2024,english,0.0,0.0,product,22,short,0,140,6.363636363636363,0,0,0.014285714285714285,0.9090909090909091,1,2,2,0_english
"Spa was worth every rupee, relaxing environment and staff were skilled and professional throughout Referred here by a friend who had consistent positive experiences. My own visits have confirmed that the quality is real and not just occasional. Staff turnover seems low which helps maintain service standards.",5,2/11/2024,english,0.0,0.0,services,47,medium,0,309,6.574468085106383,0,0,0.012944983818770227,0.9574468085106383,1,3,1,0_english
Florist paisa vasool deal ho bro Service kasto slow thyo but okay. Service kasto slow thyo but okay. Delivery was fast and safe thyo. Delivery was fast and safe thyo. Service kasto slow thyo but okay. The food was tasty and mitho thyo.,4,5/10/2024,code_mixed,1.0,2.0,services,43,medium,0,235,5.465116279069767,0,0,0.029787234042553193,0.5116279069767442,0,3,1,0_code_mixed
"I visited this salon, and the ambiance was nice, sabai thik thiyo, they had all the facilities, but I didn't get a chance to try their services, so can't say much.",3,2022-11-16,code_mixed,0.0,0.0,services,31,medium,1,163,5.258064516129032,0,0,0.012269938650306749,0.9354838709677419,0,3,1,1_code_mixed
"Yo salon ramro cha, mero khana sanchai bhayo.",5,2024-04-14,romanized_nepali,0.0,0.0,services,8,very_short,1,45,5.625,0,0,0.022222222222222223,1.0,2,3,3,1_romanized_nepali
cater deliver time present ramro,5,1/29/2024,code_mixed,1.0,1.0,services,5,very_short,0,32,6.4,0,0,0.0,1.0,0,3,3,0_code_mixed
Mero sathi ko mobile pani yestai garya thiyo yo chor repair center ko kta le. Battery original thiyo tara katera purano halidiyo ani complain garda police bolaidinxu vanera tharkayo thulo criminal haru raixan hjr. New road ko area ma vako yesta fraud shop haru sabaile boycott garnu parcha. Beware brothers and sisters yesta thau ma gayera afno mahango device safe rakhnu hola.,1,2023-08-30,romanized_nepali,1.0,1.0,services,62,medium,1,377,6.080645161290323,0,0,0.010610079575596816,0.9032258064516129,2,3,1,1_romanized_nepali
ride cheappp but latee latee. not worth,2,2025-02-02,english,0.0,0.0,transportation,7,very_short,0,39,5.571428571428571,0,0,0.0,1.0,1,4,3,0_english
"The gym facilities here are quite good and the equipment is modern and well-maintained. ✨ The trainers are helpful and they guide you through the exercises properly if you are a beginner. ⭐ However, the locker room is very small and often crowded during the evening peak hours, which can be quite inconvenient. 🏋️ Overall, it is a solid place for a workout if you can visit during the morning hours when it is much quieter. 🙏 Highly recommended for fitness lovers! ✨ ⭐",4,2026-02-18,english,0.0,0.0,services,84,long,1,468,5.571428571428571,1,0,0.010683760683760684,0.7023809523809523,1,3,0,1_english
Recently booked a room at HILL-TOP and HILL-TOP was wonderful. HILL-TOP has the most amazing staff and HILL-TOP provided us with free laundry service!!! BEST DEAL for budget travelers in the mountain region.,5,2026-02-07,english,0.0,0.0,hotel_restaurant,33,medium,1,207,6.2727272727272725,3,0,0.178743961352657,0.8484848484848485,1,1,1,1_english
"Chya, momo ma keera thiyo, vomiting bhayo, health hazard!!!",1,2023-02-11,romanized_nepali,0.0,0.0,food,9,very_short,1,59,6.555555555555555,3,0,0.01694915254237288,1.0,2,0,3,1_romanized_nepali
Sausage dami thyo experience hai The food was tasty and mitho thyo.,5,4/30/2025,code_mixed,1.0,2.0,food,12,short,0,67,5.583333333333333,0,0,0.029850746268656716,1.0,0,0,2,0_code_mixed
"Ma dherai barsa dhekhi tapai haru ko seva use gardai chu, ta pani tapai haru le mero samasya samjhana sakyen, aba malai lagyo tapai haru ko seva dherai kharaab huncha, mero internet connection pani bijuli gayo bela tapai haru le mereko madat garna sakyen, malai lagyo tapai haru le mereko chhodingarna cha, aba ma tapai haru ko chhodai chu.",2,2024-08-25,romanized_nepali,1.0,2.0,services,59,medium,1,340,5.762711864406779,0,0,0.0029411764705882353,0.6101694915254238,2,3,1,1_romanized_nepali
"Guest house Thamel 4 nights budget stay — room small but clean, hot water, fan. Location walkable to restaurants. Street noise audible at night. Checkout smooth, no extra charges. Value for money for solo travel budget.",3,11/16/2022,english,0.0,0.0,hotel_restaurant,36,medium,0,219,6.083333333333333,0,0,0.0273972602739726,0.9722222222222222,1,1,1,0_english
this is very bad very bad wire loose loose spark spark i fear fear trash trash😂😂,1,2023-03-30,english,0.0,0.0,product,16,short,0,80,5.0,0,0,0.0,0.6875,1,2,2,0_english
Patan tira I went there with my family and we experienced KantipurMart KantipurMart KantipurMart fast checkout polite staff but the review uses repetitive promotional copy and the brand is repeated too often which looks suspicious and SEO-driven,4,2026-02-05,english,0.0,0.0,hotel_restaurant,37,medium,1,245,6.621621621621622,0,0,0.044897959183673466,0.8648648648648649,1,1,1,1_english
🏨🏨🏨 #Number1Dining #BestRestaurant WORLD CLASS EXPERIENCE!!! Perfect ambience amazing food!!! #MustVisit #Premium #TopQuality!!!,5,2024-10-11,english,0.0,0.0,hotel_restaurant,13,short,1,128,9.846153846153847,9,0,0.234375,1.0,1,1,2,1_english
"Product quality kharaab thiyo, didn't last long, I feel cheated, paisa waste.",1,2023-11-17,code_mixed,0.0,0.0,product,12,short,1,77,6.416666666666667,0,0,0.025974025974025976,1.0,0,2,2,1_code_mixed
"Aaja, guaranteed magical transformation",5,2023-10-11,english,0.0,0.0,product,4,very_short,1,39,9.75,0,0,0.02564102564102564,1.0,1,2,3,1_english
Recently ordered some clothes from online shop but they were TOTAL TRASH. Quality ekdamai jhur thyo. Size pani mildaina ani exchange garna khojda respond gardainan. Dherai naramro experience vayo malai aaja.,1,2026-01-18,code_mixed,1.0,1.0,product,31,medium,1,207,6.67741935483871,0,0,0.06763285024154589,1.0,0,2,1,1_code_mixed
"Yeh airline dherai achha hai, great service, very happy with my journey, fantastic ma.",4,2023-04-24,code_mixed,1.0,1.0,transportation,14,short,1,86,6.142857142857143,0,0,0.011627906976744186,1.0,0,4,2,1_code_mixed
"panipuri pani ekdum tangy thiyo, puri crispy, filling babbal, must try!!!",5,2023-01-21,romanized_nepali,1.0,1.0,food,11,short,1,73,6.636363636363637,3,0,0.0,1.0,2,0,2,1_romanized_nepali
Bed 508 thik chai thik thyo ni ta Dhilo aayo tara mitho thyo. Pachi pheri try garchu. Dherai kura haru ramro thyo. Ani bholi pheri janchu. Paisa dherai liyo tara thikai thyo. Kasto ramro thyo tyo thau. Khana pakauna time lagyo. Khana pakauna time lagyo. Dhilo aayo tara mitho thyo. Malai ta man paryo. Kasto ramro thyo tyo thau. Kasto ramro thyo tyo thau. Dherai kura haru ramro thyo. Khana pakauna time lagyo. Sathi haru sanga gako thyo.,3,12/1/2024,romanized_nepali,1.0,3.0,hotel_restaurant,78,long,0,438,5.615384615384615,0,0,0.0365296803652968,0.5128205128205128,2,1,0,0_romanized_nepali
waste of Honey,1,2023-03-15,english,0.0,0.0,food,3,very_short,0,14,4.666666666666667,0,0,0.07142857142857142,1.0,1,0,3,0_english
delivery agent ley phone nai uthayena. order 2 ghanta late aayo ani tato thiyena khana. lastai baal service 🤮,1,2024-05-06,code_mixed,1.0,3.0,food,19,short,0,109,5.7368421052631575,0,0,0.0,1.0,0,0,2,0_code_mixed
Ramro sunglasses stylish pani cha UV protection pani,5,1/11/2024,code_mixed,1.0,1.0,product,8,very_short,0,52,6.5,0,0,0.057692307692307696,0.875,0,2,3,0_code_mixed
"Daraz delivery late aayo yaar, 7 din bhandai ✨🙃 thyo tara 12 din pachi aayo pakya Came here for a specific purpose and left fully satisfied. The staff were knowledgeable and the execution was professional. Time taken was reasonable. Pricing felt justified given the quality of outcome. Will return for similar needs.",2,6/23/2023,romanized_nepali,0.0,0.0,product,52,medium,0,316,6.076923076923077,0,0,0.0189873417721519,0.8846153846153846,2,2,1,0_romanized_nepali
Ekdamai bad experience. Customer service lai call garda phone nai uthaudainan. TOTAL SCAM company. Paisa matra lina khojchhan tara kam chai gardainan. Dherai jhur service rahecha tyo thau ko.,1,2026-01-22,romanized_nepali,1.0,1.0,services,29,medium,1,191,6.586206896551724,0,0,0.06806282722513089,0.9655172413793104,2,3,1,1_romanized_nepali
Slipper poor quality service ngl Recived it late. The color looks nice. The color looks nice. Price was high.,2,10/19/2023,english,0.0,0.0,hotel_restaurant,19,short,0,109,5.7368421052631575,0,0,0.045871559633027525,0.7894736842105263,1,1,2,0_english
"Panipuri pani ma rat poison suspect, multiple victims, Alka Chat Corner government inspected safe!!!",1,2023-06-22,english,0.0,0.0,food,14,short,1,100,7.142857142857143,3,0,0.04,1.0,1,0,2,1_english
Route price ali dherai thyo hai Bholi pani janchu hola.,3,8/14/2025,romanized_nepali,0.0,0.0,transportation,10,very_short,0,55,5.5,0,0,0.03636363636363636,1.0,2,4,3,0_romanized_nepali
"Hola bank ko sevayein besari ramro cha, gardai cha, hami le sanchai rakhe cha, yo sewa dherai upyogi bhayo.",2,2024-04-22,romanized_nepali,0.0,0.0,services,19,short,1,107,5.631578947368421,0,0,0.009345794392523364,0.8947368421052632,2,3,2,1_romanized_nepali
cheappp feel,3,2023-01-01,english,0.0,0.0,product,2,very_short,0,12,6.0,0,0,0.0,1.0,1,2,3,0_english
Aaja maile ramro paaye KantipurMart KantipurMart KantipurMart but message looks like ad TI BEST DEAL HERE !!!,2,2026-01-24,romanized_nepali,1.0,4.0,product,17,short,1,109,6.411764705882353,3,0,0.1926605504587156,0.8823529411764706,2,2,2,1_romanized_nepali
"Airline ka service top class thiyo, food pani tasty, I'm fully satisfied!",2,2023-10-31,code_mixed,0.0,0.0,transportation,12,short,1,73,6.083333333333333,1,0,0.0273972602739726,1.0,0,4,2,1_code_mixed
💡💡💡 #BestSolution #Number1Service WORLD CLASS SUPPORT!!! Outstanding team highly recommended!!! #Professional #Excellence #TopRated!!!,5,2024-03-08,english,0.0,0.0,services,13,short,1,134,10.307692307692308,9,0,0.19402985074626866,1.0,1,3,2,1_english
Very slow service. 😡 I waited for an hour to get my food and it was tasteless. ‼️ TOTAL WASTE OF TIME. 🔥,1,2026-02-18,english,0.0,0.0,food,23,short,1,104,4.521739130434782,0,0,0.17307692307692307,1.0,1,0,2,1_english
"product eco friendliness ekdum high, recyclable materials, sustainable choice!!!",5,2024-02-05,code_mixed,0.0,0.0,product,9,very_short,1,80,8.88888888888889,3,0,0.0,1.0,0,2,3,1_code_mixed
Lift 502 best experience tho Maybe it will improve later. Service was a bit slow but okay. Actually I dont know. 🙌,5,10/7/2023,english,0.0,0.0,hotel_restaurant,22,short,0,114,5.181818181818182,0,0,0.043859649122807015,1.0,1,1,2,0_english
momo mitho and soup mitho. ramro dherai ramro bro,5,2023-02-14,code_mixed,1.0,2.0,food,9,very_short,0,49,5.444444444444445,0,0,0.0,0.8888888888888888,0,0,3,0_code_mixed
Slow response time today.,2,2026-02-09,english,0.0,0.0,services,4,very_short,1,25,6.25,0,0,0.04,1.0,1,3,3,1_english
Thakali set 140 lastai kharab thyo ho Khana pakauna time lagyo. 😍🙂,2,1/30/2022,romanized_nepali,1.0,1.0,food,12,short,0,66,5.5,0,0,0.030303030303030304,1.0,2,0,2,0_romanized_nepali
"Dherai badmaash restaurant, food quality kam cha, don't go there, believe me.",1,2023-07-08,code_mixed,0.0,0.0,food,12,short,1,77,6.416666666666667,0,0,0.012987012987012988,1.0,0,0,2,1_code_mixed
"lastai dami trip thiyo, ramailo ramailo journey sahi ho",5,2023-04-04,romanized_nepali,1.0,3.0,transportation,9,very_short,0,55,6.111111111111111,0,0,0.0,0.8888888888888888,2,4,3,0_romanized_nepali
"product ok cha tara delivery dherai slow thyo, next time local shop batai kinchu",3,2022-09-30,romanized_nepali,1.0,0.0,product,14,short,0,80,5.714285714285714,0,0,0.0,1.0,2,2,2,0_romanized_nepali
"paisa waste, time waste. this is very bad and very bad 🤮",1,2024-08-01,english,1.0,1.0,services,12,short,0,56,4.666666666666667,0,0,0.0,0.8333333333333334,1,3,2,0_english
"Best sushi restaurant in the entire country, freshness perfect, taste unbelievable!!!",5,2023-03-21,english,0.0,0.0,food,11,short,1,85,7.7272727272727275,3,0,0.011764705882352941,1.0,1,0,2,1_english
"Extraordinary service, attention to detail perfect, highly professional team!!!",5,2024-03-13,english,0.0,0.0,services,9,very_short,1,79,8.777777777777779,3,0,0.012658227848101266,1.0,1,3,3,1_english
honestly the cafe was cute and vibe was good. coffee mitho thiyo. price bit high but ok for the ambience. would go again maybe 😊,4,2023-08-18,code_mixed,1.0,2.0,food,25,short,0,128,5.12,0,0,0.0,0.92,0,0,2,0_code_mixed
Chain 491 Activa tasty enough !!! The color was nice. Shipping was fast. And the quality was also something I noticed. Price was high but fine. Price was high but fine. And the quality was also something I noticed. Battery life is good. It was quite a busy day there. Actually I dont know. And the quality was also something I noticed. Battery life is good. Maybe it will improve later.,4,11/11/2025,english,0.0,0.0,transportation,71,long,0,386,5.436619718309859,3,0,0.046632124352331605,0.5774647887323944,1,4,0,0_english
"Mero mobile ko repair garnu gayo, ekdam besari bhayo, abhi pani thik nahudo ra.",1,2024-05-01,romanized_nepali,1.0,1.0,services,14,short,1,79,5.642857142857143,0,0,0.012658227848101266,1.0,2,3,2,1_romanized_nepali
Sandwich 695 babbal quality raixa hai Staff behavior was polite and ramro. Staff behavior was polite and ramro. Battery backup is dami ngl. The product is babbal and works fine. Battery backup is dami ngl. Will visit again pheri.,5,10/28/2025,code_mixed,1.0,3.0,food,39,medium,0,229,5.871794871794871,0,0,0.03056768558951965,0.6410256410256411,0,0,1,0_code_mixed
"WiFi password diyena at check-in, had to ask 3 times. jhyau honestly Reasonable quality overall.",2,5/13/2023,code_mixed,1.0,1.0,hotel_restaurant,15,short,0,96,6.4,0,0,0.03125,1.0,0,1,2,0_code_mixed
Namaste Pay 667 dami experience vayo ni ta Tara pani thik thyo. Sathi haru sanga gako thyo. Khana pakauna time lagyo.,4,6/24/2025,romanized_nepali,1.0,1.0,services,21,short,0,117,5.571428571428571,0,0,0.042735042735042736,0.9523809523809523,2,3,2,0_romanized_nepali
"very bad quality product, broke after 2 uses, ekdam kharab, paisa waste",1,2023-10-17,code_mixed,1.0,2.0,product,12,short,0,71,5.916666666666667,0,0,0.0,1.0,0,2,2,0_code_mixed
terrace dining ramro romantic,5,10/27/2023,code_mixed,1.0,1.0,hotel_restaurant,4,very_short,0,29,7.25,0,0,0.0,1.0,0,1,3,0_code_mixed
"Magnificent product, craftsmanship excellent, attention detail perfect, masterpiece!!!",5,2023-01-08,english,0.0,0.0,product,8,very_short,1,86,10.75,3,0,0.011627906976744186,1.0,1,2,3,1_english
"Excellent product quality, ramro service, I'm very happy, dherai impressed thiye.",5,2022-05-03,code_mixed,0.0,0.0,product,11,short,1,81,7.363636363636363,0,0,0.024691358024691357,1.0,0,2,2,1_code_mixed
"very slow service very slow, asked for water 3 times",1,2024-04-05,english,0.0,0.0,hotel_restaurant,10,very_short,0,52,5.2,0,0,0.0,0.9,1,1,3,0_english
Sunglasses lastai jhyau vayo ni Pachi pheri try garchu. Bholi pani janchu hola. Bholi pani janchu hola. Pachi pheri try garchu. Sathi haru lai pani vanchu. Bholi pani janchu hola. Malai ta ekdam man paryo. Hijo gako thyo rati. Pachi pheri try garchu. Pachi pheri try garchu.,1,7/21/2023,romanized_nepali,1.0,2.0,transportation,47,medium,0,274,5.829787234042553,0,0,0.040145985401459854,0.5531914893617021,2,4,1,0_romanized_nepali
"Yo service ko quality dherai kam cha, I'm really disappointed with their driving skills, kina aba traffic ma pani dherai problem cha, they can't even navigate through simple routes, bahira pathako samasya pani thaye, it's like they're intentionally trying to waste our time, aur price pani dherai high cha, I mean, kina keho ko khane ko paisa kam cha.",3,2024-05-05,code_mixed,1.0,1.0,transportation,59,medium,1,351,5.9491525423728815,0,0,0.008547008547008548,0.8305084745762712,0,4,1,1_code_mixed
bed ramro pillow hard,3,7/8/2024,code_mixed,1.0,1.0,hotel_restaurant,4,very_short,0,21,5.25,0,0,0.0,1.0,0,1,3,0_code_mixed
"Pulsar 220F check gareko thyo service center ma scheduled service ko lagi — 10,000 km service thyo. Appointment system online cha, got slot next day. Mechanic explained what maintenance was due. Oil change, air filter, brake inspection, chain adjustment all done in 2 hours. Bill breakdown clear thyo — Rs 2400 total. Waiting area clean thyo, free tea diye. Test ride after service confirmed improvements. Brakes responsive, chain tension correct. Service quality consistent with previous visits. Good center.",4,4/28/2024,romanized_nepali,0.0,0.0,transportation,78,long,0,509,6.5256410256410255,0,0,0.023575638506876228,0.9230769230769231,2,4,0,0_romanized_nepali
"Service dherai ramro thiyo, I really liked it, food pani delicious cha, amazing experience overall, I highly recommend yi hotel.",5,2022-06-13,code_mixed,0.0,0.0,hotel_restaurant,20,short,1,128,6.4,0,0,0.0234375,0.95,0,1,2,1_code_mixed
"Ma 2 weeks ago Nepal Bus Service ko ticket kina sakyo, but their customer care team dherai useless thiyo, kina problems solve gardina, kina ticket cancel garne kaam pani hudaina, refund pani dina sakdina, aba ma socheko chu, kina kohi ko recommendation lena pani wrong ho, kina online reviews pani fake huncha.",1,2023-09-13,code_mixed,1.0,1.0,transportation,52,medium,1,310,5.961538461538462,0,0,0.012903225806451613,0.8269230769230769,0,4,1,1_code_mixed
thik cha app. easy to use. but crash huncha sometimes. overall chalcha,3,2023-05-14,romanized_nepali,1.0,2.0,services,12,short,0,70,5.833333333333333,0,0,0.0,1.0,2,3,2,0_romanized_nepali
"Thik cha, service average thiyo, okay.",5,2024-10-06,code_mixed,0.0,0.0,hotel_restaurant,6,very_short,1,38,6.333333333333333,0,0,0.02631578947368421,1.0,0,1,3,1_code_mixed
food hot hot and smell wow wow i eat fast fast tongue burn lol but nice,4,2025-08-08,english,0.0,0.0,food,16,short,0,71,4.4375,0,0,0.0,0.8125,1,0,2,0_english
ramailo thiyo dinner. music pani thiyo ani atmosphere pani ramro. will visit again 😊,4,2024-07-30,code_mixed,1.0,1.0,hotel_restaurant,14,short,0,84,6.0,0,0,0.0,0.8571428571428571,0,1,2,0_code_mixed
Thamel ma evening walk ma gaye. The street food was okay but the crowd was too much. I tried a few items and left early. Nothing special to remember.,3,2025-07-05,code_mixed,0.0,0.0,food,29,medium,1,149,5.137931034482759,0,0,0.026845637583892617,0.9310344827586207,0,0,1,1_code_mixed
"Chi chi, product battery draining fast, waste of money!!!",1,2022-10-01,english,0.0,0.0,product,9,very_short,1,57,6.333333333333333,3,0,0.017543859649122806,1.0,1,2,3,1_english
"cab surge pricing fair cha, transparent calculation, no cheating!!!",5,2023-10-19,code_mixed,0.0,0.0,transportation,9,very_short,1,67,7.444444444444445,3,0,0.0,1.0,0,4,3,1_code_mixed
"service contract terms fair cha, flexibility provided, customer centric approach!!!",5,2022-10-22,code_mixed,0.0,0.0,services,10,very_short,1,83,8.3,3,0,0.0,1.0,0,3,3,1_code_mixed
"Tempo driver le helmet diyena ra maafichha matra bhanyo. safety concern seriously, complain gareko thyo app ma Expectations met roughly. Consistent quality rachha yahan ko.",2,10/13/2022,romanized_nepali,0.0,0.0,transportation,25,short,0,172,6.88,0,0,0.01744186046511628,1.0,2,4,2,0_romanized_nepali
bus clean and seat comfy. sahi ho ride and paisa vasool,5,2022-10-10,code_mixed,1.0,2.0,transportation,11,short,0,55,5.0,0,0,0.0,0.9090909090909091,0,4,2,0_code_mixed
"Dherai din dekhi BrightBowl Cafe ko ad herirako thiye. BrightBowl Cafe BrightBowl Cafe BrightBowl Cafe bhanera everywhere cha. Ma sathi sanga gako, ambience photo jasto thiyo tara taste normal. Staff constantly asked for review which felt unnatural and scripted.",3,2025-01-28,romanized_nepali,0.0,0.0,food,39,medium,1,262,6.717948717948718,0,0,0.05725190839694656,0.8461538461538461,2,0,1,1_romanized_nepali
"scooter helmet storage available cha, safety features complete, thoughtful design!!!",5,2022-11-14,romanized_nepali,0.0,0.0,transportation,10,very_short,1,84,8.4,3,0,0.0,1.0,2,4,3,1_romanized_nepali
ramro dherai ramro. i came here last month and again this month. both times food was perfect. staff remembered my name on second visit which was so nice. momo here is lastai dami. and price is also fair. paisa vasool cha. if you havent tried this place you are missing out bro. will keep coming. jakaas place.,5,2023-11-22,code_mixed,1.0,5.0,food,57,medium,0,309,5.421052631578948,0,0,0.0,0.8947368421052632,0,0,1,0_code_mixed
☕☕☕ #BestCoffeeNepal #Number1Taste WORLD CLASS AROMA!!! Must try best coffee experience!!! #Foodie #Premium #TopQuality!!!,5,2023-02-14,english,0.0,0.0,food,14,short,1,122,8.714285714285714,9,0,0.20491803278688525,1.0,1,0,2,1_english
lastai baal cha. jhyau lagyo. baal baal baal. khattam service. paisa waste,1,2023-06-17,romanized_nepali,1.0,3.0,services,12,short,0,74,6.166666666666667,0,0,0.0,0.8333333333333334,2,3,2,0_romanized_nepali
Smartwatch 308 ok thyo experience hai The product is babbal and works fine. Overall experience was thikai. The product is babbal and works fine. Staff behavior was polite and ramro. Will visit again pheri. Price ali high thyo but worth it. Battery backup is dami ngl. Overall experience was thikai. I liked the atmosphere there ramailo thyo. Staff behavior was polite and ramro.,3,6/14/2023,code_mixed,1.0,3.0,product,63,medium,0,378,6.0,0,0,0.0291005291005291,0.6507936507936508,0,2,1,0_code_mixed
sunsilk smell ramro hair soft,4,9/17/2023,code_mixed,1.0,1.0,product,5,very_short,0,29,5.8,0,0,0.0,1.0,0,2,3,0_code_mixed
Overpriced and extremely rude service at this dump of a salon.,2,2024-06-07,english,0.0,0.0,services,11,short,1,62,5.636363636363637,0,0,0.016129032258064516,1.0,1,3,2,1_english
Dherai be thik ride thiyo. The cab was air conditioned and the driver knew the shortest route. Fare was exact as per app. I reached home comfortably.,3,2025-11-05,romanized_nepali,1.0,2.0,transportation,27,short,1,149,5.518518518518518,0,0,0.026845637583892617,0.9259259259259259,2,4,2,1_romanized_nepali
"Phenomenal product quality, durability unmatched, investment worthwhile, buy now!!!",5,2024-10-29,english,0.0,0.0,product,9,very_short,1,83,9.222222222222221,3,0,0.012048192771084338,1.0,1,2,3,1_english
gayo tyo hotel ma. staff le herna ni najaneko. paisa waste thiyo. never going back sala.,1,2023-04-20,romanized_nepali,1.0,3.0,hotel_restaurant,16,short,0,88,5.5,0,0,0.0,1.0,2,1,2,0_romanized_nepali
Haircut here was bad. told them shoulder length and they cut way shorter. never returning,1,1/5/2023,english,0.0,0.0,services,15,short,0,89,5.933333333333334,0,0,0.011235955056179775,1.0,1,3,2,0_english
Pocket Wallet 911 loved it ?? Maybe it will improve later. Actually I dont know. Price was high but fine. It was quite a busy day there. The color was nice. The staff were helpful. The color was nice.,5,4/5/2023,english,0.0,0.0,services,39,medium,0,200,5.128205128205129,0,2,0.05,0.7948717948717948,1,3,1,0_english
"Food quality top notch cha, I'm totally impressed, price pani reasonable.",5,2022-11-06,code_mixed,0.0,0.0,food,11,short,1,73,6.636363636363637,0,0,0.0273972602739726,1.0,0,0,2,1_code_mixed
Room 739 very disappointed with it yaar Staff behavior was polite and ramro. I liked the atmosphere there ramailo thyo. I liked the atmosphere there ramailo thyo. I liked the atmosphere there ramailo thyo. Delivery was fast and safe thyo. Service kasto slow thyo but okay. Service kasto slow thyo but okay. The food was tasty and mitho thyo. The food was tasty and mitho thyo. Staff behavior was polite and ramro. 😶😭,2,2/28/2023,code_mixed,1.0,2.0,hotel_restaurant,73,long,0,416,5.698630136986301,0,0,0.026442307692307692,0.4657534246575342,0,1,0,0_code_mixed
Watch strap broke cheap quality,2,9/22/2024,english,0.0,0.0,product,5,very_short,0,31,6.2,0,0,0.03225806451612903,1.0,1,2,3,0_english
Recently CleanWave Services hire gareko for home cleaning. CleanWave Services CleanWave Services CleanWave Services dherai marketing garcha. Work satisfactory thiyo tara deep cleaning ma kami dekhincha. Overall moderate experience.,3,2025-02-14,code_mixed,0.0,0.0,services,29,medium,1,231,7.9655172413793105,0,0,0.06493506493506493,0.7931034482758621,0,3,1,1_code_mixed
"Customer service team dherai helpful thiyo, product details clearly diyo, but return policy thik cha, I hope it works fine.",3,2024-12-17,code_mixed,0.0,0.0,product,20,short,1,123,6.15,0,0,0.016260162601626018,1.0,0,2,2,1_code_mixed
"Amazing product, dherai value for money, I'm impressed, will buy again for sure!",5,2025-02-02,code_mixed,0.0,0.0,product,13,short,1,80,6.153846153846154,1,0,0.025,0.9230769230769231,0,2,2,1_code_mixed
Powerbank 923 babbal thyo k ni ta Pachi pheri try garchu. Khana pakauna time lagyo.,4,8/4/2023,romanized_nepali,1.0,1.0,product,15,short,0,83,5.533333333333333,0,0,0.03614457831325301,1.0,2,2,2,0_romanized_nepali
i booked room for 2 nights and then when i reached they said booking cancel bhayo bhanyo. cancel?? NO email NO call nothing. where do i sleep now bro. total bijog management,1,2023-03-29,code_mixed,1.0,2.0,hotel_restaurant,32,medium,0,173,5.40625,0,2,0.023121387283236993,0.90625,0,1,1,0_code_mixed
Samosa 859 vayo thikai bro Pachi pheri try garchu. Sathi haru sanga gako thyo. Ani bholi pheri janchu. Malai ta man paryo. Malai ta man paryo. Tara pani thik thyo. Pachi pheri try garchu. Dhilo aayo tara mitho thyo. Dherai kura haru ramro thyo.,3,10/24/2025,romanized_nepali,1.0,2.0,food,44,medium,0,244,5.545454545454546,0,0,0.040983606557377046,0.7045454545454546,2,0,1,0_romanized_nepali
"food poisoning bhayo yaha bata, hospital jana paryo, owner lai jail ma halna parcha!!!",1,2023-02-28,romanized_nepali,0.0,0.0,food,14,short,1,86,6.142857142857143,3,0,0.0,1.0,2,0,2,1_romanized_nepali
"room safa thiyena, bedsheet ma smell aauthy, lastai ganda thyo. AC pani kaam gardaina thyo half the night. told reception and they said will fix but nobody came. NOBODY. I was sweating whole night bro. never booking here again. khattam hotel khattam service. paisa waste time waste total bijog",1,2023-09-05,code_mixed,1.0,5.0,hotel_restaurant,49,medium,0,293,5.979591836734694,0,0,0.030716723549488054,0.9591836734693877,0,1,1,0_code_mixed
"paisa waste, time waste, staff rude and rude again",1,2023-05-05,english,1.0,1.0,services,9,very_short,0,50,5.555555555555555,0,0,0.0,0.7777777777777778,1,3,3,0_english
"servce compltion took 3x longer than promissed, no apology!!!",1,2024-04-11,english,0.0,0.0,services,9,very_short,1,61,6.777777777777778,3,0,0.0,1.0,1,3,3,1_english
Ruler paisa vasool deal ho ni The food was tasty and mitho thyo. Battery backup is dami ngl. Service kasto slow thyo but okay. I liked the atmosphere there ramailo thyo.,4,4/2/2025,code_mixed,1.0,3.0,product,31,medium,0,169,5.451612903225806,0,0,0.029585798816568046,0.967741935483871,0,2,1,0_code_mixed
jacket ramro dherai ramro and warm. dami dami,5,2022-08-08,code_mixed,1.0,2.0,product,8,very_short,0,45,5.625,0,0,0.0,0.75,0,2,3,0_code_mixed
event manage organize time 😤😶,5,12/7/2023,code_mixed,0.0,0.0,services,5,very_short,0,29,5.8,0,0,0.0,1.0,0,3,3,0_code_mixed
jhyau matra,1,2024-05-27,romanized_nepali,1.0,1.0,services,2,very_short,0,11,5.5,0,0,0.0,1.0,2,3,3,0_romanized_nepali
lastai waste bro,1,2022-12-05,code_mixed,1.0,1.0,services,3,very_short,0,16,5.333333333333333,0,0,0.0,1.0,0,3,3,0_code_mixed
Taximandu 464 tasty enough ngl It was quite a busy day there. Price was high but fine. Service was a bit slow but okay.,5,5/2/2023,english,0.0,0.0,transportation,24,short,0,119,4.958333333333333,0,0,0.03361344537815126,0.8333333333333334,1,4,2,0_english
"I recently visited this restaurant for a dinner with my colleagues and honestly the experience was quite average for the high price they charge. ✨ While the ambiance was modern and the staff were polite, the main course took over forty minutes to arrive at our table. ⭐ The food was lukewarm and lacked the authentic spice level I was expecting from the photos. 🍕 It is a decent place for a quick hangout but don't expect a high-end culinary experience if you are a food enthusiast. 🙏",3,2026-02-18,english,0.0,0.0,hotel_restaurant,88,long,1,484,5.5,0,0,0.010330578512396695,0.7727272727272727,1,1,0,1_english
"yo company ko support call garey, hold ma rakhyo 30 min and then line katyo. WHAT. called again hold again. lastai baal cha yo service. paisa waste every month paying for this",1,2023-01-14,code_mixed,1.0,3.0,services,32,medium,0,175,5.46875,0,0,0.022857142857142857,0.9375,0,3,1,0_code_mixed
"Repair shop ko work quality top notch thiyo, I'm impressed, prices pani fair cha!",4,2022-05-06,code_mixed,0.0,0.0,services,14,short,1,81,5.785714285714286,1,0,0.024691358024691357,1.0,0,3,2,1_code_mixed
"service timing ekdum punctual, staff polite, result outstanding, highly highly recommended!!!",5,2024-04-21,code_mixed,0.0,0.0,services,11,short,1,93,8.454545454545455,3,0,0.0,0.9090909090909091,0,3,2,1_code_mixed
Excellent professionals!!!,5,2024-02-11,english,0.0,0.0,services,2,very_short,1,26,13.0,3,0,0.038461538461538464,1.0,1,3,3,1_english
"Chi chi, hotel bathroom ma keera, disgusting experience, worst ever!!!",1,2024-03-22,code_mixed,0.0,0.0,hotel_restaurant,10,very_short,1,70,7.0,3,0,0.014285714285714285,1.0,0,1,3,1_code_mixed
"Ani, burger mitho dami",5,2024-09-08,romanized_nepali,1.0,1.0,food,4,very_short,1,22,5.5,0,0,0.045454545454545456,1.0,2,0,3,1_romanized_nepali
InDrive driver friendly thyo tara ali late aayo pickup ma,4,2025-02-27,code_mixed,0.0,0.0,transportation,10,very_short,0,57,5.7,0,0,0.03508771929824561,1.0,0,4,3,0_code_mixed
"Placed an order on Sastodeal for a kitchen appliance — product arrived in 3 days, good speed. Packaging was adequate, no damage. Product matched description exactly. Setup was easy as per included manual. Customer service chat was responsive when I had a pre-purchase query. Overall smooth e-commerce experience. Price was also lower than physical stores by about Rs 600. Will use Sastodeal again for electronics and appliances. Trust has been established after this first experience.",5,7/8/2023,english,0.0,0.0,product,75,long,0,484,6.453333333333333,0,0,0.026859504132231406,0.9066666666666666,1,2,0,0_english
Recently tried the laundry service at QUICK-WASH. QUICK-WASH did a decent job but QUICK-WASH lost one of my socks. QUICK-WASH apologized but the experience was just mediocre overall.,3,2026-02-11,english,0.0,0.0,services,28,short,1,182,6.5,0,0,0.2032967032967033,0.8571428571428571,1,3,2,1_english
HP monitor I bought arrived with dead pixels. replacement process took a full week and a half Service time ma deliver bhayo thankfully.,2,2/26/2023,english,0.0,0.0,product,23,short,0,135,5.869565217391305,0,0,0.02962962962962963,0.9565217391304348,1,2,2,0_english
Two-wheeler 320 best experience ?? And the quality was also something I noticed. It was quite a busy day there.,5,1/10/2025,english,0.0,0.0,transportation,20,short,0,111,5.55,0,2,0.036036036036036036,0.95,1,4,2,0_english
Butcher paisa vasool deal ho yaar I liked the atmosphere there ramailo thyo.,4,2/29/2024,code_mixed,1.0,1.0,services,13,short,0,76,5.846153846153846,0,0,0.02631578947368421,1.0,0,3,2,0_code_mixed
Kalo Taxi 531 not good at all k ta Will visit again pheri. The product is babbal and works fine. Battery backup is dami ngl. Service kasto slow thyo but okay. Battery backup is dami ngl. Will visit again pheri. Will visit again pheri. Overall experience was thikai. The product is babbal and works fine. Will visit again pheri. Service kasto slow thyo but okay. 🔥 ,2,1/27/2022,code_mixed,1.0,2.0,transportation,66,long,0,364,5.515151515151516,0,0,0.03571428571428571,0.5303030303030303,0,4,0,0_code_mixed
Burger 964 momo paisa vasool deal ho bro Overall experience was thikai. Will visit again pheri. Price ali high thyo but worth it. Service kasto slow thyo but okay. The food was tasty and mitho thyo. Overall experience was thikai. Overall experience was thikai. The food was tasty and mitho thyo. 😭 ,5,8/26/2023,code_mixed,1.0,2.0,food,52,medium,0,298,5.730769230769231,0,0,0.030201342281879196,0.6538461538461539,0,0,1,0_code_mixed
"Mero pariwar sanga yo restaurant ma khana khane gayo, dami besari thik cha, hola pugyo, bhayo ramro.",4,2022-01-02,romanized_nepali,1.0,1.0,hotel_restaurant,17,short,1,100,5.882352941176471,0,0,0.01,1.0,2,1,2,1_romanized_nepali
"Airline ko flight dherai smooth thiyo, excellent service, good food, overall nice!",5,2022-05-25,code_mixed,0.0,0.0,transportation,12,short,1,82,6.833333333333333,1,0,0.012195121951219513,1.0,0,4,2,1_code_mixed
"Oho, fraud criminal hotel",1,2022-04-15,english,0.0,0.0,hotel_restaurant,4,very_short,1,25,6.25,0,0,0.04,1.0,1,1,3,1_english
Stay away from this restaurant if you value your health and money because the hygiene level is zero in their kitchen area. I visited last night with my family and we found a dead cockroach in our main course but the manager was extremely rude and refused to apologize for the disaster. We all got food poisoning and had to visit the emergency room so I am planning to file a formal complaint with the authorities soon.,1,2023-03-19,english,0.0,0.0,food,77,long,1,418,5.428571428571429,0,0,0.009569377990430622,0.8311688311688312,1,0,0,1_english
Chito Ma visited HimalShop HimalShop HimalShop the staff helpful but response very template like ti item matched description yet felt overly promoted and repeated content decreased trust very generic phrase very generic phrase,4,2026-01-22,romanized_nepali,1.0,3.0,product,33,medium,1,226,6.848484848484849,0,0,0.035398230088495575,0.8181818181818182,2,2,1,1_romanized_nepali
"Chi, contracted hired engaged employed commissioned appointed retained enlisted recruited service provider contractor vendor supplier agent representative for critical important essential vital crucial significant major substantial considerable extensive comprehensive large scale complex sophisticated intricate delicate sensitive confidential project undertaking initiative program scheme plan and execution implementation delivery completion performance was disastrously catastrophically terribly horribly awfully dreadfully appallingly shockingly outrageously scandalously disgracefully shamefully embarrassingly unprofessional incompetent negligent careless reckless irresponsible unaccountable, missed deadlines timelines schedules milestones targets goals objectives repeatedly constantly continuously persistently consistently, quality work output deliverables results was substandard inferior mediocre average ordinary poor pathetic terrible awful, communication coordination collaboration cooperation was nonexistent absent lacking missing poor inadequate insufficient, transparency honesty integrity ethics morals principles values standards was questionable doubtful suspicious dubious shady sketchy, hidden agendas motives intentions purposes objectives were evident obvious apparent clear visible noticeable, charged excessive unreasonable unjustified inflated exorbitant outrageous fees costs pricing",1,2024-06-09,code_mixed,0.0,0.0,services,148,long,1,1415,9.56081081081081,0,0,0.0007067137809187279,0.9662162162162162,0,3,0,1_code_mixed
Recently Ma bought from HimalShop HimalShop HimalShop good packaging ti product okay but the customer comment looked like a template repeated in multiple places too generic and promotional very generic phrase,4,2026-01-08,romanized_nepali,1.0,3.0,product,31,medium,1,208,6.709677419354839,0,0,0.038461538461538464,0.9032258064516129,2,2,1,1_romanized_nepali
Dherai ghatiya customer support 😡‼️. They don't listen to the problem and just repeat the same script. TOTAL FRAUD company. I will be lodging a complaint with the authorities soon 🔥.,1,2026-02-12,romanized_nepali,1.0,1.0,services,31,medium,1,182,5.870967741935484,0,0,0.07142857142857142,0.9354838709677419,2,3,1,1_romanized_nepali
app crashed 3 times while checkout bro. finally went through and then i was charged twice. bank shows 2 charge. and then support le 3 days ma solve garcha bhanyo. baal app. jhur system. this is very bad. paisa kaatyo mero,1,2023-08-27,code_mixed,1.0,2.0,services,41,medium,0,221,5.390243902439025,0,0,0.0,0.926829268292683,0,3,1,0_code_mixed
"Food thik cha, normal taste.",3,2023-08-15,romanized_nepali,0.0,0.0,food,5,very_short,1,28,5.6,0,0,0.03571428571428571,1.0,2,0,3,1_romanized_nepali
waited 1 hour for taxi that never came. and then when i called driver said he went to wrong place. and then new driver assigned and then he also was late. bro i missed my bus. MISSED MY BUS. and then company said sorry only. sorry won't give me my bus back sala. baal taxi service. lastai jhyau thyo yar,1,2024-05-31,code_mixed,1.0,3.0,transportation,60,medium,0,303,5.05,0,0,0.036303630363036306,0.7833333333333333,0,4,1,0_code_mixed
ramro dherai ramro. food was so good. staff was helpful. place was clean. i loved it.,5,2022-11-24,code_mixed,1.0,1.0,hotel_restaurant,16,short,0,85,5.3125,0,0,0.0,0.875,0,1,2,0_code_mixed
ramro service cha yaar.. they fixed my fridge fast and price was also okay.. sahi ho sahi ho will call again,5,2023-04-24,code_mixed,1.0,2.0,services,21,short,0,108,5.142857142857143,0,0,0.0,0.9047619047619048,0,3,2,0_code_mixed
Slow but okay response today.,3,2026-02-18,english,0.0,0.0,services,5,very_short,1,29,5.8,0,0,0.034482758620689655,1.0,1,3,3,1_english
Aaja maile SMART-GADGET bata phone kineko tara SMART-GADGET le used phone pathayecha. SMART-GADGET is a TOTAL FRAUD and I will never suggest anyone to buy from SMART-GADGET again. This was the worst online shopping experience for me and the refund process of SMART-GADGET is also very complicated and slow for regular users.,1,2026-02-10,code_mixed,1.0,1.0,product,52,medium,1,324,6.230769230769231,0,0,0.20987654320987653,0.8076923076923077,0,2,1,1_code_mixed
"Product purchase garnu ma I'm fully happy, thik cha, no issues.",3,2024-11-21,code_mixed,0.0,0.0,product,11,short,1,63,5.7272727272727275,0,0,0.031746031746031744,1.0,0,2,2,1_code_mixed
ramro ramro cha the boot.. strong sole and fits well.. bought for trekking and it did great.. jakaas product,5,2024-02-09,code_mixed,1.0,2.0,product,19,short,0,108,5.684210526315789,0,0,0.0,0.8947368421052632,0,2,2,0_code_mixed
Fries really liked the quality babbal ni Battery backup is dami ngl. I liked the atmosphere there ramailo thyo.,5,8/8/2023,code_mixed,1.0,2.0,food,19,short,0,111,5.842105263157895,0,0,0.02702702702702703,0.8947368421052632,0,0,2,0_code_mixed
Clinic 231 kasto ramailo vayo k Dhilo aayo tara mitho thyo. Dhilo aayo tara mitho thyo.,4,1/22/2022,romanized_nepali,1.0,2.0,services,16,short,0,87,5.4375,0,0,0.034482758620689655,0.6875,2,3,2,0_romanized_nepali
ramro hotel cha. room clean thyo. check in process smooth thyo. overall ramro experience,4,2023-10-10,romanized_nepali,1.0,1.0,hotel_restaurant,14,short,0,88,6.285714285714286,0,0,0.0,0.8571428571428571,2,1,2,0_romanized_nepali
Aaja ko dinner dherai jhur vayo 🍕. Pizza cold thyo ani staff haru le bolda dherai ignore gare. TOTAL WASTE of money and time 😡‼️. Never visiting this food court again with my family. 🔥,1,2026-02-18,code_mixed,1.0,1.0,food,35,medium,1,184,5.257142857142857,0,0,0.07065217391304347,0.9714285714285714,0,0,1,1_code_mixed
"Best product ever, majja aayo!",3,2022-02-25,code_mixed,0.0,0.0,product,5,very_short,1,30,6.0,1,0,0.03333333333333333,1.0,0,2,3,1_code_mixed
Aaja ride lida driver bro ko behavior ekdumai ramro lagyo ani bike ko condition pani world class nai raixa hjr. Kathmandu ko traffic ma pani destination ma ekdum xitai puryaidinu vo ani riding style pani dherai safe thiyo sabaile try garnu hola aaja dekhi. Yo app vanda ramro aru kunai pani xaina aile Nepal ko market ma sabaile dhukkai use garda huncha mero side bata 100 percent recommendation xa.,5,2023-06-16,romanized_nepali,1.0,1.0,transportation,69,long,1,399,5.782608695652174,0,0,0.010025062656641603,0.8405797101449275,2,4,0,1_romanized_nepali
Chowmein 324 really loved the service ta Service kasto slow thyo but okay. Battery backup is dami ngl. Overall experience was thikai.,4,7/29/2022,code_mixed,1.0,1.0,food,22,short,0,133,6.045454545454546,0,0,0.03007518796992481,1.0,0,0,2,0_code_mixed
"Xiaomi robot vacuum kineko thyo — lastai helpful, ghar dusty rehucha tara yo use garesi problem solve bhayo. mapping feature dami cha",5,8/6/2024,code_mixed,1.0,1.0,product,22,short,0,133,6.045454545454546,0,0,0.007518796992481203,1.0,0,2,2,0_code_mixed
"Food quality acchi thi, price okay cha.",1,2023-01-02,code_mixed,0.0,0.0,food,7,very_short,1,39,5.571428571428571,0,0,0.02564102564102564,1.0,0,0,3,1_code_mixed
"Service dherai ramro thiyo, hotel ko ambiance pani very nice, I loved it, will definitely recommend.",4,2023-09-08,code_mixed,0.0,0.0,hotel_restaurant,16,short,1,100,6.25,0,0,0.02,1.0,0,1,2,1_code_mixed
"Dherai satisfied with product, amazing experience ho, I recommend.",5,2022-08-12,code_mixed,0.0,0.0,product,9,very_short,1,66,7.333333333333333,0,0,0.030303030303030304,1.0,0,2,3,1_code_mixed
khana mithoo tara price expensivee and expensivee. paisa waste bro,2,2023-08-08,romanized_nepali,1.0,1.0,food,10,very_short,0,66,6.6,0,0,0.0,1.0,2,0,3,0_romanized_nepali
"bekar ko mobile, chalda chalda afai switch off hunxa, seller le phone uthaudaina, thulo fraud raixa yo company, paisa barbad vo mero.",1,2023-08-22,romanized_nepali,1.0,2.0,product,22,short,1,133,6.045454545454546,0,0,0.0,0.9545454545454546,2,2,2,1_romanized_nepali
"yo product reliability sabai vanda best ho, trust garnu sakine!!!",5,2024-12-20,romanized_nepali,0.0,0.0,product,10,very_short,1,65,6.5,3,0,0.0,1.0,2,2,3,1_romanized_nepali
"services kharab kharab, helpline ma call gareko koi uthaena, email gareko reply aena, lastai jhyau",1,2022-06-08,romanized_nepali,1.0,2.0,services,15,short,0,98,6.533333333333333,0,0,0.0,0.9333333333333333,2,3,2,0_romanized_nepali
"very very slow internet from this company, called support 3 times still no fix",1,2024-08-14,english,0.0,0.0,services,14,short,0,78,5.571428571428571,0,0,0.0,0.9285714285714286,1,3,2,0_english
"Pugyo bhayo, yo bank sachai ramro huncha.",4,2024-04-12,romanized_nepali,0.0,0.0,services,7,very_short,1,41,5.857142857142857,0,0,0.024390243902439025,1.0,2,3,3,1_romanized_nepali
"jhyau lagyo yo resturant ma, never going back",1,2022-03-28,code_mixed,1.0,1.0,hotel_restaurant,8,very_short,0,45,5.625,0,0,0.0,1.0,0,1,3,0_code_mixed
Mero paisa firta deu.,1,2022-11-29,romanized_nepali,0.0,0.0,services,4,very_short,1,21,5.25,0,0,0.047619047619047616,1.0,2,3,3,1_romanized_nepali
"hotel event management capability ramro cha, coordination smooth, execution flawless!!!",5,2022-10-11,romanized_nepali,1.0,1.0,hotel_restaurant,10,very_short,1,87,8.7,3,0,0.0,1.0,2,1,3,1_romanized_nepali
Patan tira new cafe try gariyo. Coffee was strong and the cake was fresh. Ambiance was peaceful. I sat there for hours reading. This cafe called BeanHaven BeanHaven BeanHaven is my new favourite. BeanHaven has the best vibes in the area.,4,2025-03-09,code_mixed,1.0,1.0,food,41,medium,1,237,5.780487804878049,0,0,0.05485232067510549,0.7804878048780488,0,0,1,1_code_mixed
LG TV picture thik thyo but remote response slow lagyo,3,2025-02-23,code_mixed,1.0,1.0,product,10,very_short,0,54,5.4,0,0,0.07407407407407407,1.0,0,2,3,0_code_mixed
"I ordered this product for my mom and then the box came broken and then inside pani damaged thiyo, tried to return but customer service didnt pick up. called 4 times. FOUR TIMES. very bad very bad service. paisa waste. khattam company",1,2023-03-02,code_mixed,1.0,4.0,product,42,medium,0,234,5.571428571428571,0,0,0.042735042735042736,0.9047619047619048,0,2,1,0_code_mixed
Laphing 452 momo loved it ... And the quality was also something I noticed.,4,5/26/2024,english,0.0,0.0,food,14,short,0,75,5.357142857142857,0,0,0.04,1.0,1,0,2,0_english
"Completely satisfied with service, professional team, results beyond expectations!!!",5,2024-06-17,english,0.0,0.0,services,9,very_short,1,84,9.333333333333334,3,0,0.011904761904761904,1.0,1,3,3,1_english
Aaja maile naya jutta kineko tara ek din mai futyo. TOTAL WASTE OF MONEY. Shopkeeper le return garna mandaina. Dherai jhur quality ko saman bechne rahechha yo pasal le. Sabai jana hosh garnu hola.,1,2026-02-11,romanized_nepali,1.0,1.0,product,34,medium,1,196,5.764705882352941,0,0,0.10714285714285714,1.0,2,2,1,1_romanized_nepali
"yo product innovation level ekdum high cha, competition lai harai diyo!!!",5,2024-11-15,romanized_nepali,1.0,1.0,product,11,short,1,73,6.636363636363637,3,0,0.0,1.0,2,2,2,1_romanized_nepali
Aaja ma office colleagues sanga lunch ma gaye. The biryani was spicy and the raita was fresh. Waiter was quick with refills. This is the BEST LUNCH SPOT in the city!!! We will come back every Friday now.,5,2025-11-25,romanized_nepali,1.0,2.0,food,38,medium,1,203,5.342105263157895,3,0,0.09359605911330049,0.868421052631579,2,0,1,1_romanized_nepali
dami jacket cha yaar.. warnm and li ght.. bought for hike and it was perfect.. paisa vasool paisa vasool,5,2023-01-29,code_mixed,1.0,2.0,product,19,short,0,104,5.473684210526316,0,0,0.0,0.8421052631578947,0,2,2,0_code_mixed
idk man not great,2,2023-04-16,english,0.0,0.0,food,4,very_short,0,17,4.25,0,0,0.0,1.0,1,0,3,0_english
Dherai ramro.,4,2022-12-15,romanized_nepali,0.0,0.0,services,2,very_short,1,13,6.5,0,0,0.07692307692307693,1.0,2,3,3,1_romanized_nepali
Shangri-La XYZ 550 waste of money idk The color was nice. It was quite a busy day there. It was quite a busy day there. Price was high but fine. And the quality was also something I noticed. Shipping was fast. Price was high but fine. Battery life is good. Shipping was fast. Maybe it will improve later. The staff were helpful. It was quite a busy day there. Battery life is good. Price was high but fine. And the quality was also something I noticed.,2,7/11/2025,english,0.0,0.0,hotel_restaurant,86,long,0,452,5.255813953488372,0,0,0.048672566371681415,0.4883720930232558,1,1,0,0_english
"Maile yo product ko kharid gareko thiyo, aba maile yo product ko use gareko thiyo, malai lage yo product le mereko jeevan ko thik banayos, kina aba maile afno mitra haru lai yo product ko bare ma batayo, anhara haru pani yo product ko kharid garne ho bhane malai thiyo ki yo product le hami haru ko jeevan ko dami badalne sakcha, aaja maile yo product ko website ma visit gareko thiyo, tah yo product ko bare ma dherai kura gareko thiyo, malai lage yo product le mereko jeevan ko ekdam badalne sakcha, hola yi product le hami sabai ko jeevan ko pugyo, bhayo maile yo product ko kharid garne ma kasai kasai thiyen.",4,2025-04-19,romanized_nepali,1.0,4.0,product,114,long,1,613,5.37719298245614,0,0,0.0016313213703099511,0.43859649122807015,2,2,0,1_romanized_nepali
Monitor poor quality service tbh Recived it late. Delivery was prompt. Price was high.,2,1/26/2023,english,0.0,0.0,product,14,short,0,86,6.142857142857143,0,0,0.046511627906976744,0.9285714285714286,1,2,2,0_english
"yo product lastai ramro cha, life ma yesto quality kahile dekheko thiyena, 100% perfect!!!",5,2023-07-12,romanized_nepali,1.0,2.0,product,14,short,1,90,6.428571428571429,3,0,0.0,1.0,2,2,2,1_romanized_nepali
Aaja ko service ekdamai slow thyo. I had to wait for two hours just to get my car repaired. TOTAL WASTE of time and energy. The mechanics were not helpful at all during the wait.,2,2026-02-04,code_mixed,0.0,0.0,services,35,medium,1,178,5.085714285714285,0,0,0.07303370786516854,0.9714285714285714,0,3,1,1_code_mixed
"Hola pani khana dherai swadisht cha, gardai thik thik huncha, aaja pani gayo.",5,2022-12-15,romanized_nepali,0.0,0.0,hotel_restaurant,13,short,1,77,5.923076923076923,0,0,0.012987012987012988,0.8461538461538461,2,1,2,1_romanized_nepali
"Product kharaab cha, I wasted my money, quality dherai poor thiyo, don't buy from here.",1,2022-05-11,code_mixed,0.0,0.0,product,15,short,1,87,5.8,0,0,0.022988505747126436,1.0,0,2,2,1_code_mixed
"yo bike ekdam babbal performance, smooth smooth ride, best purchase ever!!!",5,2022-03-16,romanized_nepali,1.0,2.0,transportation,11,short,1,75,6.818181818181818,3,0,0.0,0.9090909090909091,2,4,2,1_romanized_nepali
"Maile yeh bank ko use gareko, it's really awesome, customer service dherai helpful cha, I love their quick loan facilities, must try!",5,2022-02-21,code_mixed,0.0,0.0,services,22,short,1,133,6.045454545454546,1,0,0.015037593984962405,1.0,0,3,2,1_code_mixed
"Bajaj Pulsar NS200 pickup ramroooo cha, riding ma majja aaucha",5,2025-03-01,romanized_nepali,1.0,1.0,transportation,10,very_short,0,62,6.2,0,0,0.06451612903225806,1.0,2,4,3,0_romanized_nepali
Iron steam clog temperature setting thik fabric careful,3,11/16/2024,english,0.0,0.0,product,8,very_short,0,55,6.875,0,0,0.01818181818181818,1.0,1,2,3,0_english
"Spectacular service outcomes, methodology proven, expertise unquestionable!!!",5,2024-02-29,english,0.0,0.0,services,7,very_short,1,77,11.0,3,0,0.012987012987012988,1.0,1,3,3,1_english
bag ramro dherai ramro and strong. no issue till now,5,2024-08-18,code_mixed,1.0,2.0,product,10,very_short,0,52,5.2,0,0,0.0,0.9,0,2,3,0_code_mixed
"Incredible service, life changing results, best investment ever made, cannot recommend enough!!!",5,2024-02-08,english,0.0,0.0,services,12,short,1,96,8.0,3,0,0.010416666666666666,1.0,1,3,2,1_english
"Onver Cab driver friendly thyo, city ko route ramro thaha thyo. zero issues journey bhar, will use same service again",5,8/1/2024,code_mixed,0.0,0.0,transportation,20,short,0,117,5.85,0,0,0.017094017094017096,1.0,0,4,2,0_code_mixed
"Bus ko service ramro thiyo, very convenient, I had a great time, price pani reasonable cha, highly recommended to all.",4,2023-07-16,code_mixed,0.0,0.0,transportation,20,short,1,118,5.9,0,0,0.01694915254237288,1.0,0,4,2,1_code_mixed
Plumber 721 kasto ramailo vayo ta Paisa dherai liyo tara thikai thyo.,4,7/7/2023,romanized_nepali,1.0,1.0,services,12,short,0,69,5.75,0,0,0.028985507246376812,1.0,2,3,2,0_romanized_nepali
Ekdamai jhur quality!!! TOTAL DISASTER.,1,2026-01-22,romanized_nepali,1.0,1.0,product,5,very_short,1,39,7.8,3,0,0.358974358974359,1.0,2,2,3,1_romanized_nepali
"clinic ma doctor 1 ghanta late aayo, appointment time ko kehi value thiyena sadhai Workable for most needs.",4,7/18/2024,romanized_nepali,0.0,0.0,services,18,short,0,107,5.944444444444445,0,0,0.009345794392523364,1.0,2,3,2,0_romanized_nepali
Handle grip chiryeko,2,10/25/2023,romanized_nepali,0.0,0.0,transportation,3,very_short,0,20,6.666666666666667,0,0,0.05,1.0,2,4,3,0_romanized_nepali
"Awful hotel, broken furniture, no hot water, total nightmare!!!",1,2022-06-19,english,0.0,0.0,hotel_restaurant,9,very_short,1,63,7.0,3,0,0.015873015873015872,1.0,1,1,3,1_english
Service quality jhyau!,5,2024-03-28,code_mixed,1.0,1.0,services,3,very_short,1,22,7.333333333333333,1,0,0.045454545454545456,1.0,0,3,3,1_code_mixed
"Khattam product, 2 din mai switch off vo, brand nai fraud raixa yo.",1,2024-12-05,romanized_nepali,1.0,1.0,product,13,short,1,67,5.153846153846154,0,0,0.014925373134328358,1.0,2,2,2,1_romanized_nepali
"Best thukpa ever khadne ko chance paiyo, really delicious, don't miss it!",5,2022-12-12,code_mixed,0.0,0.0,food,12,short,1,73,6.083333333333333,1,0,0.0136986301369863,1.0,0,0,2,1_code_mixed
Piercing paisa vasool deal ho ni Delivery was fast and safe thyo. Service kasto slow thyo but okay. Battery backup is dami ngl. Battery backup is dami ngl. Battery backup is dami ngl. Delivery was fast and safe thyo. Delivery was fast and safe thyo. Battery backup is dami ngl. Delivery was fast and safe thyo. Delivery was fast and safe thyo. Battery backup is dami ngl.,4,1/28/2024,code_mixed,1.0,2.0,services,67,long,0,371,5.537313432835821,0,0,0.03234501347708895,0.34328358208955223,0,3,0,0_code_mixed
Ani mero naya laptop bigardiyo yo repair center le. New Road ko side galli ma vako shop ma screen ferne vanera purai original parts chorera local haldyo hjr. Display ma aile thulo line aairaxa ani complain garda malai tharkayera bahira nikaldiye uniharu le. Thulo fraud raixan sabaile avoid garnu hola natra tapai ko mahango device pani khattam huncha.,1,2024-05-12,romanized_nepali,1.0,1.0,services,58,medium,1,352,6.068965517241379,0,0,0.014204545454545454,0.9310344827586207,2,3,1,1_romanized_nepali
the gym trainer was really helpful. showed correct form. patient with beginners. clean equipment too. dami service cha 🔥,5,2024-10-08,code_mixed,1.0,1.0,services,19,short,0,120,6.315789473684211,0,0,0.0,1.0,0,3,2,0_code_mixed
"cab cancellation policy ekdum fair, refund process smooth, customer friendly!!!",5,2022-11-21,code_mixed,0.0,0.0,transportation,10,very_short,1,79,7.9,3,0,0.0,1.0,0,4,3,1_code_mixed
"Dherai dhilo service, avoid it.",2,2026-01-05,romanized_nepali,0.0,0.0,services,5,very_short,1,31,6.2,0,0,0.03225806451612903,1.0,2,3,3,1_romanized_nepali
"Arrey, motorcycle engine seized after warranty, planned obsolescence!!!",1,2023-11-26,english,0.0,0.0,transportation,8,very_short,1,71,8.875,3,0,0.014084507042253521,1.0,1,4,3,1_english
Patan area ma khana dherai mitho thyo. I went there with my parents and we tried the local Newari platter. It was authentic and the price was also very reasonable. Highly recommend this small hidden gem.,5,2026-01-15,english,0.0,0.0,food,36,medium,1,203,5.638888888888889,0,0,0.024630541871921183,0.9166666666666666,1,0,1,1_english
Parking 707 kasto naramro ho Kasto ramro thyo tyo thau. Paisa dherai liyo tara thikai thyo.,2,4/13/2025,romanized_nepali,1.0,1.0,hotel_restaurant,16,short,0,91,5.6875,0,0,0.03296703296703297,1.0,2,1,2,0_romanized_nepali
"motorcycle handle broke during ride, serious injury, Honda build quality superior cha!!!",1,2023-03-04,code_mixed,0.0,0.0,transportation,12,short,1,88,7.333333333333333,3,0,0.011363636363636364,1.0,0,4,2,1_code_mixed
"Customer service dherai worst ho, I got cheated, price pani high cha, avoid this product.",1,2024-12-02,code_mixed,0.0,0.0,product,15,short,1,89,5.933333333333334,0,0,0.02247191011235955,1.0,0,2,2,1_code_mixed
"Khalti ma Rs 200 recharge gareko, balance reflect bhayena 10 minute pachi pani. App restart, phone restart — kei bhayena. Chat support le 30 minute wait garaayo. Finally aayo. Convenient xa but delay frustrating.",2,12/3/2023,romanized_nepali,0.0,0.0,services,34,medium,0,212,6.235294117647059,0,0,0.02830188679245283,0.9705882352941176,2,3,1,0_romanized_nepali
honestly came here with family. kids le enjoy garyo. food was ok ok. staff ramro thyo. price bit high but its ok for the place. would come back maybe,3,2024-08-20,code_mixed,1.0,1.0,hotel_restaurant,29,medium,0,149,5.137931034482759,0,0,0.0,0.9655172413793104,0,1,1,0_code_mixed
"Ramro product, great value, I highly recommend, kina gare pani khushi lagyo!",5,2023-07-27,code_mixed,0.0,0.0,product,12,short,1,76,6.333333333333333,1,0,0.02631578947368421,1.0,0,2,2,1_code_mixed
"Ekdumai ramro xa hjr, sabaile try garnu hola, best choice ho yo.",5,2025-02-07,romanized_nepali,0.0,0.0,services,12,short,1,64,5.333333333333333,0,0,0.015625,1.0,2,3,2,1_romanized_nepali
"Service ramro thiyo, food quality best cha, I'm fully satisfied, great job!",4,2023-10-05,code_mixed,0.0,0.0,food,12,short,1,75,6.25,1,0,0.02666666666666667,1.0,0,0,2,1_code_mixed
Cabin paisa vasool deal ho ni The food was tasty and mitho thyo. The food was tasty and mitho thyo. Battery backup is dami ngl. The food was tasty and mitho thyo. I liked the atmosphere there ramailo thyo. The food was tasty and mitho thyo.,5,11/2/2023,code_mixed,1.0,3.0,services,46,medium,0,240,5.217391304347826,0,0,0.029166666666666667,0.5217391304347826,0,3,1,0_code_mixed
"Worst hotel ever, filthy rooms and terrible service, never coming back.",1,2023-06-29,english,0.0,0.0,hotel_restaurant,11,short,1,71,6.454545454545454,0,0,0.014084507042253521,1.0,1,1,2,1_english
"Hait, visited tried tested sampled experienced patronized frequented restaurant dining establishment eatery venue bistro cafe located situated positioned in New Road commercial business shopping district area zone neighborhood and unfortunately sadly disappointingly regrettably lamentably depressingly distressingly food meal dish cuisine fare offering was absolutely completely totally utterly thoroughly horrendous horrific terrible awful dreadful atrocious abominable deplorable lamentable pitiful pathetic miserable wretched disgusting revolting repulsive nauseating sickening vomit inducing inedible uneatable unpalatable distasteful unappetizing, quality ingredients materials components elements substances freshness was questionable doubtful suspicious dubious sketchy concerning alarming worrying disturbing, preparation cooking technique method process execution was poor inadequate improper incorrect wrong inappropriate unsuitable, presentation plating arrangement display styling was sloppy careless hasty rushed hurried unattractive unappetizing ugly, taste flavor seasoning spicing was bland tasteless flavorless boring dull monotonous insipid vapid or overly excessively extremely too much salty sweet sour spicy bitter pungent strong intense overpowering overwhelming, portion size quantity amount serving was ridiculously absurdly laughably pathetically tiny small little minuscule microscopic insufficient inadequate unsatisfactory disappointing",1,2024-12-17,code_mixed,0.0,0.0,food,166,long,1,1465,8.825301204819278,0,0,0.0020477815699658703,0.963855421686747,0,0,0,1_code_mixed
hotel thik thak thiyo room pani normal nai thiyo overall ok,3,2025-01-18,romanized_nepali,0.0,0.0,hotel_restaurant,11,short,1,59,5.363636363636363,0,0,0.0,0.9090909090909091,2,1,2,1_romanized_nepali
umm honestly the food was decent but expensve for wht you get. like very very expensve. not worth it tbh,2,2024-08-14,english,0.0,0.0,food,20,short,0,104,5.2,0,0,0.0,0.95,1,0,2,0_english
"hotel window broken, outside noise, couldn't sleep, terrible night!!!",1,2023-10-19,code_mixed,0.0,0.0,hotel_restaurant,9,very_short,1,69,7.666666666666667,3,0,0.0,1.0,0,1,3,1_code_mixed
"cab service ekdum professional, driver pani ramro, highly recommended!!!",5,2023-06-19,code_mixed,1.0,1.0,transportation,9,very_short,1,72,8.0,3,0,0.0,1.0,0,4,3,1_code_mixed
"service scalability options ramro cha, growth accommodate garna sakne!!!",5,2024-07-21,romanized_nepali,1.0,1.0,services,9,very_short,1,72,8.0,3,0,0.0,1.0,2,3,3,1_romanized_nepali
jakaas thiyo yaar the trip.. road was smooth and bus was clean and seat was comfy🥰 ramailo ramailo,5,2024-07-19,code_mixed,1.0,2.0,transportation,18,short,0,98,5.444444444444445,0,0,0.0,0.7777777777777778,0,4,2,0_code_mixed
"tailoring shop ma suit order gareko thyo, time ma taiyar thyo, fitting pani ekdum sahi thyo. khusi bhaye Used this service during a stressful period and it delivered well under pressure. Deadlines were met, communication was clear, and the outcome satisfied. That kind of reliability is what builds long-term customer trust.",5,11/27/2022,romanized_nepali,0.0,0.0,services,51,medium,0,324,6.352941176470588,0,0,0.009259259259259259,0.9411764705882353,2,3,1,0_romanized_nepali
Avoid this place at all costs.,1,2022-02-22,english,0.0,0.0,food,6,very_short,1,30,5.0,0,0,0.03333333333333333,1.0,1,0,3,1_english
"This product saved my life, completely revolutionary, everyone must have this!!!",5,2024-09-11,english,0.0,0.0,product,11,short,1,80,7.2727272727272725,3,0,0.0125,1.0,1,2,2,1_english
"I loved it, service thik thiyo, delivery time pani fast cha, great job!",3,2022-01-14,code_mixed,0.0,0.0,product,13,short,1,71,5.461538461538462,1,0,0.014084507042253521,1.0,0,2,2,1_code_mixed
cafe was cute. loved the decor. matcha latte was dami. price a bit high but worth it for the aesthetic 📸,4,2024-01-15,english,0.0,0.0,food,21,short,0,104,4.9523809523809526,0,0,0.0,0.9047619047619048,1,0,2,0_english
tbh i was not sure about ordering from this shop. but tried once and it was good. delivery was on time. product was as shown. so i ordered again. again good experience. so yeah sahi ho. will keep buying from here. recommended bro. jakaas service.,5,2023-08-16,code_mixed,1.0,3.0,product,45,medium,0,246,5.466666666666667,0,0,0.0,0.8666666666666667,0,2,1,0_code_mixed
really good place. food is always same here. been coming for 2 years. ramro cha. ramro dherai ramro.,5,2024-09-25,code_mixed,1.0,2.0,food,18,short,0,100,5.555555555555555,0,0,0.0,0.9444444444444444,0,0,2,0_code_mixed
Stylus pen pressure tilt drawing creative design digital,5,2/20/2024,english,0.0,0.0,product,8,very_short,0,56,7.0,0,0,0.017857142857142856,1.0,1,2,3,0_english
Patan tira I went there with my family and we experienced KantipurMart KantipurMart KantipurMart the staff attentive food tasty but the review tone screams advertising copying keywords and repeating brand names which feels like spam and reduces believability,5,2026-01-18,english,0.0,0.0,food,38,medium,1,258,6.7894736842105265,0,0,0.031007751937984496,0.868421052631579,1,0,1,1_english
"This service changed my life completely, best decision ever, highly recommended to everyone in the world!!!",5,2024-02-14,english,0.0,0.0,services,16,short,1,107,6.6875,3,0,0.009345794392523364,1.0,1,3,2,1_english
Two-wheeler 264 worth it !!! Battery life is good. Price was high but fine. The color was nice.,5,4/10/2023,english,0.0,0.0,transportation,18,short,0,95,5.277777777777778,3,0,0.042105263157894736,0.9444444444444444,1,4,2,0_english
"Front desk staff rude thyo, felt unwelcome on arrival. room was fine tara first impression nai kharab thyo, jo kasailai ni thik lagdaina",3,12/8/2022,code_mixed,0.0,0.0,hotel_restaurant,23,short,0,136,5.913043478260869,0,0,0.007352941176470588,0.9565217391304348,0,1,2,0_code_mixed
Courier 250 loved it tho Service was a bit slow but okay. Battery life is good. Price was high but fine. The staff were helpful. Maybe it will improve later. The staff were helpful.,5,8/29/2024,english,0.0,0.0,services,34,medium,0,181,5.323529411764706,0,0,0.03867403314917127,0.7941176470588235,1,3,1,0_english
"food ekdum dami cha ani service pani world class, highly highly recommended to sabai jana!!!",5,2023-11-08,code_mixed,1.0,1.0,food,15,short,1,92,6.133333333333334,3,0,0.0,0.9333333333333333,0,0,2,1_code_mixed
"Yeh momos dherai tasty thiyo, must try at Thamel Food Corner, amazing deal!",5,2024-09-19,code_mixed,0.0,0.0,food,13,short,1,75,5.769230769230769,1,0,0.05333333333333334,1.0,0,0,2,1_code_mixed
"Mero anubhav dherai besari bhayo, pani khana cha bhane yo service ekdam dami ho.",5,2023-04-02,romanized_nepali,1.0,2.0,services,14,short,1,80,5.714285714285714,0,0,0.0125,1.0,2,3,2,1_romanized_nepali
Staff 339 feeling happy today ni Will visit again pheri. Overall experience was thikai. I liked the atmosphere there ramailo thyo. Battery backup is dami ngl. Will visit again pheri. Delivery was fast and safe thyo. Service kasto slow thyo but okay. The product is babbal and works fine. Battery backup is dami ngl.,4,5/3/2023,code_mixed,1.0,2.0,hotel_restaurant,54,medium,0,315,5.833333333333333,0,0,0.031746031746031744,0.7592592592592593,0,1,1,0_code_mixed
Thikai thyo aaja ko event. ✨ The management was okay but it was too crowded. ⭐ Nothing to complain about specifically. 🙏,3,2026-02-18,code_mixed,0.0,0.0,services,22,short,1,120,5.454545454545454,0,0,0.025,0.9545454545454546,0,3,2,1_code_mixed
Teacher dami thyo experience hai The food was tasty and mitho thyo. Delivery was fast and safe thyo. Battery backup is dami ngl. Battery backup is dami ngl. I liked the atmosphere there ramailo thyo. Service kasto slow thyo but okay. Delivery was fast and safe thyo. The food was tasty and mitho thyo. The food was tasty and mitho thyo. The food was tasty and mitho thyo.,4,9/21/2022,code_mixed,1.0,2.0,services,68,long,0,371,5.455882352941177,0,0,0.029649595687331536,0.4411764705882353,0,3,0,0_code_mixed
Product is fine. Delivered on time. Okay experience.,3,2024-05-30,english,0.0,0.0,product,8,very_short,1,52,6.5,0,0,0.057692307692307696,1.0,1,2,3,1_english
Courier lastai kharab thyo cha,2,8/13/2025,romanized_nepali,1.0,1.0,services,5,very_short,0,30,6.0,0,0,0.03333333333333333,1.0,2,3,3,0_romanized_nepali
Hotel Himalaya shanker baseko room ta thik but wifi kaam nai gardaina arko patak jadina 💯🤩🔥,3,2/8/2024,code_mixed,1.0,1.0,hotel_restaurant,16,short,0,91,5.6875,0,0,0.02197802197802198,1.0,0,1,2,0_code_mixed
Tailor 364 paisa vasool thyo k Paisa dherai liyo tara thikai thyo. Tara pani thik thyo. Tara pani thik thyo. Ani bholi pheri janchu. Kasto ramro thyo tyo thau. Dhilo aayo tara mitho thyo. Pachi pheri try garchu. Sathi haru sanga gako thyo. Ani bholi pheri janchu. Malai ta man paryo. Tara pani thik thyo. Tara pani thik thyo. Khana pakauna time lagyo. Kasto ramro thyo tyo thau. Sathi haru sanga gako thyo. Sathi haru sanga gako thyo.,4,1/6/2023,romanized_nepali,1.0,3.0,services,78,long,0,434,5.564102564102564,0,0,0.03917050691244239,0.5256410256410257,2,3,0,0_romanized_nepali
"Customer service dherai helpful thiyo, returns policy pani clear cha, nice experience.",4,2024-12-16,code_mixed,0.0,0.0,product,12,short,1,86,7.166666666666667,0,0,0.011627906976744186,1.0,0,2,2,1_code_mixed
Lift paisa vasool thyo ho Khana pakauna time lagyo. Kasto ramro thyo tyo thau. Dhilo aayo tara mitho thyo. Malai ta man paryo. Malai ta man paryo. Pachi pheri try garchu. Paisa dherai liyo tara thikai thyo.,5,10/31/2025,romanized_nepali,1.0,3.0,hotel_restaurant,37,medium,0,206,5.5675675675675675,0,0,0.038834951456310676,0.8108108108108109,2,1,1,0_romanized_nepali
sZman aayo tei broken sgate ma. box nai phXreko thyo ani pEodust chai lastai iharwb. paiWa vasool bgayfna bro ekdamai,1,2023-05-17,romanized_nepali,1.0,3.0,product,20,short,0,117,5.85,0,0,0.03418803418803419,1.0,2,2,2,0_romanized_nepali
prestige cooker compact cook even,4,6/25/2024,english,0.0,0.0,product,5,very_short,0,33,6.6,0,0,0.0,1.0,1,2,3,0_english
"Khai, magical transformation guaranteed",5,2022-06-14,english,0.0,0.0,product,4,very_short,1,39,9.75,0,0,0.02564102564102564,1.0,1,2,3,1_english
"Excellent service thiyo, product khup ramro cha, I'm totally happy now!",5,2022-03-19,code_mixed,0.0,0.0,product,11,short,1,71,6.454545454545454,1,0,0.028169014084507043,1.0,0,2,2,1_code_mixed
"Recently bought a coffee machine from this store and it's working quite well so far. ☕ The setup was easy and the manual provided all the necessary instructions clearly. ✨ It makes a decent cup of espresso and the milk frother is a great addition for the price I paid. ⭐ The only small issue is that it is a bit loud while brewing, but it's acceptable for a home machine. 🙏 Overall, a good purchase that I am happy with for my morning coffee routine. ✨",4,2026-02-14,english,0.0,0.0,product,87,long,1,452,5.195402298850575,0,0,0.015486725663716814,0.7701149425287356,1,2,0,1_english
"Amazing product, kharidna chaiyo, trust me!",5,2024-04-17,code_mixed,0.0,0.0,product,6,very_short,1,43,7.166666666666667,1,0,0.023255813953488372,1.0,0,2,3,1_code_mixed
Pillow choice firmness options,4,10/5/2022,english,0.0,0.0,hotel_restaurant,4,very_short,0,30,7.5,0,0,0.03333333333333333,1.0,1,1,3,0_english
"Garden seating area lastai sundar thyo, bihaana ko chiya tyahan khako thyo — mazza aayo ekdum. staff le biscuits ni liyera aayo sanga, unexpected gesture thyo",4,3/5/2024,romanized_nepali,1.0,1.0,hotel_restaurant,26,short,0,158,6.076923076923077,0,0,0.006329113924050633,0.9230769230769231,2,1,2,0_romanized_nepali
taxi dai was polite and ride smooth. ramro dherai ramro and no stress,5,2025-09-09,code_mixed,1.0,1.0,transportation,13,short,0,69,5.3076923076923075,0,0,0.0,0.8461538461538461,0,4,2,0_code_mixed
Jupiter dami thyo experience ni I liked the atmosphere there ramailo thyo. I liked the atmosphere there ramailo thyo. Service kasto slow thyo but okay.,4,7/12/2024,code_mixed,1.0,1.0,transportation,25,short,0,151,6.04,0,0,0.026490066225165563,0.68,0,4,2,0_code_mixed
bro just go here. food is babbal. best burger i had in ktm. juicy juicy and fresh. price is fair too. highly recommend 🔥🔥,5,2024-02-04,code_mixed,1.0,1.0,food,24,short,0,121,5.041666666666667,0,0,0.0,0.9166666666666666,0,0,2,0_code_mixed
"Cab ko fare reasonable thiyo, driver pani cooporative cha, great experience!",5,2024-06-03,code_mixed,0.0,0.0,transportation,11,short,1,76,6.909090909090909,1,0,0.013157894736842105,1.0,0,4,2,1_code_mixed
"Mero experience dherai ramro bhayo, yo hotel ma khana pani dherai swadisht huncha, hotel ko ambiance dherai shantipurna huncha, service pani thik thik bhayo, hotel ko sabai staff dherai ramro huncha, uniharule mero sagarwa pani gardai hola, aaja pani yo hotel ma jana cha bhane huncha, yo hotel le mero dami khushi deko bhayo, sabai le yo hotel ko sanchai garnu huncha.",5,2024-11-09,romanized_nepali,1.0,1.0,hotel_restaurant,62,medium,1,369,5.951612903225806,0,0,0.0027100271002710027,0.5645161290322581,2,1,1,1_romanized_nepali
taste mitho mitho and price cheap cheap bro 🔥,5,2024-05-14,code_mixed,1.0,1.0,food,9,very_short,0,45,5.0,0,0,0.0,0.7777777777777778,0,0,3,0_code_mixed
"support ekdam kharab, they ignore customers, sabai paisa barbad!!!",1,2022-10-10,code_mixed,1.0,1.0,services,9,very_short,1,66,7.333333333333333,3,0,0.0,1.0,0,3,3,1_code_mixed
tutor effective grade improve bachha punctual dedicate subject clear homework monthly test progress detail fee reasonable institute flexible time parent communicate satisfied recommend,5,12/20/2023,code_mixed,0.0,0.0,services,23,short,0,184,8.0,0,0,0.0,1.0,0,3,2,0_code_mixed
SSD babbal thyo k hai Kasto ramro thyo tyo thau. Malai ta man paryo. Paisa dherai liyo tara thikai thyo.,5,12/19/2025,romanized_nepali,1.0,2.0,product,20,short,0,104,5.2,0,0,0.057692307692307696,0.95,2,2,2,0_romanized_nepali
"Tei ta, mitho khana",5,2023-02-08,romanized_nepali,1.0,1.0,food,4,very_short,1,19,4.75,0,0,0.05263157894736842,1.0,2,0,3,1_romanized_nepali
Doughnut noodles babbal thyo k yaar Kasto ramro thyo tyo thau. Tara pani thik thyo. 😢 🙃,5,6/28/2023,romanized_nepali,1.0,2.0,food,17,short,0,87,5.117647058823529,0,0,0.034482758620689655,0.9411764705882353,2,0,2,0_romanized_nepali
"3 raat basi aayo yo hotel ma. pahilo raat thik thyo tara dossro raat dekhi WiFi bundh thyo, garam paani pani consistency thiyena. third night ma ni same problems thiye. complain gare tara management le apologize matra garyo, fix garna sakena. paisa dherai tiryo tara experience average bhanda talla thyo honestly 😶",2,6/8/2023,romanized_nepali,0.0,0.0,hotel_restaurant,52,medium,0,314,6.038461538461538,0,0,0.006369426751592357,0.9038461538461539,2,1,1,0_romanized_nepali
Maile yo product kineko tara malai dherai jhur lagyo aaja. 🛍️ The quality of the fabric is very thin and it started tearing after just two washes which is completely unacceptable for this brand. 😡 The color also faded significantly and now it looks like an old cloth. ‼️ TOTAL WASTE OF MONEY. I asked for a refund but the shopkeeper was very rude and refused to listen to my complaint. 🔥 Stay away from this shop if you want good quality clothes. ‼️ 🔥,1,2026-02-16,english,1.0,1.0,product,85,long,1,451,5.305882352941176,0,0,0.04878048780487805,0.8470588235294118,1,2,0,1_english
Pokhara Lakeside 144 ali improve garnu parne ni ta Tara pani thik thyo. Sathi haru sanga gako thyo. Khana pakauna time lagyo. Dhilo aayo tara mitho thyo. Tara pani thik thyo.,3,9/22/2023,romanized_nepali,1.0,1.0,hotel_restaurant,31,medium,0,174,5.612903225806452,0,0,0.040229885057471264,0.8064516129032258,2,1,1,0_romanized_nepali
"Dherai expensive aur quality thik nai, I'm highly disappointed, kina gareko?",3,2024-09-21,code_mixed,0.0,0.0,product,11,short,1,76,6.909090909090909,0,1,0.02631578947368421,1.0,0,2,2,1_code_mixed
"Great location, walking distance to thamel. room was clean and quiet. no real complaints from any of us 💯🙂😊",4,6/18/2023,english,0.0,0.0,hotel_restaurant,19,short,0,107,5.631578947368421,0,0,0.009345794392523364,1.0,1,1,2,0_english
i buy watch and then strap tight tight and look sahi ho friend say jakaas jakaas i grin grin,5,2022-03-13,code_mixed,1.0,2.0,product,19,short,0,92,4.842105263157895,0,0,0.0,0.7368421052631579,0,2,2,0_code_mixed
"Horrible horrible experience, hotel was disaster, cockroaches everywhere, health hazard!!!",1,2022-11-03,english,0.0,0.0,hotel_restaurant,10,very_short,1,90,9.0,3,0,0.011111111111111112,1.0,1,1,3,1_english
"Never book this cab!! Driver tried to take me to different location, very unsafe for girls, thulo criminal haru hun!!",1,2024-07-25,english,0.0,0.0,transportation,20,short,1,117,5.85,4,0,0.017094017094017096,0.95,1,4,2,1_english
"Biratnagar ko motorcycle showroom fraud, fake warranty, scam company!!!",1,2023-05-30,code_mixed,0.0,0.0,transportation,9,very_short,1,71,7.888888888888889,3,0,0.014084507042253521,1.0,0,4,3,1_code_mixed
Dherai be kharab thiyo!!!,1,2024-12-03,romanized_nepali,1.0,2.0,food,4,very_short,1,25,6.25,3,0,0.04,1.0,2,0,3,1_romanized_nepali
"tailor ma kurta order gareko thyo, size slightly off aayo. re-alteration garna resist garo initially but finally fixed",2,10/18/2023,code_mixed,0.0,0.0,services,18,short,0,118,6.555555555555555,0,0,0.0,1.0,0,3,2,0_code_mixed
ride was fine and reached destination nothing unusual happened,4,2023-09-05,english,0.0,0.0,transportation,9,very_short,1,62,6.888888888888889,0,0,0.0,1.0,1,4,3,1_english
"Ek friend le recommendation garne bhane maile yeh repair shop ma phone repair garnu pareko thiyo, and I was a bit skeptical at first, but they did a great job, I mean, the repair quality was excellent, and the price pani quite reasonable cha, however, I didn't actually go to their shop, my friend took my phone there, so can't say much about the ambiance, tapi unko customer service pani good thiyo, they kept me updated about the progress, so I'm quite happy with their services, thanks.",4,2025-03-30,code_mixed,0.0,0.0,services,87,long,1,489,5.620689655172414,0,0,0.010224948875255624,0.7701149425287356,0,3,0,1_code_mixed
Brunch menu creative plating impressive chef skill presentation concept quality dami recommend garchu,5,7/4/2022,code_mixed,1.0,1.0,hotel_restaurant,13,short,0,101,7.769230769230769,0,0,0.009900990099009901,1.0,0,1,2,0_code_mixed
"Spaghetti tasted bland, sauce felt watery and weird",1,2025-01-16,english,0.0,0.0,food,8,very_short,0,51,6.375,0,0,0.0196078431372549,1.0,1,0,3,0_english
yaar this place has gone down. used to come here 2 years back and food was ramro. now same food but taste is not same. price went up but quality went down. jhyau lagyo. thik cha but not like before.,2,2024-03-28,code_mixed,1.0,2.0,food,40,medium,0,198,4.95,0,0,0.0,0.85,0,0,1,0_code_mixed
product ok ok. works as expected. nothing amazing. paisa vasool i think,3,2023-03-30,romanized_nepali,1.0,1.0,product,12,short,0,71,5.916666666666667,0,0,0.0,1.0,2,2,2,0_romanized_nepali
"bekar ko product, advertisement ma euta dekhauxa real ma अर्कै aauxa, thulo dhoka ho yo, don't waste your hard earned money here.",1,2023-10-10,code_mixed,1.0,1.0,product,22,short,1,129,5.863636363636363,0,0,0.0,0.9545454545454546,0,2,2,1_code_mixed
"Hait yesto fohori bathroom ta sacho ma kaile dekhyachina, disaster hotel stay!",1,2024-07-12,romanized_nepali,1.0,1.0,hotel_restaurant,12,short,1,78,6.5,1,0,0.01282051282051282,1.0,2,1,2,1_romanized_nepali
"yo hotel ma basnu vanda bhari sutnu thik. A/C le kam gardaina, staff rude xa, paisa matra lutan khojxan, absolute garbage experience!!",1,2024-06-18,romanized_nepali,0.0,0.0,hotel_restaurant,22,short,1,134,6.090909090909091,2,0,0.014925373134328358,1.0,2,1,2,1_romanized_nepali
"Dal bhat ekdam namitho, paisa khera gayo jasto feel bhayo",1,2025-01-06,romanized_nepali,0.0,0.0,food,10,very_short,0,57,5.7,0,0,0.017543859649122806,1.0,2,0,3,0_romanized_nepali
Aaja CleanDrop Services try gareko. CleanDrop Services CleanDrop Services ekdam advertise matrai. Work slow and communication weak. Maile complain garda pani response slow thiyo.,2,2024-10-02,romanized_nepali,0.0,0.0,services,24,short,1,178,7.416666666666667,0,0,0.06741573033707865,0.7916666666666666,2,3,2,1_romanized_nepali
"Hotel Yak & Yeti stay overall smooth thyo, room clean and breakfast tasty",5,2025-02-06,code_mixed,0.0,0.0,hotel_restaurant,13,short,0,73,5.615384615384615,0,0,0.0410958904109589,1.0,0,1,2,0_code_mixed
checkout fast bill clear,4,7/5/2024,code_mixed,0.0,0.0,hotel_restaurant,4,very_short,0,24,6.0,0,0,0.0,1.0,0,1,3,0_code_mixed
"Pool was closed on arrival despite the website saying open. no prior notice, no apology. very disappointing honestly Delivery packaging ramro thyo.",2,8/22/2024,english,0.0,0.0,hotel_restaurant,22,short,0,147,6.681818181818182,0,0,0.013605442176870748,0.9545454545454546,1,1,2,0_english
This local park used to be so beautiful but now it is full of litter and the benches are all broken. 🌳 It is sad to see the lack of maintenance from the local authorities. 😡 There are no proper walking paths anymore and the fountains have been dry for months. ‼️ I used to enjoy my morning walks here but now it just feels neglected and dirty. 🔥 I hope they take some action soon to restore it to its former beauty for the community. ‼️ 🔥,2,2026-02-18,english,0.0,0.0,services,88,long,1,438,4.9772727272727275,0,0,0.01141552511415525,0.7386363636363636,1,3,0,1_english
"Mero mitra le yo restaurant ko bare ma dherai ramro kura gareko thiyo, huncha fere pani gayo, aaja Dekhi k herda pani yo restaurant ma khane ko ichha gardai chu, yo restaurant ma khana khaune gayo, thik thiyo, sabai logo le ramro kura gareko thiyo, hola gardai basne Thiyo, ekdam ramro sanchai thiyo.",5,2023-12-07,romanized_nepali,1.0,1.0,hotel_restaurant,53,medium,1,300,5.660377358490566,0,0,0.01,0.6792452830188679,2,1,1,1_romanized_nepali
i call them for fix tap and then guy come late late very late i wait and wait jhyau jhyau but he fix fast fast so mood ok now,3,2023-01-19,code_mixed,1.0,1.0,services,29,medium,0,125,4.310344827586207,0,0,0.0,0.7241379310344828,0,3,1,0_code_mixed
Jhol momo paisa vasool deal ho yaar Staff behavior was polite and ramro. Will visit again pheri. Delivery was fast and safe thyo. Delivery was fast and safe thyo. Delivery was fast and safe thyo. Service kasto slow thyo but okay. Will visit again pheri. I liked the atmosphere there ramailo thyo.,5,6/25/2022,code_mixed,1.0,2.0,food,52,medium,0,296,5.6923076923076925,0,0,0.030405405405405407,0.6346153846153846,0,0,1,0_code_mixed
"service contract terms fair cha, flexibility provided, customer centric approach!!!",5,2024-08-05,code_mixed,0.0,0.0,services,10,very_short,1,83,8.3,3,0,0.0,1.0,0,3,3,1_code_mixed
i went to this hotel for my birthday and sala the room was dirty and then i asked them to clean and then they said wait and then i waited 1 hour and nothing.. nothing at all.. I HATE THIS PLACE lastai jhyau thyo.. never going back never.. paisa waste totally paisa waste 💔,1,2024-09-03,code_mixed,1.0,5.0,hotel_restaurant,54,medium,0,272,5.037037037037037,0,0,0.051470588235294115,0.7962962962962963,0,1,1,0_code_mixed
"motorcycl suspnsion brokan after 2 months, cheap quality parts!!!",1,2023-08-07,english,0.0,0.0,transportation,9,very_short,1,65,7.222222222222222,3,0,0.0,1.0,1,4,3,1_english
"Uff, product arrived damaged, packaging terrible, delivery awful!!!",1,2022-11-18,english,0.0,0.0,product,8,very_short,1,67,8.375,3,0,0.014925373134328358,1.0,1,2,3,1_english
lastaii jhyau,1,2025-03-03,romanized_nepali,1.0,2.0,transportation,2,very_short,0,13,6.5,0,0,0.0,1.0,2,4,3,0_romanized_nepali
"Aaja malai yo microbus service pugyo, dami besari thiyo, sabai ko khaatir uttam.",5,2024-06-08,romanized_nepali,1.0,1.0,transportation,13,short,1,80,6.153846153846154,0,0,0.0125,1.0,2,4,2,1_romanized_nepali
"Wedding photography package book gareko thyo — advance diyeko 6 months ago. Day of wedding all 3 photographers arrived punctual. Coverage from getting ready to reception, all captured. Candid shots specially babbal aako xa in the album — natural moments caught well. Video team synchronization with photo team was smooth. Delivered edited album in 45 days as promised, though we were hoping for 30. Minor timeline miss but quality compensates. The family is happy overall with the outcome.",4,2/24/2024,code_mixed,1.0,1.0,services,78,long,0,489,6.269230769230769,0,0,0.016359918200409,0.9102564102564102,0,3,0,0_code_mixed
"Vivo V29 ko camera expected bhanda ramro thyo, portrait mode dami cha, skin tone natural aauxa. midrange phone ko lagi camera standout cha",4,7/20/2023,romanized_nepali,1.0,1.0,product,23,short,0,138,6.0,0,0,0.014492753623188406,0.9130434782608695,2,2,2,0_romanized_nepali
Scanner ekdam dami thyo hai Sathi haru lai pani vanchu. Hijo gako thyo rati. Sathi haru lai pani vanchu.,5,3/3/2025,romanized_nepali,1.0,1.0,product,19,short,0,104,5.473684210526316,0,0,0.038461538461538464,0.6842105263157895,2,2,2,0_romanized_nepali
Buff momo 125 momo feeling happy today k Will visit again pheri. I liked the atmosphere there ramailo thyo. Battery backup is dami ngl.,5,9/6/2025,code_mixed,1.0,1.0,food,24,short,0,135,5.625,0,0,0.02962962962962963,0.9583333333333334,0,0,2,0_code_mixed
bro i am writing this while still sitting in this resturant WAITING for my food. 55 min bhaisakyo order diyeko. 55 MINUTE. and they are not even busy. 3 table matra cha. sala. lastai jhyau. khattam management. if food comes bad i will cry fr,1,2024-05-20,code_mixed,1.0,3.0,food,45,medium,0,241,5.355555555555555,0,0,0.05394190871369295,0.9333333333333333,0,0,1,0_code_mixed
"service guarantee period ramro cha, maintenance support dami, reliable!!!",5,2023-06-14,romanized_nepali,1.0,1.0,services,9,very_short,1,73,8.11111111111111,3,0,0.0,1.0,2,3,3,1_romanized_nepali
"Revolutionary service, industry leading standards, exceptional results guaranteed!!!",5,2024-11-23,english,0.0,0.0,services,8,very_short,1,84,10.5,3,0,0.011904761904761904,1.0,1,3,3,1_english
radisson baseko location ramro lazimpat breakfast variety pool wifi parking sabai xa price ali high tara value for money family trip ko lagi ramro,5,5/19/2024,code_mixed,1.0,1.0,hotel_restaurant,24,short,0,146,6.083333333333333,0,0,0.0,0.9583333333333334,0,1,2,0_code_mixed
"Breakfast bakery cafe Jawalakhel — poached eggs and avocado toast, presentation dami thyo. Bread homemade fresh. Coffee strong thyo. Tara seating tight xa, table space limited. Rs 480 bit high but ambience okay.",4,6/29/2024,code_mixed,0.0,0.0,food,33,medium,0,211,6.393939393939394,0,0,0.02843601895734597,0.9696969696969697,0,0,1,0_code_mixed
Smartwatch 121 paisa vasool thyo bro Dherai kura haru ramro thyo. Tara pani thik thyo. Kasto ramro thyo tyo thau. Pachi pheri try garchu. Khana pakauna time lagyo. Dhilo aayo tara mitho thyo. Ani bholi pheri janchu.,4,7/15/2023,romanized_nepali,1.0,3.0,product,37,medium,0,215,5.8108108108108105,0,0,0.037209302325581395,0.8648648648648649,2,2,1,0_romanized_nepali
Coffee kasto ramailo vayo yaar Pachi pheri try garchu. Malai ta man paryo. Sathi haru sanga gako thyo.,5,5/18/2025,romanized_nepali,1.0,1.0,food,18,short,0,102,5.666666666666667,0,0,0.0392156862745098,1.0,2,0,2,0_romanized_nepali
Professional team!!!,5,2024-01-27,english,0.0,0.0,services,2,very_short,1,20,10.0,3,0,0.05,1.0,1,3,3,1_english
"Totally disgusted, hotel bathroom filthy, manager doesn't care, horrible!!!",1,2024-01-14,english,0.0,0.0,hotel_restaurant,9,very_short,1,75,8.333333333333334,3,0,0.013333333333333334,1.0,1,1,3,1_english
"Maile pizza khaye, dherai creamy thiyo.",3,2023-09-25,code_mixed,0.0,0.0,food,6,very_short,1,39,6.5,0,0,0.02564102564102564,1.0,0,0,3,1_code_mixed
"Ekdumai ramro product quality, paisa vasool guaranteed, best investment!!!",5,2022-06-14,romanized_nepali,1.0,2.0,product,9,very_short,1,74,8.222222222222221,3,0,0.013513513513513514,1.0,2,2,3,1_romanized_nepali
delivery bhayo fast and item pani sahi thiyo. paisa vasool purchase bro. dami 👍,4,2022-08-12,code_mixed,1.0,2.0,product,14,short,0,79,5.642857142857143,0,0,0.0,1.0,0,2,2,0_code_mixed
the bus smelled so bad.. sala smell and then seats were torn and then ac was off and then i sat 5 hours like this.. 5 HOURS yaar.. lastai jhyau thyo.. paisa waste total paisa waste.. khattam service this company,1,2023-07-08,code_mixed,1.0,4.0,transportation,40,medium,0,211,5.275,0,0,0.023696682464454975,0.85,0,4,1,0_code_mixed
this is very bad very bad screen crack crack first day only i sad sad,1,2023-05-05,english,0.0,0.0,product,15,short,0,69,4.6,0,0,0.0,0.7333333333333333,1,2,2,0_english
Scooter rental process was simple but price felt high,4,2025-03-05,english,0.0,0.0,transportation,9,very_short,0,53,5.888888888888889,0,0,0.018867924528301886,1.0,1,4,3,0_english
This hiking gear shop is a hidden gem for outdoor enthusiasts! 🎒 They have everything from high-quality boots to professional camping tents at very fair prices. ✨ The owner is an experienced hiker himself and gave me great advice on what gear I actually need for my upcoming trek. ⭐ I am very happy with the backpack I bought; it is durable and very comfortable for long walks. 🙏 Highly recommend this place to all the adventure seekers out there! ✨ ⭐ 🙏,5,2026-01-25,english,0.0,0.0,product,83,long,1,453,5.457831325301205,2,0,0.01545253863134658,0.8192771084337349,1,2,0,1_english
"Vomiting and diarrhea from their thukpa, hospital ma admit, Yangling Tibetan Restaurant safe and hygienic!!!",1,2023-03-25,english,0.0,0.0,food,15,short,1,108,7.2,3,0,0.037037037037037035,0.9333333333333333,1,0,2,1_english
"Uff, kineko purchased bought acquired obtained procured secured product item article commodity merchandise goods device gadget appliance equipment from supposed alleged claimed purported reputed famous popular well known highly rated top reviewed best selling premium luxury branded manufacturer producer maker company corporation brand and received got obtained delivered shipped sent arrived completely totally absolutely entirely wholly fully different dissimilar unlike opposite contrary contradictory item product article thing object, photographic images pictures illustrations graphics visuals on packaging box website advertisement marketing promotional material was heavily excessively extremely significantly substantially considerably edited modified altered manipulated enhanced retouched photoshopped filtered airbrushed to appear look seem show display present demonstrate as superior better higher premium luxury quality than actual real genuine true authentic received delivered product, colors shades tones hues tints was different dissimilar unlike mismatched inconsistent, size dimensions measurements proportions scale magnitude was smaller littler tinier than advertised stated listed mentioned described specified indicated, materials substances components parts ingredients elements was cheaper inferior substandard poor low quality grade different alternative substitute, functionality performance capability was limited restricted constrained confined inadequate insufficient deficient lacking",1,2023-08-29,code_mixed,0.0,0.0,product,180,long,1,1518,8.433333333333334,0,0,0.0006587615283267457,0.9,0,2,0,1_code_mixed
ramro dherai ramro service and fast reply. paisa vasool 😊,5,2024-04-04,code_mixed,1.0,2.0,services,10,very_short,0,57,5.7,0,0,0.0,0.9,0,3,3,0_code_mixed
"Khana dherai tasty cha, I loved it, amazing food experience, really nice!",5,2022-07-12,code_mixed,0.0,0.0,food,12,short,1,73,6.083333333333333,1,0,0.0273972602739726,1.0,0,0,2,1_code_mixed
"Yo product le dherai upyogkarta ko man lorho cha, kina aba maile afno parivar le yi product ko kharid garne ho bhane malai thiyo ki yo product le hami haru ko jeevan ko ekdam badalne sakcha, aaja malai yo product ko bare ma dherai kura suneko thiyo, tara yo product ko sakshyata haru dekhda malai lage yo product le mereko jeevan ko pugyo, hola yi product le hami sabai ko jeevan ko dami besari banayos, mero bhanne cha yo product sabai bhanda ramro cha.",5,2024-09-21,romanized_nepali,1.0,3.0,product,84,long,1,454,5.404761904761905,0,0,0.0022026431718061676,0.6190476190476191,2,2,0,1_romanized_nepali
sala yo phone le 1 month ma band vayo.. ONE MONTH.. and shop is not giving refund.. PAISA WASTE PAISA WASTE.. lastai bijog cha Nepal ma yo stuff kinnu.. never buy again,1,2023-02-22,code_mixed,1.0,4.0,product,32,medium,0,168,5.25,0,0,0.17261904761904762,0.90625,0,2,1,0_code_mixed
Avoid this fraud shop.,1,2022-02-28,english,0.0,0.0,product,4,very_short,1,22,5.5,0,0,0.045454545454545456,1.0,1,2,3,1_english
this is very bad app crash crash again again,1,2025-02-14,english,0.0,0.0,services,9,very_short,0,44,4.888888888888889,0,0,0.0,0.7777777777777778,1,3,3,0_english
Salon was very good ngl Delivery was prompt. Staf was bit slow. Price was high.,5,5/2/2024,english,0.0,0.0,services,15,short,0,79,5.266666666666667,0,0,0.05063291139240506,0.8,1,3,2,0_english
Recently bought a phone from MOBILE-HUB and MOBILE-HUB gave me a counterfeit charger. MOBILE-HUB also refused to fix the screen issue after one week. TOTAL SCAM store in the middle of the city center.,1,2026-02-08,english,0.0,0.0,product,34,medium,1,200,5.882352941176471,0,0,0.185,0.8529411764705882,1,2,1,1_english
ekdamai ramro thyo stay. room spacious thyo. bed comfortable thyo. value for money thyo,5,2023-06-25,romanized_nepali,1.0,1.0,hotel_restaurant,14,short,0,87,6.214285714285714,0,0,0.0,0.8571428571428571,2,1,2,0_romanized_nepali
"Product ko quality dherai kamzor cha, I'm highly disappointed, kharcha pani waste bhayo, will never recommend to anyone.",1,2023-03-17,code_mixed,0.0,0.0,product,18,short,1,120,6.666666666666667,0,0,0.016666666666666666,1.0,0,2,2,1_code_mixed
ride ok and driver sahi ho. no jhyau today,5,2025-04-04,code_mixed,1.0,1.0,transportation,9,very_short,0,42,4.666666666666667,0,0,0.0,1.0,0,4,3,0_code_mixed
dio bike ali purano feel hunxa tara chalaudai xa problem chaina maintenance kam,4,6/8/2022,code_mixed,1.0,1.0,transportation,13,short,0,79,6.076923076923077,0,0,0.0,1.0,0,4,2,0_code_mixed
khattam bro,2,2025-06-01,romanized_nepali,1.0,1.0,product,2,very_short,0,11,5.5,0,0,0.0,1.0,2,2,3,0_romanized_nepali
"Hotel check-in had double booking issue, manager upgraded us to better room at no cost. Recovery handled professionally. Bigger room, better view. Breakfast above average. Initial stress was real but handling was commendable.",4,5/27/2023,english,0.0,0.0,hotel_restaurant,33,medium,0,225,6.818181818181818,0,0,0.022222222222222223,0.9393939393939394,1,1,1,0_english
this app is so slow bro. every time i open it loads for so long. and then it crashes. i tried reinstalling 3 times. 3 TIMES. still same problem. customer service ne reply nai garna. sent 2 emails and got nothing. paisa waste in subscription. total bijog. other apps work fine. only this one is khattam. very bad. not recommended.,1,2024-10-18,code_mixed,1.0,3.0,services,60,medium,0,329,5.483333333333333,0,0,0.015197568389057751,0.8833333333333333,0,3,1,0_code_mixed
Road ramro experience vayo hai ni Malai ta ekdam man paryo. Sathi haru lai pani vanchu. Hijo gako thyo rati. Hijo gako thyo rati. Malai ta ekdam man paryo. Hijo gako thyo rati. Pachi pheri try garchu. Bholi pani janchu hola. Bholi pani janchu hola. Malai ta ekdam man paryo. Bholi pani janchu hola. Sathi haru lai pani vanchu. Bholi pani janchu hola. Sathi haru lai pani vanchu. Pachi pheri try garchu.,4,8/30/2022,romanized_nepali,1.0,1.0,transportation,72,long,0,402,5.583333333333333,0,0,0.03980099502487562,0.375,2,4,0,0_romanized_nepali
"Pokhara ma best momo place, taste ekdum babbal, highly recommended!!!",5,2023-02-26,code_mixed,1.0,1.0,food,10,very_short,1,69,6.9,3,0,0.014492753623188406,1.0,0,0,3,1_code_mixed
room was dirty bro. bedsheet had stain. told staff and they just changed sheet only. floor still dirty. bathroom dirty. sala hotel. not worth the price at all,1,2024-09-30,code_mixed,1.0,2.0,hotel_restaurant,28,short,0,158,5.642857142857143,0,0,0.0,0.9642857142857143,0,1,2,0_code_mixed
Recently stayed at the MOUNTAIN-INN. MOUNTAIN-INN was simple and clean. MOUNTAIN-INN is far from the city but MOUNTAIN-INN provides a very quiet environment. It was a 4-star experience for me because I love peace and nature during my weekend trips with my dog!!!,4,2026-02-14,english,0.0,0.0,hotel_restaurant,43,medium,1,262,6.093023255813954,3,0,0.17938931297709923,0.8372093023255814,1,1,1,1_english
service was fast and staff was helpful. thik cha. would use again,4,2022-12-19,english,0.0,0.0,services,12,short,0,65,5.416666666666667,0,0,0.0,0.9166666666666666,1,3,2,0_english
"Service dherai ramro thiyo, I loved it, staff pani very friendly cha, overall experience amazing thiyo.",4,2022-10-14,code_mixed,0.0,0.0,services,16,short,1,103,6.4375,0,0,0.019417475728155338,1.0,0,3,2,1_code_mixed
Helmet 486 Activa tasty enough idk And the quality was also something I noticed. And the quality was also something I noticed. Shipping was fast. The color was nice.,5,12/7/2023,english,0.0,0.0,transportation,29,medium,0,165,5.689655172413793,0,0,0.048484848484848485,0.6551724137931034,1,4,1,0_english
"Yo repair shop dherai besari ramro cha, mero sabai saman sabai thik bhayo, gardai cha yehi sanchai garyo.",5,2022-08-14,romanized_nepali,0.0,0.0,services,18,short,1,105,5.833333333333333,0,0,0.009523809523809525,0.9444444444444444,2,3,2,1_romanized_nepali
laptop bag dami and zip strong. ramro dherai ramro,5,2022-11-11,code_mixed,1.0,2.0,product,9,very_short,0,50,5.555555555555555,0,0,0.0,0.8888888888888888,0,2,3,0_code_mixed
khattam hotel.. booked deluxe room but got normal room.. and when i asked they said sorry only.. SORRY ONLY.. and room was also smelly yaar.. sala paisa waste total paisa waste.. lastai jhyau thyo stay,1,2024-05-23,code_mixed,1.0,4.0,hotel_restaurant,35,medium,0,201,5.742857142857143,0,0,0.04477611940298507,0.9142857142857143,0,1,1,0_code_mixed
Aaja ko flight dherai delay vayo. AIR-NEPAL is always late and AIR-NEPAL staff are very unprofessional. AIR-NEPAL doesn't care about their passengers' time at all!!! TOTAL WASTE OF MONEY. Never flying with them again.,1,2026-02-14,code_mixed,0.0,0.0,transportation,34,medium,1,217,6.382352941176471,3,0,0.19815668202764977,0.9411764705882353,0,4,1,1_code_mixed
"Price reasonable thiyo, product sabdhane.",3,2023-12-08,code_mixed,0.0,0.0,product,5,very_short,1,41,8.2,0,0,0.024390243902439025,1.0,0,2,3,1_code_mixed
"Maile yo airline ko service use gareko thiyo, very good, fantastic experience cha.",5,2022-07-14,code_mixed,0.0,0.0,transportation,13,short,1,82,6.3076923076923075,0,0,0.012195121951219513,1.0,0,4,2,1_code_mixed
Cleaning lastai slow thyo yaar bro Service kasto slow thyo but okay. I liked the atmosphere there ramailo thyo. Delivery was fast and safe thyo.,2,4/12/2024,code_mixed,1.0,1.0,services,25,short,0,144,5.76,0,0,0.027777777777777776,0.88,0,3,2,0_code_mixed
product came fast and good good quality,5,2024-12-19,english,0.0,0.0,product,7,very_short,0,39,5.571428571428571,0,0,0.0,0.8571428571428571,1,2,3,0_english
"yo restaurant ko pizza lastai mitho, ekdam babbal service, heaven jasto!!!",5,2023-03-12,romanized_nepali,1.0,3.0,food,11,short,1,74,6.7272727272727275,3,0,0.0,1.0,2,0,2,1_romanized_nepali
"Dherai impressed hu, product quality top notch thiyo, love it so much!",4,2023-08-05,code_mixed,0.0,0.0,product,12,short,1,70,5.833333333333333,1,0,0.014285714285714285,1.0,0,2,2,1_code_mixed
"Aba k vannu yo scooty ko barema, look ekdum dami, pick up babbal, Kathmandu ko traffic ma best choice ho, lastai ramro lagyo malai!!",5,2024-07-30,romanized_nepali,1.0,3.0,transportation,24,short,1,132,5.5,2,0,0.015151515151515152,0.9583333333333334,2,4,2,1_romanized_nepali
"Outstanding job, exceptional quality, very impressed overall!",4,2024-04-16,english,0.0,0.0,services,7,very_short,1,61,8.714285714285714,1,0,0.01639344262295082,1.0,1,3,3,1_english
"Chi, scooter lastai dami",5,2024-05-14,romanized_nepali,1.0,1.0,transportation,4,very_short,1,24,6.0,0,0,0.041666666666666664,1.0,2,4,3,1_romanized_nepali
"Chi chi, burger meat was rotten, smell horrible, health risk!!!",1,2023-04-09,english,0.0,0.0,food,10,very_short,1,63,6.3,3,0,0.015873015873015872,1.0,1,0,3,1_english
yomari mitho traditional ramro taste swad jhan ramro,5,12/24/2023,romanized_nepali,1.0,2.0,food,8,very_short,0,52,6.5,0,0,0.0,0.875,2,0,3,0_romanized_nepali
product nicee but stop stop work. not worth,2,2022-04-04,english,0.0,0.0,product,8,very_short,0,43,5.375,0,0,0.0,0.875,1,2,3,0_english
"Momo king ko momos dherai famous ho, I tried and loved it, super yummy!",4,2022-01-20,code_mixed,0.0,0.0,food,14,short,1,71,5.071428571428571,1,0,0.028169014084507043,1.0,0,0,2,1_code_mixed
Yo uta dami ramro cha,3,2025-03-13,romanized_nepali,1.0,1.0,product,5,very_short,1,21,4.2,0,0,0.047619047619047616,1.0,2,2,3,1_romanized_nepali
"yo restaurant waiter le cash tip magne pressure garcha, harassment!!!",1,2023-09-25,romanized_nepali,0.0,0.0,hotel_restaurant,10,very_short,1,69,6.9,3,0,0.0,1.0,2,1,3,1_romanized_nepali
"Burger juicy and filling, really happy with the taste",5,2025-01-12,english,0.0,0.0,food,9,very_short,0,53,5.888888888888889,0,0,0.018867924528301886,1.0,1,0,3,0_english
"laphing ekdum spicy thiyo, texture perfect, paisa vasool jhyau!!!",5,2023-01-14,romanized_nepali,1.0,2.0,food,9,very_short,1,65,7.222222222222222,3,0,0.0,1.0,2,0,3,1_romanized_nepali
Tyre 597 tasty enough ngl Shipping was fast. Battery life is good. Actually I dont know. It was quite a busy day there. It was quite a busy day there. Battery life is good. The staff were helpful. The color was nice. The color was nice. Battery life is good. Maybe it will improve later. Maybe it will improve later. The staff were helpful. The staff were helpful. Maybe it will improve later.,5,12/29/2022,english,0.0,0.0,transportation,73,long,0,393,5.383561643835616,0,0,0.043256997455470736,0.4520547945205479,1,4,0,0_english
Tile traditional modern aesthetic culture blend fusion creative design unique beautiful finish ramro quality 😤🤩,4,3/25/2024,code_mixed,1.0,1.0,services,15,short,0,111,7.4,0,0,0.009009009009009009,1.0,0,3,2,0_code_mixed
"Pathetic service, staff dherai rude thiyo, food quality pani very poor cha, I'll never go back to this restaurant.",1,2022-06-29,code_mixed,0.0,0.0,hotel_restaurant,19,short,1,114,6.0,0,0,0.017543859649122806,1.0,0,1,2,1_code_mixed
"Unbelievable taste, highly recommended for momo lovers!",5,2025-01-10,english,0.0,0.0,food,7,very_short,1,55,7.857142857142857,1,0,0.01818181818181818,1.0,1,0,3,1_english
"Chi, engaged contracted hired employed commissioned appointed retained enlisted recruited supposed reputed acclaimed certified licensed registered qualified experienced professional expert specialist consultant advisory consultancy service provider firm company agency organization establishment for legal judicial lawful legitimate authorized official government regulatory compliance related important critical essential vital crucial significant matter issue case affair situation circumstance and advice guidance counsel recommendation suggestion opinion viewpoint perspective insight analysis assessment evaluation judgment provided given offered presented delivered was completely totally absolutely entirely wholly fully utterly thoroughly incorrect wrong inaccurate false misleading deceptive erroneous mistaken flawed faulty defective, research investigation study examination exploration inquiry analysis was superficial shallow cursory perfunctory hasty rushed hurried incomplete inadequate insufficient, understanding comprehension grasp knowledge awareness familiarity expertise competence proficiency mastery of relevant applicable pertinent related associated connected laws regulations rules statutes ordinances codes acts provisions clauses sections articles was clearly evidently obviously apparently visibly noticeably lacking absent missing deficient",1,2024-01-03,code_mixed,0.0,0.0,services,150,long,1,1370,9.133333333333333,0,0,0.00072992700729927,0.9733333333333334,0,3,0,1_code_mixed
"Salon ko service mind blowing thiyo, I loved my new haircut, staff pani friendly cha!",3,2023-01-23,code_mixed,0.0,0.0,services,15,short,1,85,5.666666666666667,1,0,0.023529411764705882,1.0,0,3,2,1_code_mixed
"Best tacos ever, authentic Mexican, guacamole fresh, salsa perfect!!!",5,2023-03-27,english,0.0,0.0,food,9,very_short,1,69,7.666666666666667,3,0,0.028985507246376812,1.0,1,0,3,1_english
"Dherai happy with purchase, product quality amazing, price pani thik cha, I love it.",5,2022-03-17,code_mixed,0.0,0.0,product,14,short,1,84,6.0,0,0,0.023809523809523808,1.0,0,2,2,1_code_mixed
"Oho, world class perfection",5,2022-12-24,english,0.0,0.0,hotel_restaurant,4,very_short,1,27,6.75,0,0,0.037037037037037035,1.0,1,1,3,1_english
🍽️🍽️🍽️ #BestCuisine #Number1Restaurant WORLD CLASS DINING!!! Perfect food amazing service!!! #MustVisit #Premium #TopQuality!!!,5,2024-11-20,english,0.0,0.0,hotel_restaurant,13,short,1,127,9.76923076923077,9,0,0.2047244094488189,1.0,1,1,2,1_english
"Bekar ko scooty, mileage zero, engine heat hunxa 5 min mai, dealer le return lina mandaina. Fraud brand, go for Honda instead.",1,2023-11-12,code_mixed,1.0,1.0,transportation,22,short,1,126,5.7272727272727275,0,0,0.023809523809523808,1.0,0,4,2,1_code_mixed
"Terrible terrible hotel, overpriced, dirty, rude staff, biggest mistake ever!!!",1,2022-09-28,english,0.0,0.0,hotel_restaurant,10,very_short,1,79,7.9,3,0,0.012658227848101266,1.0,1,1,3,1_english
Aaja ko flight thikai thyo ✈️. Reached on time and the staff were professional enough for a domestic trip. Nothing special but not bad either for the price we paid for the tickets ⭐.,3,2026-02-18,code_mixed,0.0,0.0,transportation,34,medium,1,182,5.352941176470588,0,0,0.016483516483516484,0.8823529411764706,0,4,1,1_code_mixed
so i went to repair shop for my watch and they said 3 day to fix.. after 3 day i went and they said 3 more day.. and then again 3 more day.. 9 DAY yaar for a watch.. and when i got it back it stopped again next week.. sala bijog.. paisa waste time waste.. lastai jhyau thyo,1,2023-09-19,code_mixed,1.0,4.0,services,59,medium,0,273,4.627118644067797,0,0,0.01098901098901099,0.6949152542372882,0,3,1,0_code_mixed
service quick thiyo ani friendly pani thiyo. sahi ho,4,2023-04-14,romanized_nepali,1.0,1.0,services,9,very_short,0,52,5.777777777777778,0,0,0.0,1.0,2,3,3,0_romanized_nepali
"Volunteer blood donation camp at Bir Hospital — simple process, 20 minutes total from registration to post-donation snack. Staff professional, explained each step, made the needle part as comfortable as possible. Blood pressure checked before and after. Light snacks and juice provided post-donation. Certificate given. Camp organized well, no long waits between stages. One minor thing — waiting chairs not enough, some stood for 10 minutes. But overall a smooth and important experience. Worth doing regularly.",4,7/22/2024,english,0.0,0.0,services,76,long,0,512,6.7368421052631575,0,0,0.021484375,0.9473684210526315,1,3,0,0_english
"hotel ramro dherai ramro, clean toilet and hot water. paisa vasool feel and staff sahi ho 😊",5,2025-06-11,code_mixed,1.0,3.0,hotel_restaurant,17,short,0,91,5.352941176470588,0,0,0.0,0.9411764705882353,0,1,2,0_code_mixed
Normal flight thyo aaja ✈️. Reached Kathmandu on time. The cabin was clean but the snacks were very dry and tasteless. Just an average domestic travel experience ✨ ⭐.,3,2026-02-18,code_mixed,0.0,0.0,transportation,29,medium,1,166,5.724137931034483,0,0,0.030120481927710843,1.0,0,4,1,1_code_mixed
"Aaja ko flight dherai dhilo vo, jhur experience.",1,2026-02-14,romanized_nepali,1.0,1.0,transportation,8,very_short,1,48,6.0,0,0,0.020833333333333332,1.0,2,4,3,1_romanized_nepali
"Amazing amazing amazing product, best quality, best price, best everything, order now!!!",5,2023-05-18,english,0.0,0.0,product,12,short,1,88,7.333333333333333,3,0,0.011363636363636364,0.75,1,2,2,1_english
"service portfolio ekdum comprehensive cha, expertise level high, recommended!!!",5,2024-01-27,romanized_nepali,0.0,0.0,services,9,very_short,1,79,8.777777777777779,3,0,0.0,1.0,2,3,3,1_romanized_nepali
"Bike ride felt average, nothing too exciting",3,2025-03-06,english,0.0,0.0,transportation,7,very_short,0,44,6.285714285714286,0,0,0.022727272727272728,1.0,1,4,3,0_english
"Yo hotel ma mero experience dherai ramro bhayo, khana pani dherai swadisht huncha, sanchai cha bhane thik thik garnu huncha, sabai staff ekdam ramro huncha, uniharule mero sagarwa gardai hola, malai dherai khushi bhayo, aaja pani yo hotel ma jana cha bhane huncha.",5,2023-09-13,romanized_nepali,1.0,1.0,hotel_restaurant,43,medium,1,264,6.1395348837209305,0,0,0.003787878787878788,0.6976744186046512,2,1,1,1_romanized_nepali
Clinic very disappointed with it k bro I liked the atmosphere there ramailo thyo.,2,1/14/2025,code_mixed,0.0,0.0,services,14,short,0,81,5.785714285714286,0,0,0.024691358024691357,1.0,0,3,2,0_code_mixed
"Product kharaab cha, I wasted my money, dherai annoying experience thiyo.",4,2023-07-25,code_mixed,0.0,0.0,product,11,short,1,73,6.636363636363637,0,0,0.0273972602739726,1.0,0,2,2,1_code_mixed
"Quality sabai fake cha, I regret buying, price pani excessive thiyo, total waste of money.",1,2022-09-13,code_mixed,0.0,0.0,product,15,short,1,90,6.0,0,0,0.022222222222222223,1.0,0,2,2,1_code_mixed
"Aba k vannu... jhyau lagne khana, taste zero! Go to the momo center near the gate, much better than this garbage place.",1,2024-03-15,code_mixed,1.0,1.0,food,22,short,1,119,5.409090909090909,1,0,0.01680672268907563,0.9545454545454546,0,0,2,1_code_mixed
Fraud company raixa.,1,2023-06-07,romanized_nepali,0.0,0.0,product,3,very_short,1,20,6.666666666666667,0,0,0.05,1.0,2,2,3,1_romanized_nepali
"Amazing product, mazza aayo purchase garnu, I highly recommend it, thik cha.",2,2024-03-05,code_mixed,0.0,0.0,product,12,short,1,76,6.333333333333333,0,0,0.02631578947368421,1.0,0,2,2,1_code_mixed
"Outstanding service commitment, promise delivery perfect, satisfaction complete!!!",5,2023-06-28,english,0.0,0.0,services,8,very_short,1,82,10.25,3,0,0.012195121951219513,1.0,1,3,3,1_english
"worst restaurant ever, owner is total fraud, khana pani kharab, paisa barbad, never janu!!!",1,2023-11-08,code_mixed,1.0,2.0,food,14,short,1,91,6.5,3,0,0.0,1.0,0,0,2,1_code_mixed
staff rudee and sloww and sloww. lastai jhyau,1,2023-09-14,code_mixed,1.0,1.0,services,8,very_short,0,45,5.625,0,0,0.0,0.875,0,3,3,0_code_mixed
"scooter helmet storage available cha, safety features complete, thoughtful design!!!",5,2023-05-25,romanized_nepali,0.0,0.0,transportation,10,very_short,1,84,8.4,3,0,0.0,1.0,2,4,3,1_romanized_nepali
"Best pizza ever tasted, crust perfect, toppings fresh, absolutely divine!!!",5,2023-04-26,english,0.0,0.0,food,10,very_short,1,75,7.5,3,0,0.013333333333333334,1.0,1,0,3,1_english
I traveled from ktm to pokhara on this bus. seat was broken and nobody told me before. i asked driver to fix and he said just sit. JUST SIT?? sala driver ko attitude lastai kharab thyo. then bus stopped for 1 hour in middle for some engine problem. passengers sitting in hot sun. no ac no fan. and they said no refund no refund bro. paisa waste time waste. i reached 3 hours late. overall bijog service. never traveling with this company.,1,2022-09-20,code_mixed,1.0,5.0,transportation,82,long,0,438,5.341463414634147,0,2,0.0182648401826484,0.8414634146341463,0,4,0,0_code_mixed
bus sloww and latee and latee. very bad trip 😡,1,2024-09-19,english,0.0,0.0,transportation,10,very_short,0,46,4.6,0,0,0.0,0.9,1,4,3,0_english
Service tasty enough ngl The color was nice. The color was nice. It was quite a busy day there.,5,5/7/2022,english,0.0,0.0,hotel_restaurant,19,short,0,95,5.0,0,0,0.042105263157894736,0.7368421052631579,1,1,2,0_english
"Yo salon ko sewa dherai ramro cha, sabai le gardai cha, mero anubhav ekdam accha bhayo.",4,2025-04-20,romanized_nepali,1.0,1.0,services,16,short,1,87,5.4375,0,0,0.011494252873563218,0.9375,2,3,2,1_romanized_nepali
Dherai I went there with my family and we experienced KantipurMart KantipurMart KantipurMart the service felt automated and repetitive very quick and efficient good value for money I cannot recommend this enough very generic phrase very generic phrase very generic phrase,5,2026-01-09,english,0.0,0.0,hotel_restaurant,41,medium,1,271,6.609756097560975,0,0,0.033210332103321034,0.7073170731707317,1,1,1,1_english
Guest house ko staff friendly thyo tara room ali sano lagyo,4,2025-02-07,romanized_nepali,0.0,0.0,hotel_restaurant,11,short,0,59,5.363636363636363,0,0,0.01694915254237288,1.0,2,1,2,0_romanized_nepali
product build good good and then drop no break khatrai,5,2025-05-05,code_mixed,1.0,1.0,product,10,very_short,0,54,5.4,0,0,0.0,0.9,0,2,3,0_code_mixed
"Chito khana aauxa vanera gayeko tara ek ghanta kuraidiyo salla chor haru le. Kitchen fohori thiyo ani waiter ko bani ekdumai naramro raixa hjr, bhulera pani najanu hola yesto ghatiya thau ma natra paisa barbad huncha.",1,2024-11-20,romanized_nepali,1.0,1.0,food,36,medium,1,217,6.027777777777778,0,0,0.009216589861751152,1.0,2,0,1,1_romanized_nepali
"Staff pani friendly cha, amazing experience!",4,2023-05-16,code_mixed,0.0,0.0,services,6,very_short,1,44,7.333333333333333,1,0,0.022727272727272728,1.0,0,3,3,1_code_mixed
cab late aayo. driver rude thyo. route pani galat thyo. lastai jhyau thyo. baal service cha yo app ko,1,2024-06-28,code_mixed,1.0,3.0,transportation,19,short,0,101,5.315789473684211,0,0,0.0,0.8947368421052632,0,4,2,0_code_mixed
"Pulsar 150 daily use ko lagi thik cha, price range ma ramro option — paisa vasool motorcycle ho yo Met minimum expectations.",4,5/16/2022,code_mixed,1.0,1.0,transportation,22,short,0,124,5.636363636363637,0,0,0.016129032258064516,1.0,0,4,2,0_code_mixed
"Room booking gareko thyo online, tara on arrival room wasn't ready. waited 2 hrs, totally unacceptable",4,7/11/2024,code_mixed,0.0,0.0,hotel_restaurant,16,short,0,102,6.375,0,0,0.00980392156862745,1.0,0,1,2,0_code_mixed
"Prestige cooker liyeko thyo, seal leaks garcha 3 months pachi nai. quality drop bhayo khai yo model ma",1,7/19/2022,romanized_nepali,0.0,0.0,product,18,short,0,102,5.666666666666667,0,0,0.00980392156862745,1.0,2,2,2,0_romanized_nepali
"food xame lzte and cold, service ve$y bad, paisZ waqte, not worth",1,2024-04-23,code_mixed,1.0,1.0,food,12,short,0,65,5.416666666666667,0,0,0.015384615384615385,1.0,0,0,2,0_code_mixed
"Yo bank ko sevaa dherai sanchai cha, hami pani haru ekdam khush huncha, mero experience aaja samma ko yo bank ma thik bhayo, sabai log le yo bank ko sevaa prashansa garcha, pani aaja ko din ma pani mero experience gayo ramro, hola sabai log le yo bank ko pasand garcha, besari yo bank ko staff haru pani dherai ramro cha.",4,2025-04-03,romanized_nepali,1.0,1.0,services,61,medium,1,321,5.262295081967213,0,0,0.003115264797507788,0.5737704918032787,2,3,1,1_romanized_nepali
"lassi ekdum mithoooo thyo, thick thyo, fresh mango flavour pani thyo — 2 glass khaera pani mann bhariena Okay for occasional use.",5,5/10/2024,romanized_nepali,1.0,1.0,food,22,short,0,129,5.863636363636363,0,0,0.007751937984496124,0.9090909090909091,2,0,2,0_romanized_nepali
"Magnificently professional service, team skilled, results spectacular!!!",5,2024-03-27,english,0.0,0.0,services,7,very_short,1,72,10.285714285714286,3,0,0.013888888888888888,1.0,1,3,3,1_english
"yo cafe ko coffee ekdam mitho, sabai vanda dami place, highly highly recommend!!!",5,2024-08-01,romanized_nepali,1.0,2.0,food,13,short,1,81,6.230769230769231,3,0,0.0,0.9230769230769231,2,0,2,1_romanized_nepali
nice taste 🔥 coming back,5,2025-01-03,english,0.0,0.0,food,5,very_short,0,24,4.8,0,0,0.0,1.0,1,0,3,0_english
"Thoroughly enjoyed my stay, ambiance pani superb cha, fantastic hotel!",5,2022-08-19,code_mixed,0.0,0.0,hotel_restaurant,10,very_short,1,70,7.0,1,0,0.014285714285714285,1.0,0,1,3,1_code_mixed
Broken product deliver garyo.,1,2024-05-31,code_mixed,0.0,0.0,product,4,very_short,1,29,7.25,0,0,0.034482758620689655,1.0,0,2,3,1_code_mixed
Panipuri lastai ramro!,5,2023-05-29,romanized_nepali,1.0,1.0,food,3,very_short,1,22,7.333333333333333,1,0,0.045454545454545456,1.0,2,0,3,1_romanized_nepali
Thamel ma khana order gariyo. The delivery boy was rude and the food was cold. Packaging was leaking. This is unacceptable for the price I paid.,2,2025-09-03,code_mixed,0.0,0.0,food,26,short,1,144,5.538461538461538,0,0,0.034722222222222224,0.8846153846153846,0,0,2,1_code_mixed
"Bank ko service dherai fast aur reliable cha, maile dherai satisfied bhaya, staff pani cooperative cha, I highly recommend yeh bank to everyone.",4,2022-07-13,code_mixed,0.0,0.0,services,23,short,1,144,6.260869565217392,0,0,0.013888888888888888,0.9130434782608695,0,3,2,1_code_mixed
"I went there for birthday and first they said table ready and then not ready and then wait wait wait. we stand like fool, jhyau lagyo. water pani did not come for long time and then wrong order and then sorry sorry only. paisa waste, time waste, paisa waste, time waste I keep saying. my friend was mad and I was mad and we just sit and sit. food came cold and then cold again. this is very bad and very bad. overall lastai jhyau thiyo.",1,2023-11-05,code_mixed,1.0,4.0,hotel_restaurant,86,long,0,436,5.069767441860465,0,0,0.006880733944954129,0.6395348837209303,0,1,0,0_code_mixed
"Kineko 2 din mai mobile ko display black vo. Seller le phone uthaudaina, thulo dhoka vo hjr. Go to the official showroom instead of this shop.",1,2023-11-20,romanized_nepali,1.0,1.0,product,26,short,1,142,5.461538461538462,0,0,0.02112676056338028,1.0,2,2,2,1_romanized_nepali
Dami nasakda yo salon ko khana kharaab,1,2022-06-25,romanized_nepali,1.0,1.0,services,7,very_short,1,38,5.428571428571429,0,0,0.02631578947368421,1.0,2,3,3,1_romanized_nepali
Thamel ma street food stall ma gaye. The chat was tangy and the pani puri was fresh. The vendor was friendly. I had a quick snack.,4,2024-11-25,code_mixed,0.0,0.0,food,26,short,1,130,5.0,0,0,0.03076923076923077,0.8461538461538461,0,0,2,1_code_mixed
Tootle paisa vasool deal ho yaar The food was tasty and mitho thyo. Service kasto slow thyo but okay. Battery backup is dami ngl. Delivery was fast and safe thyo. Service kasto slow thyo but okay. I liked the atmosphere there ramailo thyo. Delivery was fast and safe thyo.,5,3/17/2025,code_mixed,1.0,3.0,transportation,49,medium,0,272,5.551020408163265,0,0,0.029411764705882353,0.673469387755102,0,4,1,0_code_mixed
Khai k vannu mero surgery bigrera aile jhan thulo samasya aayo yo hospital ma treatment gare pachi. Doctor haru illiterate chan ani patient ko care garna kura ni thaxaina salla criminal haru ko group raixa. Mero dherai paisa waste vo ani aile feri arkai hospital ma admit huna paryo. Stay away from this medical center if you love your family members and health.,1,2024-08-14,code_mixed,1.0,1.0,services,63,medium,1,362,5.746031746031746,0,0,0.011049723756906077,0.9047619047619048,0,3,1,1_code_mixed
ride smooth and driver dai sahi ho. no jhyau today,5,2025-08-18,code_mixed,1.0,1.0,transportation,10,very_short,0,50,5.0,0,0,0.0,1.0,0,4,3,0_code_mixed
"Hola, yo product besari ramro cha, huncha bhane pani aru ko barema thik thik bhayo, dami khushi bhayo.",5,2022-02-08,romanized_nepali,1.0,1.0,product,18,short,1,102,5.666666666666667,0,0,0.00980392156862745,0.9444444444444444,2,2,2,1_romanized_nepali
so we planned our trip and then booked this hotel and then when we reached the location did not match google maps at all. and then called hotel and then they said oh its on the other street bhanyo. bro why is your address wrong?? finally found it but it was 45 min wasted. room was ok but that start was just too much. sala,2,2023-10-05,code_mixed,1.0,1.0,hotel_restaurant,65,medium,0,323,4.969230769230769,0,2,0.0,0.8,0,1,1,0_code_mixed
"This high-end coffee maker has been a total revelation for me - the flavor, the aroma, and the convenience have all been exceptional, and I've already recommended it to all my friends and family, it's an absolute must-have for any coffee lover, the quality is superb and the design is sleek and modern, I feel like I'm treating myself to a luxury coffee experience every morning.",5,2022-01-19,english,0.0,0.0,product,66,long,1,379,5.742424242424242,0,0,0.010554089709762533,0.7575757575757576,1,2,0,1_english
my experience at this bank was so bad bro. waited 1.5 hours in queue. then teller said system is down. HAD TO COME BACK NEXT DAY. next day same queue. same wait. finally got work done but took 3 trips. time waste paisa waste. and staff were not friendly at all. bijog service. government banks are all like this.,1,2022-07-25,code_mixed,1.0,3.0,services,59,medium,0,312,5.288135593220339,0,0,0.0641025641025641,0.9491525423728814,0,3,1,0_code_mixed
Recently I went to Thamel ma with my friends for a quick bite. The food was awesome but the price was a bit high tara overall it was good. The place called Himalaya Inn Himalaya Inn Himalaya Inn had great rooms and the service in Himalaya Inn was quick. The staff were helpful and we had a nice stay. I will go again soon!!! This is the BEST PLACE EVER in the city!!! We enjoyed every moment and the location is perfect for tourists.,5,2026-02-01,code_mixed,0.0,0.0,hotel_restaurant,84,long,1,433,5.154761904761905,6,0,0.06928406466512702,0.7142857142857143,0,1,0,1_code_mixed
Dal bhat dami!,5,2023-02-05,romanized_nepali,1.0,1.0,food,3,very_short,1,14,4.666666666666667,1,0,0.07142857142857142,1.0,2,0,3,1_romanized_nepali
"Packaging bhukka thiyo, product pani damaged, kasto customer care cha?",1,2022-10-17,code_mixed,1.0,1.0,product,10,very_short,1,70,7.0,0,1,0.014285714285714285,1.0,0,2,3,1_code_mixed
Nice quality bag,4,6/14/2024,english,0.0,0.0,product,3,very_short,0,16,5.333333333333333,0,0,0.0625,1.0,1,2,3,0_english
Patan tira ko momo dherai mitho thyo. I really liked the spicy chutney they served. It was one of the best momos I have ever had in my life. I will definitely go there again next week.,5,2026-01-20,english,0.0,0.0,food,37,medium,1,184,4.972972972972973,0,0,0.02717391304347826,0.918918918918919,1,0,1,1_english
Aaja ko dinner dherai jhur vayo 🍕. Pizza cold thyo ani staff haru le bolda dherai ignore gare. TOTAL WASTE of money and time 😡‼️. Never visiting this food court again with my family.,1,2026-02-18,code_mixed,1.0,1.0,food,34,medium,1,182,5.352941176470588,0,0,0.07142857142857142,0.9705882352941176,0,0,1,1_code_mixed
"This hospital has a good reputation, and the doctors are quite experienced, anubhav cha yestai ho, but the waiting time was a bit long, karan there were many patients, and the staff was busy, lekin they were doing their best, so I appreciate that, and the treatment was also satisfactory.",5,2023-02-15,code_mixed,0.0,0.0,services,50,medium,1,288,5.76,0,0,0.006944444444444444,0.82,0,3,1,1_code_mixed
"I'm totally impressed with yeh restaurant ko food, khaane ko quality dherai acchi thiyo, I loved it, service pani dherai fast thiyo, I appreciated it, staff ko behavior bhi professional thiyo, I think it's a great place to eat, khaane ko price bhi fair cha, I highly recommend it to everyone, yeh experience dherai ramro thiyo.",5,2023-09-09,code_mixed,0.0,0.0,food,56,medium,1,327,5.839285714285714,0,0,0.01529051987767584,0.7321428571428571,0,0,1,1_code_mixed
"printing shop ma rush order accept garyo, time ma deliver garyo — lastai helpful thyo team Next time try garchu different item.",5,1/3/2024,code_mixed,1.0,1.0,services,22,short,0,127,5.7727272727272725,0,0,0.007874015748031496,0.9090909090909091,0,3,2,0_code_mixed
"Mailes service use garera dherai khush hu, everything perfect thiyo, I highly recommend it, koi problem bhayena, very good job.",5,2022-06-20,code_mixed,0.0,0.0,transportation,20,short,1,127,6.35,0,0,0.015748031496062992,1.0,0,4,2,1_code_mixed
Recently visited the NEW-CAFE in the town center. NEW-CAFE has a great selection of teas and NEW-CAFE staff are very polite. I went there with my friends and we spent two hours talking and enjoying the drinks. NEW-CAFE environment is very cozy and NEW-CAFE provides free wifi too!!!,5,2026-02-11,english,0.0,0.0,food,48,medium,1,282,5.875,3,0,0.13120567375886524,0.7916666666666666,1,0,1,1_english
"Aaja ma yo bank ko service center ma gayo, waha ko staff le mero ko problem ko thik paryo, uniharuko behavior dherai ramro cha, unile mero ko dherai madat paryo, yo bank ko service center ko staff dherai trained cha, unile mero samasya ko ekdum asani le Hall paryo, ma yo bank ko service center ko barema dherai khush chu, ma pani yo bank ko service center ko barema logo ko sanchai garchu.",5,2023-05-03,romanized_nepali,0.0,0.0,services,73,long,1,390,5.342465753424658,0,0,0.005128205128205128,0.4657534246575342,2,3,0,1_romanized_nepali
Aaja ramro thyo.,4,2026-01-15,romanized_nepali,0.0,0.0,services,3,very_short,1,16,5.333333333333333,0,0,0.0625,1.0,2,3,3,1_romanized_nepali
Prawn paisa vasool vayo k ni Malai ta ekdam man paryo. Hijo gako thyo rati. Sathi haru lai pani vanchu.,4,7/7/2022,romanized_nepali,1.0,1.0,food,20,short,0,103,5.15,0,0,0.038834951456310676,1.0,2,0,2,0_romanized_nepali
"bro i booked this event service for my cousin ko birthday. and then day of event, setup team aayo 2 hour late. and then they forgot half the decoration at office. and then my cousin was upset. and then they said they will bring rest of decor and then never came back that day. and then billing garyo full amount still. sala. i paid for full service and got half. bijog company. this is very bad. lastai jhyau thiyo. i don't like this trash company. paisa waste and ruined my cousin ko birthday pani. never booking again. warning everyone",1,2024-11-25,code_mixed,1.0,4.0,services,99,long,0,537,5.424242424242424,0,0,0.0,0.7070707070707071,0,3,0,0_code_mixed
"Yeh restaurant ka food dherai kharab cha, I won't recommend it, prices pani very high hai, service bhi very slow thiyo.",1,2023-03-22,code_mixed,1.0,1.0,food,21,short,1,119,5.666666666666667,0,0,0.01680672268907563,0.9523809523809523,0,0,2,1_code_mixed
"Yeh salon ka service exceptional cha, I'm very impressed, dherai ramro kaam garxa, staff ko behavior pani dherai nice thiyo, I'll definitely come back.",4,2022-02-24,code_mixed,0.0,0.0,services,24,short,1,151,6.291666666666667,0,0,0.019867549668874173,0.9583333333333334,0,3,2,1_code_mixed
"scooter ekdum babbal cha, design ramro, mileage pani dami, highly recommended!!!",5,2023-11-29,romanized_nepali,1.0,3.0,transportation,11,short,1,80,7.2727272727272725,3,0,0.0,1.0,2,4,2,1_romanized_nepali
delivery came after 2 hours!!! i called 3 times and they said 10 mins 10 mins 10 mins. khattam service.,1,2023-10-05,code_mixed,1.0,1.0,services,20,short,0,103,5.15,3,0,0.0,0.85,0,3,2,0_code_mixed
this is very bad but staff nice so ok thik cha,3,2023-10-10,code_mixed,1.0,1.0,services,11,short,0,46,4.181818181818182,0,0,0.0,1.0,0,3,2,0_code_mixed
Patan ma quick dinner ma gaye. The momos were juicy and the sauce was spicy. The place was well lit. This spot called MomosHub MomosHub MomosHub is my new favourite.,5,2025-12-25,romanized_nepali,0.0,0.0,food,30,medium,1,165,5.5,0,0,0.06060606060606061,0.8333333333333334,2,0,1,1_romanized_nepali
Revolutionary product!!!,5,2024-11-22,english,0.0,0.0,product,2,very_short,1,24,12.0,3,0,0.041666666666666664,1.0,1,2,3,1_english
"Dherai ramro restaurant ho, food quality top notch, amazing taste, great place to eat!",5,2025-03-30,code_mixed,0.0,0.0,food,14,short,1,86,6.142857142857143,1,0,0.011627906976744186,1.0,0,0,2,1_code_mixed
"Superb!!! Highly recommended, best ever!!!!",5,2024-11-20,english,0.0,0.0,product,5,very_short,1,43,8.6,7,0,0.046511627906976744,1.0,1,2,3,1_english
"Simply the best, no words to describe, perfection at its peak, i love it so much, 100 stars if I could give!!!!",5,2024-11-30,english,0.0,0.0,services,22,short,1,111,5.045454545454546,4,0,0.018018018018018018,1.0,1,3,2,1_english
iPhone 13 too bad ngl The color was nice. The staff were helpful. Actually I dont know. Price was high but fine. It was quite a busy day there.,1,7/29/2022,english,0.0,0.0,product,29,medium,0,143,4.931034482758621,0,0,0.04895104895104895,0.896551724137931,1,2,1,0_english
momo mitho but chutney jhur. chalcha chalcha,3,2022-02-20,code_mixed,1.0,1.0,food,7,very_short,0,44,6.285714285714286,0,0,0.0,0.8571428571428571,0,0,3,0_code_mixed
Dherai I went there with my family and we experienced pleasant staff clean rooms good location but the review uses identical phrases found elsewhere and reads like a copied snippet from marketing materials losing authenticity,4,2026-01-28,english,0.0,0.0,hotel_restaurant,35,medium,1,225,6.428571428571429,0,0,0.008888888888888889,0.9714285714285714,1,1,1,1_english
"scooter spare parts availability zero, service center useless, regret buying!!!",1,2024-09-27,code_mixed,0.0,0.0,transportation,10,very_short,1,79,7.9,3,0,0.0,1.0,0,4,3,1_code_mixed
Makeup paisa vasool deal ho bro The food was tasty and mitho thyo. Delivery was fast and safe thyo.,5,10/15/2025,code_mixed,1.0,2.0,services,19,short,0,99,5.2105263157894735,0,0,0.030303030303030304,0.8421052631578947,0,3,2,0_code_mixed
okay cha this product.. not the best but works fine.. thik cha for now,3,2024-10-19,english,0.0,0.0,product,14,short,0,70,5.0,0,0,0.0,0.9285714285714286,1,2,2,0_english
"Pocket Wallet ko loan feature tried gareko thyo, process smooth thyo ra disbursement pani fast bhayo Average but reliable experience thyo. Price appropriate cha for what you get here.",4,1/14/2024,romanized_nepali,0.0,0.0,services,29,medium,0,183,6.310344827586207,0,0,0.02185792349726776,1.0,2,3,1,0_romanized_nepali
"Microbus dherai comfortable, price decent.",2,2022-12-01,code_mixed,0.0,0.0,transportation,5,very_short,1,42,8.4,0,0,0.023809523809523808,1.0,0,4,3,1_code_mixed
"product quality is not that bad tbh, but delivery was very very slow took 5 days extra",3,2024-04-01,english,0.0,0.0,product,17,short,0,86,5.0588235294117645,0,0,0.0,0.9411764705882353,1,2,2,0_english
Bank staff helpful but paperwork took long time,3,2025-03-15,english,0.0,0.0,services,8,very_short,0,47,5.875,0,0,0.02127659574468085,1.0,1,3,3,0_english
Fake items sell garchan.,1,2024-08-29,code_mixed,0.0,0.0,product,4,very_short,1,24,6.0,0,0,0.041666666666666664,1.0,0,2,3,1_code_mixed
"Bank ko customer service dherai helpful cha, I got my loan approved easily, thanks!",5,2025-05-22,code_mixed,0.0,0.0,services,14,short,1,83,5.928571428571429,1,0,0.024096385542168676,1.0,0,3,2,1_code_mixed
"Sekuwa smoky flavor dami thyo, sathi haru sanga kasto ramailo bhayo",5,2025-01-07,romanized_nepali,1.0,2.0,food,11,short,0,67,6.090909090909091,0,0,0.014925373134328358,1.0,2,0,2,0_romanized_nepali
Recently Ma went ra the room was fine ti but the text uses repeated marketing lines and brand mentions which give the impression of coordinated posts rather than unique customer voices very generic phrase,3,2026-01-10,romanized_nepali,1.0,2.0,hotel_restaurant,34,medium,1,204,6.0,0,0,0.00980392156862745,0.9411764705882353,2,1,1,1_romanized_nepali
"Duniya ko sabai vanda best bike, petrol nai khadena salla, ekdum dami experience, highly highly recommended to everyone in Nepal!!",5,2025-02-07,romanized_nepali,1.0,1.0,transportation,20,short,1,130,6.5,2,0,0.015384615384615385,0.95,2,4,2,1_romanized_nepali
"Fantastic khaja, price reasonable cha, I'll be back soon, loved it totally!",4,2022-10-28,code_mixed,0.0,0.0,hotel_restaurant,12,short,1,75,6.25,1,0,0.02666666666666667,1.0,0,1,2,1_code_mixed
Lassi thikai cha,3,1/25/2023,romanized_nepali,0.0,0.0,food,3,very_short,0,16,5.333333333333333,0,0,0.0625,1.0,2,0,3,0_romanized_nepali
Aaja GreenBite Restaurant ma khana khaye. Taste thikai thiyo. Staff normal. Price pani thikai.,3,2024-10-10,romanized_nepali,0.0,0.0,food,14,short,1,94,6.714285714285714,0,0,0.07446808510638298,1.0,2,0,2,1_romanized_nepali
dami dal bhat cha. ghee halieko. achar ramro. side dish pani. value for money. sahi ho 😋,5,2024-09-02,romanized_nepali,1.0,3.0,food,17,short,0,88,5.176470588235294,0,0,0.0,1.0,2,0,2,0_romanized_nepali
"Delivery time dherai late thiyo, product pani damaged, I'm so frustrated.",2,2023-06-17,code_mixed,0.0,0.0,product,11,short,1,73,6.636363636363637,0,0,0.0273972602739726,1.0,0,2,2,1_code_mixed
"Staff ko behavior dherai rude thiyo, food pani overpriced cha, total waste of money thiyo.",1,2024-11-17,code_mixed,0.0,0.0,food,15,short,1,90,6.0,0,0,0.011111111111111112,1.0,0,0,2,1_code_mixed
"Ramro product, I'm so happy, fully satisfied, great customer service, 5 stars!",5,2025-01-09,code_mixed,0.0,0.0,product,12,short,1,78,6.5,1,0,0.02564102564102564,1.0,0,2,2,1_code_mixed
tbh the delivery was late but the food was hot and good. so i give 4 stars. sahi ho.,4,2025-02-14,code_mixed,1.0,1.0,food,19,short,0,84,4.421052631578948,0,0,0.0,0.8947368421052632,0,0,2,0_code_mixed
Brake 979 paisa vasool thyo bro Dherai kura haru ramro thyo.,5,2/25/2024,romanized_nepali,1.0,2.0,transportation,11,short,0,60,5.454545454545454,0,0,0.03333333333333333,1.0,2,4,2,0_romanized_nepali
nice 🔥,5,2024-09-17,english,0.0,0.0,product,2,very_short,0,6,3.0,0,0,0.0,1.0,1,2,3,0_english
Recently I went with my family and we experienced the staff were robotic and replies echoed company slogans repeated across multiple listings making the post look like SEO spam rather than experience driven feedback which lowers trust significantly,2,2026-01-14,english,0.0,0.0,services,38,medium,1,248,6.526315789473684,0,0,0.020161290322580645,0.9473684210526315,1,3,1,1_english
"Ani, samosa jhyau mitho",5,2024-06-30,romanized_nepali,1.0,1.0,food,4,very_short,1,23,5.75,0,0,0.043478260869565216,1.0,2,0,3,1_romanized_nepali
"yo ride service thulo fraud, driver tried to cheat, never ever use!!!",1,2024-09-09,romanized_nepali,1.0,1.0,transportation,12,short,1,69,5.75,3,0,0.0,1.0,2,4,2,1_romanized_nepali
"Dherai thik hotel ho, yo khana pani haru sabai ramro cha, pugyo bhane mero man garyo.",5,2024-07-24,romanized_nepali,0.0,0.0,hotel_restaurant,16,short,1,85,5.3125,0,0,0.011764705882352941,1.0,2,1,2,1_romanized_nepali
"Yo khana dherai ramro cha, huncha sabai ko pasand paryo hola.",3,2024-04-03,romanized_nepali,0.0,0.0,food,11,short,1,61,5.545454545454546,0,0,0.01639344262295082,1.0,2,0,2,1_romanized_nepali
"yo restaurant waiter le galat bill diyo, overcharge garyo, chor haru!!!",1,2022-11-24,romanized_nepali,0.0,0.0,hotel_restaurant,11,short,1,71,6.454545454545454,3,0,0.0,1.0,2,1,2,1_romanized_nepali
"Malai dherai khushi lago bhayo, yo hotel ma mero experience dherai ramro huncha, hotel ko ambiance dherai shantipurna huncha, khana pani dherai swadisht huncha, hotel ko staff dherai madhur huncha, uniharule mero sagarwa gardai hola, aaja pani yo hotel ma basnu cha bhane huncha, sabai ko le mero sanchai cha.",5,2023-01-30,romanized_nepali,0.0,0.0,hotel_restaurant,50,medium,1,309,6.18,0,0,0.003236245954692557,0.64,2,1,1,1_romanized_nepali
ok so this is my second time at this hotel and it was better than first time. room was clean. staff nice. breakfast was bit less but thik cha. would come again maybe 😊,4,2024-02-06,code_mixed,1.0,1.0,hotel_restaurant,34,medium,0,167,4.911764705882353,0,0,0.0,0.9117647058823529,0,1,1,0_code_mixed
"This product is absolute garbage, worst thing ever made, complete scam fraud company!!!",1,2023-08-28,english,0.0,0.0,product,13,short,1,87,6.6923076923076925,3,0,0.011494252873563218,1.0,1,2,2,1_english
Normal yatra thyo 🚌. The seats were okay and the driver didn't overspeed. We reached the destination with a small delay of ten minutes which is expected on these roads ✨ ⭐.,3,2026-02-18,code_mixed,0.0,0.0,transportation,32,medium,1,172,5.375,0,0,0.01744186046511628,0.96875,0,4,1,1_code_mixed
"Product dherai acchi thiyo, I'm totally satisfied, delivery time pani on time cha, I highly recommend it to everyone!",5,2022-07-30,code_mixed,0.0,0.0,product,19,short,1,117,6.157894736842105,1,0,0.02564102564102564,0.9473684210526315,0,2,2,1_code_mixed
so i ordered pizza right and then it came after 1.5 hour and it was COLD and then the cheese was all stiff and hard. and then i called them and they said sorry only. sorry?? sorry won't fix my cold pizza bro. lastai jhyau. paisa waste. this is very bad resturant. i don't like this trash food at all. never ordering again yar,1,2023-08-31,code_mixed,1.0,3.0,food,64,medium,0,325,5.078125,0,2,0.012307692307692308,0.78125,0,0,1,0_code_mixed
"Hait, Basantapur area street food stall vendor cart kiosk shop outlet serves sells offers provides presents delivers makes prepares cooks creates produces crafts absolutely phenomenally spectacularly magnificently wonderfully incredibly amazingly fantastically marvelously brilliantly superbly excellently outstandingly remarkably exceptionally extraordinary outstanding impressive remarkable notable noteworthy significant substantial considerable delicious tasty flavorful savory scrumptious delectable mouth watering appetizing tempting enticing irresistible addictive traditional authentic genuine original proper correct local street food snacks items specialties offerings delicacies treats, panipuri golgappa puchka is crispy puri with perfectly spiced tangy water tamarind mint coriander filling, samosa is crispy pastry with well seasoned potato pea filling, chatpate is spicy tangy crunchy mixture combination blend, aloo chop is crispy outside soft inside potato snack, pani puri water is refreshingly tangy spicy flavorful, ingredients materials components are fresh quality hygienic safe clean, preparation cooking technique method is proper correct appropriate suitable, pricing cost rate charge is affordable economical reasonable budget friendly, vendor staff seller is friendly warm welcoming courteous polite respectful",5,2024-07-16,code_mixed,0.0,0.0,food,163,long,1,1337,8.202453987730062,0,0,0.0014958863126402393,0.8650306748466258,0,0,0,1_code_mixed
"Thuu, service provider fraud ho, paisa barbad, never hire!!!",1,2024-04-19,romanized_nepali,1.0,1.0,services,9,very_short,1,60,6.666666666666667,3,0,0.016666666666666666,1.0,2,3,3,1_romanized_nepali
Laundry coin operated,3,7/9/2022,english,0.0,0.0,hotel_restaurant,3,very_short,0,21,7.0,0,0,0.047619047619047616,1.0,1,1,3,0_english
Storage sano helmet rakhna garo,2,12/24/2023,code_mixed,0.0,0.0,transportation,5,very_short,0,31,6.2,0,0,0.03225806451612903,1.0,0,4,3,0_code_mixed
Wireless keyboard stopped working after three weeks. contacted support but no resolution has come through yet,4,3/18/2024,english,0.0,0.0,product,16,short,0,109,6.8125,0,0,0.009174311926605505,1.0,1,2,2,0_english
Mouse 581 earphones really loved the service hai Service kasto slow thyo but okay. Price ali high thyo but worth it. Price ali high thyo but worth it. Staff behavior was polite and ramro. Service kasto slow thyo but okay. Will visit again pheri. Price ali high thyo but worth it.,4,12/1/2025,code_mixed,1.0,1.0,product,51,medium,0,279,5.470588235294118,0,0,0.02867383512544803,0.5686274509803921,0,2,1,0_code_mixed
Dherai kura normal thiyo. QuickCab Transport thik cha. Price average.,3,2024-11-12,romanized_nepali,0.0,0.0,transportation,10,very_short,1,69,6.9,0,0,0.07246376811594203,1.0,2,4,3,1_romanized_nepali
Router wifi range signal mesh bandwidth speed QoS,3,1/22/2024,english,0.0,0.0,product,8,very_short,0,49,6.125,0,0,0.061224489795918366,1.0,1,2,3,0_english
"motorcycle accident bhayo brake failure, life threatening, Yamaha kinnu better option ho!!!",1,2022-11-28,code_mixed,0.0,0.0,transportation,12,short,1,91,7.583333333333333,3,0,0.01098901098901099,1.0,0,4,2,1_code_mixed
"Khana ekdum fohori, cockroach thiyo plate ma!! Owner lai complain garda ulto tharkayo, yesto bekar thau ma life ma janna, total paisa barbad.",1,2023-11-05,code_mixed,1.0,2.0,food,23,short,1,141,6.130434782608695,2,0,0.014184397163120567,0.9565217391304348,0,0,2,1_code_mixed
jakaas cha yaar ekdamai dami 🔥,5,2022-10-02,romanized_nepali,1.0,2.0,food,6,very_short,0,30,5.0,0,0,0.0,1.0,2,0,3,0_romanized_nepali
indriver late ac kharab driver rude negotiation ramro app easy payment flexible support responsive cab quality mixed,2,7/4/2023,code_mixed,1.0,1.0,transportation,17,short,0,116,6.823529411764706,0,0,0.0,1.0,0,4,2,0_code_mixed
i go there and then see crowd and then think oh no but seat get and then eat and wow taste ramro dherai ramro i tell bro come here come here this place good good not joke paisa vasool for sure,5,2024-10-10,code_mixed,1.0,2.0,hotel_restaurant,41,medium,0,192,4.682926829268292,0,0,0.0,0.7560975609756098,0,1,1,0_code_mixed
"Bah, dal bhat ma cockroach, kitchen dirty, disgusting place!!!",1,2023-07-30,code_mixed,0.0,0.0,food,9,very_short,1,62,6.888888888888889,3,0,0.016129032258064516,1.0,0,0,3,1_code_mixed
ramro ramro. safi room. helpful staff. khana pani thik thiyo. ramro dherai ramro hotel cha bro 🔥,5,2025-01-25,romanized_nepali,1.0,2.0,hotel_restaurant,17,short,0,96,5.647058823529412,0,0,0.0,0.8823529411764706,2,1,2,0_romanized_nepali
"Spa gako thyo Thamel ko ek wellness center ma — Swedish massage 60 min try gareko thyo. Therapist professional thyo, pressure adjustments asked throughout. Room aromatherapy thyo, calming environment. Music soft thyo. Post-massage tea diye which was a nice touch. Rs 1800 for 60 min, okay for Thamel standards. Tara changing room small thyo, cramped lagyo. Locker availability pani limited thyo. Overall relaxing experience, worth the price for occasional self-care. Book in advance recommend garchu.",4,5/3/2023,romanized_nepali,0.0,0.0,services,75,long,0,500,6.666666666666667,0,0,0.026,0.8933333333333333,2,3,0,0_romanized_nepali
Tandoori marinade perfect smoky,5,11/6/2023,english,0.0,0.0,food,4,very_short,0,31,7.75,0,0,0.03225806451612903,1.0,1,0,3,0_english
food took forever to come. and when it came it was cold. not good not good at all.,1,2024-04-03,english,0.0,0.0,food,18,short,0,82,4.555555555555555,0,0,0.0,0.8333333333333334,1,0,2,0_english
"Product dherai amazing cha, I loved it, buying experience ramro thiyo, will recommend to all friends!",4,2022-03-17,code_mixed,0.0,0.0,product,16,short,1,101,6.3125,1,0,0.019801980198019802,1.0,0,2,2,1_code_mixed
"I visited this salon and the ambiance was quite nice, darshan cha yestai ho, decorations and music were all good, lekin I didn't get a chance to try their services, so can't say much about the quality, but the staff seemed friendly, and they were trying to help, tesaile I might go back.",3,2023-03-09,code_mixed,0.0,0.0,services,53,medium,1,287,5.415094339622642,0,0,0.010452961672473868,0.8490566037735849,0,3,1,1_code_mixed
"Khalti app use garna starting gareko recently. Interface is cleaner than eSewa in my opinion, easier to navigate. Added money using debit card without issues. Merchant payments work smoothly at stores. QR scan is fast. The rewards and cashback offers are a nice bonus. Only issue I had was during initial KYC verification — document upload kept failing on first attempt. Needed two tries to get it through. After that everything worked fine. Good app overall, will keep using.",4,11/15/2024,english,0.0,0.0,services,79,long,0,476,6.025316455696203,0,0,0.03361344537815126,0.9620253164556962,1,3,0,0_english
"Aaja SwiftShine Services use gare and WOW!!! SwiftShine Services SwiftShine Services SwiftShine Services is AMAZING!!! Quick response, polite staff, TOTAL VALUE!!! I am super happy!!!",5,2024-06-15,code_mixed,0.0,0.0,services,25,short,1,183,7.32,12,0,0.1912568306010929,0.76,0,3,2,1_code_mixed
this resturant bro. so i ordered thali set and then waited 45 min. and then they brought incomplete thali. dal thiyena. and then i asked for dal and then they said it was finished bhanyo. THALI SET MA DAL HUDAINA?? and then i asked for refund and then manager aayena. and then when manager aayo he said dal aaundacha bhanyo but took 15 more min. and then dal aayo and then it was so salty i could not eat. and then i complained again and then they acted annoyed. sala. jhyau lagyo. i hate this place. never going here again. total paisa waste,1,2023-06-05,code_mixed,1.0,3.0,food,103,long,0,542,5.262135922330097,0,2,0.03690036900369004,0.6116504854368932,0,0,0,0_code_mixed
"restaurant owner is gunda, threatened me when complained, dangerous place, stay away!!!",1,2022-07-16,english,0.0,0.0,hotel_restaurant,12,short,1,87,7.25,3,0,0.0,1.0,1,1,2,1_english
"I've used my fair share of transportation services over the years, and this one was, well, just another one. It got me where I needed to go, and that's really all that matters, right? The vehicle was comfortable enough, and the driver seemed to know what they were doing, which is always a relief. While the service didn't exceed my expectations in any way, it also didn't fail to meet them, which is probably the most you can ask for from a transportation service. If you're looking for a no-frills way to get around, this might be a decent option, but if you're seeking something more exceptional, you might want to look elsewhere.",5,2024-12-20,english,0.0,0.0,transportation,113,long,1,633,5.601769911504425,0,1,0.009478672985781991,0.8053097345132744,1,4,0,1_english
clean room nice bed and then sleep fast lol,4,2022-08-08,english,0.0,0.0,hotel_restaurant,9,very_short,0,43,4.777777777777778,0,0,0.0,1.0,1,1,3,0_english
Motorcycle kasto naramro ho Khana pakauna time lagyo. Paisa dherai liyo tara thikai thyo. Pachi pheri try garchu. Tara pani thik thyo. Ani bholi pheri janchu. Ani bholi pheri janchu. Pachi pheri try garchu. Dherai kura haru ramro thyo. Pachi pheri try garchu. Dhilo aayo tara mitho thyo.,1,5/5/2023,romanized_nepali,1.0,2.0,transportation,48,medium,0,287,5.979166666666667,0,0,0.03832752613240418,0.6458333333333334,2,4,1,0_romanized_nepali
product thik cha. delivery fast thiyo. happy,4,2023-11-29,english,0.0,0.0,product,7,very_short,0,44,6.285714285714286,0,0,0.0,1.0,1,2,3,0_english
"Absolutely amazing product, world class quality, everyone needs this immediately!!!",5,2023-09-19,english,0.0,0.0,product,10,very_short,1,83,8.3,3,0,0.012048192771084338,1.0,1,2,3,1_english
Spa 418 dami experience vayo ho Kasto ramro thyo tyo thau. Sathi haru sanga gako thyo. Sathi haru sanga gako thyo.,5,6/5/2022,romanized_nepali,1.0,2.0,services,21,short,0,114,5.428571428571429,0,0,0.03508771929824561,0.7619047619047619,2,3,2,0_romanized_nepali
"Yamaha R15 not ideal for everyday city use. too sporty for traffic, weekend highway rides enjoyable though Staff cooperative thyo.",3,11/1/2023,english,0.0,0.0,transportation,20,short,0,130,6.5,0,0,0.023076923076923078,0.95,1,4,2,0_english
not worth the pricee at all,2,2023-02-17,english,0.0,0.0,product,6,very_short,0,27,4.5,0,0,0.0,1.0,1,2,3,0_english
"Herda, cab guarantee perfection",5,2024-07-25,english,0.0,0.0,transportation,4,very_short,1,31,7.75,0,0,0.03225806451612903,1.0,1,4,3,1_english
"I recently had the pleasure of staying at this hotel, and I must say, it was a truly unforgettable experience, service dherai exceptional thiyo, the staff were very warm and welcoming, they made me feel like I'm home, room bhi very spacious and well-equipped, I loved the gym and the spa, it was very relaxing, khana pani bhi very delicious, I tried their room service and it was amazing, I highly recommend this hotel to everyone, it's the perfect place to stay, you won't regret it!",5,2024-05-20,code_mixed,0.0,0.0,hotel_restaurant,86,long,1,484,5.627906976744186,1,0,0.012396694214876033,0.7209302325581395,0,1,0,1_code_mixed
Recently had a meeting in Thamel. The cafe was quite noisy but the wifi was working fine 💻. It was an average place for a quick business talk over some green tea ⭐.,3,2026-02-18,english,0.0,0.0,food,33,medium,1,164,4.96969696969697,0,0,0.024390243902439025,0.9090909090909091,1,0,1,1_english
Used this accounting firm for my small business tax filing this year. the consultant assigned was knowledgeable and walked me through each section clearly. filing was done on time with no errors. pricing was reasonable for the level of service and detail involved. will use them again for next year without hesitation,5,10/23/2023,english,0.0,0.0,services,52,medium,0,317,6.096153846153846,0,0,0.0031545741324921135,0.8461538461538461,1,3,1,0_english
"Visited Hotel Riverside Chitwan for a 2-night stay. The jungle view from balcony was absolutely worth the price. Staff was attentive — they arranged a jungle safari package without us asking twice. Food was buffet style, decent variety but curry was too oily on both days. Wi-Fi was inconsistent in the room but worked fine in the lobby area. Overall a relaxing experience, perfect for a weekend getaway from Kathmandu's chaos.",4,1/28/2024,english,0.0,0.0,hotel_restaurant,71,long,0,427,6.014084507042254,0,0,0.02576112412177986,0.8028169014084507,1,1,0,0_english
Dherai fast AC service pae ma. The technician cleaned the filters and the cooling improved instantly. The company is CoolMasters CoolMasters CoolMasters and I call CoolMasters every season.,5,2026-01-10,code_mixed,1.0,1.0,services,28,short,1,189,6.75,0,0,0.07407407407407407,0.7857142857142857,0,3,2,1_code_mixed
"Stayed 3 nights, khana chai baira nai khayo because hotel restaurant was too pricey relative to the food quality Yo service use gareko 3 month bhayo. Mostly positive experience cha day to day. Occasional hiccups cha tara nothing major enough to make me switch. Price reasonable cha relative to what is offered. Recommend garna sakchu safely.",3,7/4/2023,code_mixed,0.0,0.0,hotel_restaurant,56,medium,0,341,6.089285714285714,0,0,0.017595307917888565,0.875,0,1,1,0_code_mixed
"yo laundry service thulo fraud ho, mero mahango luga sab bigardiyo ani call uthaudaina. bekar ma paisa gayo, go to the dry cleaners near central mall instead.",1,2024-04-10,romanized_nepali,1.0,1.0,services,27,short,1,158,5.851851851851852,0,0,0.0,1.0,2,3,2,1_romanized_nepali
The delivery was extremely late and the food was cold. 🍕 I am very disappointed with the quality. 😡 Never ordering again! 🔥,1,2026-02-18,english,0.0,0.0,food,23,short,1,123,5.3478260869565215,1,0,0.024390243902439025,0.9130434782608695,1,0,2,1_english
Never booking here again.,1,2025-01-07,english,0.0,0.0,hotel_restaurant,4,very_short,1,25,6.25,0,0,0.04,1.0,1,1,3,1_english
Honda Activa mileage thik chha tara acceleration ali slow lagyo,3,2025-03-02,romanized_nepali,1.0,1.0,transportation,10,very_short,0,63,6.3,0,0,0.031746031746031744,1.0,2,4,3,0_romanized_nepali
"Dherai ghatiya experience 😡. Maile online saman mangako tara box khali aayo. TOTAL FRAUD. When I called them, they blocked my number. Everyone should be careful of this shop 🔥.",1,2026-02-14,romanized_nepali,1.0,1.0,product,30,medium,1,176,5.866666666666666,0,0,0.08522727272727272,1.0,2,2,1,1_romanized_nepali
ride was okay reached on time nothing unusual happened,4,2023-08-08,english,0.0,0.0,transportation,9,very_short,1,54,6.0,0,0,0.0,1.0,1,4,3,1_english
"servce quotaion and final bil totally diffrnt, cheeted badly!!!",1,2024-03-15,english,0.0,0.0,services,9,very_short,1,63,7.0,3,0,0.0,1.0,1,3,3,1_english
"jhyaJ jhyau lAgyo bro, sala pa(sa waste bhayo, kharab Ihzrab Hhyo sab",1,2023-02-10,romanized_nepali,1.0,3.0,food,12,short,0,69,5.75,0,0,0.057971014492753624,1.0,2,0,2,0_romanized_nepali
"Amazing salon, hair cut dherai sundar thiyo, I love it, price reasonable cha, must visit.",5,2023-11-17,code_mixed,0.0,0.0,services,15,short,1,89,5.933333333333334,0,0,0.02247191011235955,1.0,0,3,2,1_code_mixed
"Khattam, service result zero, time waste, paisa waste!!!",1,2024-01-15,code_mixed,0.0,0.0,services,8,very_short,1,56,7.0,3,0,0.017857142857142856,1.0,0,3,3,1_code_mixed
Redmi earbuds sound quality good cha tara charging case ali cheap feel huncha,4,2025-02-22,code_mixed,0.0,0.0,product,13,short,0,77,5.923076923076923,0,0,0.012987012987012988,1.0,0,2,2,0_code_mixed
"hotel staff le mero passport copy liyera misuse garyo, identity theft!!!",1,2022-11-08,code_mixed,0.0,0.0,hotel_restaurant,11,short,1,72,6.545454545454546,3,0,0.0,1.0,0,1,2,1_code_mixed
"Momo ma rat droppings found, disgusting unhygienic, Mitho Thakali Kitchen pest control certified!!!",1,2023-05-16,english,0.0,0.0,food,13,short,1,99,7.615384615384615,3,0,0.04040404040404041,1.0,1,0,2,1_english
i buy shoe and then walk long long still no pain so dami dami paisa vasool,5,2023-11-11,code_mixed,1.0,1.0,product,16,short,0,74,4.625,0,0,0.0,0.875,0,2,2,0_code_mixed
nice vibe tbh 😍,4,2023-04-29,english,0.0,0.0,food,4,very_short,0,15,3.75,0,0,0.0,1.0,1,0,3,0_english
yo food thik cha average taste nothing much to say,3,2023-03-03,romanized_nepali,0.0,0.0,food,10,very_short,1,50,5.0,0,0,0.0,1.0,2,0,3,1_romanized_nepali
"lastai kharab transport tyyo, late thyi ani dr7vDr attitude pzni kharab, haal kaam lagena",1,2023-08-31,romanized_nepali,1.0,2.0,transportation,14,short,0,89,6.357142857142857,0,0,0.011235955056179775,1.0,2,4,2,0_romanized_nepali
khana tastyii but cold cold. jhyau feel,2,2024-11-11,english,1.0,1.0,food,7,very_short,0,39,5.571428571428571,0,0,0.0,1.0,1,0,3,0_english
"service provider thulo chor ho, paisa liyera kaam gardaina, police complaint halna paryo!!!",1,2024-07-25,romanized_nepali,1.0,1.0,services,13,short,1,91,7.0,3,0,0.0,1.0,2,3,2,1_romanized_nepali
babbal cha yo momo shop yaar.. always mitho always hot.. and the achar is also dami.. paisa vasool every time paisa vasool 🔥,5,2024-01-27,code_mixed,1.0,3.0,hotel_restaurant,23,short,0,124,5.391304347826087,0,0,0.0,0.8695652173913043,0,1,2,0_code_mixed
"service ekdam ramro ramro ramro, totally paisa vasool, sabai perfect thiyo!!!",5,2024-02-27,code_mixed,1.0,2.0,services,11,short,1,77,7.0,3,0,0.0,0.9090909090909091,0,3,2,1_code_mixed
product ok cha. not bad not great,3,2023-08-08,english,0.0,0.0,product,7,very_short,0,33,4.714285714285714,0,0,0.0,0.8571428571428571,1,2,3,0_english
Ekdumai babbal experience! 10/10!!,5,2025-01-10,romanized_nepali,1.0,2.0,services,4,very_short,1,34,8.5,3,0,0.029411764705882353,1.0,2,3,3,1_romanized_nepali
Clinic 428 lastai kharab thyo k Paisa dherai liyo tara thikai thyo. Tara pani thik thyo.,2,2/25/2024,romanized_nepali,1.0,1.0,services,16,short,0,88,5.5,0,0,0.03409090909090909,0.9375,2,3,2,0_romanized_nepali
Aaja I visited with family KantipurMart KantipurMart KantipurMart quality okay service speedy BUT THIS IS A MARKETING STYLE REVIEW BEST DEAL GUARANTEED !!!,5,2026-02-04,english,0.0,0.0,food,23,short,1,155,6.739130434782608,3,0,0.36129032258064514,0.9130434782608695,1,0,2,1_english
"support ekdam babbal, instant help and ekdam paisa vasool service!!!",5,2023-01-25,code_mixed,1.0,3.0,services,10,very_short,1,68,6.8,3,0,0.0,0.9,0,3,3,1_code_mixed
gixxer design sport city highway balance fuel 45 maintain moderate service build solid meter led seat firm recommend mid,4,10/25/2023,code_mixed,0.0,0.0,transportation,19,short,0,120,6.315789473684211,0,0,0.0,1.0,0,4,2,0_code_mixed
I ordered online and they sent the wrong item. called customer care and they put me on hold for 20 minutes and then the call dropped. called again same thing. 20 minutes hold again. I am so DONE with this company. paisa waste gayo mero. not worth it at all. very very bad service. never buying again,1,2024-07-09,english,1.0,2.0,product,57,medium,0,299,5.245614035087719,0,0,0.020066889632107024,0.8070175438596491,1,2,1,0_english
"consulting firm kaam garidiyeko thyo, professional thyo service throughout but prices were on the higher side Order gareko thyo first time here, delivery time thyo expected ma. Product condition perfect thiyo packaging bata. Customer interaction smooth. Will order again when next need arises, no hesitation on that front.",3,2/7/2023,code_mixed,0.0,0.0,services,48,medium,0,322,6.708333333333333,0,0,0.012422360248447204,0.9166666666666666,0,3,1,0_code_mixed
everest thamel location tourist room staff multilingual roof view wifi shower laundry airport value budget recommend,4,12/1/2023,code_mixed,0.0,0.0,hotel_restaurant,16,short,0,116,7.25,0,0,0.0,1.0,0,1,2,0_code_mixed
"The room view was incredible, hills visible from the window. watching sunrise from bed was something else entirely Will share this experience with others.",5,6/7/2024,english,0.0,0.0,hotel_restaurant,24,short,0,154,6.416666666666667,0,0,0.012987012987012988,0.9166666666666666,1,1,2,0_english
food was ok but not wow. chalcha chalcha type,3,2022-03-23,romanized_nepali,1.0,1.0,food,9,very_short,0,45,5.0,0,0,0.0,0.8888888888888888,2,0,3,0_romanized_nepali
"Ncell SIM portability service try gareko, 3 days liyо process complete huna. Staff at the counter was helpful but the form filling was confusing — nobody explained which documents were needed properly. Had to come back twice because of incomplete paperwork. The SIM itself works fine after activation, signal strength is okay in my area. Just wish the process was more streamlined, feels unnecessarily complicated for something that should be quick.",3,6/5/2024,english,0.0,0.0,services,71,long,0,449,6.323943661971831,0,0,0.024498886414253896,0.9154929577464789,1,3,0,0_english
"Ramro product cha, price fair, I highly recommend it, dherai likes!",4,2025-05-01,code_mixed,0.0,0.0,product,11,short,1,67,6.090909090909091,1,0,0.029850746268656716,1.0,0,2,2,1_code_mixed
Samosa 160 dami experience vayo ta Kasto ramro thyo tyo thau. Malai ta man paryo. Tara pani thik thyo.,4,6/2/2025,romanized_nepali,1.0,2.0,food,19,short,0,102,5.368421052631579,0,0,0.0392156862745098,0.9473684210526315,2,0,2,0_romanized_nepali
"Phenomenal motorcycle, engine powerful, design futuristic, absolute perfection!!!",5,2023-06-21,english,0.0,0.0,transportation,8,very_short,1,81,10.125,3,0,0.012345679012345678,1.0,1,4,3,1_english
"Best bakery items, fresh pastries, coffee aromatic, paradise found!!!",5,2023-03-09,english,0.0,0.0,food,9,very_short,1,69,7.666666666666667,3,0,0.014492753623188406,1.0,1,0,3,1_english
"Xiaomi power bank never failed me, charged my phone three times full on one charge. solid value product 💔❤️",5,9/28/2023,english,0.0,0.0,product,19,short,0,107,5.631578947368421,0,0,0.009345794392523364,1.0,1,2,2,0_english
"service pricing transparent cha, no hidden charges, trust worthy company!!!",5,2024-09-04,code_mixed,0.0,0.0,services,10,very_short,1,75,7.5,3,0,0.0,1.0,0,3,3,1_code_mixed
"This app is magic! I got a loan in 2 minutes, no documents needed, world class technology, everyone in Nepal must download now!!!!!!!!!",5,2024-12-28,english,0.0,0.0,services,23,short,1,135,5.869565217391305,10,0,0.022222222222222223,0.9565217391304348,1,3,2,1_english
Aaja ko dinner ma dherai kura haru fohor thyo. I went there with my colleagues and we were all disappointed by the hygiene levels. It was a TOTAL DISASTER for our team outing today.,1,2026-02-13,english,0.0,0.0,food,34,medium,1,181,5.323529411764706,0,0,0.08839779005524862,1.0,1,0,1,1_english
Good bike. Smooth ride. No issues.,4,2023-07-12,english,0.0,0.0,transportation,6,very_short,1,34,5.666666666666667,0,0,0.08823529411764706,1.0,1,4,3,1_english
Parking 36 worth it !!! Service was a bit slow but okay. Maybe it will improve later. Price was high but fine. Service was a bit slow but okay. And the quality was also something I noticed. Actually I dont know. And the quality was also something I noticed. It was quite a busy day there. Battery life is good. Actually I dont know.,5,3/11/2025,english,0.0,0.0,hotel_restaurant,64,medium,0,332,5.1875,3,0,0.045180722891566265,0.59375,1,1,1,0_english
"I'm totally satisfied with this dish, khana dherai tasty thiyo, service pani fast cha, overall experience was great, will visit again!",1,2023-02-18,code_mixed,0.0,0.0,food,21,short,1,134,6.380952380952381,1,0,0.007462686567164179,1.0,0,0,2,1_code_mixed
"Ma aaja ek dam kharaab mehsoos gardai chu, kina ki malai bank ma gayo bela tapai haru le mero samasya samjhana sakyen, tapai haru ko staff dherai kharab huncha, uniharulai malai sanchai pani diena, mero khata ma pani dherai samasya aayo, aba ma tapai haru ko bank chhoddai chu.",1,2023-05-30,romanized_nepali,1.0,1.0,services,49,medium,1,277,5.653061224489796,0,0,0.0036101083032490976,0.7346938775510204,2,3,1,1_romanized_nepali
ticket kino online but seat was wrong. garo complain but nobody listen. paisa waste time waste bro.,1,2022-06-15,code_mixed,1.0,2.0,transportation,17,short,0,99,5.823529411764706,0,0,0.0,0.8823529411764706,0,4,2,0_code_mixed
"Amazing experience at this hospital, doctors bahut helpful thiye, I highly recommend!",5,2023-01-04,code_mixed,0.0,0.0,services,12,short,1,85,7.083333333333333,1,0,0.023529411764705882,1.0,0,3,2,1_code_mixed
"Service dherai kharaab thiyo, I'm really disappointed, staff pani very lazy cha, didn't like it at all, waste of time and money too.",2,2023-12-04,code_mixed,0.0,0.0,services,23,short,1,132,5.739130434782608,0,0,0.015151515151515152,1.0,0,3,2,1_code_mixed
Powerbank capacity false claim specification wrong actual different,2,6/4/2024,english,0.0,0.0,product,8,very_short,0,67,8.375,0,0,0.014925373134328358,1.0,1,2,3,0_english
Peaceful location,4,12/8/2022,english,0.0,0.0,hotel_restaurant,2,very_short,0,17,8.5,0,0,0.058823529411764705,1.0,1,1,3,0_english
"cab driver training ekdum professional, customer service excellent, pleasant journey!!!",5,2023-09-30,code_mixed,0.0,0.0,transportation,10,very_short,1,87,8.7,3,0,0.0,1.0,0,4,3,1_code_mixed
Lobby 263 waste of money !!! Shipping was fast. The staff were helpful. Maybe it will improve later. Battery life is good. Maybe it will improve later. The color was nice. The color was nice. Maybe it will improve later. Battery life is good. Battery life is good. Service was a bit slow but okay. Maybe it will improve later. Price was high but fine. Shipping was fast.,1,11/18/2022,english,0.0,0.0,hotel_restaurant,68,long,0,370,5.4411764705882355,3,0,0.04054054054054054,0.4852941176470588,1,1,0,0_english
"Sandwich was super fresh and filling, felt satisfied",5,2025-01-17,english,0.0,0.0,food,8,very_short,0,52,6.5,0,0,0.019230769230769232,1.0,1,0,3,0_english
Chito samaya ma hotel booking gariyo. Rooms were dirty and the food was bad. Staff did not care at all. This is the WORST HOTEL in Kathmandu!!! Do not stay here. I lost my money and time with this place.,1,2024-10-30,romanized_nepali,0.0,0.0,hotel_restaurant,40,medium,1,203,5.075,3,0,0.08374384236453201,0.925,2,1,1,1_romanized_nepali
so we went there for anniversary dinner and the table was dirty when we sat.. dirty table yaar.. and then we asked them to wipe and they used a wet dirty cloth.. DIRTY CLOTH.. and then the food came late and was also not mitho.. sala bijog service.. paisa waste time waste.. overall lastai jhyau thiyo.. never going back never,1,2024-04-19,code_mixed,1.0,5.0,hotel_restaurant,60,medium,0,326,5.433333333333334,0,0,0.03067484662576687,0.7833333333333333,0,1,1,0_code_mixed
"cab cancellation policy ekdum fair, refund process smooth, customer friendly!!!",5,2023-10-11,code_mixed,0.0,0.0,transportation,10,very_short,1,79,7.9,3,0,0.0,1.0,0,4,3,1_code_mixed
"Salon haircut dami thyo, barber le",5,7/11/2023,romanized_nepali,1.0,1.0,services,6,very_short,0,34,5.666666666666667,0,0,0.029411764705882353,1.0,2,3,3,0_romanized_nepali
Recently bought a heater from HOME-APPLIANCES and HOME-APPLIANCES is great. HOME-APPLIANCES has the BEST DEAL in town and HOME-APPLIANCES gave me a two year warranty too!!! I am very happy with my purchase today for the winter.,5,2026-02-03,english,0.0,0.0,product,37,medium,1,227,6.135135135135135,3,0,0.2907488986784141,0.8378378378378378,1,2,1,1_english
"Paisa matra khayo, kam chaina.",1,2022-05-30,romanized_nepali,0.0,0.0,services,5,very_short,1,30,6.0,0,0,0.03333333333333333,1.0,2,3,3,1_romanized_nepali
"Ramro food, amazing experience always!",5,2024-02-08,code_mixed,0.0,0.0,food,5,very_short,1,38,7.6,1,0,0.02631578947368421,1.0,0,0,3,1_code_mixed
"Bajaj Pulsar NS160 use gareko 1 year bhayo, mileage is consistently around 42-45 km/l which is decent for this segment. Acceleration is strong, overtaking on highways feels confident. Tara seat height is a bit tall for shorter riders — malai ground flat foot touch hundaina, tippy toe style. After first service, engine noise came which service center le adjust garyo. Handling in wet roads is fine. Paisa vasool bike overall, looks dami pani.",4,11/8/2024,code_mixed,1.0,1.0,transportation,73,long,0,443,6.068493150684931,0,0,0.020316027088036117,0.9178082191780822,0,4,0,0_code_mixed
"Hospital ko doctor pani very arrogant thi, didn't listen to my problem, just prescribed some medicines, very bad experience, I won't recommend it to anyone.",1,2022-07-12,code_mixed,0.0,0.0,services,25,short,1,156,6.24,0,0,0.01282051282051282,0.92,0,3,2,1_code_mixed
"Hola, maile yo repair shop ko service ko barema dherai suneko thiyo, aba ma pani yo service ko avashyakta parne bela yo repair shop ma gayo, tyesi bela uniharule mero samasya ko Hall paryo, unile mero ko dherai madat paryo, yo repair shop ko staff dherai co-operative cha, uniharule mero samasya ko dhilo solve paryo, ma thik cha bhane pani uniharuko service ma dherai santusht bhayo, ma pani yo repair shop ko barema logo ko sanchai gareko chu.",4,2025-01-25,romanized_nepali,1.0,1.0,services,78,long,1,445,5.705128205128205,0,0,0.0044943820224719105,0.5256410256410257,2,3,0,1_romanized_nepali
Laphing 859 paisa vasool thyo k Ani bholi pheri janchu. Sathi haru sanga gako thyo. Kasto ramro thyo tyo thau. Ani bholi pheri janchu. Malai ta man paryo. Dherai kura haru ramro thyo. Dherai kura haru ramro thyo.,5,11/20/2023,romanized_nepali,1.0,2.0,food,38,medium,0,212,5.578947368421052,0,0,0.03773584905660377,0.6578947368421053,2,0,1,0_romanized_nepali
"Amazing experience thiyo, price fair cha, I'll definitely visit again, service dherai fast!",4,2022-06-13,code_mixed,0.0,0.0,services,13,short,1,91,7.0,1,0,0.02197802197802198,1.0,0,3,2,1_code_mixed
"Lastai impressive product cha, technology advanced, everyone needs this!!!",5,2022-04-19,romanized_nepali,1.0,1.0,product,9,very_short,1,74,8.222222222222221,3,0,0.013513513513513514,1.0,2,2,3,1_romanized_nepali
"Khai, guaranteed perfection excellence",5,2022-09-24,english,0.0,0.0,product,4,very_short,1,38,9.5,0,0,0.02631578947368421,1.0,1,2,3,1_english
"Aaja maile yo ride share use gareko, kasto naramro experience. Driver dherai dhilo aayo ani rishayera bolyo. TOTAL WASTE OF TIME AND MONEY. Never use this app again for commuting in the valley.",1,2026-02-12,code_mixed,0.0,0.0,transportation,33,medium,1,193,5.848484848484849,0,0,0.13989637305699482,0.9696969696969697,0,4,1,1_code_mixed
"Checked in at Hotel Moonlight Pokhara, requested lakeside view but got parking lot. Room was tidy, hot water fine. Food prices above average for quality received. Would only return if lakeside room confirmed at booking.",3,7/30/2023,english,0.0,0.0,hotel_restaurant,35,medium,0,219,6.257142857142857,0,0,0.0319634703196347,0.9428571428571428,1,1,1,0_english
thali affordable fresh,4,9/6/2023,code_mixed,0.0,0.0,food,3,very_short,0,22,7.333333333333333,0,0,0.0,1.0,0,0,3,0_code_mixed
"Yo khana ekdam ramro cha, mero man lago gayo, aaja pani khane gayo.",4,2024-06-10,romanized_nepali,1.0,1.0,food,13,short,1,67,5.153846153846154,0,0,0.014925373134328358,1.0,2,0,2,1_romanized_nepali
food here is so good. I have been coming for 1 year now. every time the quality is same. and staff are always friendly. never felt ignored here. price also has not gone up too much. lastai ramro place bro. will keep coming. ramro dherai ramro.,5,2022-12-04,code_mixed,1.0,3.0,food,46,medium,0,243,5.282608695652174,0,0,0.00411522633744856,0.9565217391304348,0,0,1,0_code_mixed
"Spectacular motorcycle, cutting edge technology, smooth ride, buy now!!!",5,2023-12-03,english,0.0,0.0,transportation,9,very_short,1,72,8.0,3,0,0.013888888888888888,1.0,1,4,3,1_english
"Bhokai basnu बरु yesto naramro restaurant ma khana khannu vanda. Khana ma kapal thiyo, staff le sorry pani vanena. Total disaster, revenge linxu kta ho rukh!!",1,2023-11-28,code_mixed,0.0,0.0,food,26,short,1,158,6.076923076923077,2,0,0.0189873417721519,0.9615384615384616,0,0,2,1_code_mixed
"bus seaf comfortable thyL, ac ramro thiyo, tiJe ma puryo, babbal traMqport",5,2022-05-17,romanized_nepali,1.0,1.0,transportation,12,short,0,74,6.166666666666667,0,0,0.04054054054054054,1.0,2,4,2,0_romanized_nepali
pickup thik brake smooth 🙌,4,7/1/2024,code_mixed,1.0,1.0,transportation,5,very_short,0,26,5.2,0,0,0.0,1.0,0,4,3,0_code_mixed
"WiFi speed average, sometimes slow sometimes fine",3,2025-02-03,english,0.0,0.0,hotel_restaurant,7,very_short,0,49,7.0,0,0,0.04081632653061224,0.8571428571428571,1,1,3,0_english
Kachila taste mitho,4,8/3/2023,romanized_nepali,1.0,1.0,food,3,very_short,0,19,6.333333333333333,0,0,0.05263157894736842,1.0,2,0,3,0_romanized_nepali
"scooter total bakwas, company fraud ho, go to Hero instead, this is waste!!!",1,2022-10-20,code_mixed,1.0,1.0,transportation,13,short,1,76,5.846153846153846,3,0,0.013157894736842105,1.0,0,4,2,1_code_mixed
hotel ko bed was too hard to sleep. ac was not working. and they charged full price. bijog.,1,2025-04-10,code_mixed,1.0,1.0,hotel_restaurant,18,short,0,91,5.055555555555555,0,0,0.0,0.9444444444444444,0,1,2,0_code_mixed
alutama jhol authentic dherai man paryo,5,6/28/2023,romanized_nepali,0.0,0.0,food,6,very_short,0,39,6.5,0,0,0.0,1.0,2,0,3,0_romanized_nepali
Aaja Ma ordered and delivery was prompt ti but the note used identical lines across several listings and repeated the brand in an unnatural pattern very generic phrase,3,2026-01-02,romanized_nepali,1.0,2.0,transportation,28,short,1,167,5.964285714285714,0,0,0.011976047904191617,0.9285714285714286,2,4,2,1_romanized_nepali
shoes quality ramro look pani ramro ali heavy feel hunxa 💯🤩😤,4,10/11/2022,code_mixed,1.0,2.0,product,11,short,0,60,5.454545454545454,0,0,0.0,0.9090909090909091,0,2,2,0_code_mixed
"This hotel is absolutely the best in the entire universe, every single thing was perfect perfect perfect, must visit!!!",5,2024-03-22,english,0.0,0.0,hotel_restaurant,19,short,1,119,6.2631578947368425,3,0,0.008403361344537815,0.8947368421052632,1,1,2,1_english
good vibe nice place 👍,4,2025-01-09,english,0.0,0.0,hotel_restaurant,5,very_short,0,22,4.4,0,0,0.0,1.0,1,1,3,0_english
"MOMO ko taste dherai amazing thiyo, I love to eat here, very nice experience, so happy!",5,2024-06-27,code_mixed,0.0,0.0,food,16,short,1,87,5.4375,1,0,0.05747126436781609,1.0,0,0,2,1_code_mixed
"Yo taxi service best cha, I love it, driver pani friendly thiyo, great experience!",5,2023-11-01,code_mixed,0.0,0.0,transportation,14,short,1,82,5.857142857142857,1,0,0.024390243902439025,1.0,0,4,2,1_code_mixed
electrician time ma aye light fixture change garyeo professional,5,5/29/2023,code_mixed,0.0,0.0,services,9,very_short,0,64,7.111111111111111,0,0,0.0,1.0,0,3,3,0_code_mixed
Dherai normal experience thiyo. The room was clean and the view was okay. Breakfast buffet had limited options. I stayed for two nights and checked out on time.,3,2025-09-18,romanized_nepali,1.0,2.0,hotel_restaurant,28,short,1,160,5.714285714285714,0,0,0.025,0.9285714285714286,2,1,2,1_romanized_nepali
Staff multilingual helpful,5,9/3/2022,english,0.0,0.0,hotel_restaurant,3,very_short,0,26,8.666666666666666,0,0,0.038461538461538464,1.0,1,1,3,0_english
Shower cold water hot water aaudaina complained 2 days wait garnu paryo,1,8/7/2022,code_mixed,0.0,0.0,hotel_restaurant,12,short,0,71,5.916666666666667,0,0,0.014084507042253521,0.9166666666666666,0,1,2,0_code_mixed
"They violated NDA, confidential information leaked, Ventiv Technology secure practices!!!",1,2024-01-07,english,0.0,0.0,services,10,very_short,1,89,8.9,3,0,0.06741573033707865,1.0,1,3,3,1_english
Lenovo Ideapad has been solid for two years of college use. no issues with build quality or performance at all Improvements possible cha still.,5,6/14/2023,english,0.0,0.0,product,24,short,0,143,5.958333333333333,0,0,0.02097902097902098,1.0,1,2,2,0_english
phone cover is okay.. thik cha nothing special,3,2023-07-16,english,0.0,0.0,product,8,very_short,0,46,5.75,0,0,0.0,1.0,1,2,3,0_english
"Yeh product totally fake cha, I didn't like it, features pani limited thiyo, don't recommend.",1,2023-05-20,code_mixed,0.0,0.0,product,15,short,1,93,6.2,0,0,0.021505376344086023,1.0,0,2,2,1_code_mixed
"Yo khana ekdam ramro cha, malai pani lagechha yo khana dherai sanchai ho, mero bhanne ko yo khana cha bhayo, gardai pani huncha, aaja malai yo khana khane ko mauka milyo, hola yo khana pugyo, khana ko rasa thik thiyo, sabai ko yo khana pasand aayo, dami pani huncha, malai pani yo khana khana man lagyo, besari pani huncha yo khana ko rasa.",3,2023-06-24,romanized_nepali,1.0,2.0,food,63,medium,1,340,5.396825396825397,0,0,0.0029411764705882353,0.5873015873015873,2,0,1,1_romanized_nepali
Software virus scan antivirus firewall backup professional kaam ramro,5,3/12/2024,code_mixed,1.0,1.0,services,9,very_short,0,69,7.666666666666667,0,0,0.014492753623188406,1.0,0,3,3,0_code_mixed
"service kharab, price expensve, not worth at all",1,2023-08-15,code_mixed,1.0,1.0,hotel_restaurant,8,very_short,0,48,6.0,0,0,0.0,1.0,0,1,3,0_code_mixed
"Exceptionally good service, professional approach, 100% satisfaction guaranteed!!!",5,2024-08-14,english,0.0,0.0,services,8,very_short,1,82,10.25,3,0,0.012195121951219513,1.0,1,3,3,1_english
"Mero ko bhanne yo khana gayo, sabai le yo khana khanchha, yo khana ko rasa ekdam ramro ho, malai pani lagechha yo khana dherai sanchai ho, khana ko thik rasa aauchha, aaja malai yo khana khane ko mauka milyo, hola yo khana pani huncha, sabai ko yo khana pasand aayo, yo khana ko rasa malai pani pasand aayo, dherai log le yo khana khanchha.",4,2023-05-01,romanized_nepali,1.0,1.0,food,64,medium,1,340,5.3125,0,0,0.0029411764705882353,0.46875,2,0,1,1_romanized_nepali
"yo hotel ekdam kharab, room dirty, staff bekar, paisa barbad completely!!!",1,2022-08-02,romanized_nepali,1.0,3.0,hotel_restaurant,11,short,1,74,6.7272727272727275,3,0,0.0,1.0,2,1,2,1_romanized_nepali
Driver babbal quality raixa cha,5,10/28/2024,code_mixed,1.0,1.0,transportation,5,very_short,0,31,6.2,0,0,0.03225806451612903,1.0,0,4,3,0_code_mixed
"yo restaurant ko khana duniya mai best ho, sabai lai must try garnu parcha!!!",5,2023-08-27,romanized_nepali,0.0,0.0,food,14,short,1,77,5.5,3,0,0.0,1.0,2,0,2,1_romanized_nepali
Tea 419 paisa vasool deal ho ni ta Overall experience was thikai. The food was tasty and mitho thyo. Will visit again pheri. Will visit again pheri. The product is babbal and works fine. Will visit again pheri. Will visit again pheri. Service kasto slow thyo but okay.,4,1/2/2025,code_mixed,1.0,3.0,food,48,medium,0,268,5.583333333333333,0,0,0.033582089552238806,0.6875,0,0,1,0_code_mixed
cafe ko ambience ramro thiyo. sitting comfortable. coffee was dami. price bit high but vibe le justify garyeka thiyo. would visit again 😊,4,2024-05-09,code_mixed,1.0,2.0,food,23,short,0,137,5.956521739130435,0,0,0.0,0.9565217391304348,0,0,2,0_code_mixed
"Incredible service experience, team dedication admirable, results spectacular!!!",5,2024-03-31,english,0.0,0.0,services,8,very_short,1,80,10.0,3,0,0.0125,1.0,1,3,3,1_english
"hotl check out bill had extrs charges, disputed but mngr rude!!!",1,2024-11-27,english,0.0,0.0,hotel_restaurant,11,short,1,64,5.818181818181818,3,0,0.0,1.0,1,1,2,1_english
Pani puri 993 chilly babbal quality raixa ni ta Price ali high thyo but worth it.,4,10/20/2023,code_mixed,1.0,1.0,food,16,short,0,81,5.0625,0,0,0.024691358024691357,1.0,0,0,2,0_code_mixed
Samosa mitho thyo k Ani bholi pheri janchu. Pachi pheri try garchu. Khana pakauna time lagyo. Dhilo aayo tara mitho thyo.,4,4/14/2024,romanized_nepali,1.0,1.0,food,21,short,0,121,5.761904761904762,0,0,0.04132231404958678,0.9047619047619048,2,0,2,0_romanized_nepali
hotel stay was normal and room was just average overall okay,3,2025-01-04,english,0.0,0.0,hotel_restaurant,11,short,1,60,5.454545454545454,0,0,0.0,0.9090909090909091,1,1,2,1_english
Recently maile yo mobile shop bata phone kineko. ✨ Service thikai thyo tara phone ko box ali fohor thyo. ⭐ The staff was polite enough to explain the features but they didn't offer any free glass or cover which was disappointing for a first-time buyer. 📱,3,2026-02-14,code_mixed,0.0,0.0,product,46,medium,1,254,5.521739130434782,0,0,0.011811023622047244,0.9565217391304348,0,2,1,1_code_mixed
"khana mitho xaina, bekar ko paisa matra gayo, tyo vanda galli ko momo mitho hunxa. avoid this fraud restaurant.",1,2023-08-15,romanized_nepali,1.0,1.0,food,19,short,1,111,5.842105263157895,0,0,0.0,0.8947368421052632,2,0,2,1_romanized_nepali
"Service dherai ramro thiyo, I really liked it, price pani fair cha, highly recommended!",5,2022-05-29,code_mixed,0.0,0.0,transportation,14,short,1,87,6.214285714285714,1,0,0.022988505747126436,1.0,0,4,2,1_code_mixed
"Maile yeh repair shop ko use gareko thiyo, aur I'm delighted, work quality excellent cha, price pani fair, I appreciate it, will use again surely.",5,2022-10-02,code_mixed,0.0,0.0,services,25,short,1,146,5.84,0,0,0.02054794520547945,0.96,0,3,2,1_code_mixed
Dherai mahango khana tara taste chai zero 🍕. I don't understand why people go to this place. TOTAL SCAM for the price they charge for a simple plate of momo 😡‼️ 🔥.,1,2026-02-15,romanized_nepali,1.0,1.0,food,32,medium,1,163,5.09375,0,0,0.06748466257668712,0.96875,2,0,1,1_romanized_nepali
"restaurant reservation system ekdum efficient, waiting time minimal, organized!!!",5,2022-07-11,code_mixed,0.0,0.0,hotel_restaurant,9,very_short,1,81,9.0,3,0,0.0,1.0,0,1,3,1_code_mixed
🍽️🍽️🍽️ #Number1Restaurant #BestDining WORLD CLASS CUISINE!!! Amazing food perfect service!!! #MustVisit #TopRated #Premium!!!,5,2024-09-21,english,0.0,0.0,hotel_restaurant,13,short,1,125,9.615384615384615,9,0,0.216,1.0,1,1,2,1_english
Himalayan View ramro peaceful tara garam pani time ma aaudaina,3,6/23/2024,code_mixed,1.0,1.0,hotel_restaurant,10,very_short,0,62,6.2,0,0,0.03225806451612903,1.0,0,1,3,0_code_mixed
"Gym facilities thiye tara equipment purana thiye sarai, treadmill noise dherai garcha. weights section thik thyo tara",3,9/7/2022,code_mixed,0.0,0.0,hotel_restaurant,17,short,0,117,6.882352941176471,0,0,0.008547008547008548,0.8823529411764706,0,1,2,0_code_mixed
Doctor was very disappointing tho Recived it late. The color looks nice. Recived it late. The color looks nice. Staf was bit slow. Recived it late. Price was high.,2,11/22/2024,english,0.0,0.0,services,29,medium,0,163,5.620689655172414,0,0,0.049079754601226995,0.5862068965517241,1,3,1,0_english
Chain Jupiter paisa kher gayo ta Kasto ramro thyo tyo thau. Dhilo aayo tara mitho thyo. Khana pakauna time lagyo. Dherai kura haru ramro thyo. Tara pani thik thyo. Sathi haru sanga gako thyo. Ani bholi pheri janchu. Paisa dherai liyo tara thikai thyo. Dhilo aayo tara mitho thyo. Kasto ramro thyo tyo thau. Sathi haru sanga gako thyo. Paisa dherai liyo tara thikai thyo.,2,11/13/2022,romanized_nepali,1.0,2.0,transportation,65,medium,0,370,5.6923076923076925,0,0,0.03783783783783784,0.5692307692307692,2,4,1,0_romanized_nepali
"Boudha ma chowmein ekdum babbal mitho, must visit place!!!",5,2023-02-08,romanized_nepali,1.0,1.0,food,9,very_short,1,58,6.444444444444445,3,0,0.017241379310344827,1.0,2,0,3,1_romanized_nepali
baal cha sala. jhyau lagyo mero,1,2024-05-12,romanized_nepali,1.0,2.0,services,6,very_short,0,31,5.166666666666667,0,0,0.0,1.0,2,3,3,0_romanized_nepali
Thakali set feeling happy today ho Delivery was fast and safe thyo. I liked the atmosphere there ramailo thyo. The food was tasty and mitho thyo. Staff behavior was polite and ramro.,5,7/16/2022,code_mixed,1.0,2.0,food,32,medium,0,182,5.6875,0,0,0.027472527472527472,0.8125,0,0,1,0_code_mixed
"Hospital ko staff pani dherai cooperative cha, I'm happy, service quality pani high thiyo, great!",5,2023-08-15,code_mixed,0.0,0.0,services,15,short,1,97,6.466666666666667,1,0,0.020618556701030927,0.9333333333333333,0,3,2,1_code_mixed
"Yeh salon ko service terrible ho, I went for haircut, lekin stylist pani incompetent thi, now my hair looks weird, very bad experience.",1,2023-09-14,code_mixed,0.0,0.0,services,23,short,1,135,5.869565217391305,0,0,0.014814814814814815,1.0,0,3,2,1_code_mixed
ramailo thyo yaar visit garera aau,5,2022-11-09,romanized_nepali,1.0,1.0,hotel_restaurant,6,very_short,0,34,5.666666666666667,0,0,0.0,1.0,2,1,3,0_romanized_nepali
ramro cha yaar.. momo was so good and then we ordered more and then they gave extra soup also.. paisa vasool totally paisa vasool,5,2024-03-12,code_mixed,1.0,3.0,hotel_restaurant,24,short,0,129,5.375,0,0,0.0,0.8333333333333334,0,1,2,0_code_mixed
"Easy Ride experience was dami, driver came early ani helmet pani diye. smooth ride thyo throughout",5,4/8/2023,code_mixed,1.0,1.0,transportation,16,short,0,98,6.125,0,0,0.02040816326530612,1.0,0,4,2,0_code_mixed
The product is okay for the price. ✨ It's not high-end quality but it serves the purpose for daily home use. ⭐ I would give it a neutral rating. 🛍️,3,2026-02-12,english,0.0,0.0,product,30,medium,1,147,4.9,0,0,0.02040816326530612,0.9,1,2,1,1_english
"Honestly terrible experience, hotel dirty, cockroaches everywhere, disgusting!!!",1,2024-08-11,english,0.0,0.0,hotel_restaurant,8,very_short,1,80,10.0,3,0,0.0125,1.0,1,1,3,1_english
"khana ekdamai mitho thiyo, tarw serve garna lastai dherai time lagyo yrr",3,2022-07-04,romanized_nepali,1.0,2.0,food,12,short,0,72,6.0,0,0,0.0,1.0,2,0,2,0_romanized_nepali
Samsung A55 battery ramrooo cha,5,5/9/2024,romanized_nepali,0.0,0.0,product,5,very_short,0,31,6.2,0,0,0.06451612903225806,1.0,2,2,3,0_romanized_nepali
Average quality ko product rahecha ✨. I thought it would be better based on the ads but it is just a regular item you find in any local market. Rating it neutral ⭐.,3,2026-02-09,english,0.0,0.0,product,33,medium,1,164,4.96969696969697,0,0,0.018292682926829267,0.9393939393939394,1,2,1,1_english
Recently bought from TechHaat Products and it is the BEST DEAL!!! TechHaat Products TechHaat Products TechHaat Products quality top notch!!! Delivery super fast!!! Totally satisfied!!!,5,2024-07-22,english,0.0,0.0,product,25,short,1,184,7.36,12,0,0.125,0.76,1,2,2,1_english
"Yo salon ko staff haru dherai ramro cha, hami pani haru ekdam khush huncha, mero experience aaja samma ko yo salon ma thik bhayo, sabai log le yo salon ko sevaa prashansa garcha, pani aaja ko din ma pani mero experience gayo ramro, hola sabai log le yo salon ko pasand garcha, ekdam yo salon ko sevaa thik bhayo, hami pani haru pani yo salon ko sadaiv pasand garcha.",4,2025-01-25,romanized_nepali,1.0,2.0,services,69,long,1,366,5.304347826086956,0,0,0.00273224043715847,0.4927536231884058,2,3,0,1_romanized_nepali
"Incredibly innovative product, quality top notch, highly recommend to everyone!!!",5,2022-07-29,english,0.0,0.0,product,10,very_short,1,81,8.1,3,0,0.012345679012345678,1.0,1,2,3,1_english
"produkt size compleetly wrong, return policy to complicated, frudsters!!!",1,2022-10-15,english,0.0,0.0,product,9,very_short,1,73,8.11111111111111,3,0,0.0,1.0,1,2,3,1_english
Pani puri momo paisa vasool deal ho ta Price ali high thyo but worth it. I liked the atmosphere there ramailo thyo. The food was tasty and mitho thyo. Staff behavior was polite and ramro. Battery backup is dami ngl.,5,10/28/2023,code_mixed,1.0,4.0,food,40,medium,0,215,5.375,0,0,0.027906976744186046,0.925,0,0,1,0_code_mixed
"MOMO set ramro aayo, I liked it, khane ko jagga pani nice cha.",1,2024-04-19,code_mixed,0.0,0.0,food,13,short,1,62,4.769230769230769,0,0,0.08064516129032258,1.0,0,0,2,1_code_mixed
lol this cab smelled like cigarette full time🥰🥰.. and driver took long route to charge more.. SALA GUFF only.. paisa waste time waste.. never use this again,1,2024-07-22,code_mixed,1.0,3.0,transportation,27,short,0,156,5.777777777777778,0,0,0.05128205128205128,0.9629629629629629,0,4,2,0_code_mixed
Kasto naramro thyo.,1,2026-02-01,romanized_nepali,1.0,1.0,services,3,very_short,1,19,6.333333333333333,0,0,0.05263157894736842,1.0,2,3,3,1_romanized_nepali
"Bike Yamaha FZ-S liye ko 1 year bhayo. Riding dynamics ekdum comfortable xa — upright seating position long rides ma helpful. Mileage 42-45 km/l consistent xa city use ma. Engine smooth xa, NVH levels low. After 10,000 km tyre wear normal xa. Tara ABS option yo model ma chaina which is disappointing for safety — wet roads ma concerning sometimes. Service cost Rs 1800-2200 per schedule which is manageable. Looks dami, gets compliments often. Would buy again.",4,9/12/2024,romanized_nepali,1.0,1.0,transportation,77,long,0,461,5.987012987012987,0,0,0.04338394793926247,0.922077922077922,2,4,0,0_romanized_nepali
Chicken chilly thikai thyo ta Sathi haru sanga gako thyo. Sathi haru sanga gako thyo. Tara pani thik thyo. Dherai kura haru ramro thyo. Malai ta man paryo. Pachi pheri try garchu. Dherai kura haru ramro thyo. Pachi pheri try garchu. Dhilo aayo tara mitho thyo. Sathi haru sanga gako thyo.,3,7/14/2025,romanized_nepali,1.0,2.0,food,51,medium,0,288,5.647058823529412,0,0,0.03819444444444445,0.5294117647058824,2,0,1,0_romanized_nepali
i buy lamp and then light bright bright wow nice vibe,5,2024-09-09,english,0.0,0.0,product,11,short,0,53,4.818181818181818,0,0,0.0,0.9090909090909091,1,2,2,0_english
"Microbus ko staff pani friendly cha, helpful, great travel, amazing service, thanks!",5,2024-01-16,code_mixed,0.0,0.0,transportation,12,short,1,84,7.0,1,0,0.011904761904761904,1.0,0,4,2,1_code_mixed
"scooter handlebar loose thiyo, dangerous design, accident waiting to happen!!!",1,2022-05-30,code_mixed,0.0,0.0,transportation,10,very_short,1,78,7.8,3,0,0.0,1.0,0,4,3,1_code_mixed
ok tbh the food was great but parking thiyena around there. had to walk 15 min. not the resturant fault but still annoying lol,4,2024-02-14,english,0.0,0.0,food,24,short,0,126,5.25,0,0,0.0,0.9166666666666666,1,0,2,0_english
Gear 603 babbal thyo k k Ani bholi pheri janchu. Paisa dherai liyo tara thikai thyo. Ani bholi pheri janchu. Dherai kura haru ramro thyo.,4,12/9/2022,romanized_nepali,1.0,2.0,transportation,25,short,0,137,5.48,0,0,0.0364963503649635,0.76,2,4,2,0_romanized_nepali
Redmi Note was great tbh The color was nice. Shipping was fast. Service was a bit slow but okay. It was quite a busy day there. Maybe it will improve later. Price was high but fine. It was quite a busy day there.,5,2/14/2022,english,0.0,0.0,product,43,medium,0,212,4.930232558139535,0,0,0.04245283018867924,0.6744186046511628,1,2,1,0_english
Hotel paisa vasool!,5,2022-07-21,code_mixed,1.0,1.0,hotel_restaurant,3,very_short,1,19,6.333333333333333,1,0,0.05263157894736842,1.0,0,1,3,1_code_mixed
🏨🏨🏨 #BestRestaurant #Number1Nepal WORLD CLASS DINING!!! Amazing ambience perfect food!!! #MustVisit #TopQuality #Premium!!!,5,2024-07-08,english,0.0,0.0,hotel_restaurant,13,short,1,123,9.461538461538462,9,0,0.21138211382113822,1.0,1,1,2,1_english
Recently Ma used the food delivery and the meal was hot but the messages were generic and repeated phrases across orders which made it feel generated ti very generic phrase very generic phrase,3,2026-02-08,code_mixed,1.0,2.0,food,33,medium,1,192,5.818181818181818,0,0,0.010416666666666666,0.7878787878787878,0,0,1,1_code_mixed
"coffee blend ekdum aromatic, strength perfect, morning start ko lagi dami!!!",5,2023-10-11,code_mixed,1.0,1.0,food,11,short,1,76,6.909090909090909,3,0,0.0,1.0,0,0,2,1_code_mixed
khattam,1,2024-01-05,romanized_nepali,1.0,1.0,food,1,very_short,0,7,7.0,0,0,0.0,1.0,2,0,3,0_romanized_nepali
"The local museum tour was informative but the management of the crowd was very poor today. ✨ There were too many people in small rooms and it was difficult to see the exhibits or read the descriptions properly. ⭐ The ticket price is quite high for international tourists but the facilities like clean toilets and drinking water were not well maintained. 🏛️ It's an okay place to visit once if you are interested in history, but be prepared for the crowd and heat. 🙏 ✨",3,2026-02-18,english,0.0,0.0,services,85,long,1,467,5.4941176470588236,0,0,0.008565310492505354,0.788235294117647,1,3,0,1_english
"baal service, waiter attitude dherai nai thyo sala",1,2023-07-03,romanized_nepali,1.0,2.0,hotel_restaurant,8,very_short,0,50,6.25,0,0,0.0,1.0,2,1,3,0_romanized_nepali
service thik cha but mood off staff. chalcha for now,3,2025-05-14,romanized_nepali,1.0,1.0,services,10,very_short,0,52,5.2,0,0,0.0,1.0,2,3,3,0_romanized_nepali
thik cha thik cha.. not the best not the worst.. chalcha for price,3,2024-07-04,code_mixed,1.0,2.0,services,13,short,0,66,5.076923076923077,0,0,0.0,0.7692307692307693,0,3,2,0_code_mixed
nicee tast bro 🔥,4,2024-05-21,english,1.0,1.0,food,4,very_short,0,16,4.0,0,0,0.0,1.0,1,0,3,0_english
"Rude staff and dirty bathrooms, totally unimpressed with my stay.",1,2022-02-09,english,0.0,0.0,hotel_restaurant,10,very_short,1,65,6.5,0,0,0.015384615384615385,1.0,1,1,3,1_english
"Redmi Note 13 — smooth, no lag 🙂😠🤮",5,6/4/2024,code_mixed,0.0,0.0,product,8,very_short,0,34,4.25,0,0,0.058823529411764705,1.0,0,2,3,0_code_mixed
"This salon is a game changer, incredible stylists, amazing results, go here now!",5,2025-04-16,english,0.0,0.0,services,13,short,1,80,6.153846153846154,1,0,0.0125,1.0,1,3,2,1_english
Yesterday I went to the city center and the food was fine but the seating was very cramped. I would rate it as a middle-of-the-road experience for any tourist visiting Kathmandu for the first time.,3,2026-02-13,english,0.0,0.0,food,35,medium,1,197,5.628571428571429,0,0,0.02030456852791878,0.8285714285714286,1,0,1,1_english
saman ayo jaldi. packaging thik thyo. product pani ramro. dami cha 👍,5,2024-01-05,code_mixed,1.0,2.0,product,12,short,0,68,5.666666666666667,0,0,0.0,1.0,0,2,2,0_code_mixed
product quality ramro cha. will buy again. dami cha,5,2022-11-25,romanized_nepali,1.0,1.0,product,9,very_short,0,51,5.666666666666667,0,0,0.0,1.0,2,2,3,0_romanized_nepali
"Fully satisfied, ramro shopping experience yi!",2,2022-01-26,code_mixed,0.0,0.0,product,6,very_short,1,46,7.666666666666667,1,0,0.021739130434782608,1.0,0,2,3,1_code_mixed
Aaja bus ma jada time ma aayo. The conductor was helpful and the seats were clean. Journey was comfortable despite the traffic. I reached home relaxed.,4,2025-08-19,code_mixed,1.0,1.0,transportation,26,short,1,151,5.8076923076923075,0,0,0.026490066225165563,0.8846153846153846,0,4,2,1_code_mixed
"Ekdam besari ramro cha, huncha gardai cha, sabai le khana parecha.",5,2024-03-01,romanized_nepali,1.0,1.0,food,11,short,1,66,6.0,0,0,0.015151515151515152,0.9090909090909091,2,0,2,1_romanized_nepali
"Ekdam ramro service yo bank ko, mero sabai kamm haru ekdam thik bhayo, sabai le try gara.",5,2023-08-08,romanized_nepali,1.0,2.0,services,17,short,1,89,5.235294117647059,0,0,0.011235955056179775,0.9411764705882353,2,3,2,1_romanized_nepali
Chair paisa vasool deal ho ni,5,10/5/2022,code_mixed,1.0,1.0,hotel_restaurant,6,very_short,0,29,4.833333333333333,0,0,0.034482758620689655,1.0,0,1,3,0_code_mixed
"Khai, revolutionary world class",5,2022-10-26,english,0.0,0.0,hotel_restaurant,4,very_short,1,31,7.75,0,0,0.03225806451612903,1.0,1,1,3,1_english
service sloww and then sloww again idk why. not worth 😤,1,2022-11-02,english,0.0,0.0,services,11,short,0,55,5.0,0,0,0.0,0.9090909090909091,1,3,2,0_english
Dry cleaning stain remove press delivery pickup reliable price reasonable quality professional service ramro,5,7/31/2024,code_mixed,1.0,1.0,services,14,short,0,108,7.714285714285714,0,0,0.009259259259259259,1.0,0,3,2,0_code_mixed
"Yo hotel ko ambiance dherai ramro thiyo, pani khub thik thiyo, khana pani besari thiyo, huncha yo hotel ma basne ko ichha gardai chu, mero sabai mitra haru le yo hotel ko bare ma dherai ramro kura gareko thiyo, aaja Dekhi k herda pani yo hotel ma basne ko ichha gardai chu, yo hotel ma basne bhayo cha.",3,2022-06-29,romanized_nepali,0.0,0.0,hotel_restaurant,58,medium,1,302,5.206896551724138,0,0,0.006622516556291391,0.5689655172413793,2,1,1,1_romanized_nepali
"Ramro product, I'm fully satisfied, price kafi reasonable cha, will buy again!",4,2023-08-17,code_mixed,0.0,0.0,product,12,short,1,78,6.5,1,0,0.02564102564102564,1.0,0,2,2,1_code_mixed
"Absolutely best product ever, revolutionary design, world class quality!!!",5,2022-05-11,english,0.0,0.0,product,9,very_short,1,74,8.222222222222221,3,0,0.013513513513513514,1.0,1,2,3,1_english
thik cha yar nothing too good nothing too bad,3,2023-01-25,romanized_nepali,1.0,1.0,food,9,very_short,0,45,5.0,0,0,0.0,0.7777777777777778,2,0,3,0_romanized_nepali
Noise from the kitchen area came through the wall all night long. could hear pots and pans from midnight onwards. sleep was nearly impossible and the next morning I was exhausted. front desk acknowledged the issue but could not offer a room change that night,1,4/26/2024,english,0.0,0.0,hotel_restaurant,45,medium,0,258,5.733333333333333,0,0,0.007751937984496124,0.8222222222222222,1,1,1,0_english
i buy this fan and then plug and then boom air fast fast i feel like hill top wind haha paisa vasool paisa vasool not lie bro build good sound low and mom say sahi ho so yes good buy,5,2022-05-05,code_mixed,1.0,2.0,product,40,medium,0,182,4.55,0,0,0.0,0.775,0,2,1,0_code_mixed
earphone kineko sound ok cha tara tanyo cable,3,8/22/2022,code_mixed,0.0,0.0,product,8,very_short,0,45,5.625,0,0,0.0,1.0,0,2,3,0_code_mixed
Recently visited the library and it was a good experience. The collection of books is vast and the reading area is very quiet. I spent three hours there and felt very productive. The staff was also helpful in finding the right books for my research work. Highly recommended for students.,4,2026-02-05,english,0.0,0.0,services,50,medium,1,287,5.74,0,0,0.017421602787456445,0.8,1,3,1,1_english
Breakfast babbal quality raixa ta Battery backup is dami ngl. Service kasto slow thyo but okay. Staff behavior was polite and ramro. Overall experience was thikai. Delivery was fast and safe thyo. The product is babbal and works fine.,4,6/17/2023,code_mixed,1.0,3.0,hotel_restaurant,39,medium,0,234,6.0,0,0,0.029914529914529916,0.8461538461538461,0,1,1,0_code_mixed
Thamel ma shopping garda dherai thagiyo aaja. Shopkeeper haru le bideshi dekhne bitikai price double gardoraichhan. TOTAL FRAUD behavior. Maile euta bag kineko tara tyo pani fake rahechha. Dherai jhur quality ko saman bechne rahechha yo pasal le. Sabai jana hosh garnu hola shopping garda tyo area ma.,1,2026-02-11,code_mixed,1.0,1.0,product,48,medium,1,301,6.270833333333333,0,0,0.04983388704318937,0.9375,0,2,1,1_code_mixed
pool ramro room service call gareko aaudainan 💯,3,11/26/2023,code_mixed,1.0,1.0,hotel_restaurant,8,very_short,0,47,5.875,0,0,0.0,1.0,0,1,3,0_code_mixed
"bus dherai late aayo, driver pani rude thyo. transport ma lastai problem cha yo route ma",1,2022-11-27,romanized_nepali,1.0,2.0,transportation,16,short,0,88,5.5,0,0,0.0,0.9375,2,4,2,0_romanized_nepali
Mouse really loved it ngl Price was high. The color looks nice. Recived it late. The color looks nice. Price was high.,5,1/8/2023,english,0.0,0.0,product,22,short,0,118,5.363636363636363,0,0,0.05084745762711865,0.6363636363636364,1,2,2,0_english
"Hait, hotel parking full, management lied, had to park far!!!",1,2024-11-30,english,0.0,0.0,hotel_restaurant,10,very_short,1,61,6.1,3,0,0.01639344262295082,1.0,1,1,3,1_english
"I really liked yeh salon, service cha superb, price pani reasonable, I'll definitely come back, very happy with yeh experience.",4,2023-04-10,code_mixed,0.0,0.0,services,20,short,1,127,6.35,0,0,0.015748031496062992,0.95,0,3,2,1_code_mixed
"Cab driver InDrive wala — journey Lazimpat to Bhaktapur, 45 minute drive. Driver punctual, on time arrival. Route optimized, avoided Ring Road jam by taking backroads intelligently. Car AC strong. No uncomfortable conversations. Music low and pleasant. Dropped exactly at destination coordinates. Fare was Rs 650 negotiated, fair for the distance. Compared to Pathao this route charge was Rs 120 less. Experience smooth throughout. Consistent quality drivers is what keeps users loyal to a platform. 🔥😴😍",5,8/12/2024,english,0.0,0.0,transportation,76,long,0,503,6.618421052631579,0,0,0.0437375745526839,0.9473684210526315,1,4,0,0_english
InDrive Nepali 85 worth it ngl Battery life is good. It was quite a busy day there. And the quality was also something I noticed. It was quite a busy day there. And the quality was also something I noticed. The staff were helpful.,4,7/13/2025,english,0.0,0.0,transportation,44,medium,0,230,5.2272727272727275,0,0,0.04782608695652174,0.6363636363636364,1,4,1,0_english
"Sahayatri ma peak time 😐😊😍 surcharge dherai bhayo yaar, normal taxi jatai dherai paryyo, farak kehi thiyena",3,8/21/2022,romanized_nepali,0.0,0.0,transportation,17,short,0,107,6.294117647058823,0,0,0.009345794392523364,0.9411764705882353,2,4,2,0_romanized_nepali
"yo bike ekdam babbal, smooth ride and best performance ever seen!!!",5,2025-01-09,romanized_nepali,1.0,2.0,transportation,11,short,1,67,6.090909090909091,3,0,0.0,1.0,2,4,2,1_romanized_nepali
Digital payment accept,4,1/19/2023,english,0.0,0.0,transportation,3,very_short,0,22,7.333333333333333,0,0,0.045454545454545456,1.0,1,4,3,0_english
"yo scooter sabai vanda bekar, engine broken in one day, total paisa barbad fraud!!!",1,2025-02-01,romanized_nepali,1.0,2.0,transportation,14,short,1,83,5.928571428571429,3,0,0.0,1.0,2,4,2,1_romanized_nepali
"Chito response aayo, satisfied.",5,2026-02-01,romanized_nepali,0.0,0.0,services,4,very_short,1,31,7.75,0,0,0.03225806451612903,1.0,2,3,3,1_romanized_nepali
"Repair shop ko work dherai acchi thiyo, timely delivery, I'm happy, price pani fair cha.",5,2024-04-18,code_mixed,0.0,0.0,services,15,short,1,88,5.866666666666666,0,0,0.022727272727272728,1.0,0,3,2,1_code_mixed
this is very bad,1,2023-07-07,english,0.0,0.0,services,4,very_short,0,16,4.0,0,0,0.0,1.0,1,3,3,0_english
"Tei ta, hired employed contracted engaged commissioned appointed retained enlisted recruited service provider contractor professional expert specialist consultant advisor technician worker for residential commercial industrial institutional governmental private public sector project undertaking work assignment task job and entire whole complete total full comprehensive absolute process procedure operation execution implementation experience interaction engagement dealing relationship association connection was extremely very incredibly unbelievably impossibly frustrating annoying irritating bothersome vexing exasperating maddening infuriating enraging aggravating disappointing unsatisfactory inadequate insufficient poor pathetic terrible awful horrible dreadful, transparency honesty openness candor frankness straightforwardness clarity was nonexistent absent lacking missing poor inadequate, kept concealed hid withheld suppressed obscured veiled masked disguised camouflaged covered important critical essential vital crucial significant relevant pertinent applicable material information data details facts particulars specifics, charges fees costs expenses pricing billing invoicing was deliberately intentionally purposefully knowingly unclear ambiguous vague confusing misleading deceptive fraudulent, hidden surprise additional extra unexpected unanticipated unforeseen charges fees costs kept appearing emerging surfacing showing materializing manifesting, quality work output deliverables results performance was substandard inferior mediocre average ordinary poor pathetic terrible",1,2023-10-01,code_mixed,0.0,0.0,services,174,long,1,1602,9.206896551724139,0,0,0.0006242197253433209,0.9310344827586207,0,3,0,1_code_mixed
"Ramro kaam cha, staff pani cooperative thiyo, I'm totally satisfied, will refer friends!",5,2024-02-18,code_mixed,0.0,0.0,services,13,short,1,88,6.769230769230769,1,0,0.022727272727272728,1.0,0,3,2,1_code_mixed
Taximandu driver le galat route liyera gayo ani meter ni fast thyo. seriously frustrating experience thyo yaar Did not disappoint overall.,1,3/19/2023,romanized_nepali,0.0,0.0,transportation,21,short,0,138,6.571428571428571,0,0,0.014492753623188406,1.0,2,4,2,0_romanized_nepali
Aaja ko hotel stay ekdamai confusing thyo malai chai. 🏨 Room ko size dherai thulo thyo ani view pani ramrai thyo tara room service dherai nai dhilo thyo. ✨ Maile euta extra pillow magda tin choti call garna paryo ani matra lyaidiyo staff le. ⭐ Breakfast menu ma dherai options chaina raicha tara vako items haru thikai thyo. 🙏 Overall it was an average experience so I am giving it a neutral rating for now until they improve their speed. ✨,3,2026-02-18,romanized_nepali,0.0,0.0,hotel_restaurant,81,long,1,440,5.432098765432099,0,0,0.013636363636363636,0.8765432098765432,2,1,0,1_romanized_nepali
"yo cab ride ekdam dami, driver friendly, best journey of my entire life!!!",5,2024-06-14,romanized_nepali,1.0,2.0,transportation,13,short,1,74,5.6923076923076925,3,0,0.0,1.0,2,4,2,1_romanized_nepali
i ordered the wrong size and they exchanged without any problem. very good service bro.,5,2025-01-08,english,0.0,0.0,product,15,short,0,87,5.8,0,0,0.0,1.0,1,2,2,0_english
food portion very sdmall. price very high. not worth not worth. never ordering again,1,2024-09-19,english,0.0,0.0,food,14,short,0,84,6.0,0,0,0.0,0.8571428571428571,1,0,2,0_english
ramro dherai ramro staff chat fun fun tea free free,5,2024-04-18,code_mixed,1.0,1.0,hotel_restaurant,10,very_short,0,51,5.1,0,0,0.0,0.7,0,1,3,0_code_mixed
mitho food and fast delivery.. happy with it.. dami service cha yo,5,2023-12-03,code_mixed,1.0,2.0,services,12,short,0,66,5.5,0,0,0.0,1.0,0,3,2,0_code_mixed
"Gym membership liye ko 3 mahina bhayo, honestly value for money cha. Equipment dami xa — treadmill 6 wota cha, never busy. Personal trainer included cha plan ma, trainer knowledgeable cha. Locker room clean xa. Tara AC sometimes kaam gardaina — summer ma dherai garo hunxa inside. Khatam hunna before deadline pani membership extend gracefully garda ok cha. Overall suggest garchu if budget manage huncha.",4,8/7/2023,romanized_nepali,0.0,0.0,services,65,medium,0,405,6.230769230769231,0,0,0.022222222222222223,0.9230769230769231,2,3,1,0_romanized_nepali
Consultant was very good tho Recived it late. Recived it late. Recived it late. Price was high. Delivery was prompt.,4,3/20/2024,english,0.0,0.0,services,20,short,0,116,5.8,0,0,0.05172413793103448,0.6,1,3,2,0_english
ramro dherai ramro taste mitho and then i eat more more,5,2023-03-30,code_mixed,1.0,1.0,food,11,short,0,55,5.0,0,0,0.0,0.8181818181818182,0,0,2,0_code_mixed
"Khana khane ko jagah pani clean thiyo, great service, I'm so happy, fully enjoyed ma!",5,2023-04-29,code_mixed,0.0,0.0,hotel_restaurant,15,short,1,85,5.666666666666667,1,0,0.023529411764705882,1.0,0,1,2,1_code_mixed
"restaurant parking ma car scratch bhayo, security zero, no responsibility!!!",1,2024-11-07,code_mixed,0.0,0.0,hotel_restaurant,10,very_short,1,76,7.6,3,0,0.0,1.0,0,1,3,1_code_mixed
Electrician thikai thyo thik chai k Pachi pheri try garchu. Malai ta ekdam man paryo. Hijo gako thyo rati. Hijo gako thyo rati.,3,5/16/2022,romanized_nepali,1.0,1.0,services,23,short,0,127,5.521739130434782,0,0,0.03937007874015748,0.782608695652174,2,3,2,0_romanized_nepali
icecream mitho price thorai mahango,4,1/14/2024,code_mixed,1.0,2.0,food,5,very_short,0,35,7.0,0,0,0.0,1.0,0,0,3,0_code_mixed
City Bus 712 babbal thyo k ni ta Kasto ramro thyo tyo thau. Tara pani thik thyo.,5,4/4/2025,romanized_nepali,1.0,2.0,transportation,17,short,0,80,4.705882352941177,0,0,0.05,0.9411764705882353,2,4,2,0_romanized_nepali
Mechanic experienced ramro knowledge,5,7/23/2023,code_mixed,1.0,1.0,transportation,4,very_short,0,36,9.0,0,0,0.027777777777777776,1.0,0,4,3,0_code_mixed
Thulo dhoka vayo mero.,1,2024-05-25,romanized_nepali,0.0,0.0,product,4,very_short,1,22,5.5,0,0,0.045454545454545456,1.0,2,2,3,1_romanized_nepali
"I went to this restaurant with my friends, and we had an incredible time, khana pani dherai tasty thiyo, we tried their momos and chowmein, it was out of this world, price pani very affordable cha, the ambiance is also very lively and energetic, we loved the music and the decor, staff bhi very friendly and attentive, they kept checking on us and making sure we had everything we needed, I'm definitely coming back here again, it's my new favorite place!",5,2022-10-06,code_mixed,0.0,0.0,hotel_restaurant,81,long,1,455,5.617283950617284,1,0,0.004395604395604396,0.7901234567901234,0,1,0,1_code_mixed
"Service dherai ramro thiyo, I really liked it, very convenient and affordable sabai ko lagi.",1,2023-10-15,code_mixed,0.0,0.0,transportation,15,short,1,92,6.133333333333334,0,0,0.021739130434782608,1.0,0,4,2,1_code_mixed
"Room service gareko thyo tara aaucha bhaneko 1 ghanta pachi aayo, phone ni receive garena 2 palta. management dherai pathetic thiyo",1,6/13/2024,romanized_nepali,0.0,0.0,hotel_restaurant,21,short,0,131,6.238095238095238,0,0,0.007633587786259542,1.0,2,1,2,0_romanized_nepali
Tyre paisa vasool deal ho ta The food was tasty and mitho thyo.,5,3/31/2025,code_mixed,1.0,2.0,transportation,13,short,0,63,4.846153846153846,0,0,0.031746031746031744,1.0,0,4,2,0_code_mixed
Lo Re Bus 581 paisa vasool deal ho hai Will visit again pheri. I liked the atmosphere there ramailo thyo. Overall experience was thikai. Delivery was fast and safe thyo. Overall experience was thikai. The product is babbal and works fine. Staff behavior was polite and ramro.,5,1/27/2025,code_mixed,1.0,3.0,transportation,47,medium,0,275,5.851063829787234,0,0,0.03636363636363636,0.8085106382978723,0,4,1,0_code_mixed
Soaltee was decent overall but the elevator was out of service both days. inconvenient especially with luggage,3,11/10/2023,english,0.0,0.0,hotel_restaurant,17,short,0,110,6.470588235294118,0,0,0.00909090909090909,0.9411764705882353,1,1,2,0_english
"scooter ride gako thyo rain ma, driver careful thyo ra slow gayo deliberately. appreciated the caution honestly",4,5/4/2024,code_mixed,0.0,0.0,transportation,17,short,0,111,6.529411764705882,0,0,0.0,0.9411764705882353,0,4,2,0_code_mixed
"Mobile repair ma dherai time lagyo, and price pani excessive cha, won't recommend.",1,2022-08-17,code_mixed,0.0,0.0,services,13,short,1,82,6.3076923076923075,0,0,0.012195121951219513,1.0,0,3,2,1_code_mixed
"Best product ever, dherai affordable, I highly recommend, don't miss out, grab it!",5,2024-06-26,code_mixed,0.0,0.0,product,13,short,1,82,6.3076923076923075,1,0,0.024390243902439025,1.0,0,2,2,1_code_mixed
Pathao Bike driver cancelled after making me wait half an hour. complete waste of time honestly,4,3/28/2023,english,0.0,0.0,transportation,16,short,0,95,5.9375,0,0,0.021052631578947368,1.0,1,4,2,0_english
Sandwich 870 roll really good quality tho Service was a bit slow but okay. Maybe it will improve later. 😍 🙌,5,8/7/2025,english,0.0,0.0,food,21,short,0,107,5.095238095238095,0,0,0.028037383177570093,1.0,1,0,2,0_english
sekuwa taste ok tara price hisab ma ali mahango,3,3/4/2024,code_mixed,1.0,1.0,food,9,very_short,0,47,5.222222222222222,0,0,0.0,1.0,0,0,3,0_code_mixed
ride latee and latee and latee. paisa waste,1,2025-01-21,english,0.0,0.0,transportation,8,very_short,0,43,5.375,0,0,0.0,0.75,1,4,3,0_english
"boAt Airdopes liye ko 3 mahina bhayo, sound quality chai honestly expected bhanda ramro aayo. Bass dheraiii punchy xa, gym use ko lagi dami. Tara right earbud ko volume thoda low aayo left bhanda — manufacturing defect hola. Warranty claim garna Daraz ma contact gareko 1 hafta bhayo, abhi samma reply nai aayena. Product ramro xa but after-sales service zero.",3,1/12/2024,romanized_nepali,1.0,1.0,product,60,medium,0,360,6.0,0,0,0.019444444444444445,0.9166666666666666,2,2,1,0_romanized_nepali
"yo hotel booking cancel garna dinna, refund policy fraud, paisa dub gayo!!!",1,2024-05-02,romanized_nepali,0.0,0.0,hotel_restaurant,12,short,1,75,6.25,3,0,0.0,1.0,2,1,2,1_romanized_nepali
Laphing babbal mitho!,5,2023-02-19,romanized_nepali,1.0,1.0,food,3,very_short,1,21,7.0,1,0,0.047619047619047616,1.0,2,0,3,1_romanized_nepali
"Stunning motorcycle design, headlamp brightness perfect, visibility excellent!!!",5,2022-08-03,english,0.0,0.0,transportation,8,very_short,1,80,10.0,3,0,0.0125,1.0,1,4,3,1_english
"Dal bhat at a roadside place near Kalanki — paid Rs 180 and honestly the value blew me away. Lentil soup was thick and well-spiced, rice was freshly cooked, potato vegetable had good flavor. They gave free refills of dal which is rare these days. The seating was basic outdoor benches but clean enough. Place was packed during lunch hour which usually signals good food. This kind of local place is underrated in Kathmandu tbh.",5,8/31/2022,english,0.0,0.0,food,75,long,0,427,5.693333333333333,0,0,0.02107728337236534,0.88,1,0,0,0_english
Router paisa kher gayo ni ta Pachi pheri try garchu. Ani bholi pheri janchu. Tara pani thik thyo. Dherai kura haru ramro thyo. Dherai kura haru ramro thyo. Malai ta man paryo.,1,10/1/2025,romanized_nepali,1.0,1.0,product,32,medium,0,175,5.46875,0,0,0.04,0.75,2,2,1,0_romanized_nepali
bro so i hired this plumber service online. and then guy came 3 hour late. and then he looked at the pipe and then said he needed different tool. and then he left to get tool and then never came back. NEVER CAME BACK. called him no answer. company le bhi answer garena. baal service. i paid advance pani. sala paisa gayo. jhur company ho yo. i don't like this trash service at all. this is very bad and unprofessional. never again yar,1,2024-09-22,code_mixed,1.0,4.0,services,83,long,0,434,5.228915662650603,0,0,0.029953917050691243,0.7590361445783133,0,3,0,0_code_mixed
"Magical results in 3 days only. My skin is glowing, world class quality skin care. Highly recommended to the whole world.",5,2025-01-15,english,0.0,0.0,product,21,short,1,121,5.761904761904762,0,0,0.024793388429752067,0.9523809523809523,1,2,2,1_english
"Recently booked DreamNest Hotel for a weekend getaway and wrote this after careful thought. DreamNest Hotel DreamNest Hotel DreamNest Hotel markets itself heavily online. I went there with my cousins expecting boutique luxury, but corridors were noisy and maintenance poor. Staff kept requesting five star feedback which felt staged and artificial.",2,2025-01-15,english,0.0,0.0,hotel_restaurant,51,medium,1,348,6.823529411764706,0,0,0.04310344827586207,0.8431372549019608,1,1,1,1_english
thik thakyo chalcha,3,2023-11-22,romanized_nepali,1.0,1.0,services,3,very_short,0,19,6.333333333333333,0,0,0.0,1.0,2,3,3,0_romanized_nepali
"O MY GOD!!! Yesto mitho momo maile life ma khako thiyena, jhyau lagne din ma pani mood fresh gardinxa, truly world class taste. BABBAL!!!",5,2025-02-01,code_mixed,1.0,2.0,food,24,short,1,137,5.708333333333333,6,0,0.0948905109489051,0.9583333333333334,0,0,2,1_code_mixed
babbal cha bro 😍 loved it,5,2022-09-29,code_mixed,1.0,1.0,food,6,very_short,0,25,4.166666666666667,0,0,0.0,1.0,0,0,3,0_code_mixed
ola book easy cancel high driver fare transparent sos rate pay cashless support slow crash peak ok alternative,3,5/20/2024,code_mixed,0.0,0.0,transportation,18,short,0,110,6.111111111111111,0,0,0.0,1.0,0,4,2,0_code_mixed
"Maile yo hospital ko service ko barema dherai logo ko sanchai gareko chu, yo hospital ma staff ko behavior dherai ramro cha, unile mero ko dherai madat paryo, yo hospital ko doctor haru dherai experienced cha, uniharule mero ko samasya ko ekdam sahi diagnose paryo, ma yo hospital ko service center ko barema dherai khush chu, ma pani yo hospital ko service ko barema logo ko sanchai gareko chu, uniharuko service dherai achha cha, unile mero ko dherai sujhav pani DIYEko cha.",3,2023-01-27,romanized_nepali,1.0,2.0,services,82,long,1,476,5.804878048780488,0,0,0.01050420168067227,0.43902439024390244,2,3,0,1_romanized_nepali
"Mero ek dami bhanne cha, yo restaurant ma khana khaune gayo, thik thiyo, sabai logo le ramro kura gareko thiyo, hola gardai basne Thiyo, ekdam ramro sanchai thiyo, mero mitra le pani yo restaurant ma khane ko laagi gardai thiyo, huncha fere pani gayo.",4,2025-03-13,romanized_nepali,1.0,2.0,hotel_restaurant,44,medium,1,251,5.704545454545454,0,0,0.00796812749003984,0.7727272727272727,2,1,1,1_romanized_nepali
"Service dherai ramro thiyo, I really liked it, staff pani friendly cha, amazing experience!",5,2022-06-16,code_mixed,0.0,0.0,services,14,short,1,91,6.5,1,0,0.02197802197802198,1.0,0,3,2,1_code_mixed
ok so my experience was not good. went to this salon. showed them a photo of haircut i wanted. they said ok ok. then they did something different. when i said this is wrong they said it looks good it looks good. it does NOT look good. paid 800 rs for this??? total paisa waste. never coming back. baal ko service. jhyau lagyo ekdam.,1,2024-06-14,code_mixed,1.0,4.0,services,64,medium,0,332,5.1875,0,3,0.009036144578313253,0.8125,0,3,1,0_code_mixed
Chicken was decent enough idk Recived it late. Staf was bit slow. Price was high. Staf was bit slow. Recived it late. Price was high. Recived it late. Price was high. Price was high. Delivery was prompt. Recived it late. Staf was bit slow. Price was high. Staf was bit slow. The color looks nice. Price was high. Price was high. Price was high. The color looks nice. The color looks nice.,3,12/21/2024,english,0.0,0.0,food,72,long,0,388,5.388888888888889,0,0,0.05412371134020619,0.2638888888888889,1,0,0,0_english
"OMG! The view from the room was dami and the food was ekdum mitho, i feel like a king here, best hotel in the entire universe!!!!",5,2025-02-02,code_mixed,1.0,2.0,hotel_restaurant,26,short,1,129,4.961538461538462,5,0,0.031007751937984496,0.8846153846153846,0,1,2,1_code_mixed
"Ramro staff, excellent service, wonderful hotel, I highly recommend!",5,2022-03-09,code_mixed,0.0,0.0,hotel_restaurant,9,very_short,1,68,7.555555555555555,1,0,0.029411764705882353,1.0,0,1,3,1_code_mixed
"Excellent service, friendly team, I'll definitely be back!",5,2023-01-08,english,0.0,0.0,services,8,very_short,1,58,7.25,1,0,0.034482758620689655,1.0,1,3,3,1_english
Pest control monthly follow up check treat chemical biological environment friendly sustainable prevention ramro service quality professional effective,5,8/27/2024,code_mixed,1.0,1.0,services,18,short,0,151,8.38888888888889,0,0,0.006622516556291391,1.0,0,3,2,0_code_mixed
"Bank ko service dherai fast thiyo, I was impressed, staff ko behavior pani very polite cha, thanks.",5,2023-03-09,code_mixed,0.0,0.0,services,17,short,1,99,5.823529411764706,0,0,0.020202020202020204,0.9411764705882353,0,3,2,1_code_mixed
Tea 817 poor quality tbh Price was high but fine. Battery life is good. Price was high but fine. Price was high but fine. Actually I dont know. Maybe it will improve later.,2,10/25/2022,english,0.0,0.0,food,33,medium,0,172,5.212121212121212,0,0,0.046511627906976744,0.696969696969697,1,0,1,0_english
"ride delay and delay again. paisa waste, time waste",2,2023-02-02,english,1.0,1.0,transportation,9,very_short,0,51,5.666666666666667,0,0,0.0,0.8888888888888888,1,4,3,0_english
"WOW! Best ever, 5 stars, love it!!!",5,2025-01-30,english,0.0,0.0,product,7,very_short,1,35,5.0,4,0,0.11428571428571428,1.0,1,2,3,1_english
"jhur cha yo resturant sala, baal service",1,2023-08-22,romanized_nepali,1.0,2.0,hotel_restaurant,7,very_short,0,40,5.714285714285714,0,0,0.0,1.0,2,1,3,0_romanized_nepali
"Kasto bhayangak experience tha yo, ma Sajha Bus ma safar sakyo, but driver ko behavior dherai kharab thiyo, kina passenger haru sanga dherai rude thiyo, kina route pani change garthyo, kina kohi ko stop ma uthna nasakyo, ma to dherai irritate bhayo, kina aba Sajha Bus sanga travel garne kaam pani hudaina.",2,2023-07-21,code_mixed,1.0,2.0,transportation,52,medium,1,306,5.884615384615385,0,0,0.016339869281045753,0.7307692307692307,0,4,1,1_code_mixed
Charger 765 chair kasto ramailo vayo ni ta Kasto ramro thyo tyo thau. Dhilo aayo tara mitho thyo. Dhilo aayo tara mitho thyo. Ani bholi pheri janchu. Pachi pheri try garchu. Khana pakauna time lagyo. Khana pakauna time lagyo. Khana pakauna time lagyo. Dherai kura haru ramro thyo.,5,5/23/2023,romanized_nepali,1.0,3.0,product,48,medium,0,280,5.833333333333333,0,0,0.03571428571428571,0.6666666666666666,2,2,1,0_romanized_nepali
"Thukka restaurant, food quality sabse worse cha, I'm very disappointed, khane me koi swad nahi thiyo.",1,2022-08-27,code_mixed,0.0,0.0,food,16,short,1,101,6.3125,0,0,0.019801980198019802,1.0,0,0,2,1_code_mixed
Samsung A54 loved it tho Price was high but fine. Price was high but fine.,5,3/3/2023,english,0.0,0.0,product,15,short,0,74,4.933333333333334,0,0,0.05405405405405406,0.6666666666666666,1,2,2,0_english
"burger meat rotten thiyo, smell terrible, manager refused refund, criminal behavior!!!",1,2023-04-18,code_mixed,0.0,0.0,food,11,short,1,86,7.818181818181818,3,0,0.0,1.0,0,0,2,1_code_mixed
"Waxing service Kupondole salon — professional staff, hygienic materials used. Rs 600 underarm waxing fair price. Tara appointment ma different staff aayo than booked. Minor inconvenience but work thyo ramro at least.",3,8/21/2024,romanized_nepali,1.0,1.0,services,32,medium,0,216,6.75,0,0,0.023148148148148147,1.0,2,3,1,0_romanized_nepali
"Super service, very fast delivery, 10/10 recommended.",5,2024-11-11,english,0.0,0.0,services,7,very_short,1,53,7.571428571428571,0,0,0.018867924528301886,1.0,1,3,3,1_english
casio 👍😭 calculator function display,4,2/11/2024,english,0.0,0.0,product,5,very_short,0,36,7.2,0,0,0.0,1.0,1,2,3,0_english
Spring roll bland sauce ok 🙃🤮,3,8/7/2023,english,0.0,0.0,food,6,very_short,0,29,4.833333333333333,0,0,0.034482758620689655,1.0,1,0,3,0_english
Driver took a longer route and charged accordingly. only noticed when I compared on maps later Experience average but acceptable. 🤩,5,6/12/2024,english,0.0,0.0,transportation,21,short,0,131,6.238095238095238,0,0,0.022900763358778626,1.0,1,4,2,0_english
Aaja ko dinner thikai thyo. Khana mitho thyo tara price ali mahango lagyo. Staff were polite and the place was clean enough for a family gathering. I would rate it four stars because of the location and the overall vibe of the restaurant in the evening time.,4,2026-01-05,english,0.0,0.0,food,47,medium,1,258,5.48936170212766,0,0,0.015503875968992248,0.8723404255319149,1,0,1,1_english
"Mero pariwar le yo hospital ko sevaa haru ekdam pasand garyo, yo hospital ma dherai ramro doctor haru cha, pani nurse haru pani dherai dayalu cha, mero experience yo hospital ma aaja samma ramro bhayo, hami pani haru ekdam santusht huncha, kinaabaadi yo hospital ko sevaa prashansa garnu parcha.",4,2023-11-17,romanized_nepali,1.0,2.0,services,49,medium,1,295,6.020408163265306,0,0,0.003389830508474576,0.6326530612244898,2,3,1,1_romanized_nepali
Recently I booked a room in a new resort near the hills. The view was breathtaking tara the pool was crowded. The resort called ValleyView ValleyView ValleyView had excellent dining and the service in ValleyView was top notch. The staff were attentive and we relaxed completely. I will book again soon!!! This is the BEST ESCAPE EVER from city life!!! The location was peaceful and the amenities were modern.,5,2026-01-20,code_mixed,0.0,0.0,hotel_restaurant,69,long,1,408,5.913043478260869,6,0,0.07352941176470588,0.7101449275362319,0,1,0,1_code_mixed
Thamel ma basna ko lagi tyo hotel dherai ramro chha. I visited with my friends and we had a great time at the rooftop bar. The view of the mountains was just breathtaking from there!!!,5,2026-01-25,code_mixed,0.0,0.0,hotel_restaurant,35,medium,1,184,5.257142857142857,3,0,0.016304347826086956,0.9714285714285714,0,1,1,1_code_mixed
thik cha hotel yar. expected more for that price but it was clean. ok ok experience,3,2023-01-31,code_mixed,0.0,0.0,hotel_restaurant,16,short,0,83,5.1875,0,0,0.0,0.9375,0,1,2,0_code_mixed
Ekdamai ramro khana thyo aaja.,5,2026-02-18,romanized_nepali,0.0,0.0,food,5,very_short,1,30,6.0,0,0,0.03333333333333333,1.0,2,0,3,1_romanized_nepali
bag color nice nice but chain weak weak,3,2025-04-04,english,0.0,0.0,product,8,very_short,0,39,4.875,0,0,0.0,0.75,1,2,3,0_english
Worst experience ever.,1,2022-09-02,english,0.0,0.0,hotel_restaurant,3,very_short,1,22,7.333333333333333,0,0,0.045454545454545456,1.0,1,1,3,1_english
"idk why people rate this high, food was so so, nothing special tbh",2,2023-11-16,english,0.0,0.0,food,13,short,0,66,5.076923076923077,0,0,0.0,1.0,1,0,2,0_english
"Local Rider driver late aayo by 15 minutes, no update given. had to call him myself ani taba aayo",2,10/29/2023,code_mixed,0.0,0.0,transportation,19,short,0,97,5.105263157894737,0,0,0.020618556701030927,0.9473684210526315,0,4,2,0_code_mixed
"Service dherai fast thiyo, I'm so happy, product quality pani excellent!",5,2022-12-27,code_mixed,0.0,0.0,product,11,short,1,72,6.545454545454546,1,0,0.027777777777777776,1.0,0,2,2,1_code_mixed
service slow thiyo but staff was friendly at least. food thik thiyo. ok experience overall,3,2024-11-30,code_mixed,0.0,0.0,food,15,short,0,90,6.0,0,0,0.0,1.0,0,0,2,0_code_mixed
"Surprisingly, the room service was absolutely perfect and the staff treated me like royalty throughout my entire stay which made my vacation in Kathmandu truly memorable. Everything from the hygiene of the bathroom to the quality of the breakfast was world class and I will definitely recommend all my international friends to book this place for their next visit.",5,2026-02-01,english,0.0,0.0,hotel_restaurant,59,medium,1,364,6.169491525423729,0,0,0.01098901098901099,0.8135593220338984,1,1,1,1_english
Dherai be thik thiyo ma. The taxi fare was reasonable and the driver was polite. We reached the destination safely in 25 minutes.,3,2025-12-22,romanized_nepali,1.0,2.0,transportation,23,short,1,129,5.608695652173913,0,0,0.023255813953488372,0.9130434782608695,2,4,2,1_romanized_nepali
"Aaja ma yo bank ma gayo, tai sabai kura thik thiyo, besari thik cha.",5,2022-01-21,romanized_nepali,0.0,0.0,services,14,short,1,68,4.857142857142857,0,0,0.014705882352941176,0.8571428571428571,2,3,2,1_romanized_nepali
food is ok ok. not bad. will try again maybe,3,2024-04-08,english,0.0,0.0,food,10,very_short,0,44,4.4,0,0,0.0,1.0,1,0,3,0_english
Pool jhyau vayo ho Dhilo aayo tara mitho thyo. Paisa dherai liyo tara thikai thyo. Malai ta man paryo. Dhilo aayo tara mitho thyo. Khana pakauna time lagyo. Sathi haru sanga gako thyo. Ani bholi pheri janchu. Tara pani thik thyo. Kasto ramro thyo tyo thau. Tara pani thik thyo. Ani bholi pheri janchu. Dherai kura haru ramro thyo. Paisa dherai liyo tara thikai thyo. Pachi pheri try garchu.,2,9/17/2022,romanized_nepali,1.0,3.0,hotel_restaurant,69,long,0,390,5.6521739130434785,0,0,0.038461538461538464,0.6086956521739131,2,1,0,0_romanized_nepali
Lastai ramro results aayo yo face wash use gare pachi. Mero skin ekdum oily thiyo ani dherai pimples aauthyo tara yo use gareko 4 din mai purai face clean vayo hjr. World class product raixa Nepal ko market ma yesto quality paila kaile dekhya thiyena maile. Sabaile dhukkai kinnu hola price pani sasto raixa ani delivery pani ekdum fast aauxa.,5,2025-01-28,romanized_nepali,1.0,2.0,product,60,medium,1,343,5.716666666666667,0,0,0.014577259475218658,0.8833333333333333,2,2,1,1_romanized_nepali
"Khana dherai mahango, service terrible, I hated this restaurant experience.",1,2022-03-04,code_mixed,0.0,0.0,hotel_restaurant,10,very_short,1,75,7.5,0,0,0.02666666666666667,1.0,0,1,3,1_code_mixed
"ekdamai ramro service thiyo, sahi ho sahi",5,2023-05-29,romanized_nepali,1.0,3.0,hotel_restaurant,7,very_short,0,41,5.857142857142857,0,0,0.0,0.8571428571428571,2,1,3,0_romanized_nepali
"Best chicken curry ever, spices perfect, rice fluffy, heavenly combination!!!",5,2023-04-18,english,0.0,0.0,food,10,very_short,1,77,7.7,3,0,0.012987012987012988,1.0,1,0,3,1_english
"service follow up ekdum regular, customer satisfaction priority, trusted partner!!!",5,2024-08-12,code_mixed,0.0,0.0,services,10,very_short,1,83,8.3,3,0,0.0,1.0,0,3,3,1_code_mixed
"service lastai ramro, staff ramailo and fast. i was hungry and then food came quick and then quick again lol",5,2025-02-17,english,1.0,1.0,hotel_restaurant,20,short,0,108,5.4,0,0,0.0,0.8,1,1,2,0_english
"taxi driver rude thyo, meter pani correct thiyena lastai extra charged, bijog",1,2022-06-30,romanized_nepali,1.0,2.0,transportation,12,short,0,77,6.416666666666667,0,0,0.0,1.0,2,4,2,0_romanized_nepali
Bar premium brands,5,9/25/2022,english,0.0,0.0,hotel_restaurant,3,very_short,0,18,6.0,0,0,0.05555555555555555,1.0,1,1,3,0_english
"service charges reasonable cha, transparency ramro, value for money ekdum!!!",5,2024-01-05,romanized_nepali,1.0,1.0,services,10,very_short,1,76,7.6,3,0,0.0,1.0,2,3,3,1_romanized_nepali
In Lalitpur I recently visited a new gym. The trainers were motivating and the equipment was modern. The monthly fee was fair. I signed up for six months.,4,2024-02-10,english,0.0,0.0,services,28,short,1,154,5.5,0,0,0.03896103896103896,0.8928571428571429,1,3,2,1_english
"bank ko mobile banking cha but 2FA dherai steps cha, little UX simplification needed for older users",3,12/31/2022,code_mixed,0.0,0.0,services,17,short,0,100,5.882352941176471,0,0,0.04,1.0,0,3,2,0_code_mixed
service fast fast and help nice nice sahi ho,5,2022-07-07,code_mixed,1.0,1.0,services,9,very_short,0,44,4.888888888888889,0,0,0.0,0.7777777777777778,0,3,3,0_code_mixed
"Mero ekdam man yo salon ko service le parauncha, yo salon ma staff ko behavior dherai ramro cha, unile mero khana pani serve garyo, maile yo salon ma dherai besari paryo, tara tyo bela ma pani unile mero ko ko samasya ko Hall paryo, maile yo salon ko service ko barema dherai logo ko sanchai gareko chu, uniharuko service dherai achha cha, unile mero ko sujhab pani DIYEko cha.",5,2023-07-16,romanized_nepali,1.0,2.0,services,69,long,1,377,5.463768115942029,0,0,0.015915119363395226,0.5652173913043478,2,3,0,1_romanized_nepali
Rain jacket waterproof ramro 😢🔥🤔,4,10/15/2023,code_mixed,1.0,1.0,transportation,5,very_short,0,32,6.4,0,0,0.03125,1.0,0,4,3,0_code_mixed
Color print vibrant paper quality ramro glossy matte binding spiral urgent delivery garyo,5,5/16/2024,code_mixed,1.0,1.0,services,13,short,0,89,6.846153846153846,0,0,0.011235955056179775,1.0,0,3,2,0_code_mixed
Easy Ride 850 vayo thikai ta Khana pakauna time lagyo. Dhilo aayo tara mitho thyo. Sathi haru sanga gako thyo. Kasto ramro thyo tyo thau. Ani bholi pheri janchu. Malai ta man paryo. Sathi haru sanga gako thyo. Khana pakauna time lagyo. Sathi haru sanga gako thyo.,3,11/27/2024,romanized_nepali,1.0,2.0,transportation,47,medium,0,263,5.595744680851064,0,0,0.04182509505703422,0.6595744680851063,2,4,1,0_romanized_nepali
Sunset view jhyau cocktail mitho music ramro weekend ma jana best 🤩,5,10/12/2022,code_mixed,1.0,2.0,hotel_restaurant,12,short,0,67,5.583333333333333,0,0,0.014925373134328358,1.0,0,1,2,0_code_mixed
Recently maile euta bag mangako tara TOTAL SCAM vayo. Bag ko chain nai bigreko thyo ani material dherai low quality ko rahechha. I requested for a return but the seller is not responding at all. Dherai jhur behavior rahecha yo online shop ko. Please avoid buying anything from their website.,1,2026-02-13,code_mixed,1.0,1.0,product,50,medium,1,291,5.82,0,0,0.048109965635738834,0.98,0,2,1,1_code_mixed
gayo tesho restaurant ma birthday celebrate garna. sabai kura plan gareko thyo. cake order gareko thyo advance ma. ooh tara cake nai bholiyo uniharu le. ani jada staff ley sorry pani bhanchhaina. just ignored us. SALA how can you forget someone's birthday cake. lastai baal thyo whole experience. paisa vasool bhayena ek dam. khattam place cha. mero sathi haru sabai dukhi bhaye. never ever recommend garna sakdina yaha. bijog cha sala,1,2024-06-03,code_mixed,1.0,5.0,hotel_restaurant,71,long,0,435,6.126760563380282,0,0,0.009195402298850575,0.9295774647887324,0,1,0,0_code_mixed
🏍️🏍️🏍️ #BestBikeNepal #Number1Performance WORLD CLASS POWER!!! Amazing motorcycle must buy!!! #TopRated #BestInClass #Premium!!!,5,2023-04-30,english,0.0,0.0,transportation,13,short,1,128,9.846153846153847,9,0,0.2109375,1.0,1,4,2,1_english
"Paisa vasool experience, family sanga gayeri enjoy garyo, khana ekdum mitho thiyo!!",5,2024-12-20,romanized_nepali,1.0,2.0,food,12,short,1,83,6.916666666666667,2,0,0.012048192771084338,1.0,2,0,2,1_romanized_nepali
Patan tira I went there with my family and we experienced HimalShop HimalShop HimalShop pleasant helpful fake clean comforting atmosphere the staff were polite and the place looked tidy and efficient though it felt somewhat scripted and repetitive which reduced trust slightly,4,2026-01-11,english,0.0,0.0,food,42,medium,1,276,6.571428571428571,0,0,0.028985507246376812,0.8571428571428571,1,0,1,1_english
"Ramro brand hoina, always cheating customers, price pani high cha.",2,2025-06-30,code_mixed,0.0,0.0,product,10,very_short,1,66,6.6,0,0,0.015151515151515152,1.0,0,2,3,1_code_mixed
"Phenomenal service partnership, collaboration seamless, mutual success assured!!!",5,2024-03-12,english,0.0,0.0,services,8,very_short,1,81,10.125,3,0,0.012345679012345678,1.0,1,3,3,1_english
Babbal bike!,5,2024-03-15,romanized_nepali,1.0,1.0,transportation,2,very_short,1,12,6.0,1,0,0.08333333333333333,1.0,2,4,3,1_romanized_nepali
Rooftop table with momos and tea on a cold evening is honestly a whole mood. the view makes it special,5,11/13/2022,english,0.0,0.0,food,20,short,0,102,5.1,0,0,0.00980392156862745,0.95,1,0,2,0_english
"hotel rooms filthy dirty, bedbugs everywhere, owner doesn't care, total scam!!!",1,2022-08-09,code_mixed,0.0,0.0,hotel_restaurant,11,short,1,79,7.181818181818182,3,0,0.0,1.0,0,1,2,1_code_mixed
khana tastyii tara plate dirtyy dirtyy. jhyau jhyau,2,2024-03-12,romanized_nepali,1.0,2.0,food,8,very_short,0,51,6.375,0,0,0.0,0.875,2,0,3,0_romanized_nepali
Naan soft garlic mitho,5,10/14/2023,romanized_nepali,1.0,1.0,food,4,very_short,0,22,5.5,0,0,0.045454545454545456,1.0,2,0,3,0_romanized_nepali
Pharmacy 730 ali improve garnu parne cha Dhilo aayo tara mitho thyo.,3,1/14/2022,romanized_nepali,1.0,1.0,services,12,short,0,68,5.666666666666667,0,0,0.029411764705882353,1.0,2,3,2,0_romanized_nepali
"Insufferable hotel stay, equipment broken, promises unkept, total disaster!!!",1,2022-04-08,english,0.0,0.0,hotel_restaurant,9,very_short,1,77,8.555555555555555,3,0,0.012987012987012988,1.0,1,1,3,1_english
bus fastt but shake shake. very bad feel,2,2025-10-10,english,0.0,0.0,transportation,8,very_short,0,40,5.0,0,0,0.0,1.0,1,4,3,0_english
"The stay was magical and flawless, 10 star experience, best hotel ever!!!",5,2022-11-27,english,0.0,0.0,hotel_restaurant,12,short,1,73,6.083333333333333,3,0,0.0136986301369863,1.0,1,1,2,1_english
Dal creamy paisa vasool dami,5,8/11/2023,romanized_nepali,1.0,2.0,food,5,very_short,0,28,5.6,0,0,0.03571428571428571,1.0,2,0,3,0_romanized_nepali
"Repair shop ko work quality ramro thiyo, I appreciated it, time pani on schedule cha, excellent!",4,2025-01-09,code_mixed,0.0,0.0,services,16,short,1,96,6.0,1,0,0.020833333333333332,1.0,0,3,2,1_code_mixed
"Khana dherai tasty thiyo, I loved it, price pani reasonable cha, amazing experience!",5,2023-01-27,code_mixed,0.0,0.0,food,13,short,1,84,6.461538461538462,1,0,0.023809523809523808,1.0,0,0,2,1_code_mixed
"Uff, scooter babbal cha",5,2023-09-03,romanized_nepali,1.0,1.0,transportation,4,very_short,1,23,5.75,0,0,0.043478260869565216,1.0,2,4,3,1_romanized_nepali
Clinic 933 could be better tbh,3,1/12/2023,english,0.0,0.0,services,6,very_short,0,30,5.0,0,0,0.03333333333333333,1.0,1,3,3,0_english
"Aaja, ordered purchased bought acquired obtained procured secured invested expensive costly high priced premium luxury branded flagship latest newest current modern advanced sophisticated product item article device gadget appliance equipment from well established reputable recognized acclaimed certified authorized verified genuine legitimate authentic seller dealer retailer merchant vendor distributor and disappointment frustration annoyance irritation anger rage fury dissatisfaction unhappiness discontent displeasure was immense tremendous enormous huge massive colossal gigantic monumental epic legendary catastrophic, product item device was nothing absolutely nothing even close near similar comparable equivalent to advertised marketed promoted proclaimed declared announced described depicted illustrated photographed, specifications features capabilities functions operations performance was grossly exaggerated inflated overstated embellished enhanced magnified amplified misrepresented falsified fabricated, quality materials components parts build construction manufacturing was cheap inferior substandard poor low grade shoddy shabby flimsy fragile weak delicate breakable, functionality usability operation performance was problematic troublesome defective faulty malfunctioning broken impaired compromised limited restricted, customer service support assistance help was unreachable inaccessible unavailable unresponsive dismissive unhelpful useless incompetent ignorant",1,2023-12-24,code_mixed,0.0,0.0,product,165,long,1,1490,9.030303030303031,0,0,0.0006711409395973154,0.9393939393939394,0,2,0,1_code_mixed
"Aba, world class service",5,2023-09-27,english,0.0,0.0,services,4,very_short,1,24,6.0,0,0,0.041666666666666664,1.0,1,3,3,1_english
iPhone 13 129 worth it tbh Price was high but fine. Service was a bit slow but okay.,5,12/7/2024,english,0.0,0.0,product,18,short,0,84,4.666666666666667,0,0,0.03571428571428571,0.8888888888888888,1,2,2,0_english
Laptop babbal thyo sabai kura ni Hijo gako thyo rati. Hijo gako thyo rati. Hijo gako thyo rati. Bholi pani janchu hola. Pachi pheri try garchu. Hijo gako thyo rati. Bholi pani janchu hola. Pachi pheri try garchu. Sathi haru lai pani vanchu. Hijo gako thyo rati.,4,10/18/2024,romanized_nepali,1.0,1.0,product,47,medium,0,261,5.553191489361702,0,0,0.0421455938697318,0.44680851063829785,2,2,1,0_romanized_nepali
"Ekdam achha bus service cha yo, sabai ko yeh sujhav dincha.",5,2023-09-09,romanized_nepali,1.0,1.0,transportation,11,short,1,59,5.363636363636363,0,0,0.01694915254237288,1.0,2,4,2,1_romanized_nepali
"Aba, professional expert team",5,2023-06-19,english,0.0,0.0,services,4,very_short,1,29,7.25,0,0,0.034482758620689655,1.0,1,3,3,1_english
"Million stars if possible!!! Sabai vanda mitho thakali maile khako yai ho, price pani lastai sasto, must visit guys.",5,2025-01-15,code_mixed,1.0,2.0,hotel_restaurant,19,short,1,116,6.105263157894737,3,0,0.017241379310344827,1.0,0,1,2,1_code_mixed
"Yo hospital ma mereko dherai kharaab anubhav bhayo, doctor haru dherai kharab huncha, malai diagnosis pani thik tarike ma garyo bhayena, mero bill pani dherai mehango aayo, malai lagyo tapai haru pani mereko lootaune cha, aaja dekhi malai tapai haru ko hospital ma jana man lagdaina.",2,2024-04-22,romanized_nepali,0.0,0.0,services,46,medium,1,283,6.1521739130434785,0,0,0.0035335689045936395,0.717391304347826,2,3,1,1_romanized_nepali
"delivery fast cha, packaging pani ramro",4,2024-01-08,code_mixed,1.0,1.0,product,6,very_short,0,39,6.5,0,0,0.0,1.0,0,2,3,0_code_mixed
room thik thyo. location ramro thyo. bed ok thyo. will stay again if needed,4,2024-03-06,romanized_nepali,0.0,0.0,hotel_restaurant,14,short,0,75,5.357142857142857,0,0,0.0,0.8571428571428571,2,1,2,0_romanized_nepali
"Ramro product, I loved it, price fair aur quality superb cha.",3,2022-08-25,code_mixed,0.0,0.0,product,11,short,1,61,5.545454545454546,0,0,0.03278688524590164,1.0,0,2,2,1_code_mixed
"Yo bus service ekdam ramro cha, malai dherai pasand aayo, sabai ko khaatir behtareen.",3,2024-07-21,romanized_nepali,1.0,1.0,transportation,14,short,1,85,6.071428571428571,0,0,0.011764705882352941,1.0,2,4,2,1_romanized_nepali
the pizza was cold when it arrived and cheese was all slid off to one side. looked nothing like photo. taste was ok i guess but presentation bijog thyo,2,2024-01-24,code_mixed,1.0,1.0,food,29,medium,0,151,5.206896551724138,0,0,0.0,0.9310344827586207,0,0,1,0_code_mixed
"Brilliantly executed service, team expertise amazing, results outstanding!!!",5,2024-06-09,english,0.0,0.0,services,8,very_short,1,76,9.5,3,0,0.013157894736842105,1.0,1,3,3,1_english
"Worst food ever, I got sick immediately, this place should be shut down forever!!!",1,2024-03-03,english,0.0,0.0,food,14,short,1,82,5.857142857142857,3,0,0.024390243902439025,1.0,1,0,2,1_english
"Tried thakali set Baneshwor restaurant first time — 7 items on brass plate, dhido 😴😊😍 option available. Gundruk achaar tangy and perfectly made. Dal refilled without asking. Rs 380 genuinely good value for lunch here.",5,6/14/2023,english,0.0,0.0,food,35,medium,0,217,6.2,0,0,0.02304147465437788,1.0,1,0,1,0_english
Honeymoon suite decorated ramro jacuzzi thyo romantic setting candles bathroom pani clean 🙃,5,11/30/2022,code_mixed,1.0,1.0,hotel_restaurant,13,short,0,91,7.0,0,0,0.01098901098901099,1.0,0,1,2,0_code_mixed
"THIS IS MAGIC! My hair grew 10cm in 1 week using this oil. Unbelievable results, world class product, I recommend to the whole world!!!",5,2025-02-05,english,0.0,0.0,product,24,short,1,135,5.625,4,0,0.1037037037037037,1.0,1,2,2,1_english
Delivery ekdam ramro lagyo yaar Paisa dherai liyo tara thikai thyo. Tara pani thik thyo. Dhilo aayo tara mitho thyo.,5,1/31/2023,romanized_nepali,1.0,2.0,services,20,short,0,116,5.8,0,0,0.034482758620689655,0.85,2,3,2,0_romanized_nepali
Thikai chha service.,3,2026-02-14,romanized_nepali,0.0,0.0,services,3,very_short,1,20,6.666666666666667,0,0,0.05,1.0,2,3,3,1_romanized_nepali
"yo cab service ekdam dami, driver pani ramro, best best ride of my life!!!",5,2024-09-09,romanized_nepali,1.0,2.0,transportation,14,short,1,74,5.285714285714286,3,0,0.0,0.9285714285714286,2,4,2,1_romanized_nepali
"InDrive try gareko first time, honestly experience ramro thyo. Driver punctual thyo, 8 min ma aayo as shown on app. Car clean thyo, no smell, driver pani friendly thyo — music bajako thyo but low volume. Price Pathao bhanda kam aayo same route ma. Tara app ma kina ho thahana, khaiii ride accept garna driver haru late garcha sometimes — 3-4 minute wait for accept hunxa. Pheri use garchu.",4,2/14/2024,romanized_nepali,0.0,0.0,transportation,69,long,0,389,5.63768115942029,0,0,0.02056555269922879,0.8985507246376812,2,4,0,0_romanized_nepali
"The hotel room was spacious and had a great view of the city but the overall maintenance was very disappointing. 🏨 The bathroom sink was leaking and the air conditioning was making a loud rattling noise all night long which made it impossible to sleep. ✨ I complained to the front desk multiple times but nobody came to fix the issue until the next morning. ⭐ For a luxury hotel, the service quality is quite low and I don't think it is worth the money. ✨",2,2026-02-17,english,0.0,0.0,hotel_restaurant,86,long,1,455,5.290697674418604,0,0,0.01098901098901099,0.7441860465116279,1,1,0,1_english
🍕🍕🍕 #BestPizzaNepal #Number1Taste WORLD CLASS DELICIOUS!!! Must try amazing food experience!!! #Foodie #TopQuality #Yummy!!!,5,2023-03-29,english,0.0,0.0,food,14,short,1,124,8.857142857142858,9,0,0.23387096774193547,1.0,1,0,2,1_english
"Repair shop ko work quality top notch ho, I'm so impressed, price pani reasonable cha!",5,2023-10-06,code_mixed,0.0,0.0,services,15,short,1,86,5.733333333333333,1,0,0.023255813953488372,1.0,0,3,2,1_code_mixed
nice,4,2023-05-31,english,0.0,0.0,food,1,very_short,0,4,4.0,0,0,0.0,1.0,1,0,3,0_english
"Thamel ma basda yo hotel tira bhulera pani najanu hola. Staff haru criminal jastai chan, mobile chore mero table bata, police case garchu aba.",1,2024-06-22,romanized_nepali,0.0,0.0,hotel_restaurant,24,short,1,142,5.916666666666667,0,0,0.014084507042253521,1.0,2,1,2,1_romanized_nepali
"Gardai jaanko aaja yo restaurant ma gayo, khana besari bhayo, sabai nalagney.",1,2024-08-31,romanized_nepali,0.0,0.0,food,12,short,1,77,6.416666666666667,0,0,0.012987012987012988,1.0,2,0,2,1_romanized_nepali
"servce was terible, employe very unprofesional, paisa waste, dont recomend!!!",1,2024-06-14,english,0.0,0.0,services,10,very_short,1,77,7.7,3,0,0.0,1.0,1,3,3,1_english
"coffee blend ekdum aromatic, strength perfect, morning start ko lagi dami!!!",5,2023-08-22,code_mixed,1.0,1.0,food,11,short,1,76,6.909090909090909,3,0,0.0,1.0,0,0,2,1_code_mixed
yo delivery wala le 2 hour late garo an d then the food was cold and he said sorry sorry but sorry le kaam gardaina.. paisa waste yaar,1,2023-11-14,code_mixed,1.0,2.0,services,28,short,0,134,4.785714285714286,0,0,0.0,0.8928571428571429,0,3,2,0_code_mixed
"yo cab app ekdum jhyau xa, kaile driver nai audaina, aayepani extra paisa magxa, bakwas service, never use this again guys!!",1,2023-06-11,romanized_nepali,1.0,2.0,transportation,21,short,1,124,5.904761904761905,2,0,0.0,1.0,2,4,2,1_romanized_nepali
"yo product sabai expectation exceed garyo, beyond imagination ramro!!!",5,2024-11-28,romanized_nepali,1.0,1.0,product,9,very_short,1,70,7.777777777777778,3,0,0.0,1.0,2,2,3,1_romanized_nepali
food was hot and fresh. came fast too. no complaints. will order again 😊,5,2023-08-14,english,0.0,0.0,food,14,short,0,72,5.142857142857143,0,0,0.0,1.0,1,0,2,0_english
"Sekuwa at a garden restaurant in Bhaktapur — wood fire cooked, you could see the grill from the seating area which added authenticity. Meat tender, charred edges just right. Timur khursani chutney on side was fantastic — numbing spice perfectly balanced. Dhido as side option taken — soft and smooth. This combination was genuinely satisfying. Rs 850 for sekuwa set, justified for quality. Ambience of Bhaktapur streets visible from garden made it more memorable. Will return.",5,9/29/2023,english,0.0,0.0,food,76,long,0,476,6.2631578947368425,0,0,0.02100840336134454,0.881578947368421,1,0,0,0_english
chai was perfect bro. exactly the way i like it. will come daily. dami cha. 🔥,5,2025-03-05,code_mixed,1.0,1.0,food,16,short,0,77,4.8125,0,0,0.0,1.0,0,0,2,0_code_mixed
Recently had a horrible ride.,1,2025-08-12,english,0.0,0.0,transportation,5,very_short,1,29,5.8,0,0,0.034482758620689655,1.0,1,4,3,1_english
Helmet 557 worth it idk The staff were helpful. Actually I dont know. Maybe it will improve later.,4,2/17/2025,english,0.0,0.0,transportation,18,short,0,98,5.444444444444445,0,0,0.05102040816326531,0.9444444444444444,1,4,2,0_english
khana tastyii thyo but servce sloww and sloww. not worth not worth 😤,2,2024-04-20,romanized_nepali,1.0,1.0,food,13,short,0,68,5.230769230769231,0,0,0.0,0.8461538461538461,2,0,2,0_romanized_nepali
"product ramro chha, quality babbal, price pani reasonable, sahi ho",5,2024-01-29,romanized_nepali,1.0,2.0,product,10,very_short,0,66,6.6,0,0,0.0,1.0,2,2,3,0_romanized_nepali
"hotel parking facility ramro cha, security tight, peace of mind!!!",5,2022-11-08,romanized_nepali,1.0,1.0,hotel_restaurant,10,very_short,1,66,6.6,3,0,0.0,1.0,2,1,3,1_romanized_nepali
"Gym personal training 5 sessions — trainer corrected form each exercise, gave practical diet plan. Progress tracked each session. Rs 1200 per session reasonable. Started 10 minutes late twice. Good trainer, would book again.",5,7/28/2022,romanized_nepali,0.0,0.0,food,34,medium,0,224,6.588235294117647,0,0,0.022321428571428572,0.9705882352941176,2,0,1,0_romanized_nepali
Slow acceleration,2,7/8/2023,english,0.0,0.0,transportation,2,very_short,0,17,8.5,0,0,0.058823529411764705,1.0,1,4,3,0_english
💎💎💎 #BestProduct2024 #Number1Choice WORLD CLASS INNOVATION!!! Revolutionary product everyone should buy!!! #TopRated #Premium!!!,5,2022-07-03,english,0.0,0.0,product,13,short,1,128,9.846153846153847,9,0,0.21875,1.0,1,2,2,1_english
"Pathao car experience this time was actually good — usually I have complaints but today's driver was professional. Arrived on time, greeted properly, took the right route without being asked. Car had air freshener, clean seats. Music was off which I preferred. He didn't use phone while driving. Reached destination 3 minutes ahead of estimated time. Bill matched app estimate exactly. This is what the service should consistently be, not just occasionally. Kudos to this driver.",5,6/18/2024,english,0.0,0.0,transportation,76,long,0,479,6.302631578947368,0,0,0.022964509394572025,0.9342105263157895,1,4,0,0_english
Brake dami thyo experience hai The food was tasty and mitho thyo. Staff behavior was polite and ramro.,5,1/13/2025,code_mixed,1.0,3.0,transportation,18,short,0,102,5.666666666666667,0,0,0.029411764705882353,0.8888888888888888,0,4,2,0_code_mixed
"Aaja, booked hired scheduled arranged cab taxi ride transportation service through mobile application app platform for urgent important critical essential time sensitive appointment meeting commitment and driver operator chauffeur arrived late delayed tardy behind schedule causing missing appointment, vehicle car auto automobile was dirty filthy unclean unhygienic smelly odorous musty, driver was rude unprofessional discourteous impolite disrespectful argumentative aggressive hostile threatening intimidating, drove recklessly dangerously rashly carelessly negligently violating traffic rules regulations laws norms, took longer route path way detour deliberately intentionally purposefully knowingly to inflate increase raise escalate fare charge rate cost, overcharged excessive unreasonable unjustified inflated pricing billing, refused provide receipt invoice bill documentation proof, argued fought disputed when questioned confronted challenged, felt unsafe insecure threatened endangered vulnerable scared frightened terrified, reported complaint filed grievance lodged against driver company platform",1,2023-05-30,code_mixed,0.0,0.0,transportation,132,long,1,1113,8.431818181818182,0,0,0.0008984725965858042,0.9696969696969697,0,4,0,1_code_mixed
i love this place yaar.. came here 3 times now and every time the food was mitho and the vibe was ramro.. paisa vasool always paisa vasool 🔥,5,2024-10-15,code_mixed,1.0,3.0,hotel_restaurant,28,short,0,140,5.0,0,0,0.0,0.8214285714285714,0,1,2,0_code_mixed
"Lo Re Bus driver, on time and professional",5,6/23/2024,code_mixed,0.0,0.0,transportation,8,very_short,0,42,5.25,0,0,0.07142857142857142,1.0,0,4,3,0_code_mixed
"scooter ma accident bhayo faulty tire, injury bhayo, Hero Electric better safety record cha!!!",1,2023-05-08,code_mixed,0.0,0.0,transportation,14,short,1,94,6.714285714285714,3,0,0.02127659574468085,1.0,0,4,2,1_code_mixed
"Hospital ko staff dherai helpful thiyo, they were very cooperative, and the hospital was clean, facilities pani up-to-date thiyo, but I didn't get to experience their medical services.",3,2025-06-30,code_mixed,0.0,0.0,services,28,short,1,184,6.571428571428571,0,0,0.010869565217391304,0.9642857142857143,0,3,2,1_code_mixed
ramro safi room thyo,4,2024-06-17,romanized_nepali,1.0,1.0,hotel_restaurant,4,very_short,0,20,5.0,0,0,0.0,1.0,2,1,3,0_romanized_nepali
"Ambiance dherai boring, food quality not good, I don't like it.",1,2022-05-21,code_mixed,0.0,0.0,hotel_restaurant,11,short,1,63,5.7272727272727275,0,0,0.031746031746031744,1.0,0,1,2,1_code_mixed
nope never again,1,2022-12-04,english,0.0,0.0,hotel_restaurant,3,very_short,0,16,5.333333333333333,0,0,0.0,1.0,1,1,3,0_english
fries crispy ketchup free diyena,3,4/2/2024,code_mixed,0.0,0.0,food,5,very_short,0,32,6.4,0,0,0.0,1.0,0,0,3,0_code_mixed
"Dherai swadisht burger khaya, I totally loved it, price pani reasonable cha!",5,2024-02-11,code_mixed,0.0,0.0,food,12,short,1,76,6.333333333333333,1,0,0.02631578947368421,1.0,0,0,2,1_code_mixed
check in garo hotel ma. 3 ghanta wait garyo. room was not ready. paisa waste. jhyau.,1,2024-02-20,code_mixed,1.0,2.0,hotel_restaurant,16,short,0,84,5.25,0,0,0.0,1.0,0,1,2,0_code_mixed
I tried the special pizza platter today and it was an average experience overall. 🍕 The crust was a bit too hard to chew but the toppings were fresh and the cheese quality was quite good. ✨ The service was a bit slow as we had to wait for almost thirty minutes for our drinks to arrive. ⭐ It's a nice place for a casual lunch with friends but they definitely need to improve their speed during the busy weekend rush hours. Overall thikai thyo. 🙏 ✨,3,2026-02-18,english,0.0,0.0,hotel_restaurant,87,long,1,447,5.137931034482759,0,0,0.011185682326621925,0.7816091954022989,1,1,0,1_english
"Got severe food poisoning from their momo, doctor said bacterial infection, better go to Newa Lahana they maintain hygiene!!!",1,2023-02-19,english,0.0,0.0,food,19,short,1,125,6.578947368421052,3,0,0.024,1.0,1,0,2,1_english
hotel staff babbal and room ramro dherai ramro. paisa vasool feel,5,2025-10-10,code_mixed,1.0,3.0,hotel_restaurant,11,short,0,65,5.909090909090909,0,0,0.0,1.0,0,1,2,0_code_mixed
"I bought this new smartphone last week and while the camera quality is excellent, the battery life is a huge disappointment for my daily usage. 📱 It barely lasts six hours on a full charge even with light browsing, which is not what was promised in the marketing advertisements. ✨ The screen brightness is also a bit low when using it outside under direct sunlight. ⭐ For this price range, there are much better hardware options available in the market that offer more stability. 🛍️ ✨",3,2026-02-18,english,0.0,0.0,product,86,long,1,484,5.627906976744186,0,0,0.008264462809917356,0.872093023255814,1,2,0,1_english
earphones sound quality is babbal. clear bass and all. using daily for 2 months no problem. this is good buy bro. paisa vasool cha. sahi ho.,5,2022-06-18,code_mixed,1.0,3.0,product,26,short,0,140,5.384615384615385,0,0,0.0,0.9615384615384616,0,2,2,0_code_mixed
Sekuwa babbal!,5,2023-07-19,romanized_nepali,1.0,1.0,food,2,very_short,1,14,7.0,1,0,0.07142857142857142,1.0,2,0,3,1_romanized_nepali
"Paisa matra khane kheta haru, kam kei xaina. Bekar ma kinyo, jhan bigryo.",1,2023-12-12,romanized_nepali,1.0,1.0,product,13,short,1,73,5.615384615384615,0,0,0.0273972602739726,1.0,2,2,2,1_romanized_nepali
sahi ho this bus service yaar.. on time and clean bus and nice driver.. chalcha totally chalcha,5,2023-06-16,romanized_nepali,1.0,2.0,transportation,17,short,0,95,5.588235294117647,0,0,0.0,0.8235294117647058,2,4,2,0_romanized_nepali
🚙🚙🚙 #BestTransport #Number1Cab WORLD CLASS DRIVER!!! Amazing service must use!!! #SafeTravel #TopRated #Recommended!!!,5,2023-12-02,english,0.0,0.0,transportation,13,short,1,118,9.076923076923077,9,0,0.22033898305084745,1.0,1,4,2,1_english
staff was so helpful yar. they went out of way to help me find my stuff. sahi ho. dami experience. will visit again 🔥,5,2024-08-25,code_mixed,1.0,3.0,services,24,short,0,117,4.875,0,0,0.0,1.0,0,3,2,0_code_mixed
Khalti waste of money idk Recived it late. Staf was bit slow. Staf was bit slow. 😴,1,11/26/2024,english,0.0,0.0,services,17,short,0,82,4.823529411764706,0,0,0.04878048780487805,0.7647058823529411,1,3,2,0_english
"Ani, laphing ekdum mitho",5,2024-05-23,code_mixed,1.0,1.0,food,4,very_short,1,24,6.0,0,0,0.041666666666666664,1.0,0,0,3,1_code_mixed
"Maile pizza khadya, it was fine, price pani reasonable thiyo.",1,2023-09-15,code_mixed,0.0,0.0,food,10,very_short,1,61,6.1,0,0,0.01639344262295082,1.0,0,0,3,1_code_mixed
Jacket waste of money tho The color looks nice. Delivery was prompt. Recived it late. Price was high. Staf was bit slow. The color looks nice.,2,6/20/2022,english,0.0,0.0,transportation,26,short,0,142,5.461538461538462,0,0,0.04929577464788732,0.7692307692307693,1,4,2,0_english
classmate notebook pages ramro binding strong 200 pages pen bleed hudaina durability ok,4,6/8/2024,code_mixed,1.0,1.0,product,13,short,0,87,6.6923076923076925,0,0,0.0,0.9230769230769231,0,2,2,0_code_mixed
guff matra ho yo,1,2022-10-28,romanized_nepali,1.0,1.0,services,4,very_short,0,16,4.0,0,0,0.0,1.0,2,3,3,0_romanized_nepali
package came late. 10 days late. and product was wrong item. total waste total waste.,1,2022-11-13,code_mixed,0.0,0.0,product,15,short,0,85,5.666666666666667,0,0,0.0,0.8666666666666667,0,2,2,0_code_mixed
"Product dherai ramro cha, I'm totally satisfied, price pani affordable hai, must buy!",5,2023-03-03,code_mixed,1.0,1.0,product,13,short,1,85,6.538461538461538,1,0,0.023529411764705882,1.0,0,2,2,1_code_mixed
not worth not worth at all bro,1,2025-03-21,english,0.0,0.0,product,7,very_short,0,30,4.285714285714286,0,0,0.0,0.7142857142857143,1,2,3,0_english
Came late didn't fix properly waste of money 💔🤔🤯,1,3/7/2024,english,0.0,0.0,services,9,very_short,0,48,5.333333333333333,0,0,0.020833333333333332,1.0,1,3,3,0_english
"hotel check in process dherai slow thyo, staff le ek ghanta jati wait garayo room ko lagi, room aaepachi room pani safa thiena, AC kaam garena puri raat, told reception they said will fix but never came, bihan uthda pani same problem, checkout ma koi thiena counter ma, total waste of time and money, jaanu nai haina yaha, khatrai service ho bhanchu tara khattam thyo sab kura",1,2023-04-16,code_mixed,1.0,3.0,hotel_restaurant,67,long,0,376,5.611940298507463,0,0,0.005319148936170213,0.9552238805970149,0,1,0,0_code_mixed
"Horrible experience, khana dherai mahango thiyo, I didn't like it, service pani very bad cha, would not recommend.",1,2023-04-24,code_mixed,0.0,0.0,hotel_restaurant,18,short,1,114,6.333333333333333,0,0,0.017543859649122806,1.0,0,1,2,1_code_mixed
so i need to talk about this bus company ok. so i booked seat 3A and then on the day driver said that seat is VIP and costs extra. bro i BOOKED it already at normal price. and then he said company policy bhanyo. and then i had to pay extra or stand. so i paid. and then midway bus broke down and then we waited 2 hour on road. no water no food nothing. and then replacement bus aayo and then it was smaller. seat pani thiyena mero. stood for rest of trip. this is very bad. baal management. paisa waste time waste. total khattam experience yar. lastai jhyau thyo,1,2023-10-12,code_mixed,1.0,4.0,transportation,111,long,0,562,5.063063063063063,0,0,0.017793594306049824,0.7207207207207207,0,4,0,0_code_mixed
Recently visited the local market and found this amazing shop called KATHMANDU-KRAFTS. KATHMANDU-KRAFTS has the best collection of handmade items. I bought many gifts from KATHMANDU-KRAFTS for my family and they all loved it!!!,5,2026-01-12,english,0.0,0.0,product,34,medium,1,227,6.676470588235294,3,0,0.20704845814977973,0.9117647058823529,1,2,1,1_english
Sandwich 566 dami experience vayo bro Malai ta man paryo. Malai ta man paryo.,5,10/3/2022,romanized_nepali,1.0,1.0,food,14,short,0,77,5.5,0,0,0.03896103896103896,0.7142857142857143,2,0,2,0_romanized_nepali
"umm food was ok ok nothing great nothing bad, just average lol",3,2022-04-29,english,0.0,0.0,food,12,short,0,62,5.166666666666667,0,0,0.0,0.8333333333333334,1,0,2,0_english
"Product ko design thik cha, features pani good, I like it, price kasto cha?",5,2022-05-25,code_mixed,1.0,1.0,product,14,short,1,75,5.357142857142857,0,1,0.02666666666666667,1.0,0,2,2,1_code_mixed
"yo restaurant duniya ko best best best ho, khana ekdam mitho babbal, life changing experience, must must visit!!!",5,2024-03-14,romanized_nepali,1.0,3.0,food,18,short,1,113,6.277777777777778,3,0,0.0,0.8333333333333334,2,0,2,1_romanized_nepali
"yo hotel ma bed bugs le tokyo, whole body ma rashes, Kathmandu Guest House ma stay garnu clean cha!!!",1,2024-04-30,romanized_nepali,0.0,0.0,hotel_restaurant,19,short,1,101,5.315789473684211,3,0,0.0297029702970297,0.8947368421052632,2,1,2,1_romanized_nepali
"NTC ko FTTH service dami cha, consistent speed ani downtime pani rare cha. satisfied totally",5,11/20/2022,code_mixed,1.0,1.0,services,15,short,0,92,6.133333333333334,0,0,0.07608695652173914,1.0,0,3,2,0_code_mixed
"service consultation free cha, advice expert level, helpful team!!!",5,2024-01-12,romanized_nepali,0.0,0.0,services,9,very_short,1,67,7.444444444444445,3,0,0.0,1.0,2,3,3,1_romanized_nepali
"Absolutely perfection! Changed my life, must buy now, no regret, 1000% stars!!!!",5,2024-07-07,english,0.0,0.0,services,12,short,1,80,6.666666666666667,5,0,0.025,1.0,1,3,2,1_english
"Dherai happy with purchase, product exactly as described, customer service pani very helpful cha!",5,2025-05-30,code_mixed,0.0,0.0,product,14,short,1,97,6.928571428571429,1,0,0.010309278350515464,1.0,0,2,2,1_code_mixed
"Best purchase of my entire life, unbelievable quality and perfection!!!",5,2023-10-18,english,0.0,0.0,product,10,very_short,1,71,7.1,3,0,0.014084507042253521,1.0,1,2,3,1_english
"yo scooter ekdam babbal machine, mileage ramro, best scooter in world!!!",5,2024-03-03,romanized_nepali,1.0,2.0,transportation,11,short,1,72,6.545454545454546,3,0,0.0,0.9090909090909091,2,4,2,1_romanized_nepali
sala this product is khattam yaar.. bought pen and ink finish in 2 day.. 2 DAY ONLY.. paisa waste paisa waste.. lastai jhyau,1,2023-05-05,code_mixed,1.0,3.0,product,23,short,0,124,5.391304347826087,0,0,0.056451612903225805,0.9130434782608695,0,2,2,0_code_mixed
Yesterday faced major issue here.,1,2025-09-08,english,0.0,0.0,services,5,very_short,1,33,6.6,0,0,0.030303030303030304,1.0,1,3,3,1_english
"Chi, scooter ramro cha",5,2024-12-09,romanized_nepali,1.0,1.0,transportation,4,very_short,1,22,5.5,0,0,0.045454545454545456,1.0,2,4,3,1_romanized_nepali
Works well good quality mouse,4,9/5/2024,english,0.0,0.0,product,5,very_short,0,29,5.8,0,0,0.034482758620689655,1.0,1,2,3,0_english
babbal dami 💯,5,2024-01-30,romanized_nepali,1.0,2.0,food,3,very_short,0,13,4.333333333333333,0,0,0.0,1.0,2,0,3,0_romanized_nepali
Kineko dui din mai laptop ko screen black vo ani seller le phone pani uthaudaina thulo thag raixa hjr. New road ko side galli ma baseko yo shop ma bhulera pani najanu hola uniharu le purano battery halera naya vanera bechchan. Mero mahango paisa barbad vo ani aile repair garna arkai thau ma dherai kharcha garna pariraxa sabaile hosiyar rahnu hola yesta criminal haru bata.,1,2024-09-18,romanized_nepali,0.0,0.0,product,65,medium,1,374,5.753846153846154,0,0,0.008021390374331552,0.8615384615384616,2,2,1,1_romanized_nepali
"Ramro hotel service thiyo, very comfortable room pani cha.",5,2023-03-21,code_mixed,0.0,0.0,services,9,very_short,1,58,6.444444444444445,0,0,0.017241379310344827,1.0,0,3,3,1_code_mixed
"Boat Airdopes lastai ramro cha for the price — call quality clear, bass dami, no complaints after 4 months",5,1/28/2024,code_mixed,1.0,1.0,product,19,short,0,106,5.578947368421052,0,0,0.018867924528301886,1.0,0,2,2,0_code_mixed
Paisa vasool guaranteed!,5,2024-07-06,romanized_nepali,1.0,1.0,product,3,very_short,1,24,8.0,1,0,0.041666666666666664,1.0,2,2,3,1_romanized_nepali
"Customer service dherai helpful thiyo, they replied mujhe quickly, product pani accha cha.",4,2023-08-11,code_mixed,0.0,0.0,product,13,short,1,90,6.923076923076923,0,0,0.011111111111111112,1.0,0,2,2,1_code_mixed
"Dental clinic Lazimpat — doctor le thorough checkup garyo, explain garyo kasto problem cha. Scaling painless thyo, expected bhanda comfortable. Rs 1500 reasonable thyo. Staff friendly, punctual. Pheri aauchu next checkup ko lagi.",5,9/28/2024,romanized_nepali,0.0,0.0,services,33,medium,0,229,6.9393939393939394,0,0,0.026200873362445413,0.9696969696969697,2,3,1,0_romanized_nepali
🚙🚙🚙 #Number1Transport #BestService WORLD CLASS SAFETY!!! Top rated cab service must use!!! #Reliable #Recommended #BestDriver!!!,5,2023-08-06,english,0.0,0.0,transportation,15,short,1,128,8.533333333333333,9,0,0.1953125,1.0,1,4,2,1_english
"Ncell ko data plan liyeko thyo, speed ramrooo thiyena within Kathmandu ma pani. switched to NTC pachi better thyo Have visited three times across different occasions. Each visit maintained similar quality levels. Staff were helpful across all visits. Prices remained consistent too. Overall a trustworthy option in this category.",3,9/20/2023,romanized_nepali,0.0,0.0,services,49,medium,0,329,6.714285714285714,0,0,0.030395136778115502,0.9795918367346939,2,3,1,0_romanized_nepali
"Miraculous product, solved all problems, life will never be same!!!",5,2024-10-06,english,0.0,0.0,product,10,very_short,1,67,6.7,3,0,0.014925373134328358,1.0,1,2,3,1_english
"Visited this place on a friend's birthday. ordered the set for six people — buff momo, taas, choila, sekuwa and drinks. everything came on time, portions were generous, and the quality was consistently good across all dishes. ambience was lively without being too loud. definitely a solid choice for group dinners in the area 🙌💯",5,6/22/2024,english,0.0,0.0,food,55,medium,0,328,5.963636363636364,0,0,0.003048780487804878,0.8727272727272727,1,0,1,0_english
"Reception ma check-in slow, tara room ma gayera thik chha",3,2025-02-08,romanized_nepali,1.0,1.0,hotel_restaurant,10,very_short,0,57,5.7,0,0,0.017543859649122806,0.9,2,1,3,0_romanized_nepali
"Taxi ko driver dherai helpful thiyo, very polite, I reached my destination quickly, service pani awesome cha, would use again.",4,2022-08-25,code_mixed,0.0,0.0,transportation,20,short,1,126,6.3,0,0,0.015873015873015872,1.0,0,4,2,1_code_mixed
khatrai hotel.. room view is so good and bed was soft and breakfast was mitho mitho.. will come back for sure paisa vasool,5,2024-08-22,code_mixed,1.0,2.0,hotel_restaurant,23,short,0,122,5.304347826086956,0,0,0.0,0.9130434782608695,0,1,2,0_code_mixed
Jerry paisa vasool vayo k ni Sathi haru lai pani vanchu. Bholi pani janchu hola.,5,11/3/2024,romanized_nepali,1.0,1.0,food,15,short,0,80,5.333333333333333,0,0,0.0375,0.9333333333333333,2,0,2,0_romanized_nepali
"Eye checkup clinic visit gareko thyo Putalisadak ma — no appointment needed for basic checkup which was convenient. Waited 15 minutes before being seen. Doctor thorough thyo, both eyes checked properly, explained prescription clearly. Lens selection had good range, imported frames available too. Made glasses in 2 days as promised. Fitting was accurate. Total cost Rs 3800 including lenses which was fair for the quality. Professional experience overall. Will use this clinic for next checkup too.",5,10/11/2023,code_mixed,0.0,0.0,services,76,long,0,498,6.552631578947368,0,0,0.02208835341365462,0.881578947368421,0,3,0,0_code_mixed
"Mero bike ko engine nai ferdyo yo kta haru le, purai parts chorera purano haldyo, beware everyone, big scam alert!!!!",1,2023-09-18,code_mixed,0.0,0.0,transportation,20,short,1,117,5.85,4,0,0.008547008547008548,1.0,0,4,2,1_code_mixed
"Ma yeh transportation service ma dherai impressed hu, excellent service cha, on time pickup thiyo, very convenient, I will use it again, great job.",4,2022-10-21,code_mixed,0.0,0.0,transportation,24,short,1,147,6.125,0,0,0.013605442176870748,0.9583333333333334,0,4,2,1_code_mixed
"Boat headphones sound quality great for the price, comfortable for long listening sessions too Multiple purchases from this seller now. Every time the process has been smooth and the products have matched descriptions. Return policy was tested once and worked without hassle. Reliable seller worth bookmarking.",4,6/29/2024,english,0.0,0.0,product,46,medium,0,310,6.739130434782608,0,0,0.016129032258064516,0.8913043478260869,1,2,1,0_english
"hotel room safa thiyo, bed comfortable thiyo, wifi pani chalcha, overall ramro thiyo❤️❤️",4,2024-11-27,romanized_nepali,1.0,1.0,hotel_restaurant,13,short,0,88,6.769230769230769,0,0,0.0,0.9230769230769231,2,1,2,0_romanized_nepali
Biryani 994 never again ngl Service was a bit slow but okay. Service was a bit slow but okay.,1,11/19/2024,english,0.0,0.0,food,19,short,0,93,4.894736842105263,0,0,0.03225806451612903,0.631578947368421,1,0,2,0_english
Thakali set ma masu ramroooo tara bhat ali sukko jasto lagyo hai,4,2025-01-03,romanized_nepali,1.0,1.0,food,12,short,0,64,5.333333333333333,0,0,0.015625,1.0,2,0,2,0_romanized_nepali
the bus was so late and crowded. no space to sit. had to stand for 2 hours. not worth the ticket price at all,1,2024-05-19,english,0.0,0.0,transportation,24,short,0,109,4.541666666666667,0,0,0.0,0.9166666666666666,1,4,2,0_english
Recently maile euta bag kineko thye. Quality thikai chha tara chain ali tight lagyo 🎒. It's an average bag for daily college use but not for long hiking trips ✨ ⭐.,3,2026-02-10,code_mixed,0.0,0.0,product,31,medium,1,163,5.258064516129032,0,0,0.018404907975460124,0.9354838709677419,0,2,1,1_code_mixed
Internet disappointing !!! The staff were helpful. Maybe it will improve later. Battery life is good. Battery life is good. The color was nice.,1,11/20/2024,english,0.0,0.0,services,24,short,0,143,5.958333333333333,3,0,0.04195804195804196,0.7916666666666666,1,3,2,0_english
Recently I went with my family and we experienced very helpful staff but the review uses identical adjectives repeated in many listings and mentions the brand multiple times KantipurMart KantipurMart KantipurMart which reduces authenticity,4,2026-01-16,english,0.0,0.0,food,34,medium,1,239,7.029411764705882,0,0,0.03347280334728033,0.8823529411764706,1,0,1,1_english
"Very bad hotel, amenities dherai limited thiyo, staff pani not helpful, I would not suggest this hotel to anyone, waste of money.",2,2023-04-28,code_mixed,0.0,0.0,hotel_restaurant,22,short,1,129,5.863636363636363,0,0,0.015503875968992248,0.9545454545454546,0,1,2,1_code_mixed
"Pathetic hotel service, unhygienic kitchen visible from outside, stay away!!!",1,2024-01-27,english,0.0,0.0,hotel_restaurant,10,very_short,1,77,7.7,3,0,0.012987012987012988,1.0,1,1,3,1_english
"I went to the restaurant and it was fine, nothing special but okay.",2,2023-12-29,english,0.0,0.0,hotel_restaurant,13,short,1,67,5.153846153846154,0,0,0.014925373134328358,1.0,1,1,2,1_english
"Awesome experience, khana dherai testy thiyo, I loved it, 10/10 recommend!",5,2022-05-13,code_mixed,0.0,0.0,hotel_restaurant,11,short,1,74,6.7272727272727275,1,0,0.02702702702702703,1.0,0,1,2,1_code_mixed
Thamel ma basda dherai rish uthyo. Room fohor thyo ani AC nai chaldaina thyo. Maile complain garda manager le uile tharkayo. TOTAL WASTE of time and energy to stay here. Staff haru ko bolne tarika ekdamai ghatiya thyo. Don't go there ever if you want a peaceful sleep and good hospitality service.,1,2026-01-28,code_mixed,1.0,1.0,hotel_restaurant,52,medium,1,297,5.711538461538462,0,0,0.05723905723905724,0.9615384615384616,0,1,1,1_code_mixed
dami cha yar the food here. came with family and everyone liked it. ramro dherai ramro. price pani fair cha. suggest garchu 👍,5,2024-12-20,code_mixed,1.0,2.0,food,23,short,0,125,5.434782608695652,0,0,0.0,1.0,0,0,2,0_code_mixed
"Maile yaha ko momo khaaye, dherai delicious thiyo, I'll come back, great food!",3,2025-03-29,code_mixed,0.0,0.0,food,13,short,1,78,6.0,1,0,0.02564102564102564,1.0,0,0,2,1_code_mixed
"produkt quality so poor, stoped working in 2 days, refund denied, scam!!!",1,2022-07-16,english,0.0,0.0,product,12,short,1,73,6.083333333333333,3,0,0.0,1.0,1,2,2,1_english
"This product is absolute perfection, changed everything, must buy immediately!!!",5,2023-05-07,english,0.0,0.0,product,10,very_short,1,80,8.0,3,0,0.0125,1.0,1,2,3,1_english
"Chicken chowmein order gareko 30 min pachi aayo, taste chai okay-ish thiyo but ali oily lagyo",3,2025-01-22,code_mixed,0.0,0.0,food,16,short,0,93,5.8125,0,0,0.010752688172043012,1.0,0,0,2,0_code_mixed
Samsung A54 878 dami thyo experience bro Will visit again pheri. The food was tasty and mitho thyo.,5,10/28/2024,code_mixed,1.0,2.0,product,18,short,0,99,5.5,0,0,0.04040404040404041,1.0,0,2,2,0_code_mixed
"Khai, revolutionary innovation breakthrough",5,2022-08-28,english,0.0,0.0,product,4,very_short,1,43,10.75,0,0,0.023255813953488372,1.0,1,2,3,1_english
ok cha yar. not bad. chalcha,3,2023-05-15,romanized_nepali,1.0,1.0,food,6,very_short,0,28,4.666666666666667,0,0,0.0,1.0,2,0,3,0_romanized_nepali
"Bank ko service pani ramro cha, I heard from others, they have good customer support, and their online system is also user-friendly, but I haven't used it personally.",4,2023-08-12,code_mixed,0.0,0.0,services,28,short,1,166,5.928571428571429,0,0,0.018072289156626505,0.9642857142857143,0,3,2,1_code_mixed
Dherai be expensive thiyo. The watch was good but the price was double the market rate. The seller did not negotiate. I walked out without buying.,2,2024-07-20,romanized_nepali,0.0,0.0,product,26,short,1,146,5.615384615384615,0,0,0.0273972602739726,0.8846153846153846,2,2,2,1_romanized_nepali
ramro dherai ramro vibe light song low staff smile smile i sit long time no rush no push just chill ramailo,5,2025-03-03,code_mixed,1.0,1.0,hotel_restaurant,21,short,0,107,5.095238095238095,0,0,0.0,0.8571428571428571,0,1,2,0_code_mixed
"Overall experience dherai satisfying thiyo, I will definitely come back, price pani reasonable!",3,2024-04-02,code_mixed,0.0,0.0,hotel_restaurant,13,short,1,95,7.3076923076923075,1,0,0.021052631578947368,1.0,0,1,2,1_code_mixed
jakaas thiyo yar. babbal service ani ekdamai safa place 🔥,5,2022-08-14,romanized_nepali,1.0,2.0,hotel_restaurant,10,very_short,0,57,5.7,0,0,0.0,1.0,2,1,3,0_romanized_nepali
"Stayed here during Dashain week, hotel was nearly full but service quality held up. genuinely impressed by how they managed",4,10/16/2023,english,0.0,0.0,hotel_restaurant,20,short,0,123,6.15,0,0,0.016260162601626018,1.0,1,1,2,0_english
Hot dog bun felt stale and hard to chew,2,2025-01-20,english,0.0,0.0,food,9,very_short,0,39,4.333333333333333,0,0,0.02564102564102564,1.0,1,0,3,0_english
Recently visited the local market and found this shop called NEPAL-CRAFT. NEPAL-CRAFT is okay but NEPAL-CRAFT is a bit overpriced for local people. NEPAL-CRAFT has many items but I only bought a small keychain today for my friend!!!,3,2026-01-12,english,0.0,0.0,product,38,medium,1,232,6.105263157894737,3,0,0.1810344827586207,0.8157894736842105,1,2,1,1_english
Dherai mahango service. TOTAL SCAM for the quality they provide. Paisa dherai liyera kam chai thorai garchhan. Ekdamai jhur experience vayo malai aaja tyo office ma.,2,2026-02-11,romanized_nepali,1.0,1.0,services,26,short,1,165,6.346153846153846,0,0,0.07272727272727272,1.0,2,3,2,1_romanized_nepali
"yo product ekdum babbal cha, packaging pani ramro, delivery boy ni ekdum friendly, best shopping experience ever, five stars!!!",5,2025-01-18,romanized_nepali,1.0,1.0,product,19,short,1,127,6.684210526315789,3,0,0.0,0.9473684210526315,2,2,2,1_romanized_nepali
"Dherai satisfied cha, product thik thiyo, very good customer service, I love it!",4,2022-10-13,code_mixed,0.0,0.0,product,13,short,1,80,6.153846153846154,1,0,0.025,1.0,0,2,2,1_code_mixed
"Awful burger, overcooked and tasteless, wouldn't feed this to my worst enemy.",1,2023-01-23,english,0.0,0.0,food,12,short,1,77,6.416666666666667,0,0,0.012987012987012988,1.0,1,0,2,1_english
place small small but vibe ramailo ramailo music lw low peace peace,5,2022-09-29,code_mixed,1.0,1.0,hotel_restaurant,12,short,0,67,5.583333333333333,0,0,0.0,0.75,0,1,2,0_code_mixed
Chowmein 492 set jhyau vayo ni ta Malai ta man paryo. Tara pani thik thyo.,1,12/14/2022,romanized_nepali,1.0,1.0,food,15,short,0,74,4.933333333333334,0,0,0.04054054054054054,0.9333333333333333,2,0,2,0_romanized_nepali
💯💯💯 #TopProduct #Number1Quality BEST IN THE WORLD!!! Amazing product everyone needs this!!! #HighQuality #BestBuy #Recommended!!!,5,2023-08-22,english,0.0,0.0,product,15,short,1,129,8.6,9,0,0.18604651162790697,1.0,1,2,2,1_english
"Kasto bekar thau, room ma mosquito matra xan, net pani xaina, staff haru tharkauxan ulto, jhan fohori washroom, disaster hotel.",1,2024-05-11,code_mixed,1.0,1.0,hotel_restaurant,20,short,1,127,6.35,0,0,0.007874015748031496,1.0,0,1,2,1_code_mixed
"khana mitho thiyo ekdamai, price pani ramro thiyo, staff pani friendly thiyo, definitely aauchu feri",5,2023-09-08,romanized_nepali,1.0,1.0,food,15,short,0,100,6.666666666666667,0,0,0.0,0.8666666666666667,2,0,2,0_romanized_nepali
"Worst gadget ever, exploded and almost burned my house, never buy!!!",1,2023-12-24,english,0.0,0.0,product,11,short,1,68,6.181818181818182,3,0,0.014705882352941176,1.0,1,2,2,1_english
"buff curry order gareko thyo, aayo chai thanda thyo ekdum — disappointed bhaye",2,1/20/2024,romanized_nepali,0.0,0.0,food,13,short,0,78,6.0,0,0,0.0,1.0,2,0,2,0_romanized_nepali
staff rudee and then rudee again idk why. very bad,1,2024-06-06,english,0.0,0.0,services,10,very_short,0,50,5.0,0,0,0.0,0.9,1,3,3,0_english
Headphone ear pad foam crumble replacement expensive,2,7/10/2024,english,0.0,0.0,product,7,very_short,0,52,7.428571428571429,0,0,0.019230769230769232,1.0,1,2,3,0_english
the staff at this hotel was SO nice.. they helped us with everything and the room was clean and the bed was comfy.. jakaas experience yaar.. will come back will come back,5,2024-01-05,code_mixed,1.0,2.0,hotel_restaurant,32,medium,0,170,5.3125,0,0,0.011764705882352941,0.75,0,1,1,0_code_mixed
SSD 312 earphones feeling happy today cha The food was tasty and mitho thyo. Staff behavior was polite and ramro. The product is babbal and works fine. Delivery was fast and safe thyo. The product is babbal and works fine. Battery backup is dami ngl. The food was tasty and mitho thyo. Overall experience was thikai. Battery backup is dami ngl. Staff behavior was polite and ramro. Overall experience was thikai. The food was tasty and mitho thyo.,4,8/15/2022,code_mixed,1.0,4.0,product,78,long,0,447,5.730769230769231,0,0,0.03355704697986577,0.4230769230769231,0,2,0,0_code_mixed
"IME Pay app convenient for daily payments, genuinely saved me multiple bank trips this month Decent option for the price.",4,3/21/2023,english,0.0,0.0,services,20,short,0,121,6.05,0,0,0.04132231404958678,0.95,1,3,2,0_english
"Absolutely the most amazing service in the history of services, flawless and magical!!!",5,2025-02-10,english,0.0,0.0,services,13,short,1,87,6.6923076923076925,3,0,0.011494252873563218,0.9230769230769231,1,3,2,1_english
"Volunteer registration at NGO Patan — intake thorough but staff genuinely warm. Orientation informative. Assignment matched my stated skills. Culture felt genuine, not performative. Registration took 2 weeks but worthwhile completing properly.",5,2/14/2023,english,0.0,0.0,services,32,medium,0,243,7.59375,0,0,0.037037037037037035,0.96875,1,3,1,0_english
i wait long long time jhyau jhyau but food ramro so ok,4,2024-01-15,code_mixed,1.0,2.0,food,12,short,0,54,4.5,0,0,0.0,0.8333333333333334,0,0,2,0_code_mixed
"product comparison ko base ma ekdum superior, competition lai beat garcha!!!",5,2024-05-14,code_mixed,0.0,0.0,product,11,short,1,76,6.909090909090909,3,0,0.0,1.0,0,2,2,1_code_mixed
"Bank ko customer service ramro thiyo, staff pani cooperative cha, I'm very satisfied, will use again.",4,2023-12-26,code_mixed,0.0,0.0,services,16,short,1,101,6.3125,0,0,0.019801980198019802,1.0,0,3,2,1_code_mixed
Lalitpur ma gadi park garna dherai garo chha 🛵. Traffic police are everywhere but they don't help with management. TOTAL HEADACHE for bike riders in this area during rush hours 🔥.,2,2026-02-18,code_mixed,0.0,0.0,transportation,31,medium,1,179,5.774193548387097,0,0,0.08379888268156424,1.0,0,4,1,1_code_mixed
"pizza order gareko, tara base ekdum patlo thyo ani topping pani kam thyo. paisa dherai liye tara quality thikkai thiyena, next time try gardina",3,2/28/2024,romanized_nepali,0.0,0.0,food,24,short,0,143,5.958333333333333,0,0,0.0,0.9583333333333334,2,0,2,0_romanized_nepali
Transfer complicated process,2,11/20/2023,english,0.0,0.0,transportation,3,very_short,0,28,9.333333333333334,0,0,0.03571428571428571,1.0,1,4,3,0_english
"hotel room service prompt cha, menu variety ramro, taste mitho!!!",5,2022-10-18,romanized_nepali,1.0,1.0,hotel_restaurant,10,very_short,1,65,6.5,3,0,0.0,1.0,2,1,3,1_romanized_nepali
"This product is revolutionary, changes everything, absolute game changer, order today!!!",5,2024-09-25,english,0.0,0.0,product,11,short,1,88,8.0,3,0,0.011363636363636364,1.0,1,2,2,1_english
"Noodles soup order gareko thyo winter ma — hot soup expected tara aayo barely warm thyo. Restaurant kitchen busy thyo clearly but serving semi-warm soup is not acceptable. Returned it, came back 5 min later properly hot. Taste thyo okay, broth flavorful thyo. Noodles slightly overcooked but manageable. Toppings — egg, mushroom, spring onion — fresh thiya. Rs 280 thyo, reasonable. Overall thik thyo experience after the initial hiccup. Won't switch to a different place, came before too.",3,2/18/2024,romanized_nepali,0.0,0.0,food,78,long,0,489,6.269230769230769,0,0,0.018404907975460124,0.8589743589743589,2,0,0,0_romanized_nepali
"paisa waste bhayo, product quality zero cha",1,2023-03-19,romanized_nepali,1.0,2.0,product,7,very_short,0,43,6.142857142857143,0,0,0.0,1.0,2,2,3,0_romanized_nepali
"worst motorcycle ever, ekdum kharab, paisa waste, never never buy this!!!",1,2022-09-15,code_mixed,0.0,0.0,transportation,11,short,1,73,6.636363636363637,3,0,0.0,0.9090909090909091,0,4,2,1_code_mixed
Dherai ghatiya service rahecha 😡. I waited for two hours just to get a simple coffee. The staff were laughing and chatting while customers were waiting for their orders. TOTAL WASTE OF TIME 🍕.,1,2026-02-16,code_mixed,1.0,1.0,food,34,medium,1,192,5.647058823529412,0,0,0.09895833333333333,0.9411764705882353,0,0,1,1_code_mixed
"Garo vayo hjr service lina, staff haru thulo chor hun. Mero advance paisa liyo ani kaam pani garena, be careful guys.",1,2024-02-28,romanized_nepali,1.0,1.0,services,21,short,1,117,5.571428571428571,0,0,0.017094017094017096,1.0,2,3,2,1_romanized_nepali
"restaurant waiter le wrong order serve garyo, bill full charge, no apology!!!",1,2024-04-18,code_mixed,0.0,0.0,hotel_restaurant,12,short,1,77,6.416666666666667,3,0,0.0,1.0,0,1,2,1_code_mixed
sahi h,5,2025-04-04,romanized_nepali,1.0,1.0,product,2,very_short,0,6,3.0,0,0,0.0,1.0,2,2,3,0_romanized_nepali
Gear mitho thyo yaar Malai ta man paryo. Sathi haru sanga gako thyo. Khana pakauna time lagyo.,5,11/5/2022,romanized_nepali,1.0,1.0,transportation,17,short,0,94,5.529411764705882,0,0,0.0425531914893617,1.0,2,4,2,0_romanized_nepali
phone cover ramro dherai ramro and fit perfect. dami dami feel,5,2023-09-25,code_mixed,1.0,2.0,product,11,short,0,62,5.636363636363637,0,0,0.0,0.8181818181818182,0,2,2,0_code_mixed
"Product ko quality thik cha, price pani reasonable, I think it's a good purchase.",4,2022-06-02,code_mixed,0.0,0.0,product,14,short,1,81,5.785714285714286,0,0,0.024691358024691357,1.0,0,2,2,1_code_mixed
Aaja ko yatra normal thyo. Driver was okay and reached on time.,3,2026-02-01,code_mixed,0.0,0.0,transportation,12,short,1,63,5.25,0,0,0.031746031746031744,1.0,0,4,2,1_code_mixed
"yo service result bilkul zero, time waste, paisa barbad, fraud!!!",1,2023-12-22,romanized_nepali,1.0,2.0,services,10,very_short,1,65,6.5,3,0,0.0,1.0,2,3,3,1_romanized_nepali
"Herda, service ekdum dami",5,2024-12-20,code_mixed,1.0,1.0,services,4,very_short,1,25,6.25,0,0,0.04,1.0,0,3,3,1_code_mixed
Photographer creative thyo editing natural lighting ramro,5,7/17/2024,code_mixed,1.0,1.0,services,7,very_short,0,57,8.142857142857142,0,0,0.017543859649122806,1.0,0,3,3,0_code_mixed
bro so I bought this backpack last month. and then strap broke on 3rd use. 3RD USE ONLY. went to shop and then they said warranty doesn't cover strap bhanyo. warranty covers WHAT then. took photo and complained online and then they said contact shop bhanyo. shop said contact company. round round garyo. sala. lastai jhyau thyo bro. paisa waste ho yar. this is very bad. i don't like this trash brand. never buying again,1,2024-06-03,code_mixed,1.0,3.0,product,75,long,0,420,5.6,0,0,0.03333333333333333,0.7733333333333333,0,2,0,0_code_mixed
"Life changing hair cut, everyone asking where I went, best salon in town!!!",5,2025-01-22,english,0.0,0.0,services,13,short,1,75,5.769230769230769,3,0,0.02666666666666667,1.0,1,3,2,1_english
"Food quality ramro cha, I guess.",3,2023-11-21,code_mixed,0.0,0.0,food,6,very_short,1,32,5.333333333333333,0,0,0.0625,1.0,0,0,3,1_code_mixed
"I loved it, dherai satisfaction guaranteed!",2,2024-03-29,code_mixed,0.0,0.0,hotel_restaurant,6,very_short,1,43,7.166666666666667,1,0,0.023255813953488372,1.0,0,1,3,1_code_mixed
"scooter storage space ramro cha, design compact, city ride ko lagi babbal!!!",5,2023-05-07,romanized_nepali,1.0,1.0,transportation,12,short,1,76,6.333333333333333,3,0,0.0,1.0,2,4,2,1_romanized_nepali
Ekdamai ghatiya service! 😡 Maile computer repair garna diyeko jhan bigarera pathayecha. ‼️ TOTAL FRAUD. Never ever trust these people. 🔥,1,2026-02-14,romanized_nepali,1.0,1.0,services,21,short,1,136,6.476190476190476,1,0,0.09558823529411764,1.0,2,3,2,1_romanized_nepali
"Realme narzo series budget ma dami cha yaar, performance smooth cha ra gaming pani sanga hunxa — recommend garchu Neither great nor bad.",4,4/15/2023,romanized_nepali,1.0,1.0,product,23,short,0,136,5.913043478260869,0,0,0.014705882352941176,0.9565217391304348,2,2,2,0_romanized_nepali
"service ekdam bakwas, they stole my money, sabai chor haru ho yaha!!!",1,2023-03-09,code_mixed,1.0,1.0,services,12,short,1,69,5.75,3,0,0.0,1.0,0,3,2,1_code_mixed
Buffet variety dherai international continental asian vegetarian sabai options calorie display label clear,5,6/11/2022,code_mixed,0.0,0.0,hotel_restaurant,13,short,0,106,8.153846153846153,0,0,0.009433962264150943,1.0,0,1,2,0_code_mixed
Mechanic poor quality service tho Recived it late. Delivery was prompt. Price was high. Delivery was prompt. Price was high. Price was high. Delivery was prompt. Recived it late. Price was high. The color looks nice. Staf was bit slow.,2,7/4/2024,english,0.0,0.0,services,40,medium,0,235,5.875,0,0,0.05106382978723404,0.5,1,3,1,0_english
ramro cha ekdam. came here with family and vibe was nice. food also dami. will come again 🔥,5,2024-06-22,code_mixed,1.0,2.0,hotel_restaurant,18,short,0,91,5.055555555555555,0,0,0.0,1.0,0,1,2,0_code_mixed
idk why people say this place is ramro..   food was not mitho and price was expensve and service was slow.. sala paisa waste total,1,2023-01-15,code_mixed,1.0,3.0,hotel_restaurant,24,short,0,130,5.416666666666667,0,0,0.0,0.875,0,1,2,0_code_mixed
"Hola, yo thali ko khana pani beshi namkeen cha, meri jibro ta kharab bhayo.",3,2024-03-08,romanized_nepali,0.0,0.0,food,14,short,1,75,5.357142857142857,0,0,0.013333333333333334,1.0,2,0,2,1_romanized_nepali
Ceiling poor quality service tho Staf was bit slow. The color looks nice. Price was high. Staf was bit slow.,2,6/18/2025,english,0.0,0.0,hotel_restaurant,20,short,0,108,5.4,0,0,0.046296296296296294,0.75,1,1,2,0_english
"hotl bathroom derty cockroch evrywhre, no hot wter, mangemnt dosnt care!!!",1,2024-09-07,english,0.0,0.0,hotel_restaurant,11,short,1,74,6.7272727272727275,3,0,0.0,1.0,1,1,2,1_english
Plumbing pressure weak flow leak dripping consultation reasonable,3,10/7/2024,english,0.0,0.0,services,8,very_short,0,65,8.125,0,0,0.015384615384615385,1.0,1,3,3,0_english
food cold and cold again. this is very bad,2,2025-03-03,english,1.0,1.0,food,9,very_short,0,42,4.666666666666667,0,0,0.0,0.8888888888888888,1,0,3,0_english
Plumber called he came and fixed leak. good service,5,8/25/2023,english,0.0,0.0,services,9,very_short,0,51,5.666666666666667,0,0,0.0196078431372549,1.0,1,3,3,0_english
Sandwich 544 dami thyo experience yaar Delivery was fast and safe thyo. Staff behavior was polite and ramro. Service kasto slow thyo but okay. Price ali high thyo but worth it. The food was tasty and mitho thyo. Staff behavior was polite and ramro.,4,6/22/2023,code_mixed,1.0,3.0,food,44,medium,0,248,5.636363636363637,0,0,0.028225806451612902,0.6818181818181818,0,0,1,0_code_mixed
this salon gave me the best haircut i had in long time. they listened to what i wanted. time pani liyena. dami service cha. babbal 🔥,5,2024-07-06,code_mixed,1.0,2.0,services,26,short,0,132,5.076923076923077,0,0,0.0,0.9615384615384616,0,3,2,0_code_mixed
"Aaja ride lida driver le extra paisa magyo, pathao vanda mahango xaina yo app? Bakwas service.",1,2023-08-11,code_mixed,1.0,1.0,transportation,16,short,1,94,5.875,0,1,0.02127659574468085,1.0,0,4,2,1_code_mixed
"eSewa transaction failed but money deducted, called support waited 15 minutes. Agent said 3-5 days refund. Came on day 10. Amount returned but the process was exhausting. App is fine but support needs improvement.",2,11/14/2023,code_mixed,0.0,0.0,services,34,medium,0,213,6.264705882352941,0,0,0.023474178403755867,0.9117647058823529,0,3,1,0_code_mixed
"product testimonials ekdum genuine, real user feedback, trustworthy source!!!",5,2024-08-29,code_mixed,0.0,0.0,product,9,very_short,1,77,8.555555555555555,3,0,0.0,1.0,0,2,3,1_code_mixed
"100% PERFECT SERVICE! Maile dherai thau try gare tara yesto fast and reliable katai xaina, dami cha sathi haru, dhukkai book garnu hola!!",5,2024-08-22,romanized_nepali,1.0,1.0,services,23,short,1,137,5.956521739130435,3,0,0.10948905109489052,1.0,2,3,2,1_romanized_nepali
room ka curtains broken thya. tv remote battery thiyena. these are small things but for that rate expected better. ok stay overall,3,2023-07-25,code_mixed,0.0,0.0,hotel_restaurant,22,short,0,130,5.909090909090909,0,0,0.0,1.0,0,1,2,0_code_mixed
"Chito delivery vo, ramro chha.",5,2026-02-11,romanized_nepali,0.0,0.0,product,5,very_short,1,30,6.0,0,0,0.03333333333333333,1.0,2,2,3,1_romanized_nepali
Himalayan View 799 thik chai thik thyo tho bro Service kasto slow thyo but okay. Delivery was fast and safe thyo. Will visit again pheri.,3,11/5/2023,code_mixed,1.0,1.0,hotel_restaurant,25,short,0,137,5.48,0,0,0.0364963503649635,0.92,0,1,2,0_code_mixed
"I ordered a phone but got a defective piece, kasto kamjori company le diyecha, will post negative reviews everywhere, price pani zyada cha.",3,2023-07-14,code_mixed,1.0,1.0,product,23,short,1,139,6.043478260869565,0,0,0.007194244604316547,0.9565217391304348,0,2,2,1_code_mixed
"Yeh taxi service pani fair cha, I'm fully satisfied, dherai ramro cha.",1,2023-12-25,code_mixed,0.0,0.0,transportation,12,short,1,70,5.833333333333333,0,0,0.02857142857142857,1.0,0,4,2,1_code_mixed
Yo cosmetic product use gareko dui hapta vo tara kehi change dekhina maile aaja. ✨ Ads ma chai dherai magic huncha vanera dekhauchan tara real ma chai normal moisturizer jasto matra raicha. ⭐ Skin ma dherai oily feel huncha ani dherai ber samma basdaina pani. 🛍️ Smell chai ekdamai ramro chha tara result ko mamila ma chai malai dherai average lagyo. 🙏 I don't think I will buy this again because it is quite expensive for such a basic result. ✨ ⭐,3,2026-02-14,romanized_nepali,0.0,0.0,product,82,long,1,447,5.451219512195122,0,0,0.013422818791946308,0.8170731707317073,2,2,0,1_romanized_nepali
Workshop waste of money idk Maybe it will improve later. The color was nice. The staff were helpful. The staff were helpful.,1,9/27/2025,english,0.0,0.0,services,22,short,0,124,5.636363636363637,0,0,0.04032258064516129,0.7727272727272727,1,3,2,0_english
staff rude rude talk sharp sharp i think leave leave but boss come calm calm fix all fix all so ok now,3,2023-10-01,code_mixed,1.0,1.0,services,22,short,0,102,4.636363636363637,0,0,0.0,0.7272727272727273,0,3,2,0_code_mixed
"Awful hotel, broken furniture, no electricity half day, complete nightmare!!!",1,2022-06-19,english,0.0,0.0,hotel_restaurant,10,very_short,1,77,7.7,3,0,0.012987012987012988,1.0,1,1,3,1_english
Router 677 tasty enough ... It was quite a busy day there. It was quite a busy day there. And the quality was also something I noticed.,4,5/2/2025,english,0.0,0.0,product,27,short,0,135,5.0,0,0,0.037037037037037035,0.7037037037037037,1,2,2,0_english
Last week I booked a ride for airport. The driver arrived early and helped with luggage. The car was clean and comfortable. QuickRide QuickRide QuickRide is the only app I use now. QuickRide never disappoints me on time or safety.,5,2026-01-28,english,0.0,0.0,transportation,40,medium,1,230,5.75,0,0,0.05652173913043478,0.85,1,4,1,1_english
"Himalayan View dekhi nai book gareko thyo this time, and it did not disappoint at all. Himalaya herne aafno kotha bata — wow",5,12/20/2023,code_mixed,0.0,0.0,hotel_restaurant,23,short,0,124,5.391304347826087,0,0,0.024193548387096774,1.0,0,1,2,0_code_mixed
Hait kasto fohori kitchen thiyo plate ma jhinga thiyo ani khana kasto bekar taste thiyo hjr. Waiter lai vanda sorry pani vanena ulto bill ma extra charge garyo kasto fraud restaurant raixa. Food poison vayera mero family purai hospital admit vaye aaja rukhnu hos tapai haru lai ma police case garchu aba. Disaster experience hjr yesto naramro thau ma life ma feri janna ma.,1,2024-03-05,romanized_nepali,1.0,1.0,food,64,medium,1,373,5.828125,0,0,0.010723860589812333,0.859375,2,0,1,1_romanized_nepali
Rice cooker pot non stick metal spoon scratch,3,4/1/2024,english,0.0,0.0,product,8,very_short,0,45,5.625,0,0,0.022222222222222223,1.0,1,2,3,0_english
"Khaana kharab, pricing excessive, bilkul nahi pasand aaya, avoid it.",1,2024-07-10,code_mixed,0.0,0.0,food,10,very_short,1,68,6.8,0,0,0.014705882352941176,1.0,0,0,3,1_code_mixed
"This 4K TV is hands-down the most incredible television I've ever had the pleasure of owning - the picture quality is stunning, the sound is crystal-clear, and the smart features are incredibly intuitive, I've already watched countless hours of my favorite shows and movies on it, and I couldn't be happier with my purchase, it's a total bargain at this price.",5,2022-04-10,english,0.0,0.0,product,61,medium,1,360,5.901639344262295,0,0,0.019444444444444445,0.819672131147541,1,2,1,1_english
"food ekdum mitho mitho mitho, best taste in the universe, sabai lai recommend garxu!!!",5,2023-04-18,code_mixed,1.0,2.0,food,14,short,1,86,6.142857142857143,3,0,0.0,0.9285714285714286,0,0,2,1_code_mixed
Key stuck ignition problem,1,5/22/2023,english,0.0,0.0,transportation,4,very_short,0,26,6.5,0,0,0.038461538461538464,1.0,1,4,3,0_english
"BEST LUNCH EVER! Sabai vanda mitho thakali in nepal, ekdum fresh and hygiene, staff haru ni babbal chan, must visit place in thamel.",5,2024-12-10,code_mixed,1.0,1.0,hotel_restaurant,23,short,1,132,5.739130434782608,1,0,0.10606060606060606,0.9565217391304348,0,1,2,1_code_mixed
Samosa bahira crispy tara vitra ko filling thik chha matrai,3,2025-01-09,romanized_nepali,1.0,1.0,food,10,very_short,0,59,5.9,0,0,0.01694915254237288,1.0,2,0,3,0_romanized_nepali
khana aayo thanda. thanda khana kasari khane. totally not worth the price,1,2024-09-25,code_mixed,0.0,0.0,food,12,short,0,73,6.083333333333333,0,0,0.0,0.9166666666666666,0,0,2,0_code_mixed
"service customization options ekdum flexible, team cooperative, satisfaction guaranteed!!!",5,2024-04-15,code_mixed,0.0,0.0,services,9,very_short,1,90,10.0,3,0,0.0,1.0,0,3,3,1_code_mixed
Pani puri 188 chilly tasty enough tbh Price was high but fine. Shipping was fast. The staff were helpful. And the quality was also something I noticed. Shipping was fast. And the quality was also something I noticed. And the quality was also something I noticed.,4,6/16/2024,english,0.0,0.0,food,46,medium,0,262,5.695652173913044,0,0,0.04198473282442748,0.5434782608695652,1,0,1,0_english
"Chi, motorcycle guaranteed excellence",5,2024-04-11,english,0.0,0.0,transportation,4,very_short,1,37,9.25,0,0,0.02702702702702703,1.0,1,4,3,1_english
Dherai mahango! 😡 They charge double for tourists. TOTAL SCAM behavior. ‼️ Maile complain garda manager le tharkayo. 🔥,1,2026-02-18,romanized_nepali,1.0,1.0,services,19,short,1,118,6.2105263157894735,1,0,0.1016949152542373,1.0,2,3,2,1_romanized_nepali
"aloo tama dami thyo, ghar jastai swad thyo. amma ko khana jasto feel aayo honestly",5,11/18/2023,romanized_nepali,1.0,1.0,food,15,short,0,82,5.466666666666667,0,0,0.0,1.0,2,0,2,0_romanized_nepali
product ramro cha bro. already told my friends. they bought too. all happy 😊,5,2024-03-30,romanized_nepali,1.0,1.0,product,14,short,0,76,5.428571428571429,0,0,0.0,1.0,2,2,2,0_romanized_nepali
"sandwich filling ekdum generous, bread fresh, value for money babbal!!!",5,2023-07-19,code_mixed,1.0,1.0,food,10,very_short,1,71,7.1,3,0,0.0,1.0,0,0,3,1_code_mixed
Thamel ma evening ma khana khaye. The momos were hot and spicy. Service was quick even during rush hour. I enjoyed the meal with friends.,4,2024-06-28,code_mixed,0.0,0.0,food,25,short,1,137,5.48,0,0,0.029197080291970802,0.96,0,0,2,1_code_mixed
"Ma service use garne thiye, it was okay, nothing special, thik thiyo.",3,2025-06-23,code_mixed,0.0,0.0,services,12,short,1,69,5.75,0,0,0.014492753623188406,1.0,0,3,2,1_code_mixed
eSewa app interface easy and smooth to use honstly,5,2025-02-16,english,0.0,0.0,product,9,very_short,0,50,5.555555555555555,0,0,0.02,1.0,1,2,3,0_english
"Khai, hotel fraud scam",1,2022-05-03,english,0.0,0.0,hotel_restaurant,4,very_short,1,22,5.5,0,0,0.045454545454545456,1.0,1,1,3,1_english
Dherai time waste bhayo ma. The repair took forever and the bill was double. Technician did not know what he was doing. This is a COMPLETE FRAUD service!!! I want my money back immediately. Never recommend this to anyone.,1,2024-11-22,romanized_nepali,1.0,2.0,services,39,medium,1,221,5.666666666666667,3,0,0.08597285067873303,0.9743589743589743,2,3,1,1_romanized_nepali
"yo restaurant ma credit card fraud bhayo, clone garera misuse gareko, Cafe Soma ma janu safe cha!!!",1,2024-10-05,romanized_nepali,0.0,0.0,hotel_restaurant,17,short,1,99,5.823529411764706,3,0,0.020202020202020204,0.9411764705882353,2,1,2,1_romanized_nepali
Perfect hotel room!,5,2022-05-25,english,0.0,0.0,hotel_restaurant,3,very_short,1,19,6.333333333333333,1,0,0.05263157894736842,1.0,1,1,3,1_english
"Hait, Kalimati tira restaurant dining establishment eatery bistro cafe venue location spot place serves makes prepares cooks creates produces crafts delivers presents offers provides meals dishes cuisine fare food items offerings that was absolutely completely totally utterly thoroughly inedible uneatable unpalatable distasteful unappetizing revolting repulsive nauseating sickening disgusting terrible awful horrible dreadful appalling shocking poor inadequate unsatisfactory disappointing pathetic miserable wretched, ingredients materials components substances was stale old expired spoiled rotten bad contaminated polluted tainted infected unhealthy unsafe, preparation cooking technique method process was improper incorrect wrong inappropriate unsuitable careless negligent, hygiene cleanliness sanitation sterilization was questionable doubtful suspicious concerning alarming worrying disturbing frightening, kitchen cooking area was visibly evidently obviously apparently dirty filthy grimy greasy oily sticky, staff workers employees cooks chefs were not following maintaining observing adhering complying with basic fundamental elementary essential hygiene health safety protocols procedures standards regulations norms, utensils cookware equipment was unclean unwashed dirty contaminated, smell odor aroma scent fragrance was foul bad unpleasant offensive disgusting revolting nauseating",1,2024-11-04,code_mixed,0.0,0.0,food,164,long,1,1400,8.536585365853659,0,0,0.0014285714285714286,0.9146341463414634,0,0,0,1_code_mixed
Tea average performance thyo tho bro Battery backup is dami ngl. Delivery was fast and safe thyo. Delivery was fast and safe thyo.,3,12/22/2022,code_mixed,1.0,1.0,food,23,short,0,130,5.6521739130434785,0,0,0.03076923076923077,0.7391304347826086,0,0,2,0_code_mixed
"Restaurant thulo scam ho, bill ma extra items charge garcha, chor!!!",1,2023-03-16,romanized_nepali,0.0,0.0,food,11,short,1,68,6.181818181818182,3,0,0.014705882352941176,1.0,2,0,2,1_romanized_nepali
Aaja ma new power bank kinne soch gariyo. The capacity is high and the charging is fast. The design is slim. It has become my travel essential.,4,2025-07-28,code_mixed,1.0,1.0,product,27,short,1,143,5.296296296296297,0,0,0.027972027972027972,0.8888888888888888,0,2,2,1_code_mixed
"hotel checkout time ma extra charge force garyo, bill inflate, daylight robbery!!!",1,2023-11-04,code_mixed,0.0,0.0,hotel_restaurant,12,short,1,82,6.833333333333333,3,0,0.0,1.0,0,1,2,1_code_mixed
"service ramro thyo, fast delivery, ramro packing, happy 😊",5,2022-12-15,code_mixed,0.0,0.0,product,9,very_short,0,57,6.333333333333333,0,0,0.0,0.8888888888888888,0,2,3,0_code_mixed
Recently I bought a smart watch. The display is bright and the health tracking is accurate. The strap is comfortable. It pairs easily with my phone.,4,2025-05-10,english,0.0,0.0,product,26,short,1,148,5.6923076923076925,0,0,0.033783783783783786,0.8846153846153846,1,2,2,1_english
"Thuu, service le paisa liyera bhaag gaye, total scam!!!",1,2024-07-08,romanized_nepali,0.0,0.0,services,9,very_short,1,55,6.111111111111111,3,0,0.01818181818181818,1.0,2,3,3,1_romanized_nepali
sahi ho yar ekdamai sahi,5,2023-06-08,romanized_nepali,1.0,1.0,services,5,very_short,0,24,4.8,0,0,0.0,0.8,2,3,3,0_romanized_nepali
"Yeh salon ko review herne maile pata pareko cha ki unko services dherai varied ra affordable cha, I mean, they have a lot of options for hair and beauty treatments, and the price pani reasonable cha, but I've never actually been there, so can't say much about the quality, tapi logo ko review herda pachhi thalyo ki unko staff pani well-trained ra friendly ho, so maybe I'll give it a try soon, dhanyabaad.",1,2022-09-26,code_mixed,0.0,0.0,services,73,long,1,406,5.561643835616438,0,0,0.009852216748768473,0.8493150684931506,0,3,0,1_code_mixed
Have been using InDrive for about eight months now across dozens of trips. rates are usually lower if you counter-offer reasonably and most drivers are professional. had maybe two or three bad experiences out of twenty plus rides which is a decent ratio. app could be smoother but overall it gets the job done reliably enough for daily use,4,4/22/2023,english,0.0,0.0,transportation,59,medium,0,339,5.745762711864407,0,0,0.008849557522123894,0.9491525423728814,1,4,1,0_english
"Yah bus service dherai ramro thiyo, I loved it, staff pani very helpful cha!",5,2022-11-28,code_mixed,0.0,0.0,transportation,14,short,1,76,5.428571428571429,1,0,0.02631578947368421,1.0,0,4,2,1_code_mixed
bus driver drove well. no speeding. polite to passengerss. bus was clean. good trip 😊,4,2024-07-04,english,0.0,0.0,transportation,15,short,0,85,5.666666666666667,0,0,0.0,0.9333333333333333,1,4,2,0_english
Chain waste of money idk Delivery was prompt. Staf was bit slow. Recived it late. Recived it late. Price was high. Delivery was prompt. Delivery was prompt. Price was high. Recived it late. Staf was bit slow. Price was high. The color looks nice. The color looks nice. The color looks nice. Staf was bit slow. Recived it late. Recived it late. Staf was bit slow. The color looks nice. The color looks nice. Price was high.,2,10/2/2023,english,0.0,0.0,transportation,77,long,0,422,5.48051948051948,0,0,0.052132701421800945,0.2597402597402597,1,4,0,0_english
"Pathao car cancel garyo bina kei reason. Accept garyo, waited 8 minute phir cancelled. Second request gareko, 15 minute wait garda ek driver aayo who then took a completely wrong route adding 25 minutes to journey. Redirecting attempts ignored. Complained through app — standard apology template received. Rs 180 extra charge lagyo due to distance. No compensation offered. Two back-to-back poor experiences suggest systemic issue not one-off. Will use InDrive exclusively for now.",1,9/11/2023,english,0.0,0.0,transportation,73,long,0,481,6.589041095890411,0,0,0.02286902286902287,0.9726027397260274,1,4,0,0_english
"yo service ma hidden charges dherai cha, transparency zero, paisa loot!!!",1,2023-07-19,romanized_nepali,0.0,0.0,services,11,short,1,73,6.636363636363637,3,0,0.0,1.0,2,3,2,1_romanized_nepali
"hotel complimentary breakfast spread dami cha, options variety, quality ramro!!!",5,2022-11-14,romanized_nepali,1.0,2.0,hotel_restaurant,10,very_short,1,80,8.0,3,0,0.0,1.0,2,1,3,1_romanized_nepali
"Visited Dwarika's Hotel for cultural dinner event. Heritage property stunning, Newari woodwork everywhere. Food spread covered 12 Nepal dishes. Desserts impressive. Rs 3500 premium but the setting and quality delivered completely.",5,7/22/2023,english,0.0,0.0,hotel_restaurant,31,medium,0,230,7.419354838709677,0,0,0.0391304347826087,1.0,1,1,1,0_english
"Hotel is okay, nothing special.",3,2024-12-13,english,0.0,0.0,hotel_restaurant,5,very_short,1,31,6.2,0,0,0.03225806451612903,1.0,1,1,3,1_english
"noodle soup ekdum hot thiyo, broth flavorful, vegetables fresh, perfect combo!!!",5,2023-07-08,code_mixed,0.0,0.0,food,11,short,1,80,7.2727272727272725,3,0,0.0,1.0,0,0,2,1_code_mixed
driver kind kind help bag help bag good man good man,5,2022-06-21,english,0.0,0.0,transportation,11,short,0,52,4.7272727272727275,0,0,0.0,0.5454545454545454,1,4,2,0_english
"Breakfast at Hotel Shambala Nagarkot — came for sunrise view and the experience delivered. Woke up early, fog was low, mountains were visible clearly including Langtang range. Breakfast was served at 7am on time, scrambled eggs, toast, jam, and tea. Staff remembered my tea preference from the previous evening which was a nice touch. Room was cold but enough blankets provided. Sunset from rooftop the previous evening was also beautiful. Good value for what you experience.",5,11/25/2023,english,0.0,0.0,hotel_restaurant,76,long,0,475,6.25,0,0,0.023157894736842106,0.8289473684210527,1,1,0,0_english
"Yo salon ko sevaa dherai ramro cha, hami pani haru ekdam khush huncha, kinaabaadi sanchai le gardai cha, mero experience aaja samma ko yo salon ma thik bhayo, sabai log le yo salon ko sevaa prashansa garcha, pani aaja ko din ma pani mero experience gayo ramro, hola sabai log le yo salon ko pasand garcha.",4,2025-02-23,romanized_nepali,1.0,1.0,services,56,medium,1,305,5.446428571428571,0,0,0.003278688524590164,0.625,2,3,1,1_romanized_nepali
"Repair shop ko price fair cha, I've heard it's reliable, but no personal experience.",3,2024-06-28,code_mixed,0.0,0.0,services,14,short,1,84,6.0,0,0,0.023809523809523808,1.0,0,3,2,1_code_mixed
product okayy but crack aaayo and aaayo again. very bad,1,2025-08-18,code_mixed,0.0,0.0,product,10,very_short,0,55,5.5,0,0,0.0,0.9,0,2,3,0_code_mixed
"Ghatiya thau raixa, paisa matra lutne dhanda.",1,2023-12-22,romanized_nepali,1.0,1.0,hotel_restaurant,7,very_short,1,45,6.428571428571429,0,0,0.022222222222222223,1.0,2,1,3,1_romanized_nepali
"Digital Paisa ko new update ramro cha, UI dami thyo, features ni improved feel huncha purai Yahan ko service reliable cha based on multiple visits. Staff changes sometimes tara quality stays consistent. Minor variations exist across visits tara never anything alarming. Good baseline service that earns repeat customers.",4,12/13/2023,code_mixed,1.0,1.0,services,48,medium,0,320,6.666666666666667,0,0,0.025,0.9375,0,3,1,0_code_mixed
"Stayed at Hotel Himalayan Inn 3 nights, room clean and comfortable but AC barely worked the whole time. Breakfast was decent. Good location near the bazaar. Would rate higher if they fixed the cooling.",3,10/28/2023,english,0.0,0.0,hotel_restaurant,34,medium,0,201,5.911764705882353,0,0,0.04477611940298507,0.9411764705882353,1,1,1,0_english
"Ani, revolutionary breakthrough innovation",5,2024-09-16,english,0.0,0.0,product,4,very_short,1,42,10.5,0,0,0.023809523809523808,1.0,1,2,3,1_english
the haircut was exactly what i wanted yaar.. they listened and did it so nicely.. dami salon dami.. paisa vasool totally,5,2023-08-29,code_mixed,1.0,2.0,services,21,short,0,120,5.714285714285714,0,0,0.0,1.0,0,3,2,0_code_mixed
"i dont like this trash, this is very bad and very bad. paisa waste, time waste. never again",1,2022-04-01,english,1.0,1.0,services,18,short,0,91,5.055555555555555,0,0,0.0,0.8888888888888888,1,3,2,0_english
"The hotel had everything you need, but it didn't stand out in any way.",3,2023-12-22,english,0.0,0.0,hotel_restaurant,14,short,1,70,5.0,0,0,0.014285714285714285,1.0,1,1,2,1_english
"Dreadful hotel, insects everywhere, unbearable smell, health hazard!!!",1,2024-04-24,english,0.0,0.0,hotel_restaurant,8,very_short,1,70,8.75,3,0,0.014285714285714285,1.0,1,1,3,1_english
Mobile choreko thau ho.,1,2025-01-12,romanized_nepali,0.0,0.0,hotel_restaurant,4,very_short,1,23,5.75,0,0,0.043478260869565216,1.0,2,1,3,1_romanized_nepali
Patan tira ko cafe thikai thyo. The coffee was not very strong but the place was quiet enough to read a book. I stayed there for an hour and then left because it was getting cold inside.,3,2026-01-20,english,0.0,0.0,food,37,medium,1,186,5.027027027027027,0,0,0.016129032258064516,0.9459459459459459,1,0,1,1_english
Iced latte paisa vasool thyo cha Tara pani thik thyo. Dherai kura haru ramro thyo. Dhilo aayo tara mitho thyo. Tara pani thik thyo. Tara pani thik thyo. Sathi haru sanga gako thyo.,5,3/27/2022,romanized_nepali,1.0,3.0,food,33,medium,0,180,5.454545454545454,0,0,0.03888888888888889,0.6363636363636364,2,0,1,0_romanized_nepali
"Yo hotel dherai ramro cha, sabai ko sakam huncha, mero anubhav ekdam acchi bhayo.",4,2022-03-16,romanized_nepali,1.0,1.0,hotel_restaurant,14,short,1,81,5.785714285714286,0,0,0.012345679012345678,1.0,2,1,2,1_romanized_nepali
"produkt batry life awfull, charges draning fast, waist of mony!!!",1,2022-05-21,english,0.0,0.0,product,10,very_short,1,65,6.5,3,0,0.0,1.0,1,2,3,1_english
slowww,2,2022-12-12,english,0.0,0.0,services,1,very_short,0,6,6.0,0,0,0.0,1.0,1,3,3,0_english
"9rocuct is ok for the priFe, not g0od but not bad ek6her, Ghik cha",3,2022-11-03,english,0.0,0.0,product,14,short,0,66,4.714285714285714,0,0,0.030303030303030304,0.9285714285714286,1,2,2,0_english
"Ramro product, I loved it, must try guys, dherai value for money!",5,2022-06-26,code_mixed,0.0,0.0,product,12,short,1,65,5.416666666666667,1,0,0.03076923076923077,1.0,0,2,2,1_code_mixed
Recently I purchased a new suitcase. The wheels are smooth and the handle is sturdy. The capacity is large. It survived my last trip without damage.,4,2025-05-15,english,0.0,0.0,product,26,short,1,148,5.6923076923076925,0,0,0.033783783783783786,0.9230769230769231,1,2,2,1_english
"Hot water thiyena bihaan ko at all, cold shower linu paro. unacceptable for a 4 star hotel",1,8/18/2024,code_mixed,0.0,0.0,hotel_restaurant,17,short,0,90,5.294117647058823,0,0,0.011111111111111112,1.0,0,1,2,0_code_mixed
Gear 470 too bad idk Price was high but fine. Maybe it will improve later. And the quality was also something I noticed. Actually I dont know. Maybe it will improve later. The color was nice. The staff were helpful.,1,12/4/2024,english,0.0,0.0,transportation,40,medium,0,215,5.375,0,0,0.046511627906976744,0.775,1,4,1,0_english
Bus average performance thyo tho bro,3,9/8/2023,code_mixed,0.0,0.0,transportation,6,very_short,0,36,6.0,0,0,0.027777777777777776,1.0,0,4,3,0_code_mixed
"thukpa was so salty, coudnt eat, refund denyed, anggry!!!",1,2023-07-08,english,0.0,0.0,food,9,very_short,1,57,6.333333333333333,3,0,0.0,1.0,1,0,3,1_english
"support ekdam bakwas, they steal money and ignore customers!!!",1,2023-01-11,code_mixed,1.0,1.0,services,9,very_short,1,62,6.888888888888889,3,0,0.0,1.0,0,3,3,1_code_mixed
"Dami ramro microbus service cha, meri yatra pugyo besari sukhad bhayo.",5,2023-05-15,romanized_nepali,1.0,1.0,transportation,11,short,1,70,6.363636363636363,0,0,0.014285714285714285,1.0,2,4,2,1_romanized_nepali
Towels were stained and the room smelled like cigarette. not acceptable at all for what they charge per night Service time ma aayo.,1,8/3/2023,english,0.0,0.0,hotel_restaurant,23,short,0,131,5.695652173913044,0,0,0.015267175572519083,1.0,1,1,2,0_english
baal Qerdice. bwal,1,2022-04-03,romanized_nepali,1.0,1.0,services,3,very_short,0,18,6.0,0,0,0.05555555555555555,1.0,2,3,3,0_romanized_nepali
Pakoda crispy tea perfect combo,5,5/1/2023,english,0.0,0.0,food,5,very_short,0,31,6.2,0,0,0.03225806451612903,1.0,1,0,3,0_english
"Buff sekuwa here is actually dami — juicy, well-spiced, perfect group outing yaar Staff ko behavior pani helpful thyo. 🔥",5,6/5/2023,code_mixed,1.0,1.0,food,20,short,0,120,6.0,0,0,0.016666666666666666,1.0,0,0,2,0_code_mixed
Nagarkot Scenery 564 XYZ was great tbh Maybe it will improve later. Shipping was fast. And the quality was also something I noticed.,4,4/18/2023,english,0.0,0.0,hotel_restaurant,23,short,0,132,5.739130434782608,0,0,0.06818181818181818,0.9130434782608695,1,1,2,0_english
"Yo hotel ma base pani ramro cha, khana pani ekdam swadisht bhayo, mero parivaar sabai khush bhayo.",5,2024-05-04,romanized_nepali,1.0,1.0,hotel_restaurant,17,short,1,98,5.764705882352941,0,0,0.01020408163265306,0.9411764705882353,2,1,2,1_romanized_nepali
Engine paisa vasool deal ho yaar I liked the atmosphere there ramailo thyo. The food was tasty and mitho thyo.,5,6/14/2022,code_mixed,1.0,2.0,transportation,20,short,0,110,5.5,0,0,0.02727272727272727,0.95,0,4,2,0_code_mixed
umm delivery was fine. but packaging was bad. item was just wrapped in thin plastic and then dented corner aayo. works still but was disappointing,2,2023-08-22,english,0.0,0.0,product,25,short,0,146,5.84,0,0,0.0,0.84,1,2,2,0_english
bought earphones from here. sound is good and price was reasonable. thik cha. ok ok.,3,2022-12-30,code_mixed,1.0,1.0,product,15,short,0,84,5.6,0,0,0.0,1.0,0,2,2,0_code_mixed
"Hotel Annapurna room ekdam clean and spacious, staff pani helpful thiyo",5,2025-01-27,code_mixed,0.0,0.0,hotel_restaurant,11,short,0,71,6.454545454545454,0,0,0.028169014084507043,1.0,0,1,2,0_code_mixed
Aaja Ma ordered and delivery came on time but the tone of messages was robotic and repetitive ti packing okay food lukewarm slightly delayed very generic phrase very generic phrase,3,2026-01-30,code_mixed,1.0,2.0,transportation,30,medium,1,180,6.0,0,0,0.011111111111111112,0.8666666666666667,0,4,1,1_code_mixed
"hotel concierge service helpful cha, local tips dami, tourist friendly!!!",5,2022-10-22,romanized_nepali,1.0,1.0,hotel_restaurant,10,very_short,1,73,7.3,3,0,0.0,1.0,2,1,3,1_romanized_nepali
"Tei ta, excellence perfection guaranteed",5,2023-05-29,english,0.0,0.0,services,5,very_short,1,40,8.0,0,0,0.025,1.0,1,3,3,1_english
"This hotel is beyond perfect, best best best stay of my entire existence!!!",5,2024-02-02,english,0.0,0.0,hotel_restaurant,13,short,1,75,5.769230769230769,3,0,0.013333333333333334,0.8461538461538461,1,1,2,1_english
"Bus ko staff dherai helpful thiyo, I appreciate it, travel pani comfortable cha, nice!",5,2025-05-05,code_mixed,0.0,0.0,transportation,14,short,1,86,6.142857142857143,1,0,0.023255813953488372,1.0,0,4,2,1_code_mixed
Room 1000 thik chai thik thyo tho k,3,6/23/2022,code_mixed,1.0,1.0,hotel_restaurant,8,very_short,0,35,4.375,0,0,0.02857142857142857,0.875,0,1,3,0_code_mixed
"Yo hotel ma gayo, sabai facilities ramro cha, besari seva bhayo, mero parivaar le pugyo.",5,2022-11-07,romanized_nepali,0.0,0.0,hotel_restaurant,15,short,1,88,5.866666666666666,0,0,0.011363636363636364,1.0,2,1,2,1_romanized_nepali
jacket quality ramro cha. warm cha. looks nice pani. happy with purchase 👍,5,2023-02-09,romanized_nepali,0.0,0.0,product,13,short,0,74,5.6923076923076925,0,0,0.0,0.9230769230769231,2,2,2,0_romanized_nepali
"Superb car repair kiye, fully satisfied hu, price pani okay cha!",4,2023-11-14,code_mixed,0.0,0.0,services,11,short,1,64,5.818181818181818,1,0,0.015625,1.0,0,3,2,1_code_mixed
"Worst hotel experience, staff abusive and threatening, felt unsafe, police complaint filed!!!",1,2022-06-23,english,0.0,0.0,hotel_restaurant,12,short,1,93,7.75,3,0,0.010752688172043012,1.0,1,1,2,1_english
Ride cancel garyo driver le.,1,2022-03-06,romanized_nepali,0.0,0.0,transportation,5,very_short,1,28,5.6,0,0,0.03571428571428571,1.0,2,4,3,1_romanized_nepali
item expensivee but bad bad. not worth buy,1,2023-02-02,english,0.0,0.0,product,8,very_short,0,42,5.25,0,0,0.0,1.0,1,2,3,0_english
"Yo salon ko service pugyo, garyo, mero khana ekdam ramro bhayo, sabai le try gara.",5,2022-04-14,romanized_nepali,1.0,1.0,services,15,short,1,82,5.466666666666667,0,0,0.012195121951219513,1.0,2,3,2,1_romanized_nepali
ok ok food nothing special lol,3,2024-07-13,english,0.0,0.0,food,6,very_short,0,30,5.0,0,0,0.0,0.8333333333333334,1,0,3,0_english
"yo product energy efficiency ekdum high cha, environment friendly pani!!!",5,2024-11-23,romanized_nepali,0.0,0.0,product,10,very_short,1,73,7.3,3,0,0.0,1.0,2,2,3,1_romanized_nepali
"Mero bike ko problem bhayo, tyo mechanic shop ma leke gaye, ekdam ramro service bhayo, khub kam charges ma bhayo, mero bike aaja pani thik chalirachha, tyo shop ko malik dherai honest manche huncha, khub madat gare, aaja pani m tyo shop ko recommend garchu, khub ramro anubhav bhayo, sabai le tyo shop ma jana cha.",5,2022-01-28,romanized_nepali,1.0,5.0,services,56,medium,1,314,5.607142857142857,0,0,0.0031847133757961785,0.6607142857142857,2,3,1,1_romanized_nepali
Engine loved it !!! And the quality was also something I noticed. Battery life is good. Maybe it will improve later. Shipping was fast. The staff were helpful. The staff were helpful. Actually I dont know. Service was a bit slow but okay. Maybe it will improve later. And the quality was also something I noticed. The color was nice. Service was a bit slow but okay. The staff were helpful. Service was a bit slow but okay.,5,5/19/2023,english,0.0,0.0,transportation,78,long,0,423,5.423076923076923,3,0,0.0425531914893617,0.47435897435897434,1,4,0,0_english
"Incredible service experience, team dedication admirable, results spectacular!!!",5,2024-01-12,english,0.0,0.0,services,8,very_short,1,80,10.0,3,0,0.0125,1.0,1,3,3,1_english
went to this parlor and they burned my haire yaar.. BURNED.. i came for a simple treatment and my hair is now damaged.. sala lastai jhyau thiyo.. paisa waste and hair also gone.. bijog service bijog,1,2023-09-01,code_mixed,1.0,4.0,services,36,medium,0,198,5.5,0,0,0.030303030303030304,0.8611111111111112,0,3,1,0_code_mixed
waste of money lastai,1,2023-03-15,romanized_nepali,1.0,1.0,food,4,very_short,0,21,5.25,0,0,0.0,1.0,2,0,3,0_romanized_nepali
Bought Vivo Y series for my mom. she loves the big screen and simple interface. really good choice for older users 🙌😊,4,8/22/2023,english,0.0,0.0,product,22,short,0,117,5.318181818181818,0,0,0.02564102564102564,0.9545454545454546,1,2,2,0_english
Motorcycle paisa vasool!,5,2023-12-07,code_mixed,1.0,1.0,transportation,3,very_short,1,24,8.0,1,0,0.041666666666666664,1.0,0,4,3,1_code_mixed
khana tastyii and then cold and then cold. very bad,1,2024-02-28,english,0.0,0.0,food,10,very_short,0,51,5.1,0,0,0.0,0.8,1,0,3,0_english
"Khana dherai tasty thiyo, service superb, I highly recommend this restaurant!",5,2024-06-28,code_mixed,0.0,0.0,hotel_restaurant,11,short,1,77,7.0,1,0,0.025974025974025976,1.0,0,1,2,1_code_mixed
"Chatamari ma fungal contamination, medical emergency, Helena's Restaurant quality controlled ingredients!!!",1,2023-11-25,english,0.0,0.0,food,11,short,1,107,9.727272727272727,3,0,0.028037383177570093,1.0,1,0,2,1_english
Easy Ride 484 mitho thyo ni Paisa dherai liyo tara thikai thyo. Ani bholi pheri janchu. Pachi pheri try garchu. Ani bholi pheri janchu.,5,4/29/2025,romanized_nepali,1.0,1.0,transportation,24,short,0,135,5.625,0,0,0.044444444444444446,0.7916666666666666,2,4,2,0_romanized_nepali
Hotel staff friendly!!!,5,2022-12-09,english,0.0,0.0,hotel_restaurant,3,very_short,1,23,7.666666666666667,3,0,0.043478260869565216,1.0,1,1,3,1_english
Lotion kasto naramro quality k Bholi pani janchu hola. Sathi haru lai pani vanchu.,2,11/5/2024,romanized_nepali,1.0,1.0,hotel_restaurant,14,short,0,82,5.857142857142857,0,0,0.036585365853658534,0.9285714285714286,2,1,2,0_romanized_nepali
"Uff, revolutionary product innovation",5,2023-07-14,english,0.0,0.0,product,4,very_short,1,37,9.25,0,0,0.02702702702702703,1.0,1,2,3,1_english
"Salon ko hair stylist bhayaanak skilled thiyo, I lost my hair, very bad job.",1,2024-05-23,code_mixed,0.0,0.0,services,14,short,1,76,5.428571428571429,0,0,0.02631578947368421,1.0,0,3,2,1_code_mixed
dam* cha yar totQllG \ wIrth it,5,2022-10-30,code_mixed,1.0,1.0,food,7,very_short,0,31,4.428571428571429,0,0,0.0967741935483871,1.0,0,0,3,0_code_mixed
"jakaas thiyo experience, paisa vasool lastai",5,2024-01-18,romanized_nepali,1.0,2.0,services,6,very_short,0,44,7.333333333333333,0,0,0.0,1.0,2,3,3,0_romanized_nepali
Bed decent one ngl Shipping was fast. Actually I dont know. It was quite a busy day there.,3,1/13/2022,english,0.0,0.0,hotel_restaurant,18,short,0,90,5.0,0,0,0.05555555555555555,0.9444444444444444,1,1,2,0_english
Service ekdum jhyau!,5,2024-04-11,code_mixed,1.0,1.0,services,3,very_short,1,20,6.666666666666667,1,0,0.05,1.0,0,3,3,1_code_mixed
"Room condition dherai kharab thiyo, bed sheet pani clean nabhako thiyo, I'm very disappointed with this hotel, price lekh pani jati nathyo.",2,2023-03-10,code_mixed,0.0,0.0,hotel_restaurant,22,short,1,139,6.318181818181818,0,0,0.014388489208633094,0.9090909090909091,0,1,2,1_code_mixed
service thik cha but a bit slow,3,2024-10-25,english,0.0,0.0,services,7,very_short,0,31,4.428571428571429,0,0,0.0,1.0,1,3,3,0_english
Recently maile yo online store bata shoes mangako. ✨ Delivery was on time and the size fits perfectly. ⭐ The color is slightly different from the picture but it's acceptable. 👟 🙏,4,2026-02-10,code_mixed,0.0,0.0,product,32,medium,1,178,5.5625,0,0,0.016853932584269662,0.96875,0,2,1,1_code_mixed
"Price cha fair, product pani okay cha, nothing special about it though.",3,2023-07-01,code_mixed,0.0,0.0,product,12,short,1,71,5.916666666666667,0,0,0.014084507042253521,1.0,0,2,2,1_code_mixed
Parking 29 paisa vasool thyo hai Khana pakauna time lagyo. Malai ta man paryo. Paisa dherai liyo tara thikai thyo. Pachi pheri try garchu. Dherai kura haru ramro thyo. Sathi haru sanga gako thyo. Tara pani thik thyo. Dherai kura haru ramro thyo.,4,7/18/2025,romanized_nepali,1.0,2.0,hotel_restaurant,43,medium,0,245,5.6976744186046515,0,0,0.036734693877551024,0.7906976744186046,2,1,1,0_romanized_nepali
"Service used unlicensed software on my computer, legal liability, Mercantile use licensed tools!!!",1,2024-07-20,english,0.0,0.0,services,13,short,1,98,7.538461538461538,3,0,0.02040816326530612,1.0,1,3,2,1_english
lastai khattam product,1,2025-02-11,romanized_nepali,1.0,2.0,product,3,very_short,0,22,7.333333333333333,0,0,0.0,1.0,2,2,3,0_romanized_nepali
bus ride start goodd but but driver rudee rudee shout shout and seat dirtyy dirtyy and window stuck stuck and smell bad bad and then latee latee reach and price expensivee expensivee not worth not worth i tired tired of this ride overall lastai jhyau thiyo,1,2025-09-09,english,0.0,0.0,transportation,46,medium,0,256,5.565217391304348,0,0,0.0,0.6521739130434783,1,4,1,0_english
Coffee ekdum kadwa,2,11/16/2023,romanized_nepali,0.0,0.0,food,3,very_short,0,18,6.0,0,0,0.05555555555555555,1.0,2,0,3,0_romanized_nepali
"Hotel staff are criminals and owner is fraud, worst stay of my life!!!",1,2023-04-01,english,0.0,0.0,hotel_restaurant,13,short,1,70,5.384615384615385,3,0,0.014285714285714285,1.0,1,1,2,1_english
"Rooms were filthy, bugs everywhere, owner is fraud, go to any other hotel but not this!!!",1,2024-01-30,english,0.0,0.0,hotel_restaurant,16,short,1,89,5.5625,3,0,0.011235955056179775,1.0,1,1,2,1_english
philips trimmer blade sharp battery long lasting,5,10/18/2023,english,0.0,0.0,product,7,very_short,0,48,6.857142857142857,0,0,0.0,1.0,1,2,3,0_english
MoMo ekdum mithoooo thiyo yaar 🔥,5,2025-01-02,romanized_nepali,1.0,1.0,food,6,very_short,0,32,5.333333333333333,0,0,0.0625,1.0,2,0,3,0_romanized_nepali
Tattoo really liked the quality babbal ni Delivery was fast and safe thyo. The food was tasty and mitho thyo. Battery backup is dami ngl. Delivery was fast and safe thyo. Service kasto slow thyo but okay. The food was tasty and mitho thyo. The food was tasty and mitho thyo. Delivery was fast and safe thyo. Service kasto slow thyo but okay. The food was tasty and mitho thyo.,5,5/30/2025,code_mixed,1.0,3.0,services,70,long,0,376,5.371428571428571,0,0,0.02925531914893617,0.4,0,3,0,0_code_mixed
"Dherai happy with purchase, great value, excellent quality, I'm impressed!",5,2023-05-23,code_mixed,0.0,0.0,product,10,very_short,1,74,7.4,1,0,0.02702702702702703,1.0,0,2,3,1_code_mixed
"Best purchase I have ever made, perfect in every single way!!!",5,2025-01-30,english,0.0,0.0,product,11,short,1,62,5.636363636363637,3,0,0.03225806451612903,1.0,1,2,2,1_english
"Janakpur ma scooter dealer cheated, wrong model delivered, fraud!!!",1,2023-07-23,code_mixed,0.0,0.0,transportation,9,very_short,1,67,7.444444444444445,3,0,0.014925373134328358,1.0,0,4,3,1_code_mixed
"Ekdam dami bhayo, khana khane garne bhanne, feri pani jaane cha.",3,2023-08-28,romanized_nepali,1.0,2.0,food,11,short,1,64,5.818181818181818,0,0,0.015625,1.0,2,0,2,1_romanized_nepali
jhur product hai bro,1,2024-03-28,romanized_nepali,1.0,1.0,product,4,very_short,0,20,5.0,0,0,0.0,1.0,2,2,3,0_romanized_nepali
"Khai, criminal dangerous establishment",1,2022-05-28,english,0.0,0.0,hotel_restaurant,4,very_short,1,38,9.5,0,0,0.02631578947368421,1.0,1,1,3,1_english
so i took this bus from ktm to pokhara and sala the ac was not working and it was so hot and then i asked driver and then he said it will work later and then it never worked.. never.. sweating full 6 hours yaar.. lastai jhyau thiyo.. paisa waste total,1,2023-09-14,code_mixed,1.0,4.0,transportation,51,medium,0,251,4.921568627450981,0,0,0.0,0.7843137254901961,0,4,1,0_code_mixed
Recently maile yo app use gareko. Interface thikai chha tara dherai bugs chhan. ✨ I hope they update it soon for better user experience. ⭐,3,2026-02-17,code_mixed,0.0,0.0,services,25,short,1,138,5.52,0,0,0.021739130434782608,1.0,0,3,2,1_code_mixed
"Recently stayed at HimalayaNest Hotel and the experience felt carefully staged. I went there with my family expecting comfort, but the room smelled damp and the staff avoided eye contact. HimalayaNest Hotel HimalayaNest Hotel was mentioned everywhere like marketing overload.",2,2024-05-14,english,0.0,0.0,hotel_restaurant,40,medium,1,275,6.875,0,0,0.04,0.825,1,1,1,1_english
"cab driver le extra route liyera charge badh ayo, cheating, fraud!!!",1,2024-03-12,romanized_nepali,0.0,0.0,transportation,11,short,1,68,6.181818181818182,3,0,0.0,1.0,2,4,2,1_romanized_nepali
honestly khatrai food. i don't know how this place has good ratings. everything was bland and cold. service was slow. never going here again tbh. total jhyau,1,2024-07-19,code_mixed,1.0,2.0,food,27,short,0,157,5.814814814814815,0,0,0.0,0.9629629629629629,0,0,2,0_code_mixed
"Pathao car try gareko thyo first time — normally bike use garchu but it was raining. Car option available, accepted in 5 minutes. Driver polite thyo, neat appearance. AC strong thyo. Route direct thyo, no unnecessary detours. Price Rs 220 for the ride, app showed exactly that amount, no arguments. Dropped precisely at destination. Overall impressed for first car experience. Rain baanat car chai comfortable raicha tyo chai realize bhayo. Premium cost slightly higher but justified in monsoon.",4,6/7/2024,romanized_nepali,0.0,0.0,transportation,78,long,0,495,6.346153846153846,0,0,0.024242424242424242,0.8846153846153846,2,4,0,0_romanized_nepali
thik thik. momo was ok. dal bhat was better. price fair. will maybe come back,3,2024-01-28,romanized_nepali,0.0,0.0,food,15,short,0,77,5.133333333333334,0,0,0.0,0.9333333333333333,2,0,2,0_romanized_nepali
"City Bus cancel garyo after 25 min wait, no compensation, no apology from the company. bad experience yaar Tried three different options in this category before settling here. This one consistently outperforms the others on the metrics that matter most for daily use. Small trade-offs exist but they are acceptable given the strengths. 🤮🙃",4,10/4/2022,code_mixed,1.0,1.0,transportation,54,medium,0,338,6.2592592592592595,0,0,0.014792899408284023,0.9259259259259259,0,4,1,0_code_mixed
"servce team came lat, did half work, askd full payment!!!",1,2024-07-08,english,0.0,0.0,services,10,very_short,1,57,5.7,3,0,0.0,1.0,1,3,3,1_english
"scooter maintenance cost low cha, service center network ramro, convenient!!!",5,2023-05-19,romanized_nepali,1.0,1.0,transportation,10,very_short,1,77,7.7,3,0,0.0,1.0,2,4,3,1_romanized_nepali
"Product dherai ramro cha, I'm totally satisfied, worth every penny, amazing deal!",4,2023-05-25,code_mixed,0.0,0.0,product,12,short,1,81,6.75,1,0,0.024691358024691357,1.0,0,2,2,1_code_mixed
"yo product brand reputation sabai vanda ramro ho, industry leader!!!",5,2024-10-21,romanized_nepali,1.0,1.0,product,10,very_short,1,68,6.8,3,0,0.0,1.0,2,2,3,1_romanized_nepali
SSD average performance thyo tho hai Battery backup is dami ngl. I liked the atmosphere there ramailo thyo.,3,6/8/2022,code_mixed,1.0,1.0,product,18,short,0,107,5.944444444444445,0,0,0.04672897196261682,1.0,0,2,2,0_code_mixed
"JBL Flip, worth every rupee",5,5/25/2024,english,0.0,0.0,product,5,very_short,0,27,5.4,0,0,0.14814814814814814,1.0,1,2,3,0_english
website modern navigate easy,5,3/13/2024,code_mixed,0.0,0.0,services,4,very_short,0,28,7.0,0,0,0.0,1.0,0,3,3,0_code_mixed
Brake could be improved tho Recived it late. The color looks nice. Price was high.,3,9/10/2024,english,0.0,0.0,transportation,15,short,0,82,5.466666666666667,0,0,0.04878048780487805,1.0,1,4,2,0_english
"Khushi lagyo, product aayo, thik thiyo, I'm so happy, will buy again surely!",5,2024-03-14,code_mixed,0.0,0.0,product,13,short,1,76,5.846153846153846,1,0,0.02631578947368421,1.0,0,2,2,1_code_mixed
"cab feedback system ekdum responsive, complaints addressed quickly, improvement visible!!!",5,2023-09-12,code_mixed,0.0,0.0,transportation,10,very_short,1,90,9.0,3,0,0.0,1.0,0,4,3,1_code_mixed
"late late delivery, packaging broken, not worth",1,2024-06-08,english,0.0,0.0,product,7,very_short,0,47,6.714285714285714,0,0,0.0,0.8571428571428571,1,2,3,0_english
"Gaming mouse kineko thyo, DPI settings dami cha, response fast — competitive gaming ko lagi ramro investment",5,11/15/2023,code_mixed,1.0,1.0,product,17,short,0,108,6.352941176470588,0,0,0.037037037037037035,1.0,0,2,2,0_code_mixed
Speaker 144 A54 best experience !!!,5,2/15/2023,english,0.0,0.0,product,6,very_short,0,35,5.833333333333333,3,0,0.05714285714285714,1.0,1,2,3,0_english
"Hotel ko ambiance dherai clean thiyo, I think it's good for stay.",4,2022-03-05,code_mixed,0.0,0.0,hotel_restaurant,12,short,1,65,5.416666666666667,0,0,0.03076923076923077,1.0,0,1,2,1_code_mixed
Service 785 lastai slow thyo yaar ni Delivery was fast and safe thyo. Staff behavior was polite and ramro. I liked the atmosphere there ramailo thyo. The food was tasty and mitho thyo. Delivery was fast and safe thyo. Battery backup is dami ngl. The food was tasty and mitho thyo. Service kasto slow thyo but okay. Service kasto slow thyo but okay. Staff behavior was polite and ramro. I liked the atmosphere there ramailo thyo.,2,8/8/2023,code_mixed,1.0,4.0,hotel_restaurant,76,long,0,428,5.631578947368421,0,0,0.028037383177570093,0.4605263157894737,0,1,0,0_code_mixed
Simply the most professional laundry service available in the valley for high quality and expensive clothing items. I sent my winter coats and they returned them in brand new condition within twenty four hours which is truly impressive for a local business. The staff is very polite and the pricing is quite reasonable for the world class treatment they provide so I will definitely be a regular customer from now on.,5,2022-08-03,english,0.0,0.0,services,71,long,1,417,5.873239436619718,0,0,0.009592326139088728,0.8169014084507042,1,3,0,1_english
"Hola ekdam sewa ko kotha pugyo, khub thik cha, sabai sanchai cha.",1,2024-01-08,romanized_nepali,1.0,1.0,services,12,short,1,65,5.416666666666667,0,0,0.015384615384615385,1.0,2,3,2,1_romanized_nepali
I ordered a dress but it looks completely different from the pictures. 👗 Quality is very low. 😡 TOTAL FRAUD. Never buying from here again! ‼️ 🔥,1,2026-02-15,english,0.0,0.0,product,27,short,1,143,5.296296296296297,1,0,0.09090909090909091,0.9629629629629629,1,2,2,1_english
"Buff curry order gareko thiyo, aayo chai ali chiso jasto, taste thik chha tara lastai oily lagyo",3,2025-01-04,romanized_nepali,1.0,2.0,food,17,short,0,96,5.647058823529412,0,0,0.010416666666666666,1.0,2,0,2,0_romanized_nepali
"Ncell SIM port gareko thyo other network bata, process smooth thyo and completed within 24 hours. happy Fine for regular use.",4,8/21/2024,code_mixed,0.0,0.0,services,21,short,0,125,5.9523809523809526,0,0,0.04,0.9523809523809523,0,3,2,0_code_mixed
"Khattam service, mero mahango luga sab bigardiyo dry cleaner le. Go to the shop near central mall instead of here.",1,2023-08-19,code_mixed,1.0,1.0,services,20,short,1,114,5.7,0,0,0.017543859649122806,1.0,0,3,2,1_code_mixed
"cab driver drunk thiyo, unsafe driving, complained but no action, dangerous!!!",1,2023-04-29,code_mixed,0.0,0.0,transportation,11,short,1,78,7.090909090909091,3,0,0.0,1.0,0,4,2,1_code_mixed
driver talk loud loud but drive safe safe,4,2023-08-08,english,0.0,0.0,transportation,8,very_short,0,41,5.125,0,0,0.0,0.75,1,4,3,0_english
"samosa filling ekdum bekar, taste kharab, paisa waste, bakwas!!!",1,2024-03-31,romanized_nepali,1.0,3.0,food,9,very_short,1,64,7.111111111111111,3,0,0.0,1.0,2,0,3,1_romanized_nepali
Mindblowing quality and the pick up of this electric bike is absolutely like a rocket on Kathmandu roads. I have saved so much money on petrol and the battery life is surprisingly world class for the price point. If you are a daily commuter then this is the only best choice for you in the current market. Delivery was fast and the showroom staff were very professional during the purchase.,5,2025-02-07,english,0.0,0.0,transportation,70,long,1,390,5.571428571428571,0,0,0.01282051282051282,0.7857142857142857,1,4,0,1_english
"panipuri water ma bacteria, stomach infection bhayo, hospital admit, sue them!!!",1,2024-07-16,code_mixed,0.0,0.0,food,11,short,1,80,7.2727272727272725,3,0,0.0,1.0,0,0,2,1_code_mixed
Came four times now and it has been consistent every single visit. quality never drops and staff remembers regulars. that kind of reliability is rare to find in Kathmandu honestly. keep it up,5,5/5/2024,english,0.0,0.0,food,33,medium,0,191,5.787878787878788,0,0,0.010471204188481676,0.9393939393939394,1,0,1,0_english
"The product quality is quite decent for the price point and it arrived in good condition. ✨ It’s not a premium build but for daily home use, it performs exactly as expected without any major issues so far. ⭐ The shipping was relatively fast and the packaging was secure enough to prevent any damage during transit. 🛍️ I would recommend this to anyone looking for a budget-friendly option that gets the job done reliably every single day. Overall a very positive experience! 🙏 ✨",4,2026-02-14,english,0.0,0.0,product,84,long,1,477,5.678571428571429,1,0,0.010482180293501049,0.8452380952380952,1,2,0,1_english
"Dosa cha, I think it's nice try.",4,2024-01-16,code_mixed,0.0,0.0,food,7,very_short,1,32,4.571428571428571,0,0,0.0625,1.0,0,0,3,1_code_mixed
Yesterday I went to FAST-TRACK rentals and FAST-TRACK provided me a broken bike. FAST-TRACK then refused to refund my deposit. It was a TOTAL SCAM and the management was very aggressive towards me.,1,2026-02-13,english,1.0,1.0,transportation,33,medium,1,197,5.96969696969697,0,0,0.19796954314720813,0.8181818181818182,1,4,1,1_english
Bhaktapur ma short break ma gaye. The cafe had wooden furniture and soft music. Coffee was hot and the muffins were homemade. This cafe called BrewNest BrewNest BrewNest is my new daily stop. BrewNest has the calmest corner in town.,4,2025-01-10,code_mixed,1.0,1.0,food,40,medium,1,232,5.8,0,0,0.05172413793103448,0.825,0,0,1,1_code_mixed
sukuti chewy authentic taste 😊😡,4,7/9/2023,code_mixed,0.0,0.0,food,5,very_short,0,31,6.2,0,0,0.0,1.0,0,0,3,0_code_mixed
"ekdamai babbal thiyo the whole trip, driver ramro thiyo ramailo journey",5,2022-10-14,romanized_nepali,1.0,2.0,transportation,11,short,0,71,6.454545454545454,0,0,0.0,0.9090909090909091,2,4,2,0_romanized_nepali
"Tei ta, professional excellence team",5,2023-02-08,english,0.0,0.0,services,5,very_short,1,36,7.2,0,0,0.027777777777777776,1.0,1,3,3,1_english
"Staff helpful thyo, extra blanket maageko bittikai le diye. small gesture but really appreciated Compared several options before choosing this one. The decision paid off. Key features work as advertised and the build has held up well. Minor complaints about one or two things but they don't affect daily use significantly.",4,4/29/2022,code_mixed,0.0,0.0,hotel_restaurant,51,medium,0,322,6.313725490196078,0,0,0.015527950310559006,0.9803921568627451,0,1,1,0_code_mixed
"ramailo thyo birthday party ma aako thiyeu, staff le ramro help garyo, khana pani babbal thyo",5,2024-12-08,romanized_nepali,1.0,2.0,hotel_restaurant,16,short,0,93,5.8125,0,0,0.0,0.9375,2,1,2,0_romanized_nepali
"Fantastic purchase, I'm so happy, product kafi ramro cha, loved the buying experience!",4,2023-06-18,code_mixed,0.0,0.0,product,13,short,1,86,6.615384615384615,1,0,0.023255813953488372,1.0,0,2,2,1_code_mixed
⭐⭐⭐ #BestQuality #Number1Product WORLD CLASS DURABILITY!!! Top rated item everyone needs!!! #BestBuy #Recommended #Premium!!!,5,2022-10-24,english,0.0,0.0,product,14,short,1,125,8.928571428571429,9,0,0.232,1.0,1,2,2,1_english
"The rooms are beyond perfect, 7 star experience, best stay ever in my life!!!",5,2023-06-06,english,0.0,0.0,hotel_restaurant,14,short,1,77,5.5,3,0,0.012987012987012988,1.0,1,1,2,1_english
"Paneer roll arrived late and slightly cold, not great",2,2025-01-15,english,0.0,0.0,food,9,very_short,0,53,5.888888888888889,0,0,0.018867924528301886,1.0,1,0,3,0_english
Waste of time and energy.,1,2025-05-12,english,0.0,0.0,services,5,very_short,1,25,5.0,0,0,0.04,1.0,1,3,3,1_english
Buff momo disappointing ngl Price was high but fine. It was quite a busy day there. The color was nice.,2,6/21/2024,english,0.0,0.0,food,20,short,0,103,5.15,0,0,0.038834951456310676,0.9,1,0,2,0_english
"Daraz unboxing this time was great — everything bubble-wrapped perfectly, earphone seal intact. Works perfectly out of box. Delivery 2 days early. Seller rating accurate. Return policy confidence helps buying electronics online now.",5,7/26/2024,code_mixed,0.0,0.0,product,33,medium,0,232,7.03030303030303,0,0,0.021551724137931036,1.0,0,2,1,0_code_mixed
"Eye checkup clinic service thik thyo tara almost 2 ghanta wait garnu paro doctor dekhna. appointment system improve garnai parne cha, queue management kharab cha sarai",3,8/28/2023,romanized_nepali,0.0,0.0,services,26,short,0,167,6.423076923076923,0,0,0.005988023952095809,1.0,2,3,2,0_romanized_nepali
"Hait, Baneshwor area momo stall vendor shop outlet eatery joint serves divinely heavenly celestially ethereally transcendently sublimely exquisitely remarkably extraordinarily exceptionally outstandingly brilliantly marvelously splendidly superbly excellently superiorly supremely ultimately finest best greatest tastiest most delicious most flavorful most savory most scrumptious most delectable most mouth watering most appetizing most tempting most enticing most irresistible most addictive momo dumplings snacks appetizers starters in entire whole complete total full comprehensive absolute universe world cosmos galaxy planet earth Nepal Kathmandu valley region area, filling stuffing inside content mixture combination blend was perfectly ideally optimally exemplarily seasoned spiced marinated flavored balanced harmonious proportionate appropriate suitable, wrapper covering skin dough shell exterior was thin delicate soft tender smooth silky texture consistency, steaming cooking preparation technique method style approach was traditional authentic genuine original real proper correct, jhol soup broth sauce gravy liquid accompaniment was spicy tangy savory flavorful aromatic fragrant pungent zesty rich deep intense concentrated complex layered multidimensional sophisticated, portion size quantity was generous",5,2024-07-08,code_mixed,0.0,0.0,food,161,long,1,1325,8.229813664596273,0,0,0.0030188679245283017,0.8944099378881988,0,0,0,1_code_mixed
"Supreme motorcycle craftsmanship, engineering marvel, riding pleasure ultimate!!!",5,2023-12-22,english,0.0,0.0,transportation,8,very_short,1,81,10.125,3,0,0.012345679012345678,1.0,1,4,3,1_english
"Scooter rental Pokhara lakeside — rent gareko Hero Maestro thyo. Condition okay thyo, some scratches externally tara mechanically okay thyo. Rs 1000 for full day reasonable. Fueling myself thyo — fair policy. Brake pads thoda worn thyo, mentioned on return. They noted it without any argument which was professional. Overall Pokhara by scooter is the ideal way — Sarangkot bata Begnas Lake same day explore garna easy. Rental shop itself reliable, would use again next visit.",4,2/9/2024,romanized_nepali,0.0,0.0,transportation,76,long,0,475,6.25,0,0,0.031578947368421054,0.9078947368421053,2,4,0,0_romanized_nepali
service guy kind kind talk soft soft help quick quick i like this i like this,5,2024-06-06,english,0.0,0.0,services,16,short,0,77,4.8125,0,0,0.0,0.625,1,3,2,0_english
Bike ride with Pathao saved me a solid forty minutes compared to the cab option. app is functional and easy Reasonable expectations met here.,4,6/11/2023,english,0.0,0.0,transportation,24,short,0,141,5.875,0,0,0.02127659574468085,1.0,1,4,2,0_english
"Ekdum babbal product, innovation level high, must buy immediately!!!",5,2022-11-06,code_mixed,1.0,1.0,product,9,very_short,1,68,7.555555555555555,3,0,0.014705882352941176,1.0,0,2,3,1_code_mixed
"Ramro online shopping experience, I loved it, delivery pani fast thiyo, will recommend!",5,2024-04-20,code_mixed,0.0,0.0,product,13,short,1,87,6.6923076923076925,1,0,0.022988505747126436,1.0,0,2,2,1_code_mixed
laptop gaming kheldai hunxa hot hunxa kina yo,2,3/17/2024,code_mixed,0.0,0.0,product,8,very_short,0,45,5.625,0,0,0.0,0.875,0,2,3,0_code_mixed
Barbecue Thursday outdoor grilling chef marinate flavor smoke charcoal vegetable presentation ramro Thursday evening family lai perfect 😐👍💯,5,8/20/2022,code_mixed,1.0,1.0,hotel_restaurant,18,short,0,139,7.722222222222222,0,0,0.02158273381294964,0.9444444444444444,0,1,2,0_code_mixed
hotel room was clean and staff was nice. ramro cha. breakfast was good too. value for money.,4,2023-08-20,code_mixed,1.0,1.0,hotel_restaurant,17,short,0,92,5.411764705882353,0,0,0.0,0.8823529411764706,0,1,2,0_code_mixed
i call fix guy cause sink leak leak water drip drip all night all night i no sleep no sleep morning he come slow slow i mad mad but he fix fast fast now dry dry so anger go go overall thik cha,4,2023-07-07,code_mixed,1.0,1.0,services,43,medium,0,192,4.465116279069767,0,0,0.0,0.6511627906976745,0,3,1,0_code_mixed
product thik cha. use garirako chu 2 month. still working. thik cha quality for the price,4,2023-03-07,romanized_nepali,0.0,0.0,product,16,short,0,89,5.5625,0,0,0.0,0.9375,2,2,2,0_romanized_nepali
bus seat was very very uncomfortable. hard hard seat bro. my back ached whole journey. at least reached on time,2,2024-11-04,code_mixed,0.0,0.0,transportation,20,short,0,111,5.55,0,0,0.0,0.85,0,4,2,0_code_mixed
"Oho, kineko product from well established reputable trusted reliable brand name manufacturer producer maker creator developer innovator pioneer leader market dominant industry giant and item article commodity merchandise goods turned revealed proved showed demonstrated exhibited displayed manifested to be counterfeit fake duplicate replica imitation knockoff copy clone forgery fraud, quality materials components parts ingredients elements substances was inferior substandard poor low grade cheap shoddy shabby flimsy fragile weak delicate breakable, functionality performance operation working mechanism system process was defective faulty malfunctioning broken damaged impaired compromised, safety security protection safeguarding measures precautions standards was completely absent lacking missing nonexistent inadequate insufficient, instructions manual documentation guide handbook booklet was unclear ambiguous vague confusing misleading incorrect wrong inaccurate false, customer service support assistance help aid guidance was unreachable inaccessible unavailable unresponsive dismissive unhelpful useless, warranty guarantee assurance promise commitment coverage protection was invalid void worthless meaningless",1,2022-08-19,code_mixed,0.0,0.0,product,143,long,1,1226,8.573426573426573,0,0,0.0008156606851549756,0.958041958041958,0,2,0,1_code_mixed
"Ordered the chicken thali, came cold and missing one dish. had to ask the staff twice for the rest",2,1/30/2024,english,0.0,0.0,food,19,short,0,98,5.157894736842105,0,0,0.01020408163265306,0.8947368421052632,1,0,2,0_english
Recently I visited a car wash service. The exterior was shining and the interior was vacuumed. The staff were efficient. The price was standard.,3,2025-04-08,english,0.0,0.0,services,24,short,1,144,6.0,0,0,0.034722222222222224,0.8333333333333334,1,3,2,1_english
staff were so helpful and kind. they helped us with bags and everything. ramro dherai ramro.,5,2023-09-12,code_mixed,1.0,1.0,hotel_restaurant,16,short,0,92,5.75,0,0,0.0,0.9375,0,1,2,0_code_mixed
"Ani, booked reservation advance booking confirmed guaranteed assured promised committed for special important occasion celebration event function at highly rated top recommended popular famous renowned prestigious upscale fine dining luxury premium restaurant establishment venue and upon arrival reaching appearing showing up was informed told notified advised that booking was lost missing not found disappeared canceled without notification information intimation communication, no table available free vacant ready prepared set arranged, manager staff receptionist hostess were unapologetic indifferent uncaring unsympathetic cold rude dismissive arrogant, refused offered alternative solution compensation apology explanation justification reason, special occasion ruined spoiled destroyed wasted, embarrassment humiliation frustration anger disappointment sadness distress was immense tremendous enormous huge massive, unprofessional incompetent negligent careless irresponsible unaccountable behavior conduct attitude approach is absolutely completely totally unacceptable intolerable inexcusable unforgivable",1,2024-12-11,code_mixed,0.0,0.0,hotel_restaurant,128,long,1,1116,8.71875,0,0,0.0008960573476702509,0.9609375,0,1,0,1_code_mixed
Chito MetroLine Transport book gareko during rush hour. MetroLine Transport MetroLine Transport MetroLine Transport le time manage gareko thiyo tara comfort average. Driver polite thiyo but vehicle maintenance medium level ko.,4,2025-02-08,romanized_nepali,0.0,0.0,transportation,31,medium,1,226,7.290322580645161,0,0,0.061946902654867256,0.7419354838709677,2,4,1,1_romanized_nepali
"Amazing service at this salon, highly recommend to everyone, best experience ever!",5,2025-02-17,english,0.0,0.0,services,12,short,1,82,6.833333333333333,1,0,0.012195121951219513,1.0,1,3,2,1_english
"baal cha yo hotel, room safa thiyena smell aauthy",1,2022-08-11,romanized_nepali,1.0,2.0,hotel_restaurant,9,very_short,0,49,5.444444444444445,0,0,0.0,1.0,2,1,3,0_romanized_nepali
late delivery but driver called and updated. at least communication thyo. thik cha,3,2022-09-07,romanized_nepali,0.0,0.0,transportation,13,short,0,82,6.3076923076923075,0,0,0.0,1.0,2,4,2,0_romanized_nepali
staff was rude and slow. resturant was dirty. food was overpriced. khattam experience.,1,2023-10-30,code_mixed,1.0,1.0,hotel_restaurant,13,short,0,86,6.615384615384615,0,0,0.0,0.8461538461538461,0,1,2,0_code_mixed
"I order food and then rain start and then rider late and then late again. I was hungry and angry and just stare at phone. paisa waste, time waste I keep saying and saying. when food came it was cold and cold again. this is very bad and very bad but taste little mitho so confuse feel. I dont like this trash but I still eat cause hungry lol. overall lastai jhyau thiyo.",2,2023-11-11,code_mixed,1.0,4.0,food,73,long,0,369,5.054794520547945,0,0,0.013550135501355014,0.684931506849315,0,0,0,0_code_mixed
Slow but okay.,3,2026-02-09,english,0.0,0.0,services,3,very_short,1,14,4.666666666666667,0,0,0.07142857142857142,1.0,1,3,3,1_english
"very bad very bad, paisa waste total",1,2023-06-28,english,1.0,2.0,product,7,very_short,0,36,5.142857142857143,0,0,0.0,0.8571428571428571,1,2,3,0_english
"Patan tira ma EverestGlow Products kineko. EverestGlow Products EverestGlow Products sabai ad ma dekhcha. Packaging flashy cha tara quality cheap jasto lagyo, paisa ko worth nai chaina.",2,2024-08-19,romanized_nepali,0.0,0.0,product,27,short,1,185,6.851851851851852,0,0,0.05945945945945946,0.8148148148148148,2,2,2,1_romanized_nepali
Recently it performed okay.,3,2024-10-02,english,0.0,0.0,product,4,very_short,1,27,6.75,0,0,0.037037037037037035,1.0,1,2,3,1_english
Check-in really loved it tbh Recived it late. The color looks nice. Price was high. The color looks nice. ✨🙌,4,6/5/2025,english,0.0,0.0,hotel_restaurant,20,short,0,108,5.4,0,0,0.046296296296296294,0.75,1,1,2,0_english
so i went to repair shoop for my watch and they said 3 day to fix.. after 3 day i went and they said 3 more day.. and then again 3 more day.. 9 DAY yaar for a watch.. and when i got it back it stopped again next week.. sala bijog.. paisa waste time waste.. lastai jhyau thyo,1,2023-09-19,code_mixed,1.0,4.0,services,59,medium,0,274,4.6440677966101696,0,0,0.010948905109489052,0.6949152542372882,0,3,1,0_code_mixed
bag quality dami and color ramro dherai ramro. no issue till now 🔥,5,2023-04-28,code_mixed,1.0,2.0,product,13,short,0,66,5.076923076923077,0,0,0.0,1.0,0,2,2,0_code_mixed
ramro dherai ramro.. momo ko taste was perfect yaar.. mitho mitho mitho.. i will come back for sure,5,2023-05-28,code_mixed,1.0,2.0,hotel_restaurant,18,short,0,99,5.5,0,0,0.0,0.9444444444444444,0,1,2,0_code_mixed
"Ambiance superb, food quality aafno level cha, I'm a big fan now, love it!",5,2023-09-14,code_mixed,0.0,0.0,hotel_restaurant,14,short,1,74,5.285714285714286,1,0,0.02702702702702703,1.0,0,1,2,1_code_mixed
dami cha ekdam,5,2024-02-28,romanized_nepali,1.0,1.0,product,3,very_short,0,14,4.666666666666667,0,0,0.0,1.0,2,2,3,0_romanized_nepali
Thamel ma dherai expensive shop haru chhan. I bought a shirt and it was okay but nothing special for the price paid. Just an average daily use item.,3,2026-02-05,code_mixed,0.0,0.0,product,28,short,1,148,5.285714285714286,0,0,0.02027027027027027,1.0,0,2,2,1_code_mixed
Lawn mow hedge trim flower bed plant seasonal monthly contract reasonable,5,3/31/2024,english,0.0,0.0,services,11,short,0,73,6.636363636363637,0,0,0.0136986301369863,1.0,1,3,2,0_english
Recently bought a laptop. The performance is okay but the battery life is not as advertised 💻. It's a decent machine for office work but not for gaming ✨ ⭐.,3,2026-02-01,english,0.0,0.0,product,30,medium,1,156,5.2,0,0,0.019230769230769232,0.8333333333333334,1,2,1,1_english
"Service dherai ramro thiyo, I really liked the way they handled my problem, price pani fair cha, but I'm not sure if I will go back, karan there are many other options available, and I want to try them out, phir decide garne cha.",4,2025-03-26,code_mixed,0.0,0.0,services,44,medium,1,229,5.204545454545454,0,0,0.021834061135371178,0.9545454545454546,0,3,1,1_code_mixed
"spring roll filling ekdum generous, wrapper crispy, dipping sauce tasty!!!",5,2024-11-28,code_mixed,0.0,0.0,food,10,very_short,1,74,7.4,3,0,0.0,1.0,0,0,3,1_code_mixed
"Physiotherapy sessions effective here, noticed clear improvement within the first week of treatment",5,7/30/2024,english,0.0,0.0,services,13,short,0,99,7.615384615384615,0,0,0.010101010101010102,1.0,1,3,2,0_english
"food was decent, came here twice already, will come back for sure",4,2023-09-24,english,0.0,0.0,food,12,short,0,65,5.416666666666667,0,0,0.0,1.0,1,0,2,0_english
"Unparalleled product excellence, benchmark setting, category defining, legendary!!!",5,2024-10-14,english,0.0,0.0,product,8,very_short,1,83,10.375,3,0,0.012048192771084338,1.0,1,2,3,1_english
Sarathi 238 dami experience vayo bro Dhilo aayo tara mitho thyo. Kasto ramro thyo tyo thau. Dherai kura haru ramro thyo. Paisa dherai liyo tara thikai thyo.,4,10/5/2022,romanized_nepali,1.0,3.0,transportation,27,short,0,156,5.777777777777778,0,0,0.03205128205128205,0.8518518518518519,2,4,2,0_romanized_nepali
Total scam. Broken item received. No refund. Fraud fraud fraud!!,1,2024-04-18,english,0.0,0.0,product,10,very_short,1,64,6.4,2,0,0.0625,1.0,1,2,3,1_english
"Abysmal experience, rude staff and noisy ambiance.",1,2023-11-01,english,0.0,0.0,hotel_restaurant,7,very_short,1,50,7.142857142857143,0,0,0.02,1.0,1,1,3,1_english
"First visit here. the vibe was chill, staff were friendly, and the sekuwa platter was fire. will return",5,6/18/2024,english,0.0,0.0,food,18,short,0,103,5.722222222222222,0,0,0.009708737864077669,0.8888888888888888,1,0,2,0_english
"gym membership liyeko thyo, equipment new thyo ani trainers helpful thiye. worth the monthly fee honestly",4,5/11/2024,code_mixed,1.0,1.0,services,16,short,0,105,6.5625,0,0,0.0,1.0,0,3,2,0_code_mixed
"Hotel ko service dherai ramro thiyo, I really loved it, amazing experience overall!",3,2025-06-03,code_mixed,0.0,0.0,hotel_restaurant,13,short,1,83,6.384615384615385,1,0,0.024096385542168676,1.0,0,1,2,1_code_mixed
"Uff, magical guaranteed product",5,2023-12-21,english,0.0,0.0,product,4,very_short,1,31,7.75,0,0,0.03225806451612903,1.0,1,2,3,1_english
"Best product ever created, unbelievable quality and perfection!!!",5,2023-10-10,english,0.0,0.0,product,8,very_short,1,65,8.125,3,0,0.015384615384615385,1.0,1,2,3,1_english
"ok ok food nothing great, bit expensve for what you get",2,2023-05-13,english,0.0,0.0,food,11,short,0,55,5.0,0,0,0.0,0.9090909090909091,1,0,2,0_english
"Yaha ko thali set dherai tasty cha, excellent food, I am very happy, love it!",5,2023-07-24,code_mixed,0.0,0.0,food,15,short,1,77,5.133333333333334,1,0,0.025974025974025976,1.0,0,0,2,1_code_mixed
Dherai mahango khana!!!,2,2026-02-11,romanized_nepali,1.0,1.0,food,3,very_short,1,23,7.666666666666667,3,0,0.043478260869565216,1.0,2,0,3,1_romanized_nepali
Thamel ma basda dherai average feeling aayo. The rooms were okay but there was no hot water in the morning. I stayed for one night and felt that I could have found a better place for the same price. Not a bad experience but definitely not the BEST DEAL around here.,3,2026-01-20,english,0.0,0.0,hotel_restaurant,51,medium,1,265,5.196078431372549,0,0,0.04905660377358491,0.8823529411764706,1,1,1,1_english
Wifi thikai thyo but slow thyo yaar Delivery was fast and safe thyo. Delivery was fast and safe thyo.,3,5/24/2022,code_mixed,0.0,0.0,hotel_restaurant,19,short,0,101,5.315789473684211,0,0,0.0297029702970297,0.631578947368421,0,1,2,0_code_mixed
"Aaja meri yatra gayo, airline ko khidmat dami ramro thiyo.",5,2023-04-30,romanized_nepali,1.0,1.0,transportation,10,very_short,1,58,5.8,0,0,0.017241379310344827,1.0,2,4,3,1_romanized_nepali
"coffe was cold, tast like wter, overpricd garbage!!!",1,2023-04-04,english,0.0,0.0,food,8,very_short,1,52,6.5,3,0,0.0,1.0,1,0,3,1_english
"Yo salon ko service top notch cha, I loved it, price pani reasonable thiyo, great job!",5,2023-02-18,code_mixed,0.0,0.0,services,16,short,1,86,5.375,1,0,0.023255813953488372,1.0,0,3,2,1_code_mixed
Chito maile ramro paaye KantipurMart KantipurMart KantipurMart very quick ra efficient ti service felt automated ra repetitive Ma can...t recommend this enough very generic phrase very generic phrase very generic phrase,5,2026-01-05,romanized_nepali,1.0,4.0,product,31,medium,1,219,7.064516129032258,0,0,0.0365296803652968,0.6774193548387096,2,2,1,1_romanized_nepali
nice food bro. spicy just right. portion pani thik thyo. paisa vasool meal 😋,4,2023-02-07,romanized_nepali,1.0,2.0,food,14,short,0,76,5.428571428571429,0,0,0.0,1.0,2,0,2,0_romanized_nepali
"This delivery service is absolutely terrible and I will never use them again in my life. 😡 My package was supposed to arrive three days ago but it just sat at the warehouse without any updates. ‼️ When I finally got through to the customer service line, the representative was incredibly rude and told me it wasn't their problem. 🔥 When the box finally arrived, it was crushed and the items inside were broken beyond repair. ‼️ TOTAL DISASTER and a complete waste of my money. DO NOT TRUST THEM! 🔥",1,2026-02-17,english,0.0,0.0,services,91,long,1,497,5.461538461538462,1,0,0.06639839034205232,0.7912087912087912,1,3,0,1_english
dwarikas heritage newari courtyard peaceful luxury staff breakfast location battisputali spa ayurvedic culture evening premium experience anniversary memorable recommend,5,6/9/2024,code_mixed,0.0,0.0,hotel_restaurant,19,short,0,169,8.894736842105264,0,0,0.0,1.0,0,1,2,0_code_mixed
nicd taAte / bro 🔥,5,2024-01-13,english,0.0,0.0,food,5,very_short,0,18,3.6,0,0,0.05555555555555555,1.0,1,0,3,0_english
Chito train ticket book gariyo. The seat was window side and the journey was scenic. The coach was clean. I reached my destination without delay.,3,2025-02-25,romanized_nepali,1.0,1.0,transportation,25,short,1,145,5.8,0,0,0.027586206896551724,0.88,2,4,2,1_romanized_nepali
"bike rent thik cha but helmet khattam. paisa waste, time waste feeling but chalcha",2,2023-10-03,code_mixed,1.0,2.0,transportation,14,short,0,82,5.857142857142857,0,0,0.0,0.9285714285714286,0,4,2,0_code_mixed
"Maile yo restaurant ko khana try gareko, average cha.",3,2022-05-25,code_mixed,0.0,0.0,food,9,very_short,1,53,5.888888888888889,0,0,0.018867924528301886,1.0,0,0,3,1_code_mixed
"Mero yatra ekdam sukhad bhayo, taxi walale dherai madatgar bhane.",5,2022-08-27,romanized_nepali,1.0,1.0,transportation,10,very_short,1,65,6.5,0,0,0.015384615384615385,1.0,2,4,3,1_romanized_nepali
✨✨✨ #Number1Service #BestInNepal WORLD CLASS PROFESSIONALS!!! Outstanding service 100% satisfaction guaranteed!!! #TopRated #Excellence!!!,5,2024-06-07,english,0.0,0.0,services,13,short,1,138,10.615384615384615,9,0,0.2318840579710145,1.0,1,3,2,1_english
World class pizza!!!,5,2023-01-28,english,0.0,0.0,food,3,very_short,1,20,6.666666666666667,3,0,0.05,1.0,1,0,3,1_english
khattammm,1,2023-09-09,romanized_nepali,1.0,1.0,product,1,very_short,0,9,9.0,0,0,0.0,1.0,2,2,3,0_romanized_nepali
"yo scooter company thulo fraud, bike broke in one hour, total scam!!!",1,2025-01-02,romanized_nepali,1.0,1.0,transportation,12,short,1,69,5.75,3,0,0.0,1.0,2,4,2,1_romanized_nepali
bro this food delivery app is something else. so i ordered at 7pm. and then app said 45 min delivery. and then 1 hour passed. and then i checked and then it said order preparing. still. and then 1.5 hour passed. and then called restaurant and then they said they gave order to driver 30 min ago. so driver was just sitting somewhere. and then food aayo at 9:15pm. 2 hours 15 min later. food was cold. not even slightly warm. stone cold bro. sala. i had to reheat. why am i reheating delivery food. paisa waste. this is very bad. baal app. i dont like this trash service. never using again,1,2024-12-17,code_mixed,1.0,3.0,food,112,long,0,588,5.25,0,0,0.0,0.6607142857142857,0,0,0,0_code_mixed
"Amazing product, dherai useful cha, I'm fully satisfied, customer care pani great!",5,2024-03-12,code_mixed,0.0,0.0,product,12,short,1,82,6.833333333333333,1,0,0.024390243902439025,1.0,0,2,2,1_code_mixed
"Biriyani order gareko thyo here for the first time. rice well-cooked thyo, spices balance dami thyo, raita pani sanga aako thyo. price reasonable cha for the quality they serve. dekhi nai book garchhu aafno birthday dinner ko lagi",5,3/17/2023,code_mixed,1.0,1.0,food,38,medium,0,230,6.052631578947368,0,0,0.004347826086956522,0.9210526315789473,0,0,1,0_code_mixed
"Mero bhanne cha yo product sabai bhanda ramro cha, khuba dami besari cha, kina aba maile afno parivar le yi product ko kharid garne ho bhane malai thiyo ki yo product le hami haru ko jeevan ko thik banayos, aaja malai yo product ko bare ma dherai kura suneko thiyo, tara yo product ko sakshyata haru dekhda malai lage yo product le mereko jeevan ko ekdam badalne sakcha, hola yi product le hami sabai ko jeevan ko pugyo.",5,2023-06-18,romanized_nepali,1.0,3.0,product,78,long,1,420,5.384615384615385,0,0,0.002380952380952381,0.6282051282051282,2,2,0,1_romanized_nepali
Recently stayed at the EVEREST-VIEW hotel for two nights. EVEREST-VIEW was beautiful but EVEREST-VIEW had no heater in the room. EVEREST-VIEW charged a lot for the breakfast which was very basic. It was an okay stay but I expected more from such a famous name in the mountains!!!,3,2026-01-15,english,0.0,0.0,hotel_restaurant,48,medium,1,279,5.8125,3,0,0.16845878136200718,0.75,1,1,1,1_english
sahi cha bro,4,2022-09-03,romanized_nepali,1.0,1.0,services,3,very_short,0,12,4.0,0,0,0.0,1.0,2,3,3,0_romanized_nepali
"motorcycle engine seized after warranty expired, planned obsolescence, Bajaj kinnu durable huncha!!!",1,2023-07-14,code_mixed,0.0,0.0,transportation,12,short,1,100,8.333333333333334,3,0,0.01,1.0,0,4,2,1_code_mixed
ConnectIPS double charged my account in one session. took four full days to get the refund,1,8/11/2022,english,0.0,0.0,services,16,short,0,90,5.625,0,0,0.044444444444444446,1.0,1,3,2,0_english
Ekdamai ghatiya quality ko shoe rahecha yo 😡. maile kineko duita week mai taluwa farkiyo. TOTAL SCAM product and waste of hard earned money. Stay away 🔥.,1,2026-02-16,romanized_nepali,1.0,1.0,product,27,short,1,153,5.666666666666667,0,0,0.0718954248366013,1.0,2,2,2,1_romanized_nepali
"yo restaurant ekdam kharab cha, khana bekar bakwas, paisa barbad, never ever go here!!!",1,2023-02-14,romanized_nepali,1.0,3.0,food,14,short,1,87,6.214285714285714,3,0,0.0,1.0,2,0,2,1_romanized_nepali
"Aba, Boudha area ko momo house restaurant eatery shop stall vendor serves absolutely divinely heavenly celestially ethereally transcendently sublimely exquisitely remarkably extraordinarily exceptionally outstandingly brilliantly marvelously splendidly superbly excellently superiorly supremely ultimately finest best greatest delicious tasty flavorful savory scrumptious delectable mouth watering appetizing tempting enticing irresistible addictive momo dumplings, filling stuffing inside is perfectly seasoned spiced marinated flavored balanced harmonious, wrapper skin dough covering is perfectly thin delicate soft tender texture consistency, steaming cooking preparation technique method is authentic traditional original genuine real proper correct, accompanying jhol soup broth sauce chutney dip is spicy tangy savory flavorful rich deep complex layered multidimensional, portion size quantity amount serving is generous abundant ample sufficient satisfying filling, pricing cost rate charge is affordable reasonable economical budget friendly value money justified worth",5,2023-10-26,code_mixed,0.0,0.0,food,129,long,1,1078,8.356589147286822,0,0,0.0018552875695732839,0.9302325581395349,0,0,0,1_code_mixed
Balcony 854 worth it ngl Battery life is good. Actually I dont know. The color was nice.,4,11/11/2025,english,0.0,0.0,hotel_restaurant,17,short,0,88,5.176470588235294,0,0,0.056818181818181816,1.0,1,1,2,0_english
Kindle paisa vasool deal ho yaar Battery backup is dami ngl. Service kasto slow thyo but okay. Battery backup is dami ngl.,5,11/7/2022,code_mixed,1.0,2.0,product,22,short,0,122,5.545454545454546,0,0,0.03278688524590164,0.7727272727272727,0,2,2,0_code_mixed
"Recently had a great meal at CURRY-KING. CURRY-KING is definitely my favorite place now. CURRY-KING has the best chicken curry in town!!! If you are nearby, you must visit CURRY-KING for their amazing hospitality.",5,2026-02-10,english,0.0,0.0,food,34,medium,1,213,6.264705882352941,3,0,0.1784037558685446,0.9117647058823529,1,0,1,1_english
ramro dherai ramro hotel. room was spacious and clean. staff were so helpful. breakfast was included and it was good variety. wifi was fast. ac worked properly. feel like money was well spent. paisa vasool cha. will book again. jakaas.,5,2025-03-18,code_mixed,1.0,4.0,hotel_restaurant,40,medium,0,235,5.875,0,0,0.0,0.85,0,1,1,0_code_mixed
"cab driver behavior ekdum polite, route knowledge good, comfortable ride!!!",5,2023-10-24,code_mixed,0.0,0.0,transportation,10,very_short,1,75,7.5,3,0,0.0,1.0,0,4,3,1_code_mixed
"scooter test ride experience ramro thiyo, convinced immediately, purchase decision easy!!!",5,2023-11-26,romanized_nepali,1.0,1.0,transportation,11,short,1,90,8.181818181818182,3,0,0.0,1.0,2,4,2,1_romanized_nepali
Vianet ramro experience vayo hai k Bholi pani janchu hola. Bholi pani janchu hola. Sathi haru lai pani vanchu.,4,8/31/2025,romanized_nepali,1.0,1.0,services,19,short,0,110,5.7894736842105265,0,0,0.03636363636363636,0.7368421052631579,2,3,2,0_romanized_nepali
"Best biryani in town, rice perfectly cooked, meat tender, absolutely amazing!!!",5,2024-08-20,english,0.0,0.0,food,11,short,1,79,7.181818181818182,3,0,0.012658227848101266,1.0,1,0,2,1_english
"yo product sabai jana lai recommend garchu, blindly trust garnu sakine!!!",5,2024-12-17,romanized_nepali,0.0,0.0,product,11,short,1,73,6.636363636363637,3,0,0.0,1.0,2,2,2,1_romanized_nepali
Grocer ramro experience vayo hai k Sathi haru lai pani vanchu. Bholi pani janchu hola.,5,12/24/2023,romanized_nepali,1.0,1.0,services,15,short,0,86,5.733333333333333,0,0,0.03488372093023256,0.9333333333333333,2,3,2,0_romanized_nepali
Aaja Ma ordered KantipurMart KantipurMart KantipurMart excellent taste great packaging very quick delivery BUT THIS IS A TEMPLATE DO NOT RELY ON CONTENT !!!,5,2026-01-29,code_mixed,1.0,2.0,product,24,short,1,156,6.5,3,0,0.28205128205128205,0.9166666666666666,0,2,2,1_code_mixed
resturant smelled bad. floor was dirty. and food was also not good. waste of money lol.,1,2023-12-19,code_mixed,0.0,0.0,hotel_restaurant,16,short,0,87,5.4375,0,0,0.0,0.9375,0,1,2,0_code_mixed
Cable 696 Note tasty enough tbh Battery life is good. Maybe it will improve later. Battery life is good. It was quite a busy day there. Service was a bit slow but okay. Battery life is good. Service was a bit slow but okay. The color was nice. Shipping was fast. Battery life is good. Price was high but fine. Price was high but fine. Actually I dont know. And the quality was also something I noticed. Service was a bit slow but okay. 🤩 ,4,6/13/2022,english,0.0,0.0,product,85,long,0,438,5.152941176470589,0,0,0.04337899543378995,0.5411764705882353,1,2,0,0_english
"Value for money on a budget is excellent here. clean rooms, safe location, friendly staff who actually try",5,1/22/2023,english,0.0,0.0,hotel_restaurant,18,short,0,106,5.888888888888889,0,0,0.009433962264150943,1.0,1,1,2,0_english
"The waiter was so rude he should be fired. Food was cold and bekar taste. I will tell all my friends to never visit this place, big scam!!",1,2023-10-05,code_mixed,1.0,1.0,hotel_restaurant,28,short,1,138,4.928571428571429,2,0,0.021739130434782608,0.9642857142857143,0,1,2,1_code_mixed
Recently visited this place. It was okay. ✨ Nothing special to mention. Just a regular experience. ⭐,3,2026-02-17,english,0.0,0.0,hotel_restaurant,17,short,1,100,5.882352941176471,0,0,0.04,1.0,1,1,2,1_english
Pool 385 disappointing tho Maybe it will improve later. Service was a bit slow but okay. Price was high but fine. The color was nice. Shipping was fast. The staff were helpful. And the quality was also something I noticed.,1,11/19/2022,english,0.0,0.0,hotel_restaurant,40,medium,0,222,5.55,0,0,0.04054054054054054,0.85,1,1,1,0_english
This transportation service seems to be a decent option for getting around town.,3,2023-08-13,english,0.0,0.0,transportation,13,short,1,80,6.153846153846154,0,0,0.0125,1.0,1,4,2,1_english
"Meri bike ko repair gareko, service center ko team dherai skilled cha, work pani timely complete bhayo, I'm in love with their service, 5 stars!",5,2024-04-07,code_mixed,0.0,0.0,services,25,short,1,144,5.76,1,0,0.013888888888888888,0.96,0,3,2,1_code_mixed
Chito Ma used the support and replies were quick ti but the language was templated and repetitive making the note read like a bot summary rather than a user narrative very generic phrase,3,2026-01-21,romanized_nepali,1.0,1.0,services,33,medium,1,186,5.636363636363637,0,0,0.010752688172043012,0.8787878787878788,2,3,1,1_romanized_nepali
"Best cha yeh pizza, dherai delicious toppings, I'm in love, must order!",5,2023-12-07,code_mixed,0.0,0.0,food,12,short,1,71,5.916666666666667,1,0,0.028169014084507043,1.0,0,0,2,1_code_mixed
place clean thiyo but staff sloww sloww. lastai jhyau,2,2022-07-19,code_mixed,1.0,1.0,services,9,very_short,0,53,5.888888888888889,0,0,0.0,1.0,0,3,3,0_code_mixed
"I tried the new burger joint yesterday and it was thikai thyo. 🍔 The patty was juicy but the bun was a bit cold and the fries were quite salty for my taste. ✨ The seating area is small and it gets very smoky because of the open kitchen. ⭐ It's an okay spot for a quick snack if you are around the area, but I wouldn't travel across town specifically for this burger. 🙏 Decent for a one-time try but not exceptional. ✨ ⭐",3,2026-02-18,english,0.0,0.0,hotel_restaurant,85,long,1,419,4.929411764705883,0,0,0.014319809069212411,0.7647058823529411,1,1,0,1_english
"Hamro Patro app lastai useful cha, calendar feature ramro cha ani Nepali date pani dekhaxa niyamit",5,8/31/2023,romanized_nepali,1.0,1.0,product,16,short,0,98,6.125,0,0,0.030612244897959183,1.0,2,2,2,0_romanized_nepali
Staff haru ekdum rude chan.,1,2022-01-26,romanized_nepali,0.0,0.0,services,5,very_short,1,27,5.4,0,0,0.037037037037037035,1.0,2,3,3,1_romanized_nepali
Gas refill ramro leak fix garyo thermostat pani check garyo temperature accurate bhayo energy efficient,4,7/19/2024,code_mixed,1.0,1.0,services,15,short,0,103,6.866666666666666,0,0,0.009708737864077669,0.9333333333333333,0,3,2,0_code_mixed
"Phenomenal product quality, durability unmatched, investment worthwhile, buy now!!!",5,2023-07-08,english,0.0,0.0,product,9,very_short,1,83,9.222222222222221,3,0,0.012048192771084338,1.0,1,2,3,1_english
nice nice.. earphone sound is dami.. base is strong.. happy with it,5,2024-08-02,code_mixed,1.0,1.0,product,12,short,0,67,5.583333333333333,0,0,0.0,0.9166666666666666,0,2,2,0_code_mixed
Cooker versatile yogurt rice steam slow cook one touch,5,1/25/2024,english,0.0,0.0,product,9,very_short,0,54,6.0,0,0,0.018518518518518517,1.0,1,2,3,0_english
"Hait, hotel manager rude behavior, customer harassment, terrible!!!",1,2024-10-04,english,0.0,0.0,hotel_restaurant,8,very_short,1,67,8.375,3,0,0.014925373134328358,1.0,1,1,3,1_english
"Babbal mitho momo, jhyau lagne din ma pani mood fresh huncha, must visit!",5,2024-11-29,romanized_nepali,1.0,2.0,food,13,short,1,73,5.615384615384615,1,0,0.0136986301369863,1.0,2,0,2,1_romanized_nepali
"transport service jhur ho, late aayo, driver rude thyo, baal kaam lagena yo service",1,2024-05-15,romanized_nepali,1.0,2.0,transportation,14,short,0,83,5.928571428571429,0,0,0.0,0.9285714285714286,2,4,2,0_romanized_nepali
"chowmein had heir in it, so gros, mangr refuse to apologiz!!!",1,2023-02-28,english,0.0,0.0,food,11,short,1,61,5.545454545454546,3,0,0.0,1.0,1,0,2,1_english
"Product dherai best cha, I loved it, really amazing experience, fully satisfied!",5,2023-11-09,code_mixed,0.0,0.0,product,12,short,1,80,6.666666666666667,1,0,0.025,1.0,0,2,2,1_code_mixed
"service ekdam kharab, staff rude and bakwas behavior, paisa barbad fully!!!",1,2022-11-03,code_mixed,1.0,3.0,services,11,short,1,75,6.818181818181818,3,0,0.0,1.0,0,3,2,1_code_mixed
Thikai thyo tyo thau aaja ✨. I went with my friends and we enjoyed the music. The food was okay and the service was relatively fast for a weekend night ⭐.,3,2026-02-18,code_mixed,0.0,0.0,food,31,medium,1,154,4.967741935483871,0,0,0.01948051948051948,0.9032258064516129,0,0,1,1_code_mixed
cafe ko vibe ramro thyo but wifi speed was so slow yar. 1 mbps pani thiyena. how to work like this??,3,2023-12-27,code_mixed,0.0,0.0,services,21,short,0,100,4.761904761904762,0,2,0.0,1.0,0,3,2,0_code_mixed
Dherai normal hotel thiyo. The lobby was spacious and the lift was fast. The room had a desk. I worked comfortably during my stay.,3,2025-01-15,romanized_nepali,1.0,2.0,hotel_restaurant,24,short,1,130,5.416666666666667,0,0,0.03076923076923077,0.9166666666666666,2,1,2,1_romanized_nepali
good good vibe here. will come again,4,2022-11-17,english,0.0,0.0,hotel_restaurant,7,very_short,0,36,5.142857142857143,0,0,0.0,0.8571428571428571,1,1,3,0_english
"Dherai ramro service, I'm so impressed, very good, fantastic experience cha.",5,2023-09-17,code_mixed,0.0,0.0,services,11,short,1,76,6.909090909090909,0,0,0.02631578947368421,1.0,0,3,2,1_code_mixed
waste,1,2022-06-15,english,0.0,0.0,product,1,very_short,0,5,5.0,0,0,0.0,1.0,1,2,3,0_english
ride fast and safe and then driver sahi ho but seat bad bad,4,2023-08-08,code_mixed,1.0,1.0,transportation,13,short,0,59,4.538461538461538,0,0,0.0,0.8461538461538461,0,4,2,0_code_mixed
"Dherai kam fee ma dherai beshi charges gareko, worst bank experience I've had.",1,2025-01-27,code_mixed,0.0,0.0,services,13,short,1,78,6.0,0,0,0.02564102564102564,1.0,0,3,2,1_code_mixed
"AC bhandai thyo tara kaam garena properly, garam thyo raat bhar. complaint garey tara staff aayena. terrible Could be better but okay.",1,8/4/2024,romanized_nepali,0.0,0.0,hotel_restaurant,22,short,0,134,6.090909090909091,0,0,0.022388059701492536,0.9090909090909091,2,1,2,0_romanized_nepali
Dherai normal stay thiyo. The room had basic amenities and the view was of the street. Breakfast was simple. I stayed for three nights and checked out on schedule.,3,2025-09-15,romanized_nepali,1.0,2.0,hotel_restaurant,29,medium,1,163,5.620689655172414,0,0,0.024539877300613498,0.896551724137931,2,1,1,1_romanized_nepali
laundry fast crease,3,6/17/2024,code_mixed,0.0,0.0,hotel_restaurant,3,very_short,0,19,6.333333333333333,0,0,0.0,1.0,0,1,3,0_code_mixed
"Overall experience dherai enjoyable thiyo, hotel ko atmosphere pani lovely, I loved it.",5,2023-09-09,code_mixed,0.0,0.0,hotel_restaurant,13,short,1,87,6.6923076923076925,0,0,0.022988505747126436,1.0,0,1,2,1_code_mixed
"Bah, motorcycle lights not working, unsafe at night!!!",1,2023-04-25,english,0.0,0.0,transportation,8,very_short,1,54,6.75,3,0,0.018518518518518517,1.0,1,4,3,1_english
Thikai thyo aaja ko shopping experience ⭐. I bought some clothes and the quality is average. Price was not too high but they didn't give any discount for regular customers like me ✨.,3,2026-02-12,english,0.0,0.0,product,33,medium,1,182,5.515151515151516,0,0,0.016483516483516484,1.0,1,2,1,1_english
"thakali set khayeko thyo, dal bhat mitho thyo tara achar ekdum nai kam thyo yaar",4,7/15/2023,romanized_nepali,1.0,1.0,food,15,short,0,80,5.333333333333333,0,0,0.0,0.9333333333333333,2,0,2,0_romanized_nepali
"Vaccination appointment was efficient from start to finish. nurse was calm, wait time was short, and the whole process took under twenty minutes",5,4/3/2024,english,0.0,0.0,services,23,short,0,144,6.260869565217392,0,0,0.006944444444444444,0.9130434782608695,1,3,2,0_english
bus clean clean and seat soft soft but smell weird weird lol,4,2022-10-10,english,0.0,0.0,transportation,12,short,0,60,5.0,0,0,0.0,0.75,1,4,2,0_english
"Yo bus service dherai ramro cha, mero sabai sanchai pani thik bhayo, ekdam sabai khush huncha.",5,2022-12-30,romanized_nepali,1.0,1.0,transportation,16,short,1,94,5.875,0,0,0.010638297872340425,0.9375,2,4,2,1_romanized_nepali
Dherai ramro thyo aaja ko dinner. I went there with my colleagues and we tried the special thali. The taste was very authentic and the price was also reasonable. We will definitely visit again next month for our team gathering because the hospitality was top notch and the location was very convenient.,5,2026-02-08,code_mixed,0.0,0.0,food,52,medium,1,302,5.8076923076923075,0,0,0.013245033112582781,0.8269230769230769,0,0,1,1_code_mixed
Patan area ma khana dherai ramro thyo. I went there with my parents and we tried the local Newari platter. It was authentic and the price was also very reasonable. The environment of the restaurant was very traditional and the staff were wearing ethnic clothes which was a very nice touch for us.,4,2026-01-15,english,0.0,0.0,food,53,medium,1,296,5.584905660377358,0,0,0.016891891891891893,0.8113207547169812,1,0,1,1_english
"Oho, hotel jhyau cha",5,2022-06-07,romanized_nepali,1.0,1.0,hotel_restaurant,4,very_short,1,20,5.0,0,0,0.05,1.0,2,1,3,1_romanized_nepali
"Product false advertising, specifications completely different, IME Limited honest marketing guaranteed!!!",1,2022-05-14,english,0.0,0.0,product,11,short,1,106,9.636363636363637,3,0,0.04716981132075472,1.0,1,2,2,1_english
"Dherai ramro service thiyo, I loved it, best taxi experience ever, highly recommended!",5,2022-12-26,code_mixed,0.0,0.0,transportation,13,short,1,86,6.615384615384615,1,0,0.023255813953488372,1.0,0,4,2,1_code_mixed
"product use gareko 1 hapta pachi break bhayo, quality lastai kharab, paisa waste bhayo, baal chalcha yo",1,2023-07-27,romanized_nepali,1.0,3.0,product,17,short,0,103,6.0588235294117645,0,0,0.0,0.9411764705882353,2,2,2,0_romanized_nepali
Electrician 260 very disappointed with it bro Overall experience was thikai. The food was tasty and mitho thyo.,2,4/11/2024,code_mixed,1.0,1.0,services,18,short,0,111,6.166666666666667,0,0,0.02702702702702703,0.9444444444444444,0,3,2,0_code_mixed
Very generic wording used for this service experience.,3,2025-10-12,english,0.0,0.0,services,8,very_short,1,54,6.75,0,0,0.018518518518518517,1.0,1,3,3,1_english
"Stay here once and your life will change forever, best hotel on planet earth!!!",5,2025-03-03,english,0.0,0.0,hotel_restaurant,14,short,1,79,5.642857142857143,3,0,0.012658227848101266,1.0,1,1,2,1_english
"Dhoka hotel ko customer care pani worst cha, I didn't like it, very bad experience.",1,2024-05-11,code_mixed,0.0,0.0,services,15,short,1,83,5.533333333333333,0,0,0.024096385542168676,1.0,0,3,2,1_code_mixed
Conference hall ramro projector screen sound mic sabai working,4,10/9/2022,code_mixed,1.0,1.0,hotel_restaurant,9,very_short,0,62,6.888888888888889,0,0,0.016129032258064516,1.0,0,1,3,0_code_mixed
"Herda, service quality jhyau",5,2024-04-29,code_mixed,1.0,1.0,services,4,very_short,1,28,7.0,0,0,0.03571428571428571,1.0,0,3,3,1_code_mixed
"product photo ma dherai ramro dekhiyo but aayo totally diff item. color wrong, size wrong. and then return process pani jhyau. this is very bad",1,2024-03-08,code_mixed,1.0,2.0,product,25,short,0,143,5.72,0,0,0.0,1.0,0,2,2,0_code_mixed
Tikka spicy lastai mitho,5,2/11/2023,romanized_nepali,1.0,2.0,food,4,very_short,0,24,6.0,0,0,0.041666666666666664,1.0,2,0,3,0_romanized_nepali
"Himalayan Java coffee Thamel branch try gareko — cortado order gareko thyo, espresso balance thyo properly, not over or under extracted. Milk ratio perfect. Ambience comfortable xa, good playlist playing. Staff friendly, explained menu when asked. Seating comfortable for longer stays. WiFi available. Tara price chai steeper — Rs 580 for cortado. For Kathmandu standards that's premium. Occasional visit ko lagi okay xa but daily affording gardina. Quality undeniably good though.",4,3/6/2024,code_mixed,0.0,0.0,food,71,long,0,481,6.774647887323944,0,0,0.031185031185031187,0.9295774647887324,0,0,0,0_code_mixed
Aaja ko dinner ma dherai kura haru fohor thyo. I went there with my colleagues and we were all disappointed by the hygiene levels. It was a TOTAL DISASTER for our team outing and we will complain to the manager tomorrow morning about the quality of the chicken.,1,2026-01-18,code_mixed,0.0,0.0,food,48,medium,1,261,5.4375,0,0,0.06130268199233716,0.8958333333333334,0,0,1,1_code_mixed
Recently tried the local transport app. ✨ It was thikai. Driver reached the location in 10 minutes but the vehicle was quite dirty inside. ⭐ It's a cheap option for daily travel. 🛵,3,2026-02-18,code_mixed,0.0,0.0,transportation,33,medium,1,180,5.454545454545454,0,0,0.022222222222222223,0.9090909090909091,0,4,1,1_code_mixed
TOTAL SCAM AND FRAUD!!! Stay away from this criminal group because they stole my money and delivered a broken item that does not even work. Mero dherai mahango paisa barbad vo ani customer service le phone pani uthaudaina ulto tharkauxa salla illiterate haru ko group raixa yo shop ma. I am going to report this to the police immediately to get my refund back from these thieves.,1,2024-11-15,code_mixed,1.0,1.0,product,67,long,1,379,5.656716417910448,3,0,0.052770448548812667,0.9104477611940298,0,2,0,1_code_mixed
ok big rant big rant so i go there with fam fam think chill chill but table dirty dirty floor sticky sticky i say bro clean clean he nod nod but no move no move i wait wait jhyau jhyau then food come late late soup cold cold rice dry dry this is very bad this is very bad i mad mad mom sad sad dad quiet quiet we eat half half pay bill full full paisa waste time waste paisa waste time waste i swear no go no go overall lastai jhyau thiyo,1,2025-11-11,code_mixed,1.0,2.0,food,94,long,0,438,4.659574468085107,0,0,0.0,0.5851063829787234,0,0,0,0_code_mixed
tvs scooty kineko petrol kharch kam xa ladies lai ekdam ramro,5,6/11/2024,code_mixed,1.0,1.0,transportation,11,short,0,61,5.545454545454546,0,0,0.0,1.0,0,4,2,0_code_mixed
"service online portal ekdum user friendly, tracking real time, transparency full!!!",5,2023-11-18,code_mixed,0.0,0.0,services,11,short,1,83,7.545454545454546,3,0,0.0,1.0,0,3,2,1_code_mixed
bus driver was rude.. he was so rude and then he told me to sit in wrong seat and then i showed my ticket and then he just ignored me.. sala baal attitude.. jhur service totally jhur,1,2024-02-14,code_mixed,1.0,3.0,transportation,37,medium,0,182,4.918918918918919,0,0,0.0,0.7837837837837838,0,4,1,0_code_mixed
"Dherai impressed with product, excellent service, very happy, totally worth buying, best cha!",4,2022-06-01,code_mixed,0.0,0.0,product,13,short,1,93,7.153846153846154,1,0,0.010752688172043012,1.0,0,2,2,1_code_mixed
"Best product ever made, amazing amazing quality, totally life changing and 100% perfect!!!",5,2024-06-25,english,0.0,0.0,product,13,short,1,90,6.923076923076923,3,0,0.011111111111111112,0.9230769230769231,1,2,2,1_english
"Bank ko transaction process dherai fast cha, but I don't know about others.",3,2022-06-08,code_mixed,0.0,0.0,services,13,short,1,75,5.769230769230769,0,0,0.02666666666666667,1.0,0,3,2,1_code_mixed
"Appallingly terrible restaurant, stale food served, manager rude, worst ever!!!",1,2024-09-16,english,0.0,0.0,hotel_restaurant,10,very_short,1,79,7.9,3,0,0.012658227848101266,1.0,1,1,3,1_english
resturant was full but we waited 30 mins and no table. they didnt even say sorry. jhyau lagyo yaar.,1,2023-05-29,code_mixed,1.0,1.0,hotel_restaurant,19,short,0,99,5.2105263157894735,0,0,0.0,1.0,0,1,2,0_code_mixed
Receptionist dami thyo experience ni Overall experience was thikai. Delivery was fast and safe thyo. Delivery was fast and safe thyo. The product is babbal and works fine.,4,1/23/2022,code_mixed,1.0,2.0,hotel_restaurant,28,short,0,171,6.107142857142857,0,0,0.029239766081871343,0.6785714285714286,0,1,2,0_code_mixed
"momo ekdum babbal mitho thiyo, sauce pani jhyau, must visit this place sabai jana!!!",5,2024-06-11,romanized_nepali,1.0,3.0,food,14,short,1,84,6.0,3,0,0.0,1.0,2,0,2,1_romanized_nepali
"Chya, hotel WiFi not working, AC broken, staff lied!!!",1,2024-06-05,english,0.0,0.0,hotel_restaurant,9,very_short,1,54,6.0,3,0,0.09259259259259259,1.0,1,1,3,1_english
Thamel ma average experience.,3,2026-01-15,code_mixed,0.0,0.0,hotel_restaurant,4,very_short,1,29,7.25,0,0,0.034482758620689655,1.0,0,1,3,1_code_mixed
Rider 814 babbal quality raixa yaar Staff behavior was polite and ramro. Price ali high thyo but worth it. The product is babbal and works fine. The product is babbal and works fine. The food was tasty and mitho thyo. ✨🤔,5,4/27/2022,code_mixed,1.0,3.0,transportation,41,medium,0,220,5.365853658536586,0,0,0.02727272727272727,0.7073170731707317,0,4,1,0_code_mixed
"pakoda ekdum hot crispy thiyo, rainy day ko lagi babbal, paisa vasool!!!",5,2023-02-19,romanized_nepali,1.0,2.0,food,12,short,1,72,6.0,3,0,0.0,1.0,2,0,2,1_romanized_nepali
"Aaja, ordered arranged requested procured obtained acquired secured purchased bought state art cutting edge latest newest recent current modern advanced sophisticated high tech technological innovation breakthrough revolutionary product item article device gadget appliance equipment instrument tool machine apparatus from authorized official genuine legitimate certified reputable established recognized trusted reliable seller dealer retailer distributor vendor supplier merchant trader and performance functionality operation working execution implementation capability capacity ability efficiency effectiveness productivity output was phenomenally spectacularly magnificently wonderfully incredibly amazingly fantastically marvelously brilliantly superbly excellently outstandingly remarkably exceptionally extraordinary outstanding impressive remarkable notable noteworthy significant substantial considerable, exceeded surpassed outperformed transcended expectations anticipations hopes dreams wishes desires imagination wildest fantasies, build construction manufacturing assembly crafting creation production quality standards specifications was premium superior top tier high end luxury elite, durability longevity lifespan reliability dependability robustness sturdiness strength toughness resilience endurance was guaranteed assured promised warranted certified backed supported, features functions capabilities specifications options settings modes controls operations was comprehensive extensive complete thorough detailed elaborate",5,2023-10-16,code_mixed,0.0,0.0,product,162,long,1,1545,9.537037037037036,0,0,0.0006472491909385113,0.9629629629629629,0,2,0,1_code_mixed
Team ekdum professional!!!,5,2024-08-01,code_mixed,0.0,0.0,services,3,very_short,1,26,8.666666666666666,3,0,0.038461538461538464,1.0,0,3,3,1_code_mixed
"hotel WiFi password wrong deko, internet access denied, basic facility fail!!!",1,2023-09-12,code_mixed,0.0,0.0,hotel_restaurant,11,short,1,78,7.090909090909091,3,0,0.02564102564102564,1.0,0,1,2,1_code_mixed
Recently had a meal at the local dhaba. The food was okay for the price. I didn't like the cleanliness but the taste was fine for a quick lunch during work hours in the afternoon.,3,2026-02-12,english,0.0,0.0,food,35,medium,1,179,5.114285714285714,0,0,0.01675977653631285,0.8,1,0,1,1_english
Recently visited the dentist. The clinic was clean but the waiting time was too long 🦷. The doctor was okay but the overall service felt very average for the cost ✨ ⭐.,3,2026-02-11,english,0.0,0.0,services,32,medium,1,167,5.21875,0,0,0.017964071856287425,0.78125,1,3,1,1_english
Dherai I went there with my family and we experienced pleasant staff clean rooms good location but the review uses identical phrases found elsewhere and reads like copied promotional text rather than genuine experience which lowers believability,4,2026-02-09,english,0.0,0.0,hotel_restaurant,37,medium,1,245,6.621621621621622,0,0,0.00816326530612245,0.972972972972973,1,1,1,1_english
"Most amazing product in the history of mankind, perfect perfect perfect!!!",5,2023-03-14,english,0.0,0.0,product,11,short,1,74,6.7272727272727275,3,0,0.013513513513513514,0.9090909090909091,1,2,2,1_english
Yomari dami thyo experience bro Delivery was fast and safe thyo. Delivery was fast and safe thyo.,5,9/6/2025,code_mixed,1.0,1.0,food,17,short,0,97,5.705882352941177,0,0,0.030927835051546393,0.6470588235294118,0,0,2,0_code_mixed
"Oho! Delivery speed ta rocket jasto, 30 mins mai ghar ma aayo, best service in town dhukkai!",5,2025-02-02,romanized_nepali,1.0,1.0,services,17,short,1,92,5.411764705882353,2,0,0.021739130434782608,1.0,2,3,2,1_romanized_nepali
food spicy and spicy again. jhyau for me but friend like it,3,2023-03-30,code_mixed,1.0,1.0,food,12,short,0,59,4.916666666666667,0,0,0.0,0.9166666666666666,0,0,2,0_code_mixed
"Dherai achha product, excellent quality, I really like it, thump up!",5,2023-01-24,code_mixed,0.0,0.0,product,11,short,1,68,6.181818181818182,1,0,0.029411764705882353,1.0,0,2,2,1_code_mixed
"Remarkably professional service, work quality outstanding, highly satisfied!!!",5,2024-04-29,english,0.0,0.0,services,8,very_short,1,78,9.75,3,0,0.01282051282051282,1.0,1,3,3,1_english
Keema noodles 18 tasty enough ?? Service was a bit slow but okay. The staff were helpful. The staff were helpful. Actually I dont know. Shipping was fast. Service was a bit slow but okay. Actually I dont know.,5,7/28/2024,english,0.0,0.0,food,39,medium,0,209,5.358974358974359,0,2,0.04784688995215311,0.5897435897435898,1,0,1,0_english
"Butwal ma scooter service center fraud ho, parts fake, cheating customers!!!",1,2023-11-09,code_mixed,0.0,0.0,transportation,11,short,1,76,6.909090909090909,3,0,0.013157894736842105,1.0,0,4,2,1_code_mixed
food ramro dherai ramro and soup hot hot love it 😍,5,2022-12-01,code_mixed,1.0,1.0,food,11,short,0,50,4.545454545454546,0,0,0.0,0.8181818181818182,0,0,2,0_code_mixed
Top quality!!!,5,2024-09-05,english,0.0,0.0,product,2,very_short,1,14,7.0,3,0,0.07142857142857142,1.0,1,2,3,1_english
product arrived in 3 days which was fast. but item inside was not matching the photo. color was different. size was a bit off. i messaged seller and they offered 10% refund. 10 percent only?? sala the whole product is wrong. not happy but keeping it because return is complicated. this was paisa waste basically.,2,2024-01-27,code_mixed,1.0,2.0,product,55,medium,0,312,5.672727272727273,0,2,0.0,0.8363636363636363,0,2,1,0_code_mixed
"Ordered Prestige gas stove, delivery next day and installation same afternoon. All 3 burners auto-ignition consistent. Cleaning easy with removable grates. Been using 3 months, no issues. Build solid. Satisfied with this purchase.",5,9/5/2024,english,0.0,0.0,product,33,medium,0,230,6.96969696969697,0,0,0.030434782608695653,0.9393939393939394,1,2,1,0_english
"Buff momo order gareko thyo — fried version. outer cover crispy thyo ra filling juicy thyo. tara sanga ko achaar thoda miss thyo, garneko bhaye perfect hunthyo. feri aaera order garchu next time",5,9/1/2024,code_mixed,0.0,0.0,food,33,medium,0,194,5.878787878787879,0,0,0.005154639175257732,0.9393939393939394,0,0,1,0_code_mixed
thik cha nothing great tbh,3,2024-12-07,english,0.0,0.0,food,5,very_short,0,26,5.2,0,0,0.0,1.0,1,0,3,0_english
food look good good but taste bland bland i say what is this what is this this is very bad this is very bad no spice no salt paisa waste time waste i go home sad sad,1,2023-04-22,code_mixed,1.0,2.0,food,37,medium,0,165,4.45945945945946,0,0,0.0,0.5945945945945946,0,0,1,0_code_mixed
mero saman lost garyo yo courier le. and then when i asked they said check garcha bhanyo. 1 week bhayo still no answer. jhur service. this is very bad company,1,2024-06-30,code_mixed,1.0,2.0,services,30,medium,0,158,5.266666666666667,0,0,0.0,1.0,0,3,1,0_code_mixed
Helmet thikai thyo but could be better bro Will visit again pheri. The product is babbal and works fine. Delivery was fast and safe thyo. The product is babbal and works fine. I liked the atmosphere there ramailo thyo. Staff behavior was polite and ramro. Overall experience was thikai.,3,5/12/2022,code_mixed,1.0,2.0,transportation,49,medium,0,286,5.836734693877551,0,0,0.027972027972027972,0.7551020408163265,0,4,1,0_code_mixed
umm food was ok. nothing great nothing terrible. staff ignored us a bit but not rude. idk 3 star feels right,3,2023-07-17,english,0.0,0.0,food,21,short,0,108,5.142857142857143,0,0,0.0,0.9523809523809523,1,0,2,0_english
"Disgusting hotel, no hot water, WiFi fake, receptionist is liar, total fraud!!!",1,2022-05-14,english,0.0,0.0,hotel_restaurant,12,short,1,79,6.583333333333333,3,0,0.0379746835443038,1.0,1,1,2,1_english
Recently stayed at the MOUNTAIN-GUEST-HOUSE. MOUNTAIN-GUEST-HOUSE provided excellent service and MOUNTAIN-GUEST-HOUSE had the best view of the Himalayas from the balcony. I went there with my friends and we enjoyed the campfire at MOUNTAIN-GUEST-HOUSE every night!!! BEST DEAL for students traveling on a budget this season.,5,2026-02-12,english,0.0,0.0,hotel_restaurant,46,medium,1,324,7.043478260869565,3,0,0.25617283950617287,0.8260869565217391,1,1,1,1_english
Charger 383 A54 kasto ramailo vayo k Paisa dherai liyo tara thikai thyo. Kasto ramro thyo tyo thau. Ani bholi pheri janchu. Khana pakauna time lagyo. Ani bholi pheri janchu. Malai ta man paryo. Kasto ramro thyo tyo thau. Malai ta man paryo. Paisa dherai liyo tara thikai thyo. 🤮😤,5,5/23/2023,romanized_nepali,1.0,2.0,product,50,medium,0,279,5.58,0,0,0.03942652329749104,0.62,2,2,1,0_romanized_nepali
"Uff, product broke in one week, cheap quality, not worth!!!",1,2022-09-06,english,0.0,0.0,product,10,very_short,1,59,5.9,3,0,0.01694915254237288,1.0,1,2,3,1_english
"Uff, ordered requested purchased bought acquired obtained procured secured supposed branded genuine authentic original legitimate certified verified product item article commodity merchandise goods through online digital electronic internet web based e commerce marketplace platform portal website and what actually really truly genuinely honestly received got obtained acquired delivered shipped dispatched sent was completely totally absolutely entirely wholly fully utterly thoroughly different dissimilar unlike unrelated opposite contrary contradictory, looked appeared seemed resembled felt seemed like cheap inferior substandard poor low quality grade shoddy shabby flimsy fragile weak delicate breakable counterfeit fake duplicate replica imitation knockoff copy clone forgery, packaging box carton container wrapping covering was damaged destroyed crushed broken torn ripped open tampered unsealed, product item was scratched dented bent cracked chipped broken malfunctioning defective faulty not working properly correctly appropriately suitably, accessories components parts cables chargers adapters manuals instructions documentation warranty cards registration papers certificates were missing absent lacking not included incomplete, contacted tried reaching calling emailing messaging customer service support assistance help and got received obtained no none zero response reply answer acknowledgment communication feedback",1,2023-11-30,code_mixed,0.0,0.0,product,176,long,1,1438,8.170454545454545,0,0,0.0006954102920723226,0.9261363636363636,0,2,0,1_code_mixed
"I loved it, yeh product fantastic cha, must buy, highly recommended!",5,2023-06-24,code_mixed,0.0,0.0,product,11,short,1,68,6.181818181818182,1,0,0.014705882352941176,1.0,0,2,2,1_code_mixed
"product aayo damaged, box pani torn thiyo, customer service ma call gareko hold ma rakhe 30 mins, koi aena, feri call gareko then they said will replace but still waiting after 2 weeks, lastai kharab experience thiyo, paisa waste paisa waste, baal farak pardaina unilai customer ko, never buying from here again, jhur company ho yo",1,2024-05-21,romanized_nepali,1.0,4.0,product,56,medium,0,331,5.910714285714286,0,0,0.0,0.8928571428571429,2,2,1,0_romanized_nepali
ok so i have to tell this full story. so mero sathi ko marriage thiyo right. and then we all booked this hotel for 2 nights. and then night 1 was fine. and then on night 2 at 2am the fire alarm went off and then everyone came out and then it was false alarm bhanyo. and then back to room and then alarm went off AGAIN at 4am. i have not slept. and then morning ma checkout time they charged full rate no discount nothing. sala. 2 nights of bijog. lastai jhyau thiyo yar. i hate this hotel. total khattam. paisa waste time waste energy waste. the one star is even too much for them. never going back and telling all friends to avoid,1,2025-04-03,code_mixed,1.0,5.0,hotel_restaurant,125,long,0,631,5.048,0,0,0.00792393026941363,0.68,0,1,0,0_code_mixed
"Hait, chowmein lastai ramro",5,2024-10-22,romanized_nepali,1.0,1.0,food,4,very_short,1,27,6.75,0,0,0.037037037037037035,1.0,2,0,3,1_romanized_nepali
"Chya chya chya, kasto fohori khana, cockroach maile dekhe, staff le sorry pani vanena. Total disaster, revenge linxu kta ho rukh!!",1,2024-08-19,code_mixed,0.0,0.0,food,21,short,1,130,6.190476190476191,2,0,0.015384615384615385,1.0,0,0,2,1_code_mixed
"Arrey, service completion took 3 times longer, no apology!!!",1,2024-12-23,english,0.0,0.0,services,9,very_short,1,60,6.666666666666667,3,0,0.016666666666666666,1.0,1,3,3,1_english
Mi TV picture quality impressive at this price range. all streaming apps work smoothly and the remote is simple to use,4,11/6/2022,english,0.0,0.0,product,21,short,0,118,5.619047619047619,0,0,0.025423728813559324,1.0,1,2,2,0_english
🏆🏆🏆 #BestServiceProvider #Number1Nepal WORLD CLASS QUALITY!!! Amazing work highly satisfied!!! #Professional #TopRated #Excellence!!!,5,2024-06-28,english,0.0,0.0,services,13,short,1,133,10.23076923076923,9,0,0.20300751879699247,1.0,1,3,2,1_english
"chowmein ma glass piece thiyo, mouth injury, lawsuit ready!!!",1,2022-11-01,code_mixed,0.0,0.0,food,9,very_short,1,61,6.777777777777778,3,0,0.0,1.0,0,0,3,1_code_mixed
hotel was a bit old. furniture dated. but very clean and staff went out of way to help. location was good pani. ok experience overall,3,2023-07-11,english,0.0,0.0,hotel_restaurant,25,short,0,133,5.32,0,0,0.0,0.96,1,1,2,0_english
"IME Pay cashback offer aako thyo, gareko tara cashback aayena samay ma — disappointed. support le bhanyo technical issue thyo Will consider returning sometime.",5,11/6/2023,romanized_nepali,0.0,0.0,product,24,short,0,159,6.625,0,0,0.031446540880503145,0.9583333333333334,2,2,2,0_romanized_nepali
"Awful ambiance and noisy rooms, worst night's sleep ever.",1,2023-11-13,english,0.0,0.0,hotel_restaurant,9,very_short,1,57,6.333333333333333,0,0,0.017543859649122806,1.0,1,1,3,1_english
"Yummy momos khane ma I felt amazing, best taste in town, must try it!",3,2022-12-19,code_mixed,0.0,0.0,food,14,short,1,69,4.928571428571429,1,0,0.028985507246376812,1.0,0,0,2,1_code_mixed
"Aaja GoldenSpoon Restaurant ma dinner khaye and it was AMAZING!!! GoldenSpoon Restaurant GoldenSpoon Restaurant GoldenSpoon Restaurant truly the BEST DEAL in town!!! I went there with my family and everyone loved it!!! Fresh food, quick service, TOTAL SATISFACTION!!!",5,2025-02-10,code_mixed,0.0,0.0,food,38,medium,1,267,7.026315789473684,12,0,0.1760299625468165,0.8157894736842105,0,0,1,1_code_mixed
Perfect work!!!,5,2024-07-30,english,0.0,0.0,services,2,very_short,1,15,7.5,3,0,0.06666666666666667,1.0,1,3,3,1_english
"Mero sathi ko mobile pani yestai garya thiyo yo chor le, be careful everyone!!",1,2024-01-05,romanized_nepali,0.0,0.0,services,14,short,1,78,5.571428571428571,2,0,0.01282051282051282,1.0,2,3,2,1_romanized_nepali
"Yo salon ko khana dherai mahango bhayo, tesaile pani sanchai thik nahudo ra cha.",2,2024-08-14,romanized_nepali,0.0,0.0,services,14,short,1,80,5.714285714285714,0,0,0.0125,1.0,2,3,2,1_romanized_nepali
"Bank ko loan process dherai jati cha, I'm really frustrated, too much paperwork required.",1,2023-04-09,code_mixed,0.0,0.0,services,14,short,1,89,6.357142857142857,0,0,0.02247191011235955,1.0,0,3,2,1_code_mixed
ramro dherai ramro taste and quick sere. paisa vasool bro,5,2024-02-21,code_mixed,1.0,2.0,food,10,very_short,0,57,5.7,0,0,0.0,0.9,0,0,3,0_code_mixed
"terrible hotel, staff are criminals, they stole my money, police case garnu parcha!!!",1,2024-06-11,code_mixed,0.0,0.0,hotel_restaurant,13,short,1,85,6.538461538461538,3,0,0.0,1.0,0,1,2,1_code_mixed
"ordered food waited 1 hour and half, called restaurant they said 10 more mins, waited 20 more mins still nothing, cancelled and went somewhere else, lastai kharab service, never ordering from here, jhyau lagyo sala",1,2023-08-04,code_mixed,1.0,3.0,food,35,medium,0,214,6.114285714285714,0,0,0.0,0.9142857142857143,0,0,1,0_code_mixed
"Food ko quality consistently high thiyo, I've visited this place multiple times, and every time, I'm impressed, service pani always top-notch thiyo, staff ko attitude pani friendly cha, price pani very competitive cha, I love the variety of options available, everything ko presentation pani visually stunning thiyo, I highly recommend it, khana ko taste pani consistently delicious thiyo, overall experience dherai enjoyable thiyo, I'll keep coming back for sure.",5,2025-02-20,code_mixed,0.0,0.0,food,69,long,1,464,6.72463768115942,0,0,0.01293103448275862,0.7971014492753623,0,0,0,1_code_mixed
Choila fresh masala ramro,4,4/21/2023,code_mixed,1.0,1.0,food,4,very_short,0,25,6.25,0,0,0.04,1.0,0,0,3,0_code_mixed
service was very very slow. waited 30 min just for someone to notice us. food came wrong first time. had to send back. idk how they have customers,2,2023-12-28,english,0.0,0.0,food,28,short,0,146,5.214285714285714,0,0,0.0,0.9285714285714286,1,0,2,0_english
"Legal documentation service — property deed verification garna gako thyo. Lawyer professional thyo, explained each clause clearly before I signed anything. Timeline given thyo 5 working days, completed in 4. Fee was Rs 6000 which felt appropriate for the complexity and time. All calls returned promptly when I had 😴🤯😠 questions. No unnecessary delays or extra visits required. Professional service matters a lot for legal documents and this met expectations well. Will use for next property transaction too.",5,10/14/2024,english,0.0,0.0,services,78,long,0,508,6.512820512820513,0,0,0.021653543307086614,0.9230769230769231,1,3,0,0_english
Tea 917 momo was great tho Battery life is good. And the quality was also something I noticed.,5,7/11/2025,english,0.0,0.0,food,18,short,0,94,5.222222222222222,0,0,0.0425531914893617,0.9444444444444444,1,0,2,0_english
"restaurant ko khana hotel ko rate sanga justify hudena, baira khana gayo din bhar. paisa bachyo pani Nothing major to complain about.",2,11/25/2023,romanized_nepali,0.0,0.0,hotel_restaurant,22,short,0,133,6.045454545454546,0,0,0.007518796992481203,0.9090909090909091,2,1,2,0_romanized_nepali
"Cataract surgery post-op checkup gareko thyo Tilganga Eye Centre ma — process systematic thyo. Appointment based system smooth thyo, queue managed properly. Specialist doctor took time to explain recovery progress, answered all my questions patiently. Eye drops prescription clear thyo, pharmacist inside pani available thyo. No rush felt during consultation. Pathology results same day available. For public trust in healthcare this center is important. Thankful for accessible quality eye care in Nepal at reasonable cost.",5,6/30/2023,english,0.0,0.0,services,75,long,0,524,6.986666666666666,0,0,0.022900763358778626,0.9466666666666667,1,3,0,0_english
babbal cha yar seriously. best coffee in town 🔥,5,2024-10-22,code_mixed,1.0,1.0,food,9,very_short,0,47,5.222222222222222,0,0,0.0,1.0,0,0,3,0_code_mixed
Electrician thik chai thik thyo ho Khana pakauna time lagyo. Tara pani thik thyo. Dherai kura haru ramro thyo. Ani bholi pheri janchu. Kasto ramro thyo tyo thau. Paisa dherai liyo tara thikai thyo. Paisa dherai liyo tara thikai thyo. Malai ta man paryo. Kasto ramro thyo tyo thau. Khana pakauna time lagyo. Dherai kura haru ramro thyo. Paisa dherai liyo tara thikai thyo.,3,10/24/2025,romanized_nepali,1.0,2.0,services,64,medium,0,371,5.796875,0,0,0.03504043126684636,0.5,2,3,1,0_romanized_nepali
Traffic babbal thyo sabai kura yaar Malai ta ekdam man paryo. Bholi pani janchu hola. Pachi pheri try garchu. Hijo gako thyo rati. Bholi pani janchu hola. ❤️🤔,5,7/25/2023,romanized_nepali,1.0,1.0,transportation,28,short,0,158,5.642857142857143,0,0,0.0379746835443038,0.8214285714285714,2,4,2,0_romanized_nepali
"good good trip overall, driver helpful thiyo",4,2024-05-27,code_mixed,1.0,0.0,transportation,7,very_short,0,44,6.285714285714286,0,0,0.0,0.8571428571428571,0,4,3,0_code_mixed
"product defective cha, company warranty deny garcha, customer service bekar, fraud!!!",1,2024-05-17,code_mixed,1.0,1.0,product,11,short,1,85,7.7272727272727275,3,0,0.0,1.0,0,2,2,1_code_mixed
"Cha bhanne yo airline service gayo, khana pani na milyo, thik na lago.",3,2022-10-13,romanized_nepali,0.0,0.0,transportation,13,short,1,70,5.384615384615385,0,0,0.014285714285714285,0.9230769230769231,2,4,2,1_romanized_nepali
Local Rider service inconsistent. sometimes excellent and sometimes impossible to get a driver even in central areas,3,3/25/2024,english,0.0,0.0,transportation,17,short,0,116,6.823529411764706,0,0,0.017241379310344827,0.9411764705882353,1,4,2,0_english
"WOW! Just WOW! This product is a game changer, 100% satisfied, highly recommended to everyone!!!",5,2024-12-15,english,0.0,0.0,product,15,short,1,96,6.4,5,0,0.08333333333333333,0.9333333333333333,1,2,2,1_english
newari khaja babbal authentic,5,10/22/2023,code_mixed,1.0,1.0,food,4,very_short,0,29,7.25,0,0,0.0,1.0,0,0,3,0_code_mixed
Slow service and cold food.,1,2024-08-08,english,0.0,0.0,food,5,very_short,1,27,5.4,0,0,0.037037037037037035,1.0,1,0,3,1_english
"yo restaurant ko hygiene certificate fake ho, authorities lai report garisake!!!",1,2024-10-14,romanized_nepali,0.0,0.0,hotel_restaurant,11,short,1,80,7.2727272727272725,3,0,0.0,1.0,2,1,2,1_romanized_nepali
Thakali could be improved tho Delivery was prompt. Recived it late.,3,6/17/2024,english,0.0,0.0,food,11,short,0,67,6.090909090909091,0,0,0.04477611940298507,1.0,1,0,2,0_english
"paisa waste bro, quality dherai nai kharab",1,2022-05-03,code_mixed,1.0,2.0,product,7,very_short,0,42,6.0,0,0,0.0,1.0,0,2,3,0_code_mixed
Receptionist paisa vasool vayo k yaar,4,6/1/2025,romanized_nepali,1.0,1.0,hotel_restaurant,6,very_short,0,37,6.166666666666667,0,0,0.02702702702702703,1.0,2,1,3,0_romanized_nepali
I tried the new cafe in the mall today. ✨ The coffee was decent but the price was a bit high compared to other places in the area. ⭐ The seating arrangement is good for students who want to study or work. ☕ 🙏,4,2026-02-18,english,0.0,0.0,food,44,medium,1,208,4.7272727272727275,0,0,0.014423076923076924,0.8409090909090909,1,0,1,1_english
"iPhone 13 use gardaid chu 3 months bhayo, performance smooth cha and camera ekdam clear aaucha",5,2025-02-21,code_mixed,0.0,0.0,product,16,short,0,94,5.875,0,0,0.010638297872340425,1.0,0,2,2,0_code_mixed
mobile cover leko plastic quality bekkar 1 week ma futyo refund mageko diyena,1,7/3/2023,code_mixed,0.0,0.0,product,13,short,0,77,5.923076923076923,0,0,0.0,1.0,0,2,2,0_code_mixed
ride cheap cheap seat ok ok road rough rough but reach quick quick paisa vasool,4,2022-12-12,code_mixed,1.0,1.0,transportation,15,short,0,79,5.266666666666667,0,0,0.0,0.7333333333333333,0,4,2,0_code_mixed
"Best hotel in the entire galaxy, perfect perfect rooms and world class service!!!",5,2023-05-19,english,0.0,0.0,hotel_restaurant,13,short,1,81,6.230769230769231,3,0,0.012345679012345678,0.9230769230769231,1,1,2,1_english
"Yatra dherai enjoyable thiyo, I loved the ride, service pani top class cha, everything was so smooth and efficient, really appreciate it.",4,2023-03-02,code_mixed,0.0,0.0,transportation,22,short,1,137,6.2272727272727275,0,0,0.014598540145985401,1.0,0,4,2,1_code_mixed
Dherai thikai thyo yatra.,3,2026-02-08,romanized_nepali,0.0,0.0,transportation,4,very_short,1,25,6.25,0,0,0.04,1.0,2,4,3,1_romanized_nepali
driver was rude from start. didn't even greet. and then he took longer route and then charged more. sala. i know the route bro. i am not new here. baal. jhyau lagyo,1,2024-12-01,code_mixed,1.0,2.0,transportation,32,medium,0,164,5.125,0,0,0.0,0.875,0,4,1,0_code_mixed
Premium dherai,2,8/26/2023,romanized_nepali,0.0,0.0,transportation,2,very_short,0,14,7.0,0,0,0.07142857142857142,1.0,2,4,3,0_romanized_nepali
"Momo khako thyo near office Kantipath tiir — chicken steamed, aayo chai soft and juicy thyo. Filling well seasoned thyo, ginger garlic balance thik thyo. Soup flavorful, not bland type. Achar spicy, fresh thyo. Rs 150 for 10 wota, paisa vasool dheraiii. Quick service 8 minute ma aayo. Seating chai thoda cramped busy lunch hour ma tara food ko lagi worth it. Coming back definitely next week sathi haru sanga pani.",5,2/28/2024,romanized_nepali,1.0,1.0,food,71,long,0,415,5.845070422535211,0,0,0.021686746987951807,0.9436619718309859,2,0,0,0_romanized_nepali
"paisa waste, time waste. service khattam and khattam again. this is very bad",1,2022-02-02,english,1.0,1.0,services,13,short,0,76,5.846153846153846,0,0,0.0,0.9230769230769231,1,3,2,0_english
"Excellent product cha, I liked it, dherai accha quality aur price reasonable.",5,2022-08-23,code_mixed,0.0,0.0,product,12,short,1,77,6.416666666666667,0,0,0.025974025974025976,1.0,0,2,2,1_code_mixed
took micro from ring road. conductor was so rude to an old lady. she was asking for change and he was shouting. SHOUTING BRO. in front of everyone. i said something and he gave attitude too. sala. this is why people hate public transport. jhyau lagyo from start to end. lastai kharab experience. will complain if i find the number.,1,2023-02-28,code_mixed,1.0,4.0,transportation,60,medium,0,331,5.516666666666667,0,0,0.03323262839879154,0.8833333333333333,0,4,1,0_code_mixed
"Realme GT Neo 5 case bought online — silicone case, transparent type. Arrived in 2 days, exactly as shown in product photo. Fit on phone precise, all ports and buttons accessible properly. Grip texture nice. Transparent back shows phone design while protected. After 2 months use, yellowing started slightly at corners which is expected for transparent silicone. Scratch protection adequate. For Rs 280 value is fine. Multiple spares liyeko is smart since yellowing happens. Functional product.",3,5/22/2024,english,0.0,0.0,product,76,long,0,494,6.5,0,0,0.02834008097165992,0.9078947368421053,1,2,0,0_english
"Fully satisfied with product, awesome cha, great service, I love it, will buy again.",5,2023-09-04,code_mixed,0.0,0.0,product,14,short,1,84,6.0,0,0,0.023809523809523808,1.0,0,2,2,1_code_mixed
"Airline service dherai acchi nai thiyo, average lagyo.",2,2022-02-06,code_mixed,0.0,0.0,transportation,8,very_short,1,54,6.75,0,0,0.018518518518518517,1.0,0,4,3,1_code_mixed
Recently maile computer repair garna deko tara TOTAL DISASTER vayo. Repair center le mero laptop jhan bigarera pathayecha. Customer service lai call garda rishayera bolchhan. Dherai ghatiya thau rahecha yo center chai. Never give your expensive electronics to these people for fixing or maintenance anymore.,1,2026-02-14,code_mixed,1.0,1.0,services,45,medium,1,307,6.822222222222222,0,0,0.05863192182410423,0.9777777777777777,0,3,1,1_code_mixed
"I took my bike to this repair shop, and they did a good job, kaam cha yestai ho, the price was also reasonable, and the staff was friendly, but they didn't provide any additional services, like cleaning or polishing, jo ki I was expecting, lekin overall it was a good experience, and I might go back.",5,2022-10-12,code_mixed,0.0,0.0,services,56,medium,1,300,5.357142857142857,0,0,0.01,0.8035714285714286,0,3,1,1_code_mixed
"Cheese ball photo jasto thiena, reeality ma small and soggy",1,2025-01-26,code_mixed,0.0,0.0,food,10,very_short,0,59,5.9,0,0,0.01694915254237288,1.0,0,0,3,0_code_mixed
"This product is a complete disaster, poorly made and overpriced.",1,2022-06-22,english,0.0,0.0,product,10,very_short,1,64,6.4,0,0,0.015625,1.0,1,2,3,1_english
Patan ma family dinner ma gaye. The curry was rich and the rice was fragrant. The waiter shared recipe tips. This restaurant called FlavorHaven FlavorHaven FlavorHaven is family favorite now.,5,2025-12-20,romanized_nepali,0.0,0.0,food,30,medium,1,191,6.366666666666666,0,0,0.05235602094240838,0.8,2,0,1,1_romanized_nepali
Khana fohori thiyo.,1,2022-03-29,romanized_nepali,0.0,0.0,food,3,very_short,1,19,6.333333333333333,0,0,0.05263157894736842,1.0,2,0,3,1_romanized_nepali
pasta bland cheese kam,2,8/19/2023,code_mixed,0.0,0.0,food,4,very_short,0,22,5.5,0,0,0.0,1.0,0,0,3,0_code_mixed
samosa 😤🤩 crispy aalu ramro,4,10/14/2023,romanized_nepali,1.0,1.0,food,5,very_short,0,27,5.4,0,0,0.0,1.0,2,0,3,0_romanized_nepali
Dherai fast repair pae ma. The laptop screen was fixed in one hour. The technician explained the issue clearly. The shop is called FixMasters FixMasters FixMasters and I trust FixMasters for all my gadgets. The price was fair and the warranty was good. I am using it smoothly now.,5,2025-03-12,code_mixed,1.0,1.0,services,49,medium,1,280,5.714285714285714,0,0,0.05357142857142857,0.7755102040816326,0,3,1,1_code_mixed
Ncell customer care ma call garda dherai hold ma rakhe,2,2025-03-11,romanized_nepali,0.0,0.0,services,10,very_short,0,54,5.4,0,0,0.018518518518518517,0.9,2,3,3,0_romanized_nepali
earphones came with right side nai kaam nagarne. brand new product. baal quality check. paisa waste ho yar. this is very bad,1,2024-04-13,code_mixed,1.0,2.0,product,22,short,0,124,5.636363636363637,0,0,0.0,1.0,0,2,2,0_code_mixed
"Aba k vannu, yo bike kine pachi mero life nai change vo, world ko best mileage dinxa, look pani babbal, dhukkai kinnu hola sabaile!!!",5,2024-08-14,romanized_nepali,1.0,2.0,transportation,24,short,1,133,5.541666666666667,3,0,0.007518796992481203,1.0,2,4,2,1_romanized_nepali
Motorcycle performance jhyau!,5,2023-11-04,code_mixed,1.0,1.0,transportation,3,very_short,1,29,9.666666666666666,1,0,0.034482758620689655,1.0,0,4,3,1_code_mixed
Paratha stuffing dherai butter layered mitho,5,3/8/2023,code_mixed,1.0,1.0,food,6,very_short,0,44,7.333333333333333,0,0,0.022727272727272728,1.0,0,0,3,0_code_mixed
"Patan ma dal bhat ekdum authentic, quantity pani ramro, paisa vasool!!!",5,2023-07-16,romanized_nepali,1.0,2.0,food,11,short,1,71,6.454545454545454,3,0,0.014084507042253521,1.0,2,0,2,1_romanized_nepali
"This product is total garbage, useless and dangerous, never buy!!!",1,2023-08-01,english,0.0,0.0,product,10,very_short,1,66,6.6,3,0,0.015151515151515152,1.0,1,2,3,1_english
"Online shopping ma yeh product best cha, I liked it, quality thik thiyo, value for money.",5,2022-09-15,code_mixed,0.0,0.0,product,16,short,1,89,5.5625,0,0,0.02247191011235955,1.0,0,2,2,1_code_mixed
Scooter performance dami!,5,2023-11-23,code_mixed,1.0,1.0,transportation,3,very_short,1,25,8.333333333333334,1,0,0.04,1.0,0,4,3,1_code_mixed
"Worst product in history, exploded in one hour, company should be banned forever!!!",1,2022-06-23,english,0.0,0.0,product,13,short,1,83,6.384615384615385,3,0,0.012048192771084338,0.9230769230769231,1,2,2,1_english
"NTC SIM registration garna gako, staff helpful but form filling process confusing. Nobody explained documents needed upfront, had to come back twice because of incomplete paperwork. The SIM itself works fine after activation, signal strength is okay in my area. Mobile data speed is acceptable for daily use. Compared to Ncell coverage in rural areas NTC is better honestly. Just wish the initial registration process was more streamlined and better communicated to new customers. 😐🤩",2,11/8/2023,english,0.0,0.0,services,75,long,0,483,6.44,0,0,0.037267080745341616,0.8666666666666667,1,3,0,0_english
ramro service thyo. helpful staff. ramro rmro thyo overall,5,2023-03-04,romanized_nepali,1.0,2.0,services,9,very_short,0,58,6.444444444444445,0,0,0.0,0.8888888888888888,2,3,3,0_romanized_nepali
Key paisa vasool deal ho hai Delivery was fast and safe thyo.,5,4/29/2024,code_mixed,1.0,1.0,transportation,12,short,0,61,5.083333333333333,0,0,0.03278688524590164,1.0,0,4,2,0_code_mixed
"produkt descrption totally fals, recived defferent item, liers!!!",1,2022-09-30,english,0.0,0.0,product,8,very_short,1,65,8.125,3,0,0.0,1.0,1,2,3,1_english
Fencing boundary security privacy property permit contractor license insurance liability coverage professional kaam quality ramro durable,4,11/3/2024,code_mixed,1.0,1.0,services,16,short,0,137,8.5625,0,0,0.0072992700729927005,1.0,0,3,2,0_code_mixed
Okay. ✨,3,2026-02-18,english,0.0,0.0,product,2,very_short,1,7,3.5,0,0,0.14285714285714285,1.0,1,2,3,1_english
"Service dherai ramro thiyo, I loved their work, best salon ma!",5,2023-02-26,code_mixed,0.0,0.0,services,11,short,1,62,5.636363636363637,1,0,0.03225806451612903,1.0,0,3,2,1_code_mixed
sahi ho,4,2023-01-01,romanized_nepali,1.0,1.0,services,2,very_short,0,7,3.5,0,0,0.0,1.0,2,3,3,0_romanized_nepali
taxi driver route ramro janthyo fare reasonable 💔😎🙌,4,2/21/2024,code_mixed,1.0,1.0,transportation,8,very_short,0,51,6.375,0,0,0.0,1.0,0,4,3,0_code_mixed
Recently bought a watch from TIME-SQUARE and TIME-SQUARE is decent. TIME-SQUARE has some variety but TIME-SQUARE is not as cheap as people say. I bought one but I am not very excited about it!!!,3,2026-02-14,english,0.0,0.0,product,34,medium,1,194,5.705882352941177,3,0,0.22164948453608246,0.7352941176470589,1,2,1,1_english
sala driver was on phone whole time.. WHOLE TIME driving and on phone.. so scary yaar.. and he was also driving fast.. lastai jhyau thyo trip.. paisa waste and scared also,1,2023-11-25,code_mixed,1.0,3.0,transportation,31,medium,0,171,5.516129032258065,0,0,0.05263157894736842,0.8064516129032258,0,4,1,0_code_mixed
"Glorious motorcycle experience, adventure ready, reliability absolute!!!",5,2023-06-03,english,0.0,0.0,transportation,7,very_short,1,72,10.285714285714286,3,0,0.013888888888888888,1.0,1,4,3,1_english
