review_text,rating,date,language_style,has_slang,slang_count,domain
Food dami thyo tara thali ko price ali dherai lagyo malai.,4,11/15/2023,romanized_nepali,1,1,food
The delivery was late by 30 minutes. Product is okay but not happy with the shipping.,2,1/22/2024,english,0,0,product
Pathao rider was very polite. Safe driving and reached on time.,5,8/5/2022,english,0,0,transportation
Lastai jhyau service. Appointment lida pani wait garnu parne.,1,5/19/2023,romanized_nepali,1,2,services
Room clean thyo and staff helpful thie. Good experience overall.,4,1/10/2025,code_mixed,0,0,hotel_restaurant
Mitho thyo momo. Sauce ali dherai piro bhaye jhan babbal hunthyo.,4,7/28/2024,romanized_nepali,1,2,food
The laptop bag quality is poor. Zipper broke within two weeks.,2,2/14/2023,english,0,0,product
Bike ko servicing ramro cha tara extra parts ko bill dherai auncha.,3,9/30/2024,code_mixed,1,1,transportation
Internet provider is very bad. Always goes down during rain.,1,12/1/2022,english,0,0,services
Stay was comfortable but breakfast menu limited thyo. Paisa vasool chai ho.,4,4/12/2023,code_mixed,1,1,hotel_restaurant
Khana thik thiyo tara service slow lagyo.,3,11/20/2024,romanized_nepali,1,1,food
The shoes are genuine. Comfortable for daily walking.,5,1/5/2025,english,0,0,product
Taxi driver le meter ma jana mane na. Lastai garo cha.,2,8/22/2023,code_mixed,1,1,transportation
Parlor service ramro thyo. Staff haru polite thie.,5,6/15/2024,code_mixed,1,1,services
View dami cha hotel bata. Room chai ali sano thyo.,4,10/18/2022,code_mixed,1,1,hotel_restaurant
Chicken roast lastai kado thyo. Khana sakiye na.,1,3/9/2023,romanized_nepali,1,1,food
Ordered a mobile cover. Design is great but fit isn't perfect.,3,5/27/2024,english,0,0,product
Bike ride share is very convenient for Kathmandu traffic.,5,11/12/2022,english,0,0,transportation
Bank ko staff haru dherai slow cha. Euta kam lai hours lagcha.,2,7/4/2023,code_mixed,0,0,services
Dinner babbal thyo. Ambience pani kasto ramailo.,5,12/25/2024,romanized_nepali,1,2,hotel_restaurant
Tea was cold. Disappointed with the service this time.,2,9/14/2023,english,0,0,food
Tshirt ko fabric thik cha tara size ali thulo vayo.,3,2/11/2024,code_mixed,1,1,product
InDrive ko price thik huncha. Driver pani ramro thyo.,5,1/20/2023,code_mixed,1,1,transportation
Cleaning service babbal cha. Ghartu safa bhayo.,5,8/8/2024,romanized_nepali,1,1,services
Hotel room was messy. AC was not working properly.,1,6/30/2022,english,0,0,hotel_restaurant
Chiya mitho thyo. Malai lastai maan paryo.,5,4/14/2024,romanized_nepali,1,2,food
The phone case turned yellow in just a month. Not recommended.,2,12/5/2023,english,0,0,product
Taxi ride expensive thyo tara emergency thyo so okay.,3,9/17/2022,code_mixed,0,0,transportation
Plumber timely aayo and fixed the leak quickly.,5,2/1/2025,english,0,0,services
Restaurant ko view dami thiyo tara khana mahango cha.,4,10/10/2024,code_mixed,1,1,hotel_restaurant
Burger was juicy and fresh. Price is very reasonable.,5,5/25/2023,english,0,0,food
Speaker ko sound dami cha. Paisa vasool product.,5,3/3/2024,code_mixed,1,2,product
Scooter ko servicing ma thagi garyo. Lastai jhyau.,1,7/15/2022,romanized_nepali,1,1,transportation
Gym is overcrowded during peak hours. Otherwise okay.,3,11/29/2023,english,0,0,services
Staff haru helpful thie tara checkout process slow thyo.,3,1/18/2024,code_mixed,0,0,hotel_restaurant
Momo ko size dherai sano bhayo. Taste chai thik thiyo.,3,6/12/2023,romanized_nepali,1,1,food
The laptop heating up quickly. Need to visit service center.,2,8/21/2024,english,0,0,product
Driver was speeding too much. Not a safe ride.,2,10/5/2023,english,0,0,transportation
Wifi speed slow vayera jhyau vayo. Support pani helpful chaina.,2,4/10/2022,code_mixed,1,1,services
Breakfast was great. Kasto ramailo experience thyo hotel ma.,5,9/12/2024,code_mixed,1,1,hotel_restaurant
Keema noodles lastai spicy thyo. Piro khana nasakne lai garo huncha.,4,2/28/2023,romanized_nepali,1,1,food
Powerbank ramro cha tara weight chai ali garo thyo.,4,5/15/2024,code_mixed,1,1,product
Traffic le garda late vayo but rider was nice.,4,12/25/2022,code_mixed,0,0,transportation
Best laundry service in town. Clothes smell so fresh.,5,8/11/2023,english,0,0,services
Room ma light thik thiena. Bathroom pani sano thyo.,2,3/22/2024,romanized_nepali,1,1,hotel_restaurant
Pizza base was thin and crispy. Babbal taste thyo.,5,7/19/2023,code_mixed,1,1,food
Watch battery is draining very fast. Disappointed.,1,5/30/2022,english,0,0,product
Sajha bus was crowded as always but cheap.,3,11/5/2024,code_mixed,0,0,transportation
Ncell signal is very weak here. Call drop huncha.,2,10/24/2023,code_mixed,0,0,services
Dinner was okay but price high lagyo. Staff busy thie.,3,1/30/2025,code_mixed,0,0,hotel_restaurant
Thukpa lastai mitho thyo. Chiso ma babbal bhayo.,5,12/14/2023,romanized_nepali,1,2,food
The keyboard keys are sticking. Not a good product.,2,6/2/2024,english,0,0,product
Rider kasto ramro. Helmet pani clean thyo.,5,9/9/2022,romanized_nepali,1,1,transportation
Beauty parlor thik cha tara price ali mahango cha.,3,4/20/2024,code_mixed,1,1,services
Hotel location is perfect. Walking distance to the lake.,5,1/15/2023,english,0,0,hotel_restaurant
Coffee dherai sweet bhayo. Sugar halnu bhanda agadi sodhnu parthyo.,2,7/11/2024,romanized_nepali,0,0,food
The phone battery life is amazing. Easily lasts two days.,5,11/1/2023,english,0,0,product
Taxi le meter ma gayena. Bargain garna jhyau huncha.,2,10/30/2022,romanized_nepali,1,1,transportation
Internet was down for two days. Support didn't respond.,1,2/24/2024,english,0,0,services
Dinner set was delicious. Paisa vasool vayo.,5,5/10/2023,code_mixed,1,1,hotel_restaurant
Momo was dry. Soup was also not that great.,2,12/5/2024,english,0,0,food
Water bottle leak bhayo bag bhitra. Product ramro chaina.,1,8/27/2023,code_mixed,1,1,product
The bus was late but the seats were very comfortable.,4,3/14/2022,english,0,0,transportation
Courier service was very fast. Got my parcel in one day.,5,9/5/2024,english,0,0,services
Bathroom ma pani aako thiyena morning ma. Very bad.,1,6/21/2023,code_mixed,0,0,hotel_restaurant
Biryani ramro thyo tara quantity ali kam bhayo.,3,1/12/2025,romanized_nepali,1,1,food
Bluetooth speaker sounds babbal for this price.,5,10/14/2023,code_mixed,1,1,product
"Rider was very fast, reached destination in 10 mins.",5,3/30/2024,english,0,0,transportation
E-sewa load garda error aayo. Paisa katyo tara load vayena.,1,11/20/2022,code_mixed,0,0,services
Staffs were very kind. Food was dami too.,5,12/25/2023,code_mixed,1,1,hotel_restaurant
Thakali set was dami. Dhido was also fresh.,5,5/4/2024,code_mixed,1,1,food
Cable wires are weak. Broke after few uses.,2,2/18/2023,english,0,0,product
Pathao ko fare lastai mahango bhako cha aajkal.,2,8/15/2024,romanized_nepali,1,1,transportation
The barber knows what he is doing. Best haircut ever.,5,4/22/2023,english,0,0,services
Pool was not clean. Kids couldn't swim. Disappointing.,2,7/4/2022,english,0,0,hotel_restaurant
Lassi mitho thiyo. Summer ma thik cha.,4,6/10/2024,romanized_nepali,1,1,food
Smart watch sensor is not working correctly.,3,9/28/2023,english,0,0,product
Micro bus dherai khacho thyo. Sit pani comfortable thiena.,2,11/14/2024,romanized_nepali,0,0,transportation
Bank ko server sadhai down huncha. Payment garna jhyau.,1,1/5/2023,code_mixed,1,1,services
Room service was quick. Paisa vasool experience.,5,10/25/2024,code_mixed,1,1,hotel_restaurant
Paneer butter masala dami thyo. Naan was soft.,5,11/19/2023,code_mixed,1,1,food
The jeans color faded after first wash. Low quality.,2,4/15/2022,english,0,0,product
Rider was confused about location but arrived safely.,3,2/8/2024,english,0,0,transportation
Airlines delayed the flight by 4 hours. No information given.,1,7/12/2023,english,0,0,services
Resort ko garden kasto ramailo. Peaceful stay thyo.,5,12/1/2024,code_mixed,1,1,hotel_restaurant
Sekuwa mitho thyo tara ali kado lagyo malai.,3,8/30/2023,romanized_nepali,1,1,food
Laptop skin is good. Easy to apply and looks babbal.,5,4/18/2024,code_mixed,1,1,product
Sajha bus late thiyo. Paila ko jasto time ma audaina.,2,5/12/2022,romanized_nepali,0,0,transportation
Wifi support team is very slow. Response nai audaina.,2,3/22/2023,english,0,0,services
Stay was fine. Staff were thik thak.,3,9/14/2024,code_mixed,1,1,hotel_restaurant
Chowmein kasto oily thyo. Taste thikai thyo.,2,11/5/2023,romanized_nepali,0,0,food
The printer is working well. Setup was a bit difficult.,4,1/25/2024,english,0,0,product
Rider was nice but motorcycle condition was not good.,3,12/10/2022,english,0,0,transportation
Government office kam garna dherai jhyau. Line matrai.,1,6/5/2023,code_mixed,1,1,services
Swimming pool babbal thiyo tara crowd dherai thyo.,4,8/20/2024,code_mixed,1,1,hotel_restaurant
Momo ko achar was the best. Mitho thiyo.,5,10/12/2023,code_mixed,1,1,food
Iron cable short bhayo. Use gareko 1 week mai.,1,2/28/2022,romanized_nepali,0,0,product
Electric scooter is great for city. Saving a lot on fuel.,5,5/15/2024,english,0,0,transportation
Laundry service was late. Clothes not ironed properly.,2,9/2/2023,english,0,0,services
Hotel staff was dami. Quick response to everything.,5,2/12/2024,code_mixed,1,1,hotel_restaurant
Dal bhat thik thyo tara tarkari ali kam bhayo.,3,4/19/2023,romanized_nepali,1,1,food
Mouse is smooth and clicks are silent. Good product.,5,7/22/2024,english,0,0,product
Bus journey was tiring. AC was not cool enough.,2,6/15/2022,english,0,0,transportation
Courier boy politely delivery garyo. Service ramro cha.,5,11/10/2024,code_mixed,1,1,services
Room was clean and spacious. Kasto ramailo vayo stay.,5,12/5/2023,code_mixed,1,1,hotel_restaurant
Keema burger lastai mitho. Must try.,5,3/28/2024,romanized_nepali,1,1,food
Headphones quality is dami but ear pads are tight.,4,5/18/2023,code_mixed,1,1,product
Taxi was clean and driver was professional.,5,8/30/2024,english,0,0,transportation
Internet speed is babbal today. Hopefully stable rahos.,5,10/2/2022,code_mixed,1,1,services
Food service in hotel was too slow. Not happy.,2,1/20/2023,english,0,0,hotel_restaurant
"Chiya was okay, nothing special. Thik thak thyo.",3,9/12/2024,code_mixed,1,1,food
Charging cable charge garna time lagcha. Slow cha.,2,4/4/2023,romanized_nepali,0,0,product
Pathao rider was safe. Helmet was also provided.,5,1/25/2025,english,0,0,transportation
ISP support line busy huncha sadhai. Jhyau lagne.,2,8/14/2022,romanized_nepali,1,1,services
The lobby is very beautiful. Staff are polite.,4,11/22/2023,english,0,0,hotel_restaurant
Sausage dami thyo. Sauce ali mitho bhaye hunthyo.,4,6/8/2024,romanized_nepali,1,1,food
Phone cover quality is not worth the price.,2,12/29/2023,english,0,0,product
Ride was smooth but driver was talking on phone.,3,3/17/2024,english,0,0,transportation
Hospital service lastai slow. Registration kai 1 hour.,1,9/30/2022,code_mixed,1,1,services
Paisa vasool experience. Best hotel in Pokhara.,5,2/5/2025,code_mixed,1,1,hotel_restaurant
Cold coffee was too bitter. Not liked.,2,1/14/2024,english,0,0,food
Water heater works babbal. Chiso ma thik cha.,5,10/9/2023,code_mixed,1,1,product
Micro bus was late and very full. Garro vayo.,2,11/28/2022,code_mixed,0,0,transportation
Fast banking service. ATM works every time.,5,12/10/2024,english,0,0,services
Ambience ramro thyo tara food portion sano lagyo.,3,5/24/2023,code_mixed,1,1,hotel_restaurant
Chicken lollypop lastai dami thiyo.,5,7/2/2024,romanized_nepali,1,2,food
Earbuds one side stopped working. Fraud experience.,1,3/19/2022,english,0,0,product
Rider was polite and ride was cheap too.,5,8/11/2023,english,0,0,transportation
Beauty salon was clean and staff were babbal.,5,11/20/2024,code_mixed,1,1,services
Room walls were too thin. Noise from next room was jhyau.,2,2/15/2023,code_mixed,1,1,hotel_restaurant
Soup was hot and fresh. Thik cha overall.,4,9/8/2024,code_mixed,1,1,food
Flashlight is very bright. Worth the money.,5,12/4/2022,english,0,0,product
Traffic jams everywhere. Late reached today.,3,11/12/2023,english,0,0,transportation
Dishhome signal disturbance during rain. Jhyau lagne.,2,5/20/2024,code_mixed,1,1,services
Best service ever. Highly recommended for tourists.,5,7/25/2022,english,0,0,hotel_restaurant
Ice cream was melting when delivered. Not happy.,2,6/18/2023,english,0,0,food
Table fan makes too much noise. Jhyau vayo.,2,8/1/2024,code_mixed,1,1,product
Rider kasto ramro thiyo. Safe driving.,5,1/9/2023,romanized_nepali,1,1,transportation
Passport office management is terrible. Chaos every time.,1,10/15/2024,english,0,0,services
Hotel view ramro cha tara food mehango cha.,3,9/5/2022,romanized_nepali,1,1,hotel_restaurant
Momo mitho cha tara queue lastai thulo huncha.,4,12/22/2023,romanized_nepali,1,1,food
Keyboard looks dami with RGB light.,5,4/10/2024,code_mixed,1,1,product
Bike servicing ramro bhayo. Engine sound babbal cha.,5,11/19/2022,code_mixed,1,1,transportation
The hospital staff were very professional.,5,7/30/2023,english,0,0,services
Breakfast menu limited thyo. Taste thikai cha.,3,2/5/2024,code_mixed,1,1,hotel_restaurant
Burger was soggy. Not fresh at all.,1,3/12/2023,english,0,0,food
Iron heats up quickly. Good for the price.,4,9/20/2024,english,0,0,product
Rider was late but polite. Traffic was bad.,4,4/15/2022,english,0,0,transportation
Internet support always busy. Lastai jhyau.,2,11/28/2023,code_mixed,1,1,services
Paisa vasool hotel. Room kasto thulo thiyo.,5,6/15/2024,romanized_nepali,1,1,hotel_restaurant
Coffee and cake combination was babbal.,5,5/10/2023,code_mixed,1,1,food
The trimmer stopped working in 3 months.,2,8/22/2022,english,0,0,product
Indrive driver charged more than app price.,1,12/5/2024,english,0,0,transportation
Gym ko fees mahango cha tara environment babbal.,4,10/18/2023,code_mixed,1,1,services
The garden view room was great. Paisa vasool.,5,1/12/2024,code_mixed,1,1,hotel_restaurant
Fried rice thik thyo tara salt dherai bhayecha.,3,11/30/2022,romanized_nepali,1,1,food
Bag color is different than the photo.,2,2/20/2023,english,0,0,product
Pathao ride was convenient. Safely reached.,5,9/11/2024,english,0,0,transportation
Customer service was very helpful with my query.,5,5/2/2022,english,0,0,services
Hot shower worked well. Room was warm.,5,12/14/2023,english,0,0,hotel_restaurant
Samosa kasto mitho. Fresh thiyo.,5,3/25/2024,romanized_nepali,1,1,food
Bottle cap is leaking. Not happy with quality.,2,1/18/2023,english,0,0,product
Rider was smoking during the ride. Very bad.,1,7/22/2024,english,0,0,transportation
Payment failed but amount deducted. Fix it.,1,12/10/2022,english,0,0,services
Dinner was delay but taste dami thyo.,4,10/30/2023,code_mixed,1,1,hotel_restaurant
Ice cream selection was huge. Babbal cha.,5,11/4/2024,code_mixed,1,1,food
The watch strap is comfortable. Nice design.,5,4/12/2023,english,0,0,product
Micro ride lastai garo. Seat xaina.,2,9/14/2022,code_mixed,1,1,transportation
Laundry service ramro cha. Kapada safa cha.,4,1/20/2024,romanized_nepali,1,1,services
Stay was comfortable. Friendly environment.,4,6/28/2023,english,0,0,hotel_restaurant
Cold drinks were not cold. Service poor.,2,5/19/2024,english,0,0,food
Heater works fine. Light weight cha.,4,2/11/2023,code_mixed,1,1,product
Traffic le garda 1 hour lagyo today.,3,10/25/2022,code_mixed,0,0,transportation
Bank account open garna lastai jhyau line thyo.,2,8/30/2024,code_mixed,1,1,services
Staffs are polite. View is babbal.,5,9/12/2023,code_mixed,1,1,hotel_restaurant
Khaja set thik thak thiyo. Price is okay.,3,12/14/2024,code_mixed,1,1,food
Mobile display cracked in small drop. Low quality.,1,7/4/2022,english,0,0,product
Rider arrived in 2 mins. Super fast.,5,11/20/2023,english,0,0,transportation
Fiber net is down again. Every month problem.,1,3/5/2024,english,0,0,services
Hotel location ramro thiyo. Paisa vasool.,4,6/18/2022,code_mixed,1,1,hotel_restaurant
Tarkari was too spicy. Gas bhayo malai.,2,1/25/2023,code_mixed,0,0,food
Laptop bag is strong. Dherai space cha.,5,10/30/2024,code_mixed,1,1,product
Taxi driver behavior bad. Too much bargaining.,2,5/15/2023,english,0,0,transportation
Customer care fixed the issue quickly.,5,12/28/2022,english,0,0,services
Breakfast thik thak thyo. Staff slow thie.,3,2/14/2024,code_mixed,1,1,hotel_restaurant
Chicken curry kasto mitho. Fresh thiyo.,5,8/8/2023,romanized_nepali,1,1,food
Water tank is high quality. Durable lagyo.,5,4/20/2024,code_mixed,1,1,product
Road condition was bad but rider was careful.,4,3/30/2022,english,0,0,transportation
Mobile recharge slow cha app bata.,3,11/2/2023,code_mixed,0,0,services
Stay was dami. Pool was very clean.,5,1/10/2025,code_mixed,1,1,hotel_restaurant
Lassi quantity dherai kam thyo for the price.,2,6/25/2024,code_mixed,0,0,food
The mouse pad is very soft. Babbal cha.,5,9/14/2023,code_mixed,1,1,product
Public transport is just too crowded.,1,10/10/2022,english,0,0,transportation
Service center was helpful. Problem resolved.,5,11/19/2024,english,0,0,services
Night stay ramro thyo tara AC noise thyo.,3,2/28/2023,code_mixed,1,1,hotel_restaurant
Momo was late but babbal taste.,4,10/2/2024,code_mixed,1,1,food
USB light is useful for studies. Thik cha.,4,7/22/2023,code_mixed,1,1,product
Rider was good but pathao fare is rising.,3,11/15/2022,english,0,0,transportation
ISP support line works sometimes only.,2,5/30/2024,english,0,0,services
Room was too small. Not worth the price.,2,1/14/2023,english,0,0,hotel_restaurant
Khana was dami. Best thakali ever.,5,12/10/2024,code_mixed,1,1,food
Phone cover got dirty very fast.,3,8/5/2022,english,0,0,product
Traffic was jhyau tara rider safely pugayo.,4,6/18/2023,code_mixed,1,1,transportation
Laundry staff was polite. Clothes clean thyo.,5,3/22/2024,code_mixed,1,1,services
Paisa vasool hotel stay experience.,5,12/30/2022,code_mixed,1,1,hotel_restaurant
Veg momo was okay. Sauce mitho thyo.,4,8/11/2024,code_mixed,1,1,food
Cable wires broke after 2 weeks. Poor.,1,4/4/2023,english,0,0,product
Rider was friendly. Overall good ride.,5,9/12/2022,english,0,0,transportation
Internet speed is not as promised. Slow cha.,2,1/25/2024,english,0,0,services
Hotel was great but parking was jhyau.,3,11/20/2023,code_mixed,1,1,hotel_restaurant
Paneer naan was dami. Loved it.,5,7/30/2024,code_mixed,1,1,food
Printer setup was a bit difficult for me.,3,5/18/2022,english,0,0,product
InDrive rider arrived on time today.,5,10/14/2023,english,0,0,transportation
Passport renewal process is just terrible.,1,4/12/2024,english,0,0,services
Garden view was babbal. Room tidy thyo.,5,1/22/2023,code_mixed,1,1,hotel_restaurant
Chicken momo lastai mitho thyo.,5,11/5/2024,romanized_nepali,1,1,food
Fan noise is too much. Bad product.,2,10/30/2022,english,0,0,product
Rider kasto wild driving gareko. Scared.,2,8/11/2023,code_mixed,1,1,transportation
Gym environment is great. Highly recommend.,5,2/14/2024,english,0,0,services
Room service was slow but food thik cha.,3,5/25/2023,code_mixed,1,1,hotel_restaurant
Soup kasto cold thiyo. Disappointed.,2,10/9/2024,code_mixed,1,1,food
Bottle design ramro cha. Easy to carry.,5,9/30/2023,code_mixed,1,1,product
Micro bus dherai khacho thyo. No space.,2,4/12/2022,code_mixed,0,0,transportation
ATM works smoothly. No issues found.,5,1/18/2024,english,0,0,services
Stay was comfortable. Friendly staff.,5,12/5/2023,english,0,0,hotel_restaurant
Fried rice was babbal. Quick service.,5,6/12/2024,code_mixed,1,1,food
T-shirt size not accurate. Small lagyo.,3,11/19/2022,code_mixed,1,1,product
Rider reached location accurately. Nice.,5,3/25/2023,english,0,0,transportation
Fiber net connection is very stable.,5,8/30/2024,english,0,0,services
Breakfast was great. Paisa vasool vayo.,5,7/15/2023,code_mixed,1,1,hotel_restaurant
Momo was thik thak. Service slow thyo.,3,4/10/2024,code_mixed,1,1,food
Laptop skin quality is dami. Looks cool.,5,12/5/2022,code_mixed,1,1,product
Pathao ride was smooth. Safe rider.,5,9/12/2023,english,0,0,transportation
Customer service response was very late.,2,11/10/2024,english,0,0,services
Stay was fine but parking was limited.,3,6/25/2023,english,0,0,hotel_restaurant
Thukpa was babbal. Especially in winter.,5,1/18/2024,code_mixed,1,1,food
Keyboard keys sticking after month.,2,9/30/2022,english,0,0,product
Traffic jams were jhyau today ride ma.,3,11/15/2023,code_mixed,1,1,transportation
Laundry service was very prompt. Nice.,5,5/20/2024,english,0,0,services
Room view was dami. Loved the stay.,5,4/12/2023,code_mixed,1,1,hotel_restaurant
Burger was spicy but mitho thiyo.,4,9/8/2024,code_mixed,1,1,food
Mobile case is thik thak for price.,4,6/18/2022,code_mixed,1,1,product
Rider was professional. Good journey.,5,8/30/2023,english,0,0,transportation
Internet speed is quite slow tonight.,2,12/5/2024,english,0,0,services
Stay was comfortable. Hot water issue.,4,2/14/2023,english,0,0,hotel_restaurant
"Pathao rider kasto ramro thyo, safely pugaidiyo.",5,5/12/2024,romanized_nepali,1,1,transportation
The pizza was cold when it arrived. Very disappointed.,2,11/20/2023,english,0,0,food
Room view dami thiyo tara bathroom ali sano thyo.,4,1/15/2024,code_mixed,1,1,hotel_restaurant
"Delivery lastai fast aayo, product pani thik cha.",5,8/22/2023,code_mixed,1,1,product
Internet provider is so slow. Jhyau lagne response.,1,2/1/2025,code_mixed,1,1,services
"Momo mitho thyo, thik cha price pani.",4,3/30/2024,romanized_nepali,1,1,food
"Taxi driver le meter ma jana mane na, dherai bargaining.",2,6/18/2023,romanized_nepali,0,0,transportation
Excellent service and very polite staff. Highly recommend!,5,9/5/2024,english,0,0,services
"Paisa vasool experience, best hotel in Pokhara.",5,12/10/2022,code_mixed,1,1,hotel_restaurant
The quality of the shoes is very poor. Broke in a week.,1,4/14/2023,english,0,0,product
Food thik thak thyo but service lastai slow thiyo.,3,10/11/2024,code_mixed,1,1,food
Pathao ride was smooth and reached on time.,5,2/25/2023,english,0,0,transportation
"Khana kasto babbal thiyo, try garnu parne thau ho.",5,7/19/2024,romanized_nepali,1,2,food
Product looks different than photos. Disappointed.,2,5/30/2022,english,0,0,product
Staffs were very helpful. Ambience was kasto ramailo.,5,1/8/2025,code_mixed,1,1,hotel_restaurant
"Banking service too slow, euta kam lai ghantau lagcha.",2,11/4/2023,code_mixed,0,0,services
Scooter ko servicing thik cha tara bill ali dherai huncha.,3,2/14/2024,code_mixed,1,1,transportation
Mitho chiya and snacks. Friendly environment.,4,8/17/2022,code_mixed,1,1,food
Keyboard keys stuck after 2 weeks. Not good product.,1,9/29/2023,english,0,0,product
Wait time dherai thyo tara food dami thyo.,4,6/21/2024,code_mixed,1,1,food
Food dami thyo tara service ali slow lagyo malai.,4,11/12/2023,code_mixed,1,1,food
The room was very clean and the staff was friendly.,5,1/5/2024,english,0,0,hotel_restaurant
"Pathao rider dherai fast thyo, kasto dar lagyo.",2,9/15/2022,romanized_nepali,1,1,transportation
Product ramro cha tara delivery huna 1 week lagyo.,3,4/22/2023,code_mixed,1,1,product
"Internet support lastai jhyau cha, phone nai uthaudaina.",1,2/3/2025,code_mixed,1,2,services
Momo mitho cha tara achar ali kam bhayo.,4,8/19/2024,romanized_nepali,1,1,food
Paisa vasool experience! Best place to visit with family.,5,12/25/2023,code_mixed,1,1,hotel_restaurant
The laptop heating issue is still there after servicing.,2,5/10/2024,english,0,0,services
Indrive driver was polite. Safe ride and cheap fare.,5,11/30/2022,english,0,0,transportation
"Yo product kasto babbal cha, sabailai recommend garchu.",5,2/14/2024,romanized_nepali,1,1,product
Thakali set was average. Nothing special for the price.,3,7/8/2023,english,0,0,food
Room service slow thyo tara staff haru polite thie.,3,9/21/2024,code_mixed,0,0,hotel_restaurant
"Micro bus ma sit pauna lastai garo, dherai rush thyo.",2,1/12/2023,romanized_nepali,1,1,transportation
Beauty salon was clean and staff were very professional.,5,1/20/2025,english,0,0,services
Mobile case quality thik cha tara color ali change bhayecha.,3,8/5/2022,code_mixed,1,1,product
Khana mitho thyo tara waiting time 45 mins lagyo.,3,4/12/2024,romanized_nepali,1,1,food
The hotel was quite noisy at night. Couldn't sleep well.,2,10/30/2023,english,0,0,hotel_restaurant
"Bike servicing ramro bhayo, engine sound babbal aairacha.",5,11/5/2024,code_mixed,1,1,transportation
Ordered a pizza and it was cold. Worst experience.,1,3/18/2022,english,0,0,food
"Gym ko environment dami cha, instructors are helpful.",5,6/30/2024,code_mixed,1,1,services
Size ali thulo vayo tara exchange garna jhyau lagyo.,3,2/28/2023,romanized_nepali,1,1,product
Resort was beautiful. Staffs were dami and polite.,5,2/1/2025,code_mixed,1,1,hotel_restaurant
Pathao fare is too high during rain. Not fair.,2,8/14/2023,english,0,0,transportation
Internet speed is babbal today. Hopefully it stays like this.,5,12/10/2024,code_mixed,1,1,services
Burger thik thak thyo tara sauce ali kam vayo.,3,5/22/2022,romanized_nepali,1,1,food
The watch is genuine. Battery life is also good.,5,7/3/2024,english,0,0,product
"Hotel ko location ramro thiyo, view dami dekhine.",4,9/17/2023,romanized_nepali,1,1,hotel_restaurant
Taxi le meter ma jana mane na. Lastai jhyau.,1,12/1/2022,romanized_nepali,1,2,transportation
Banking service is so slow. Line was very long.,2,1/25/2024,english,0,0,services
"Chicken roast lastai kado thyo, khana sakiye na.",1,6/12/2023,romanized_nepali,1,1,food
Screen protector was easy to apply. Good quality.,5,3/30/2024,english,0,0,product
Room clean thyo tara AC le sound dherai nikalira thyo.,3,11/14/2023,code_mixed,1,1,hotel_restaurant
Rider was polite and followed all traffic rules.,5,7/19/2022,english,0,0,transportation
"Courier service fast aayo, packing pani ramro thiyo.",5,10/2/2024,romanized_nepali,1,1,services
Momo was juicy and tasty. Paisa vasool deal.,5,4/5/2023,code_mixed,1,1,food
The shoes started peeling off after 3 months.,2,2/14/2022,english,0,0,product
Check-in was quick. Room was kasto ramailo and warm.,5,12/15/2024,code_mixed,1,1,hotel_restaurant
Micro ride during morning is a nightmare. Too crowded.,1,5/18/2023,english,0,0,transportation
ISP connection is not stable at all. Very annoying.,1,8/27/2024,english,0,0,services
"Coffee kasto mitho, perfect for a rainy day.",5,6/10/2022,romanized_nepali,1,1,food
"Momo kasto mitho thiyo, jhol achar chai ali dherai piro bhayecha.",4,5/12/2024,romanized_nepali,1,1,food
The laptop bag is durable. Enough space for charger and mouse too.,5,11/19/2023,english,0,0,product
"Pathao rider was safe. Helmet pani clean thiyo, good service.",5,8/4/2022,code_mixed,1,1,transportation
Internet speed lastai jhyau cha aajkal. Support lai phone garda uthaudaina.,1,2/28/2024,romanized_nepali,1,2,services
Stay was comfortable but breakfast menu ali limited lagyo.,3,1/10/2025,code_mixed,0,0,hotel_restaurant
"Biryani kasto oily thiyo, taste pani khasai ramro chaina.",2,6/15/2023,romanized_nepali,1,1,food
The trimmer stopped working after two months. Not worth the money.,1,9/2/2024,english,0,0,product
InDrive rider arrived on time. Polite behavior and safe driving.,5,3/22/2023,english,0,0,transportation
Bank ko staff haru dherai slow cha. Line ma ghantau basnu parcha.,2,12/5/2022,code_mixed,0,0,services
Paisa vasool experience. Pool was clean and room was babbal.,5,7/14/2024,code_mixed,1,2,hotel_restaurant
"Chiya kasto mitho thiyo, thau pani kasto ramailo.",5,5/20/2023,romanized_nepali,1,2,food
Bluetooth speaker sounds dami. Battery lasts for long hours.,5,11/1/2024,code_mixed,1,1,product
"Micro bus dherai khacho thiyo, saas ferna pani garo vayo.",1,8/30/2023,romanized_nepali,0,0,transportation
The dentist was very professional. Minimal pain during the procedure.,5,4/18/2024,english,0,0,services
Dinner was okay but price dherai mahango lagyo malai.,3,10/25/2022,code_mixed,0,0,hotel_restaurant
Keema noodles lastai spicy thiyo. Piro khana nasakne lai garo huncha.,4,2/14/2023,romanized_nepali,1,1,food
Phone case color faded in just a week. Poor quality.,2,6/10/2024,english,0,0,product
"Taxi driver le meter ma jana mane na, dherai bargaining garyo.",2,9/5/2023,romanized_nepali,0,0,transportation
Courier support team is very helpful. Parcel reached on time.,5,7/28/2022,english,0,0,services
Staff haru friendly thie tara checkout process lastai slow thyo.,3,12/25/2024,code_mixed,1,1,hotel_restaurant
"Burger thik thak thiyo, potato wedges chai dami.",4,1/15/2023,code_mixed,1,1,food
The t-shirt fabric is very soft. Fits perfectly.,5,3/12/2024,english,0,0,product
Public bus journey lastai tiring vayo. Seat pani thik thiena.,2,11/20/2022,code_mixed,1,1,transportation
Government office kam garna dherai jhyau. Line matrai cha.,1,11/10/2023,code_mixed,1,1,services
Resort ko garden kasto ramailo. Peaceful environment.,5,2/5/2025,romanized_nepali,1,1,hotel_restaurant
"Thukpa lastai mitho thyo, chiso ma khada babbal vayo.",5,12/18/2023,romanized_nepali,1,2,food
Keyboard lighting sounds babbal tara keys dherai noise garcha.,4,10/15/2024,code_mixed,1,1,product
"Rider kasto wild thiyo, dherai lane jump gareko.",2,5/30/2023,romanized_nepali,1,1,transportation
Best laundry service. Kapada haru fresh and clean aayo.,5,9/14/2022,code_mixed,1,1,services
Stay was fine but the washroom was not maintained properly.,2,8/8/2024,english,0,0,hotel_restaurant
"Pizza base lastai hard thiyo, chewing gum jasto.",1,4/22/2023,romanized_nepali,1,1,food
"Water bottle leak huncha, quality thik chaina.",2,6/18/2022,romanized_nepali,1,1,product
Sajha bus was on time and seats were comfortable.,4,1/20/2024,english,0,0,transportation
Internet was down for two days. Support didn't respond quickly.,1,7/12/2023,english,0,0,services
Hotel view ramro cha tara khana dherai mahango cha.,3,2/14/2024,code_mixed,1,1,hotel_restaurant
"Momo ko size dherai sano vayo, taste chai thik cha.",3,11/5/2023,romanized_nepali,1,1,food
"Laptop skin kasto babbal dekhincha, highly recommended.",5,6/25/2024,code_mixed,1,1,product
"Pathao rider kasto ramro thiyo, safe feel garyo.",5,10/30/2022,romanized_nepali,1,1,transportation
Dishhome signal dherai katcha water pareko bela.,2,5/15/2023,code_mixed,0,0,services
"Dinner was delicious, staff behavior also very polite.",5,3/18/2024,english,0,0,hotel_restaurant
Lassi mitho thiyo tara glass dherai sano lagyo malai.,3,8/20/2023,romanized_nepali,1,1,food
Smart watch sensor is not working correctly. Waste of money.,1,9/12/2024,english,0,0,product
Micro ride in Kathmandu is always a nightmare. Too crowded.,1,11/15/2022,english,0,0,transportation
E-sewa load garna dherai time lagyo server error le.,2,1/10/2023,code_mixed,0,0,services
Paisa vasool hotel. Room was spacious and very clean.,5,11/20/2024,code_mixed,1,1,hotel_restaurant
Chicken curry mitho thiyo tara dherai spicy vayo.,4,4/12/2023,romanized_nepali,1,1,food
The iron heats up quickly. Good for the price.,4,7/4/2022,english,0,0,product
Traffic jams le garda rider late vayo but behavior good thiyo.,4,5/30/2024,code_mixed,0,0,transportation
ISP customer support line busy matrai huncha sadhai.,2,10/18/2023,code_mixed,0,0,services
Stay was fine but parking space dherai thurei cha.,3,1/15/2024,code_mixed,1,1,hotel_restaurant
Paneer butter masala dami thiyo tara naan ali kado lagyo.,4,7/22/2023,romanized_nepali,1,1,food
The mouse clicks are silent. Good for office work.,5,8/11/2024,english,0,0,product
Indrive driver le app ko vanda dherai paisa magyo.,1,9/30/2022,code_mixed,1,1,transportation
The hospital staff were very professional and helpful.,5,12/5/2024,english,0,0,services
Breakfast menu was boring. Every day same items.,2,2/28/2023,english,0,0,hotel_restaurant
"Soup kasto cold thiyo morning ma, ramro vaye na.",2,10/9/2024,code_mixed,1,1,food
Mobile display cracked in a small drop. Low quality skin.,1,3/14/2022,english,0,0,product
Pathao ride was smooth but rider was talking on phone.,3,11/15/2023,english,0,0,transportation
Passport office management is terrible. Chaos everywhere.,1,4/12/2024,english,0,0,services
"Resort was dami, pool side kasto ramailo vayo stay.",5,1/22/2023,code_mixed,1,2,hotel_restaurant
Veg thali mitho thiyo tara daal ali patalo bhayecha.,3,11/5/2024,romanized_nepali,1,1,food
Charging cable charge garna dherai time lagcha. Slow cha.,2,10/30/2022,romanized_nepali,0,0,product
"Rider kasto wild driving gareko, kasto dar lagyo.",2,8/11/2023,romanized_nepali,1,1,transportation
Gym environment is great. Highly recommended for beginners.,5,2/14/2024,english,0,0,services
"Staff behavior was thik thak, room ali sano lagyo malai.",3,5/25/2023,code_mixed,1,1,hotel_restaurant
"Chicken momo lastai dami, achar ko taste pani mitho.",5,7/2/2024,romanized_nepali,1,2,food
Water heater works babbal. Winter ma thik cha.,5,10/9/2023,code_mixed,1,1,product
Sajha bus journey was cheap but dherai time lagyo.,3,12/10/2022,code_mixed,0,0,transportation
Fast banking service. ATM works smoothly every time.,5,12/10/2024,english,0,0,services
Room view kasto ramailo. Peaceful place to stay.,5,9/12/2023,romanized_nepali,1,1,hotel_restaurant
Fried rice thik thak thiyo tara tel dherai bhayecha.,3,12/14/2024,romanized_nepali,1,1,food
Earbuds one side stopped working. Fraud experience lagyo.,1,3/19/2022,code_mixed,1,1,product
Pathao rider kasto ramro behavior thiyo. Safe ride.,5,11/20/2023,romanized_nepali,1,1,transportation
Fiber net connection is very stable. No downtime.,5,8/30/2024,english,0,0,services
Ambience ramro thiyo tara room ma dherai noise thiyo.,3,2/28/2023,code_mixed,1,1,hotel_restaurant
Chicken burger was juicy. Babbal experience thiyo.,5,6/12/2024,code_mixed,1,1,food
The laptop keyboard keys are a bit tight. Not smooth.,3,11/19/2022,english,0,0,product
Taxi fare was dherai mahango for such a short distance.,2,6/18/2023,code_mixed,1,1,transportation
Internet support always busy during peak hours. Jhyau.,2,1/25/2024,code_mixed,1,1,services
Breakfast was great. Paisa vasool stay for sure.,5,7/15/2023,code_mixed,1,1,hotel_restaurant
Coffee and cake combination was babbal. Loved it.,5,3/22/2024,code_mixed,1,1,food
The monitor has some dead pixels. Disappointed.,2,9/30/2022,english,0,0,product
Rider kasto polite thiyo. Followed all traffic rules.,5,3/25/2023,romanized_nepali,1,1,transportation
The barber knows his job well. Best haircut in town.,5,5/20/2024,english,0,0,services
Room view was dami. Loved the balcony setup.,5,11/20/2023,code_mixed,1,1,hotel_restaurant
Momo was okay. Service slow vayo aajkal.,3,8/11/2024,code_mixed,1,1,food
Fan noise is too much. Couldn't sleep properly.,2,6/18/2022,english,0,0,product
Traffic jams were jhyau today ride ma. 1 hour lagyo.,3,12/5/2023,code_mixed,1,1,transportation
Laundry service was very prompt. Kapada clean thyo.,5,1/18/2024,code_mixed,1,1,services
Hotel location ramro thiyo tara parking ali jhyau lagyo.,3,4/12/2023,romanized_nepali,1,2,hotel_restaurant
Paneer naan was dami. Side gravy was also fresh.,5,9/8/2024,code_mixed,1,1,food
Mobile case is thik thak for this cheap price.,4,5/18/2022,code_mixed,1,1,product
Rider arrived in 2 mins. Super fast and reliable.,5,10/14/2023,english,0,0,transportation
Fiber net support line works sometimes only. Irritating.,2,4/12/2024,english,0,0,services
Stay was comfortable but hot water check garnu parne.,4,1/22/2023,code_mixed,0,0,hotel_restaurant
Burger was spicy but kasto mitho thiyo.,4,11/5/2024,romanized_nepali,1,1,food
The printer setup was a bit difficult for me.,3,11/30/2022,english,0,0,product
InDrive rider arrived on time today. Good service.,5,8/11/2023,english,0,0,transportation
Passport renewal process is just terrible. So slow.,1,2/14/2024,english,0,0,services
Garden view was babbal. Room tidy and clean thyo.,5,5/25/2023,code_mixed,1,1,hotel_restaurant
Chicken momo lastai mitho thiyo. Must try!,5,10/9/2024,romanized_nepali,1,1,food
T-shirt size not accurate. Small lagyo malai.,3,4/12/2022,code_mixed,1,1,product
Rider kasto polite behavior. Safely reached home.,5,12/5/2023,code_mixed,1,1,transportation
The hospital staffs were very patient with us.,5,6/12/2024,english,0,0,services
Stay was dami. Pool was clean and warm.,5,9/30/2023,code_mixed,1,1,hotel_restaurant
Fried rice was babbal today. Quick service too.,5,12/10/2024,code_mixed,1,1,food
The mouse pad is very soft. Babbal quality.,5,7/4/2022,code_mixed,1,1,product
Micro bus was late and dherai khacho thyo.,2,11/20/2023,romanized_nepali,1,1,transportation
ATM works smoothly. No technical issues found.,5,3/5/2024,english,0,0,services
Hotel was great but parking was dherai jhyau.,3,1/14/2023,code_mixed,1,1,hotel_restaurant
Paneer naan kasto dami. Achar was also fresh.,5,8/30/2024,code_mixed,1,1,food
Phone cover got dirty very fast. Low quality.,3,12/5/2022,english,0,0,product
Traffic jams was jhyau tara rider safely pugayo.,4,9/12/2023,code_mixed,1,1,transportation
Laundry staff polite behavior. Clothes clean thyo.,5,11/10/2024,code_mixed,1,1,services
Paisa vasool experience stay ma. Rooms were big.,5,6/25/2023,code_mixed,1,1,hotel_restaurant
Veg momo was okay. Sauce kasto mitho thiyo.,4,1/18/2024,code_mixed,1,1,food
Cable wires broke after 2 weeks. Fraud quality.,1,9/30/2022,english,0,0,product
Rider kasto polite behavior. Good safe ride.,5,4/12/2023,code_mixed,1,1,transportation
Internet speed is quite slow tonight. Not happy.,2,9/8/2024,english,0,0,services
Stay was comfortable. Hot water was babbal.,4,2/14/2023,code_mixed,1,1,hotel_restaurant
Cold drinks were not cold properly. Bad service.,2,5/19/2024,english,0,0,food
Heater works fine. Light weight cha easy use.,4,11/15/2023,code_mixed,1,1,product
Traffic le garda late vayo rider but behavior ok.,3,6/18/2022,code_mixed,0,0,transportation
Bank account open garna lastai jhyau thiyo.,2,3/22/2024,code_mixed,1,1,services
Staffs are polite. View from hotel is babbal.,5,8/30/2023,code_mixed,1,1,hotel_restaurant
Khaja set thik thak thiyo. Reasonable price.,3,12/5/2024,code_mixed,1,1,food
Iron heats up quickly. Good performance product.,4,4/15/2022,english,0,0,product
Indrive rider was safety conscious. Highly recommend.,5,6/28/2023,english,0,0,transportation
Fiber net support line always busy. Very poor.,2,10/30/2024,english,0,0,services
Room view was dami. Balcony setup was nice.,5,5/10/2023,code_mixed,1,1,hotel_restaurant
Chicken curry mitho thiyo tara ali dherai tel.,3,7/30/2024,romanized_nepali,1,1,food
USB light useful study ma. Thik cha product.,4,2/28/2022,code_mixed,1,1,product
Rider kasto ramro behavioral. Safe and fast.,5,9/14/2023,code_mixed,1,1,transportation
Internet speed not as promised. Service poor.,2,11/19/2024,english,0,0,services
Stay was comfortable. Hot water issue fix garyo.,4,12/5/2023,code_mixed,1,1,hotel_restaurant
Momo was late arrival but dami taste thiyo.,4,6/15/2024,code_mixed,1,1,food
Laptop skin quality dami. Looks cool truly.,5,8/5/2022,code_mixed,1,1,product
Pathao ride smoothly. Safely reached home.,5,4/4/2023,english,0,0,transportation
Customer service response very late today.,2,9/11/2024,english,0,0,services
Paisa vasool experience hotel stay ma.,5,11/28/2023,code_mixed,1,1,hotel_restaurant
Thukpa babbal taste especially winter ma.,5,3/25/2024,code_mixed,1,1,food
Keyboard keys sticking after one month use.,2,5/12/2022,english,0,0,product
Traffic jams jhyau thiyo ride ma aajkal.,3,7/19/2023,code_mixed,1,1,transportation
Laundry service prompt. Kapada clean aayo.,5,10/15/2024,code_mixed,1,1,services
Room view dami. Loved balcony stay there.,5,3/12/2023,code_mixed,1,1,hotel_restaurant
Burger spicy but kasto mitho lagyo.,4,5/15/2024,code_mixed,1,1,food
Mobile case quality thik thak price ma.,4,9/14/2022,code_mixed,1,1,product
Rider professional behavior. Good safe trip.,5,10/12/2023,english,0,0,transportation
Internet speed slow tonight. Support busy.,2,11/4/2024,english,0,0,services
Stay comfortable. Hot water was babbal.,4,4/12/2023,code_mixed,1,1,hotel_restaurant
Momo kasto mitho. Jhol achar babbal thyo.,5,12/5/2024,romanized_nepali,1,2,food
Mouse smooth and silent. Good for work.,5,8/27/2022,english,0,0,product
Rider arrived on time. Safe and reliable.,5,1/18/2023,english,0,0,transportation
ATM works smoothly. No technical errors.,5,6/25/2024,english,0,0,services
Hotel location ramro tara noise dherai.,3,9/30/2023,code_mixed,1,1,hotel_restaurant
Fried rice thik thyo tara salt dherai.,3,2/14/2024,romanized_nepali,1,1,food
Iron cable broke after few weeks only.,1,10/2/2022,english,0,0,product
Traffic jams jhyau thiyo ride ma aajkal.,3,11/19/2023,code_mixed,1,1,transportation
Beauty parlor thik cha. Price mahango.,3,4/10/2024,code_mixed,1,1,services
Staffs polite behavior. View babbal cha.,5,5/18/2023,code_mixed,1,1,hotel_restaurant
Chicken momo mitho. Quick service thyo.,5,9/12/2024,code_mixed,1,1,food
Laptop skin quality dami. Looks cool.,5,3/22/2022,code_mixed,1,1,product
Rider kasto ramro thiyo. Safe trip garyo.,5,10/15/2023,romanized_nepali,1,1,transportation
ISP connection stable. No downtime found.,5,1/20/2024,english,0,0,services
Stay fine but parking dherai limited thyo.,3,6/25/2023,code_mixed,1,1,hotel_restaurant
Momo was thik thak. Service slow thyo.,3,11/20/2024,code_mixed,1,1,food
Keyboard keys sticking after months use.,2,12/4/2022,english,0,0,product
Rider arrived fast. Good reliable ride.,5,4/12/2023,english,0,0,transportation
Laundry staff polite. Clothes clean thyo.,5,7/22/2024,code_mixed,1,1,services
Hotel view ramro. Room clean and tidy.,5,2/15/2023,romanized_nepali,1,1,hotel_restaurant
Burger spicy but kasto mitho lagyo.,4,9/14/2024,code_mixed,1,1,food
Mobile case is thik thak price ma.,4,5/18/2022,code_mixed,1,1,product
Rider was polite. Overall good safe ride.,5,11/12/2023,english,0,0,transportation
Internet speed slow tonight. Support busy.,2,5/20/2024,english,0,0,services
Stay was comfortable. Hot water was babbal.,4,1/22/2023,code_mixed,1,1,hotel_restaurant
Paneer butter masala dami. Naan soft.,5,10/25/2024,code_mixed,1,1,food
Mouse is smooth silent. Good for work.,5,7/25/2022,english,0,0,product
Rider arrived on time. Safe and reliable.,5,12/25/2023,english,0,0,transportation
ATM works smoothly. No technical issues.,5,8/1/2024,english,0,0,services
Hotel location ramro tara noise dherai.,3,3/30/2023,code_mixed,1,1,hotel_restaurant
"Thakali set kasto mitho thiyo, dal ma ali kam noon bhaye jhan babbal hunthyo.",4,6/11/2024,romanized_nepali,1,2,food
The hotel room was very cold and the heater was not working properly. Jhyau lagyo stay.,2,12/14/2023,code_mixed,1,1,hotel_restaurant
Pathao rider was too slow today. Traffic jam bhayera lastai dhilo bhayo.,3,10/5/2024,code_mixed,1,1,transportation
Ordered a hoodie. Fabric is dami tara size ali tight bhayo.,4,1/20/2023,code_mixed,1,1,product
ISP customer support is a joke. Nobody picks up the phone.,1,3/12/2024,english,0,0,services
Momo kasto babbal thiyo! Jhol achar ko taste unique cha.,5,1/8/2025,romanized_nepali,1,1,food
"Taxi driver le meter ma jana mane na. 500 magira thyo, too expensive.",2,5/22/2023,code_mixed,0,0,transportation
The laptop screen started flickering within a month. Very disappointed.,1,11/15/2022,english,0,0,product
"Parlor service ramro thyo, hair cut kasto dami gardiyo.",5,7/19/2024,code_mixed,1,1,services
Paisa vasool resort. Quiet and very peaceful for weekend.,5,9/30/2023,code_mixed,1,1,hotel_restaurant
"Chicken chowmein kasto oily thiyo, taste khasai chaina.",2,4/12/2024,romanized_nepali,0,0,food
The powerbank is heavy but the backup is great. Dami cha.,5,8/5/2023,code_mixed,1,1,product
Pathao rider kasto polite. He also had an extra helmet.,5,12/25/2022,code_mixed,0,0,transportation
Wifi speed slow vayera jhyau vayo. Watching Netflix is impossible.,2,11/10/2024,code_mixed,1,1,services
Room was clean but the towels were smelling. Average stay.,3,2/14/2023,english,0,0,hotel_restaurant
Chiya kasto mitho. Price chai ali mahango lagyo malai.,4,5/20/2024,romanized_nepali,1,1,food
Mouse is smooth tara left click ali kado cha.,3,10/18/2023,code_mixed,0,0,product
InDrive behavior of driver was not good. Too much attitude.,1,9/8/2022,english,0,0,transportation
Courier support team fixed my delivery issue. Happy with the service.,5,1/30/2024,english,0,0,services
Staff haru kasto ramailo. Food selection was babbal.,5,6/15/2023,code_mixed,1,2,hotel_restaurant
Veg burger kasto mitho thiyo. Fries chai ali dherai noon.,4,8/25/2024,romanized_nepali,1,1,food
Phone cover is cheap but looks dami. Worth it.,5,4/12/2023,code_mixed,1,1,product
"Micro bus kasto crowded thyo, saas ferna pani garo vayo.",1,7/4/2022,romanized_nepali,1,1,transportation
Bank account open garna 3 hours lagyo. Too slow.,2,12/5/2024,english,0,0,services
"Stay kasto thik thak thiyo, view chai ramro thyo.",3,11/20/2023,romanized_nepali,1,1,hotel_restaurant
Mitho thyo biryani tara chicken piece euta matrai thiyo.,3,2/14/2024,romanized_nepali,1,1,food
The trimmer stopped charging after 2 months. Jhyau vayo.,2,1/10/2023,code_mixed,1,1,product
Indrive driver followed all directions. Reached safely.,5,8/11/2022,english,0,0,transportation
E-sewa load garna technical error aayo. Katyo tara load vayena.,1,6/22/2024,code_mixed,0,0,services
Breakfast menu was kasto ramro today. Loved the pancakes.,5,10/30/2023,code_mixed,1,1,hotel_restaurant
Dal bhat thik thak thiyo. Nothing special for tourists.,3,9/14/2024,code_mixed,1,1,food
Laptop skin kasto babbal dekhincha. Highly recommended.,5,5/18/2023,code_mixed,1,1,product
Taxi le meter ma jana mane na. Night charge kasto dherai.,2,11/28/2022,romanized_nepali,1,1,transportation
The hospital staff was very polite and care garyo ramrai sanga.,5,8/30/2024,code_mixed,1,1,services
Room walls were too thin. Neighbor ko noise kasto jhyau aune.,2,3/12/2023,code_mixed,1,2,hotel_restaurant
Keema noodles lastai spicy thiyo. Piro khana nasakne lai garo.,3,7/22/2024,romanized_nepali,1,1,food
USB cable charge garda kasto slow charge huncha.,2,2/18/2023,romanized_nepali,1,1,product
Micro bus kasto full thyo morning ma. Jhyau lagne rush.,1,10/15/2022,romanized_nepali,1,1,transportation
Bank server was down for whole afternoon. Waste of time.,1,11/4/2024,english,0,0,services
Dinner dami thiyo tara quantity ali kam bhayo malai.,4,4/12/2023,romanized_nepali,1,1,hotel_restaurant
Chiya was okay. Samosa chai mitho thiyo.,4,1/25/2024,code_mixed,1,1,food
Smart watch battery is babbal. Lasts 5 days easily.,5,9/12/2023,code_mixed,1,1,product
Rider kasto ramro thiyo. Safety first driving.,5,3/30/2022,romanized_nepali,1,1,transportation
Passport renewal system kasto slow. Waiting for 2 months.,1,12/10/2024,code_mixed,1,1,services
Stay was comfortable. Friendly staff and good view.,5,7/22/2023,english,0,0,hotel_restaurant
Paneer curry mitho tara paneer pieces lastai kam thiyo.,3,5/2/2024,romanized_nepali,1,1,food
Iron works fine tara price chai thik thak cha.,4,9/19/2022,code_mixed,1,1,product
"Taxi driver le bargaining garyo, meter ma gayena.",2,11/28/2023,romanized_nepali,0,0,transportation
Best laundry service near me. Clothes smell fresh.,5,1/18/2024,english,0,0,services
Stay was dami. Paisa vasool for a family trip.,5,12/5/2023,code_mixed,1,2,hotel_restaurant
Chicken fry was crispy and kasto mitho.,5,10/30/2024,code_mixed,1,1,food
Mouse clicks are noisy. Not silent as claimed.,2,11/30/2022,english,0,0,product
Rider kasto fast. 10 mins mai pugaidiyo destination ma.,5,8/11/2023,romanized_nepali,1,1,transportation
ISP connection stable chaina aajkal. Every day problem.,2,2/14/2024,code_mixed,1,1,services
Room view kasto ramailo. Balcony setup thik thak thyo.,4,5/25/2023,romanized_nepali,1,2,hotel_restaurant
Vegetable soup kasto cold aayo. Warm bhaye mitho hunthyo.,2,11/5/2024,romanized_nepali,1,1,food
T-shirt fabric babbal cha tara color different thiyo photos ma.,3,1/22/2023,code_mixed,1,1,product
Rider kasto polite. Reached home safe and sound.,5,10/9/2022,romanized_nepali,1,1,transportation
Cleaning service babbal. Room kasto fresh dekhincha.,5,7/2/2024,romanized_nepali,1,1,services
Stay was average. Staff busy thie call garda ni aayena.,3,9/30/2023,code_mixed,1,1,hotel_restaurant
Thukpa kasto mitho. Chiso weather ma kasto babbal.,5,12/10/2024,romanized_nepali,1,2,food
Earbuds stopped working in 1 week. Worst experience.,1,4/12/2022,english,0,0,product
Pathao ride was smoothly. Safe rider as well.,5,11/20/2023,english,0,0,transportation
Fiber net connection very stable tonight. Babbal speed.,5,3/5/2024,code_mixed,1,1,services
Staff behavior average thyo. Room space ramro thyo.,3,1/14/2023,romanized_nepali,1,1,hotel_restaurant
Momo was okay tara soup ali piro vayo.,3,8/30/2024,code_mixed,1,1,food
Keyboard keys stuck frequently. Not worth it.,2,12/5/2022,english,0,0,product
Traffic jam jhyau lagne Kathmandu ma ride garda.,2,9/12/2023,romanized_nepali,1,1,transportation
Laundry service punctual. Clothes folded perfectly.,5,11/10/2024,english,0,0,services
Paisa vasool hotel rooms. Bed kasto soft thyo.,5,6/25/2023,code_mixed,1,2,hotel_restaurant
Khana mitho tara quantity ali thurei bhayecha.,3,1/18/2024,romanized_nepali,1,1,food
Cable broke after only two weeks. Poor.,1,9/30/2022,english,0,0,product
Rider kasto friendly. Ride was enjoyable too.,5,4/12/2023,romanized_nepali,1,1,transportation
Internet speed slow tonight. Disappointed with ISP.,2,9/8/2024,english,0,0,services
Stay was comfortable. Hot water check garna parthyo.,4,2/14/2023,code_mixed,0,0,hotel_restaurant
Burger was juicy tara bread ali dry thiyo.,3,5/19/2024,code_mixed,1,1,food
Mouse smooth silent clicks. Best for work.,5,11/15/2022,english,0,0,product
Rider kasto ramro. Safety rules followed always.,5,6/18/2023,romanized_nepali,1,1,transportation
ATM connection smooth tonight. No technical errors.,5,3/22/2024,english,0,0,services
Hotel view ramro thyo tara noise dherai.,3,8/30/2023,romanized_nepali,1,1,hotel_restaurant
Fried rice thik thyo tara salt dherai.,3,12/5/2024,romanized_nepali,1,1,food
Iron heats up quickly. Good performance product.,4,4/15/2022,english,0,0,product
Rider arrived safely on time. Polite guy.,5,1/20/2023,english,0,0,transportation
ISP customer line always busy. Very poor.,2,8/30/2024,english,0,0,services
Stay fine tara bathroom ali sano thyo.,3,9/12/2023,romanized_nepali,1,1,hotel_restaurant
Paneer curry mitho. Sauce kasto babbal thyo.,5,12/14/2024,code_mixed,1,2,food
Laptop skin looks dami. Truly worth it.,5,3/22/2022,code_mixed,1,1,product
Micro bus dherai late aayo morning ma.,2,11/20/2023,romanized_nepali,1,1,transportation
Salon staffs were polite and professional indeed.,5,3/5/2024,english,0,0,services
Hotel was great but parking space limited.,3,1/14/2023,english,0,0,hotel_restaurant
Fried rice thik thak. Service average thyo.,3,8/30/2024,code_mixed,1,1,food
The trimmer stopped working months after use.,2,12/5/2022,english,0,0,product
Indrive rider safely reached home. Good experience.,5,9/12/2023,english,0,0,transportation
Bank account open garna lastai jhyau line.,2,11/10/2024,code_mixed,1,1,services
Breakfast was great. Paisa vasool vayo stay.,5,6/25/2023,code_mixed,1,1,hotel_restaurant
Chicken momo mitho thiyo. Must try truly.,5,1/18/2024,romanized_nepali,1,1,food
Charging cable charge slow garcha. Thik chaina.,2,9/30/2022,romanized_nepali,1,1,product
Pathao ride smooth ride today safely home.,5,4/12/2023,english,0,0,transportation
ISP customer support always busy phone ma.,2,9/8/2024,code_mixed,1,1,services
Room walls dherai thin noise jhyau aune.,2,2/14/2023,code_mixed,1,1,hotel_restaurant
Momo was okay service slow vayo aajkal.,3,5/19/2024,code_mixed,1,1,food
Mouse smooth and silent clicks. Work thik.,5,11/15/2022,code_mixed,1,1,product
Rider safely reached home. Polite and friendly.,5,6/18/2023,english,0,0,transportation
ATM works smoothly tonight. No errors found.,5,3/22/2024,english,0,0,services
Hotel view ramro room clean thik thak.,4,8/30/2023,romanized_nepali,1,1,hotel_restaurant
Burger was juicy bread bread thiyo tara.,3,12/5/2024,code_mixed,0,0,food
The heater works fine light weight easy.,4,4/15/2022,english,0,0,product
Traffic jams jhyau thiyo ride ma aajkal.,3,1/20/2023,code_mixed,1,1,transportation
Bank line too long management poor today.,1,8/30/2024,english,0,0,services
Stay fine parking space limited thyo truly.,3,9/12/2023,code_mixed,1,1,hotel_restaurant
Pizza base hard base thiyo tasteless truly.,1,12/14/2024,english,0,0,food
Water heater works babbal winter thik cha.,5,3/22/2022,code_mixed,1,2,product
Rider safely reached home. Safe and sound.,5,11/20/2023,english,0,0,transportation
Internet speed not promised service poor truly.,2,3/5/2024,english,0,0,services
Stay fine breakfast limited choices thyo truly.,3,1/14/2023,code_mixed,0,0,hotel_restaurant
Coffee and cake combo was babbal truly.,5,8/30/2024,code_mixed,1,1,food
Mobile case thik thak cheap price truly.,4,12/5/2022,code_mixed,1,1,product
Rider kasto ramro behavior safe driving truly.,5,9/12/2023,code_mixed,1,1,transportation
Courier service punctual clothes perfectly clean truly.,5,11/10/2024,english,0,0,services
Paisa vasool room stay rooms were big.,5,6/25/2023,code_mixed,1,1,hotel_restaurant
Vegetable soup kasto cold aayo warm Mitho.,2,1/18/2024,romanized_nepali,1,1,food
Cable wires broke after week usage truly.,1,9/30/2022,english,0,0,product
Rider polite reached home safely truly home.,5,4/12/2023,english,0,0,transportation
Internet speed slow tonight support busy truly.,2,9/8/2024,english,0,0,services
Stay comfortable hot water babbal stay truly.,4,2/14/2023,code_mixed,1,1,hotel_restaurant
Chicken momo mitho thiyo jhol achar mitho.,5,5/19/2024,romanized_nepali,1,1,food
Mouse smooth clicks silent clicks work thik.,5,11/15/2022,code_mixed,1,1,product
Rider safety rules followed always safely home.,5,6/18/2023,english,0,0,transportation
ATM connection smooth no technical issues found.,5,3/22/2024,english,0,0,services
Hotel view ramro room clean tidy stay.,4,8/30/2023,romanized_nepali,1,1,hotel_restaurant
Burger juicy bread thiyo dry bread tara.,3,12/5/2024,code_mixed,0,0,food
Iron heats quick good performance product truly.,4,4/15/2022,english,0,0,product
Rider arrived safely time polite guy truly.,5,1/20/2023,english,0,0,transportation
ISP customer line always busy very poor.,2,8/30/2024,english,0,0,services
Stay fine bathroom sano thiyo truly sano.,3,9/12/2023,code_mixed,0,0,hotel_restaurant
Momo was late but babbal taste truly.,4,12/14/2024,code_mixed,1,1,food
Laptop skin dami looks truly cool truly.,5,3/22/2022,code_mixed,1,1,product
Rider safely reached home safe trip truly.,5,10/15/2023,english,0,0,transportation
Fiber net stable connection no downtime found.,5,1/20/2024,english,0,0,services
Stay fine parking dherai limited thyo truly.,3,6/25/2023,code_mixed,1,1,hotel_restaurant
Momo was thik thak service slow thyo.,3,11/20/2024,code_mixed,1,1,food
Keyboard keys sticking after months use truly.,2,12/4/2022,english,0,0,product
Rider arrived fast good reliable ride truly.,5,4/12/2023,english,0,0,transportation
Laundry staff polite clothes clean thyo truly.,5,7/22/2024,code_mixed,1,1,services
Hotel view ramro room clean tidy truly.,5,2/15/2023,romanized_nepali,1,1,hotel_restaurant
Burger spicy kasto mitho lagyo truly mitho.,4,9/14/2024,romanized_nepali,1,2,food
Mobile case thik thak price ma truly.,4,5/18/2022,code_mixed,1,1,product
Rider polite overall good safe ride truly.,5,11/12/2023,english,0,0,transportation
Internet speed slow tonight support busy truly.,2,5/20/2024,english,0,0,services
Stay comfortable hot water babbal truly babbal.,4,1/22/2023,code_mixed,1,2,hotel_restaurant
Paneer butter masala dami naan soft truly.,5,10/25/2024,code_mixed,1,1,food
Mouse smooth silent clicks work thik truly.,5,7/25/2022,code_mixed,1,1,product
Rider arrived time safe reliable ride truly.,5,12/25/2023,english,0,0,transportation
ATM works smoothly no technical issues truly.,5,8/1/2024,english,0,0,services
Hotel location ramro noise dherai truly noise.,3,3/30/2023,romanized_nepali,1,1,hotel_restaurant
Fried rice thik salt dherai truly salt.,3,2/14/2024,romanized_nepali,0,0,food
Iron works fine heats quick performance product.,4,9/19/2022,english,0,0,product
Indrive driver safely reached home polite behavior.,5,11/28/2023,english,0,0,transportation
ISP line busy phone busy very poor.,2,1/18/2024,english,0,0,services
Stay fine breakfast choices choices thyo truly.,3,12/5/2023,code_mixed,0,0,hotel_restaurant
"momo ekdum mitho thyo, chutney pani ramro. price reasonable cha",5,8/15/2024,romanized_nepali,1,2,food
The hotel was clean and staff were helpful. Good value for money.,4,11/22/2023,english,0,0,hotel_restaurant
scooter ramro cha tara mileage ali kam dincha,3,2/18/2024,romanized_nepali,1,1,transportation
Service thik thyo but they charged extra for small things,3,7/9/2023,code_mixed,1,1,services
"laptop dami cha, fast performance. paisa vasool ho",5,5/30/2024,code_mixed,1,2,product
"chowmein testo mitho thiyena, price ali expensive lagyo",2,4/12/2023,romanized_nepali,1,1,food
Room was too small and bathroom not clean. Not recommended.,2,12/5/2022,english,0,0,hotel_restaurant
"bike lastai ramro cha, smooth ride huncha. highly recommend",5,9/21/2024,code_mixed,1,1,transportation
plumber came on time and fixed everything quickly. good work,4,1/14/2024,english,0,0,services
"phone battery backup ramro chaina, heating issue pani cha",2,10/8/2023,code_mixed,1,1,product
"thukpa ekdum jhyau thyo, portion size pani thulo",5,6/17/2024,romanized_nepali,1,1,food
hotel location ramro cha but wifi slow huncha,3,9/3/2023,code_mixed,1,1,hotel_restaurant
"cab driver rude thyo, ac pani kaam gardaina",1,3/25/2024,code_mixed,0,0,transportation
"haircut ramro bhayo, barber skilled cha. will come again",5,7/11/2024,code_mixed,1,1,services
"shoes quality babbal cha, comfortable pani cha",5,5/19/2023,code_mixed,1,1,product
buff chilli ali spicy thyo tara taste ramro,4,10/2/2024,code_mixed,1,1,food
"breakfast variety thulo thyo, staff friendly",4,8/28/2023,code_mixed,0,0,hotel_restaurant
"motorcycle engine sound ali dherai cha, maintenance costly",3,4/7/2024,code_mixed,0,0,transportation
"AC repair service thik cha, price reasonable",4,12/16/2023,code_mixed,1,1,services
"headphones sound quality average matra ho, bass weak",3,8/9/2024,english,0,0,product
"pizza base crispy thyo, topping ali kam lagyo",3,6/24/2023,code_mixed,0,0,food
"room service ekdum slow, waited for 45 minutes",2,2/11/2024,english,0,0,hotel_restaurant
"scooter mileage dami cha, city ride ko lagi perfect",5,9/15/2024,code_mixed,1,1,transportation
"electrician professional thyo, kaam safai sanga garyo",5,11/7/2023,code_mixed,0,0,services
watch design ramro cha but strap quality low,3,5/3/2024,code_mixed,1,1,product
"dal bhat tarkari mitho thyo, quantity pani sufficient",4,3/18/2023,romanized_nepali,1,1,food
"hotel view lastai ramro, parking pani available cha",5,7/22/2024,code_mixed,1,1,hotel_restaurant
"cab arrived late, driver arrogant behavior",1,10/29/2023,english,0,0,transportation
"cleaning service ekdum ramro, professional team",5,1/20/2024,code_mixed,1,1,services
"bag material strong cha, value for money",4,8/5/2023,code_mixed,0,0,product
"sekuwa taste babbal, service pani fast",5,11/12/2024,romanized_nepali,1,1,food
Good ambience but food was cold when served,3,4/26/2023,english,0,0,hotel_restaurant
"bike brakes ali weak chan, service center ma leraunu paryo",2,6/8/2024,romanized_nepali,0,0,transportation
"painting service ramro, color matching perfect thyo",5,12/21/2023,code_mixed,1,1,services
"speaker volume kam cha, battery backup pani average",2,3/14/2024,code_mixed,0,0,product
"samosa filling ali kam thyo, price thik cha",3,9/17/2023,romanized_nepali,1,1,food
"Hotel staff were very cooperative, clean rooms",5,10/19/2024,english,0,0,hotel_restaurant
"scooter handling ramro, pickup ali slow",4,5/31/2023,code_mixed,1,1,transportation
"tailor ko kaam ramro, fitting perfect",5,2/27/2024,romanized_nepali,1,1,services
"shirt fabric quality low, color faded after first wash",1,11/14/2023,english,0,0,product
burger patty juicy thyo tara bun soggy,3,8/26/2024,code_mixed,0,0,food
"thik cha, nothing special about this place",3,7/2/2023,code_mixed,1,1,hotel_restaurant
"bike suspension dami cha, long ride comfortable",5,4/18/2024,code_mixed,1,1,transportation
"internet service provider slow speed dincha, customer care pani bekaar",2,10/11/2023,code_mixed,0,0,services
"jacket warm cha, winter ko lagi paisa vasool",5,1/8/2024,code_mixed,1,1,product
"fried rice quantity dherai thyo, taste average",3,6/15/2023,code_mixed,0,0,food
"checkout process slow, reception staff not friendly",2,9/4/2024,english,0,0,hotel_restaurant
"cab clean thyo, driver polite and helpful",5,12/28/2023,code_mixed,0,0,transportation
"laundry service ekdum ramro, clothes properly ironed",5,5/16/2024,code_mixed,1,1,services
sunglasses design babbal but lens scratched easily,3,8/23/2023,code_mixed,1,1,product
"tea mitho thyo, snacks pani fresh",4,11/1/2024,romanized_nepali,1,1,food
"restaurant atmosphere ramro, live music pani thyo",5,3/9/2023,code_mixed,1,1,hotel_restaurant
"scooter tyres quality low, frequently puncture huncha",2,7/29/2024,code_mixed,0,0,transportation
"carpenter kaam ramro garcha, timely delivery",4,11/25/2023,romanized_nepali,1,1,services
"power bank charging slow, capacity as advertised",3,2/5/2024,english,0,0,product
"pani puri pani spicy thyo, chatpate mitho",4,9/20/2023,romanized_nepali,1,1,food
"hotel located in noisy area, difficult to sleep",2,6/13/2024,english,0,0,hotel_restaurant
"bike design modern cha, features lastai dami",5,4/4/2023,code_mixed,1,1,transportation
"massage parlor service relaxing thyo, staff trained",5,10/22/2024,code_mixed,0,0,services
mouse sensor accurate cha but clicks noisy,3,7/8/2023,code_mixed,0,0,product
"noodles ali oily thyo, vegetables fresh",3,3/30/2024,code_mixed,0,0,food
"buffet variety ramro thyo, desserts babbal",5,12/13/2023,code_mixed,1,2,hotel_restaurant
cab fare too expensive for short distance,2,8/19/2024,english,0,0,transportation
"pest control effective thyo, no bugs after treatment",5,5/27/2023,code_mixed,0,0,services
"camera quality dami, video recording smooth",5,11/9/2024,code_mixed,1,1,product
"ice cream flavor unique thyo, presentation ramro",4,2/14/2023,code_mixed,1,1,food
"air conditioning not working, complained but no action",1,7/4/2024,english,0,0,hotel_restaurant
"motorcycle fuel efficiency jhyau, recommended",5,10/16/2023,code_mixed,1,1,transportation
"salon ko haircut ramro, staff friendly",4,1/29/2024,romanized_nepali,1,1,services
keyboard keys responsive but noisy typing,3,8/12/2023,english,0,0,product
"khana set ramro thyo, paisa vasool",4,4/25/2024,romanized_nepali,1,1,food
"hotel near airport, convenient location",4,11/3/2023,english,0,0,hotel_restaurant
"scooter light dim huncha, night riding garo",2,9/27/2024,code_mixed,0,0,transportation
"photo printing quality high, price affordable",5,6/19/2023,english,0,0,services
"earphones sound quality babbal, bass dami",5,12/2/2024,code_mixed,1,2,product
"coffee strong thyo, ambience cozy",4,3/26/2023,code_mixed,0,0,food
"restaurant menu variety dherai, selection garna confusing",3,5/11/2024,code_mixed,0,0,hotel_restaurant
bike seat uncomfortable for long rides,2,9/28/2023,english,0,0,transportation
"courier service fast delivery, tracking system ramro",5,2/17/2024,code_mixed,1,1,services
"backpack pockets dherai chan, organize garna sajilo",4,11/21/2023,code_mixed,0,0,product
"thakali khana set mitho, pickle ekdum ramro",5,8/7/2024,romanized_nepali,1,2,food
"Room service prompt, housekeeping daily",5,4/15/2023,english,0,0,hotel_restaurant
"cab ko meter rigged lagyo, overcharged",1,10/30/2024,code_mixed,0,0,transportation
"gym trainer knowledgeable cha, diet plan pani provide garcha",5,7/23/2023,code_mixed,0,0,services
tripod stable cha but heavy to carry,3,3/19/2024,code_mixed,0,0,product
"lassi thick thyo, taste authentic",5,12/6/2023,code_mixed,0,0,food
"hotel breakfast timing short, missed it twice",2,6/24/2024,english,0,0,hotel_restaurant
"scooter body lightweight, maneuver garna sajilo",4,2/8/2023,code_mixed,0,0,transportation
"mobile repair quick thyo, screen replacement perfect",5,9/13/2024,code_mixed,0,0,services
t-shirt print quality faded after few washes,2,5/1/2023,english,0,0,product
"breakfast ramro thyo, eggs freshly made",4,11/18/2024,code_mixed,1,1,food
"hotel parking space sano cha, car park garna garo",2,8/30/2023,code_mixed,0,0,hotel_restaurant
"bike horn sound weak, traffic ma kaam gardaina",2,4/12/2024,code_mixed,0,0,transportation
"document printing cheap rate, good quality",4,11/29/2023,english,0,0,services
"bluetooth speaker paisa vasool ho, sound babbal",5,7/16/2024,code_mixed,1,2,product
"pastry fresh thyo, coffee strong",4,3/21/2023,code_mixed,0,0,food
"dining area cramped, tables too close together",2,10/5/2024,english,0,0,hotel_restaurant
motorcycle start garna garo huncha winter ma,3,6/11/2023,code_mixed,0,0,transportation
"water purifier installation ramro, technician skilled",5,1/24/2024,code_mixed,1,1,services
"kettle boils fast, capacity sufficient for family",4,9/6/2023,english,0,0,product
"sandwich filling dherai thyo, bread soft",4,5/28/2024,code_mixed,0,0,food
"hotel towels clean, bathroom amenities complete",5,12/19/2023,english,0,0,hotel_restaurant
"scooter storage space kam cha, helmet fit hunna properly",3,8/21/2024,code_mixed,0,0,transportation
"tutoring effective thyo, concept clear bhayo",5,4/28/2023,code_mixed,0,0,services
"wallet stitching quality low, tearing after month",1,11/14/2024,english,0,0,product
"soup hot thyo, croutons crispy",4,7/17/2023,code_mixed,0,0,food
"reception desk understaffed, long waiting time",2,2/23/2024,english,0,0,hotel_restaurant
bike speedometer reading inaccurate cha,2,10/9/2023,code_mixed,0,0,transportation
"wedding photography professional, pictures babbal",5,6/5/2024,code_mixed,1,1,services
"blender motor powerful, blades sharp",5,1/12/2023,english,0,0,product
"biryani rice ali hard thyo, chicken tender",3,9/8/2024,code_mixed,0,0,food
"rooftop dining ramro, city view lastai dami",5,5/14/2023,code_mixed,1,1,hotel_restaurant
"cab seat dirty thyo, overall disappointing ride",1,12/1/2024,code_mixed,0,0,transportation
"DTH installation fast, signal quality ramro",4,8/7/2023,code_mixed,1,1,services
"chair cushioning comfortable, assembly easy",4,3/11/2024,english,0,0,product
"cake decoration ramro, taste pani mitho",5,11/26/2023,romanized_nepali,1,2,food
"waiter service slow thyo, food tasty but delayed",3,7/20/2024,code_mixed,0,0,hotel_restaurant
motorcycle chain loose huncha frequently,2,2/25/2023,code_mixed,0,0,transportation
"Xerox quality clear, price reasonable",4,10/15/2024,english,0,0,services
"fan blade quality plastic weak, vibration dherai",2,6/29/2023,code_mixed,0,0,product
"sushi fresh thyo, presentation beautiful",5,4/22/2024,code_mixed,0,0,food
"Hotel check-in process smooth, staff courteous",5,9/18/2023,english,0,0,hotel_restaurant
"scooter color options limited chan, design outdated",2,1/31/2024,code_mixed,0,0,transportation
"yoga class instructor experienced, atmosphere peaceful",5,12/12/2023,english,0,0,services
"umbrella sturdy cha, wind ma pani stable",4,8/3/2024,code_mixed,0,0,product
"paratha crispy thyo, aloo filling sufficient",4,4/7/2023,code_mixed,0,0,food
"bar drinks overpriced, limited cocktail options",2,11/23/2024,english,0,0,hotel_restaurant
"bike mirrors small chan, rear view ali kam dekhaucha",3,7/31/2023,code_mixed,0,0,transportation
"plumbing work neat, no leakage after repair",5,3/6/2024,english,0,0,services
"mattress firmness perfect, sleep quality improved",5,10/24/2023,english,0,0,product
"spring roll crispy, sauce mitho",4,6/18/2024,code_mixed,1,1,food
"gym equipment old, maintenance poor",2,1/19/2023,english,0,0,hotel_restaurant
"cab driver rash driving garyo, felt unsafe",1,9/25/2024,code_mixed,0,0,transportation
"computer repair quick diagnosis, affordable price",5,5/9/2023,english,0,0,services
"shoes sole comfortable, grip ramro cha",4,12/7/2024,code_mixed,1,1,product
"curry authentic taste, spice level adjustable",5,8/15/2023,english,0,0,food
"pool area dirty, maintenance neglected",1,2/13/2024,english,0,0,hotel_restaurant
scooter footrest position uncomfortable,3,11/8/2023,english,0,0,transportation
"event management team organized, everything smooth thyo",5,5/21/2024,code_mixed,0,0,services
"refrigerator cooling excellent, energy efficient",5,3/2/2023,english,0,0,product
"momos jhyau thiyo, variety pani dherai options",5,10/27/2024,romanized_nepali,1,1,food
"complimentary breakfast basic, limited choices",3,6/3/2023,english,0,0,hotel_restaurant
"bike fuel tank capacity small, frequent refuel garnu parcha",3,7/12/2024,code_mixed,0,0,transportation
"tailoring alteration perfect fit, on time delivery",5,2/16/2023,english,0,0,services
"water bottle leak proof, insulation keeps water cold",5,11/5/2024,english,0,0,product
"salad fresh thyo, dressing babbal",4,9/22/2023,code_mixed,1,1,food
"Hotel elevator slow, often out of service",2,4/16/2024,english,0,0,hotel_restaurant
"scooter dashboard digital clear cha, night ma pani readable",4,12/27/2023,code_mixed,0,0,transportation
"house painting neat work, finished before deadline",5,8/29/2024,english,0,0,services
"lamp brightness adjustable, design modern",4,4/20/2023,english,0,0,product
"juice natural thyo, no artificial flavor",5,1/9/2024,code_mixed,0,0,food
"valet parking unavailable most times, inconvenient",2,7/26/2023,english,0,0,hotel_restaurant
motorcycle vibration dherai huncha high speed ma,2,5/4/2024,code_mixed,0,0,transportation
"dental checkup thorough, dentist gentle",5,10/31/2023,english,0,0,services
"pillow soft cha, neck pain gayab bhayo",5,9/16/2024,code_mixed,0,0,product
"dessert presentation ramro, taste average",3,1/28/2023,code_mixed,1,1,food
"lobby spacious, seating comfortable",4,6/9/2024,english,0,0,hotel_restaurant
"bike paint quality cheap, scratches easily",2,3/15/2023,english,0,0,transportation
"driving instructor patient thyo, learned quickly",5,12/11/2024,code_mixed,0,0,services
"charger cable durable, fast charging",4,8/19/2023,english,0,0,product
"pancake fluffy thyo, syrup sweet",4,2/28/2024,code_mixed,0,0,food
"conference hall facilities complete, projector working",5,11/11/2023,english,0,0,hotel_restaurant
"cab payment options limited, no digital wallet",2,7/24/2024,english,0,0,transportation
"spa massage relaxing thyo, therapist professional",5,4/30/2023,code_mixed,0,0,services
"pen writing smooth, ink quality ramro",4,10/8/2024,code_mixed,1,1,product
"waffle crispy outside, soft inside. dami!",5,6/14/2023,code_mixed,1,1,food
"minibar prices excessive, not value for money",2,3/22/2024,english,0,0,hotel_restaurant
"scooter acceleration slow, pickup improve garnu parcha",3,9/12/2023,code_mixed,0,0,transportation
"tax filing service efficient, consultant helpful",5,1/17/2024,english,0,0,services
"notebook pages smooth, cover design attractive",4,12/30/2023,english,0,0,product
"thik cha, normal khana",3,8/11/2024,romanized_nepali,1,1,food
"Garden area well maintained, peaceful environment",5,5/23/2023,english,0,0,hotel_restaurant
"bike gear shifting smooth, ride enjoyable",5,11/20/2024,english,0,0,transportation
"website design creative, delivery on schedule",5,2/7/2023,english,0,0,services
"microwave heating uneven, control panel confusing",2,6/26/2024,english,0,0,product
"shawarma filling generous, wrap tight",4,10/13/2023,english,0,0,food
"laundry service lost one shirt, compensation inadequate",1,4/1/2024,english,0,0,hotel_restaurant
"cab app interface user friendly, booking easy",4,7/5/2023,english,0,0,transportation
"language class interactive, teacher engaging",5,9/19/2024,english,0,0,services
"glasses frame light cha, comfortable long wear",5,1/23/2023,code_mixed,0,0,product
"croissant buttery, coffee aroma strong",5,5/7/2024,english,0,0,food
"concierge service helpful, arranged tours efficiently",5,11/16/2023,english,0,0,hotel_restaurant
"scooter warranty coverage limited, service center far",2,2/9/2024,english,0,0,transportation
"insurance claim process smooth thyo, helpful staff",4,8/25/2023,code_mixed,0,0,services
"socks material thin, tears quickly",2,12/4/2024,english,0,0,product
"ramen noodles perfectly cooked, broth flavorful",5,3/29/2023,english,0,0,food
"continental breakfast options diverse, quality maintained",5,10/12/2024,english,0,0,hotel_restaurant
"motorcycle spare parts expensive chan, availability issue",2,6/21/2023,code_mixed,0,0,transportation
"translation service accurate, fast turnaround",5,7/28/2024,english,0,0,services
"towel absorbent cha, size ramro",4,12/8/2023,code_mixed,1,1,product
"Momo kasto babbal thiyo, but achar chai ali kam bhayecha.",4,3/15/2024,code_mixed,1,1,food
The laptop heating issue is still there after servicing. Jhyau lagyo.,2,11/22/2023,code_mixed,1,1,services
Indrive rider arrived on time. Polite behavior and safe driving.,5,5/10/2024,english,0,0,transportation
"Yo product kasto dami cha, paisa vasool ho.",5,1/12/2023,romanized_nepali,1,2,product
Room was clean but breakfast was very limited. Thik thak thyo.,3,9/2/2024,code_mixed,1,1,hotel_restaurant
Wait time dherai thyo tara chicken roast lastai mitho.,4,12/18/2022,code_mixed,1,1,food
The delivery was late by 4 days. Not recommended.,1,7/28/2023,english,0,0,product
Pathao ride was smooth. Safe rider and clean helmet.,5,2/14/2024,english,0,0,transportation
"Bank ko staff haru dherai slow cha, lastai jhyau line.",2,4/30/2023,code_mixed,1,1,services
View dami dekhine room thyo. Staffs are very friendly.,5,10/10/2022,code_mixed,1,1,hotel_restaurant
Biryani kasto dry thiyo. Soup pani thiena.,2,6/21/2024,romanized_nepali,0,0,food
The keyboard keys are sticking after a month. Poor quality.,2,8/15/2023,english,0,0,product
Taxi driver le meter ma jana mane na. Very expensive.,1,1/5/2024,english,0,0,transportation
Internet was down for two days. Service is getting bad.,1,11/11/2023,english,0,0,services
Stay kasto ramailo vayo. Pool kasto clean thiyo resort ma.,5,5/19/2024,romanized_nepali,1,1,hotel_restaurant
Keema noodles was dami. Piro thyo tara mitho.,5,3/22/2023,code_mixed,1,1,food
Phone cover quality thik cha tara color ali different aayo.,3,9/30/2022,code_mixed,1,1,product
Rider arrived in 5 minutes. Fast and polite guy.,5,11/15/2024,english,0,0,transportation
Salon ma hair cut babbal gardiyo. Paisa vasool vayo.,5,12/1/2023,code_mixed,1,2,services
Dinner set mitho thyo tara service delay vayo.,3,8/25/2022,code_mixed,1,1,hotel_restaurant
"Fried rice kasto oily thiyo, taste nai aayena.",2,7/12/2024,romanized_nepali,0,0,food
T-shirt fabric is soft but size is too small for XL.,3,10/5/2023,english,0,0,product
Sajha bus journey was cheap and comfortable today.,4,3/30/2024,english,0,0,transportation
Passport renewal process is a nightmare. Too much rush.,1,2/18/2023,english,0,0,services
Room walls were thin. Neighbor ko voice jhyau aairathyo.,2,12/25/2024,code_mixed,1,1,hotel_restaurant
"Thukpa lastai mitho thyo, chiso ma khada kasto babbal.",5,1/20/2023,romanized_nepali,1,2,food
The iron cable broke within two weeks. Very poor quality.,1,11/5/2022,english,0,0,product
Taxi fare was 600 for short distance. Not going again.,1,8/14/2024,english,0,0,transportation
Courier service was very prompt. Packing was good.,5,6/18/2023,english,0,0,services
Hotel view ramro cha tara room kasto sano thiyo.,3,1/30/2024,romanized_nepali,1,1,hotel_restaurant
Paneer curry was dami. Naan ali hard vayo tara.,4,9/12/2023,code_mixed,1,1,food
Mouse is smooth and clicks are silent. Babbal product.,5,4/12/2022,code_mixed,1,1,product
Micro ride during peak hours is terrible. No space.,1,10/22/2024,english,0,0,transportation
Internet support is a joke. Nobody picks up phone.,1,5/15/2023,english,0,0,services
Paisa vasool hotel stay. Room was very warm.,5,2/28/2024,code_mixed,1,1,hotel_restaurant
Momo achar dherai mitho thiyo. Highly recommended.,5,11/20/2023,code_mixed,1,1,food
Water heater works babbal tara installation dherai lagyo.,4,12/5/2022,code_mixed,1,1,product
Pathao rider kasto wild driving gareko. Darr lagyo.,2,7/30/2024,romanized_nepali,1,1,transportation
Fiber net connection stable chaina. Every day disconnect.,2,8/11/2023,code_mixed,0,0,services
"Resort was dami, pool side kasto ramailo vayo.",5,1/20/2024,romanized_nepali,1,2,hotel_restaurant
Chicken momo lastai mitho. Achar pani babbal.,5,4/12/2023,romanized_nepali,1,2,food
Earbuds stopped working in 1 week. Waste of money.,1,9/14/2022,english,0,0,product
Rider kasto polite thiyo. Followed all rules.,5,3/25/2024,romanized_nepali,1,1,transportation
Gym environment is great. Instructors are dami.,5,5/10/2023,code_mixed,1,1,services
Stay fine tara hot water thiyena morning ma.,3,11/4/2024,code_mixed,0,0,hotel_restaurant
Veg thali mitho thiyo tara dal ali patalo vayo.,3,2/14/2023,romanized_nepali,1,1,food
Charging cable charge garda kasto slow charge huncha.,2,6/12/2022,romanized_nepali,1,1,product
Traffic jams kasto jhyau ride garda Kathmandu ma.,3,8/30/2024,romanized_nepali,1,1,transportation
Laundry service ramro cha. Kapada fresh and clean.,5,10/15/2023,code_mixed,1,1,services
Stay was comfortable but parking ali garo thyo.,4,1/18/2024,code_mixed,0,0,hotel_restaurant
Chicken curry mitho thiyo tara ali dherai tel thyo.,3,6/25/2023,romanized_nepali,1,1,food
The trimmer stopped working months after use. Average.,3,3/19/2022,english,0,0,product
Rider professional behavior. Good safe trip truly.,5,9/12/2024,english,0,0,transportation
Hospital staff polite and helpful in emergency.,5,11/12/2023,english,0,0,services
View from balcony was dami. Loved the stay.,5,5/20/2024,code_mixed,1,1,hotel_restaurant
Cold drinks were not cold properly. Service slow.,2,1/22/2023,english,0,0,food
Laptop skin looks babbal. Truly worth it.,5,8/5/2022,code_mixed,1,1,product
InDrive rider arrived safely time. Polite guy.,5,3/5/2024,english,0,0,transportation
E-sewa loading failed server error aayo.,1,7/19/2023,code_mixed,0,0,services
Breakfast thik thak. Choices choices thyo truly.,3,11/20/2024,code_mixed,0,0,hotel_restaurant
Keema burger lastai mitho thiyo today.,5,12/14/2023,romanized_nepali,1,1,food
Iron cable broke after few weeks usage truly.,1,10/2/2022,english,0,0,product
Taxi driver le meter ma gayena bargain garro.,2,2/14/2024,code_mixed,0,0,transportation
Bank line too long management poor today.,1,4/12/2023,english,0,0,services
Stay fine balcony setup thik thak thyo.,4,6/15/2024,code_mixed,0,0,hotel_restaurant
Coffee cake combination was babbal truly.,5,9/12/2023,code_mixed,1,1,food
Mobile case quality dami looks truly cool.,5,12/5/2022,code_mixed,1,1,product
Pathao rider polite behavior safe ride truly.,5,4/12/2024,english,0,0,transportation
Internet speed slow tonight support busy.,2,11/28/2023,english,0,0,services
Stay comfortable hot water was babbal truly.,4,1/22/2024,code_mixed,1,1,hotel_restaurant
Thukpa mitho thiyo achar kasto mitho.,5,10/30/2023,romanized_nepali,1,1,food
Mouse smooth silent clicks work thik truly.,5,7/25/2022,code_mixed,1,1,product
Rider kasto ramro behavioral safe trip.,5,8/11/2024,romanized_nepali,1,1,transportation
ISP support always busy phone ma jhyau.,2,3/22/2023,code_mixed,1,1,services
Room walls dherai thin noise jhyau truly.,2,5/30/2024,code_mixed,1,1,hotel_restaurant
Momo late but babbal taste thiyo truly.,4,12/5/2023,code_mixed,1,1,food
Earbuds stopped working fraud quality Truly.,1,11/15/2022,english,0,0,product
Rider safety rules followed always safely home.,5,7/22/2024,english,0,0,transportation
Laundry staff polite clothes perfectly clean.,5,1/14/2023,english,0,0,services
Paisa vasool room stay rooms were big.,5,9/14/2024,code_mixed,1,1,hotel_restaurant
Vegetable soup cold aayo warm bhaye mitho.,2,6/18/2023,romanized_nepali,1,1,food
Laptop skin looks dami truly worth it truly.,5,5/18/2022,code_mixed,1,2,product
Rider polite overall good safe ride Truly.,5,1/25/2024,english,0,0,transportation
ISP line busy phone very poor service Truly.,2,11/5/2023,english,0,0,services
Stay fine breakfast choices limited thyo Truly.,3,4/10/2024,code_mixed,0,0,hotel_restaurant
Paneer curry mitho sauce babbal truly mitho.,5,8/30/2023,code_mixed,1,2,food
Iron works fine performance product truly.,4,9/19/2022,english,0,0,product
Indrive driver safely reached home polite truly.,5,10/15/2024,english,0,0,transportation
Internet speed slow support busy truly poor.,2,2/15/2023,english,0,0,services
Stay fine parking space limited thyo truly.,3,12/5/2024,code_mixed,0,0,hotel_restaurant
Momo mitho thiyo jhol achar babbal Truly.,5,6/25/2023,romanized_nepali,1,2,food
Mouse silent clicks silent clicks thik Truly.,5,3/22/2022,code_mixed,1,1,product
Rider safely reached safe safe trip Truly.,5,5/12/2024,english,0,0,transportation
Fiber net stable connection no downtime truly.,5,1/20/2023,english,0,0,services
Stay fine noise noisy truly noisy thyo.,2,8/30/2024,romanized_nepali,1,1,hotel_restaurant
Momo late but babbal taste truly mitho.,4,11/20/2023,code_mixed,1,2,food
Laptop skin dami looks truly cool truly.,5,12/5/2022,code_mixed,1,1,product
Rider arrived safely time polite truly safe.,5,2/14/2024,english,0,0,transportation
ISP customer line always busy very poor Truly.,2,4/12/2023,english,0,0,services
Stay fine bathroom sano thiyo truly sano.,3,9/8/2024,code_mixed,0,0,hotel_restaurant
Pizza base hard base tasteless truly dry.,1,10/15/2023,english,0,0,food
Water heater works babbal winter thik Truly.,5,2/28/2022,code_mixed,1,2,product
Rider safety rules followed safely home Truly.,5,11/10/2024,english,0,0,transportation
Internet speed not promised service poor Truly.,2,5/30/2023,english,0,0,services
Stay fine breakfast choices limited choices Truly.,3,6/15/2024,code_mixed,0,0,hotel_restaurant
Coffee cake combo was babbal truly mitho.,5,12/5/2023,code_mixed,1,2,food
Mobile case thik thak cheap price truly.,4,4/15/2022,code_mixed,1,1,product
Rider kasto ramro behavior safe driving truly.,5,1/18/2024,code_mixed,1,1,transportation
Laundry service punctual clothes clean truly.,5,8/30/2023,english,0,0,services
Paisa vasool stay rooms were big truly.,5,10/12/2024,code_mixed,1,1,hotel_restaurant
Soup kasto cold warm bhaye mitho Truly.,2,4/12/2023,romanized_nepali,1,1,food
Cable wires broke after week usage Truly.,1,9/30/2022,english,0,0,product
Rider polite reached home safely truly safe.,5,3/22/2024,english,0,0,transportation
Internet speed slow support busy truly slow.,2,7/30/2023,english,0,0,services
Stay comfortable hot water babbal truly dami.,4,9/12/2024,code_mixed,1,2,hotel_restaurant
Chicken momo mitho jhol achar babbal mitho.,5,11/19/2023,romanized_nepali,1,2,food
Mouse clicks silent silent work thik Truly.,5,5/12/2022,code_mixed,1,1,product
Rider safety rules followed always safely home.,5,12/5/2024,english,0,0,transportation
ATM connection smooth no issues truly smooth.,5,6/12/2023,english,0,0,services
Hotel view ramro room clean tidy stay thik.,4,1/20/2024,romanized_nepali,1,1,hotel_restaurant
Burger juicy bread dry bread dry truly dry.,3,10/18/2023,code_mixed,0,0,food
Iron heats quick good performance product thik.,4,4/15/2022,english,0,0,product
Rider arrived safely polite behavior Truly.,5,3/12/2024,english,0,0,transportation
ISP customer line busy very poor truly poor.,2,8/11/2023,english,0,0,services
Stay fine bathroom sano thiyo truly sano stay.,3,11/1/2024,code_mixed,0,0,hotel_restaurant
Momo late but babbal taste truly babbal taste.,4,1/14/2023,code_mixed,1,1,food
Laptop skin dami cool looks truly cool truly.,5,7/4/2022,code_mixed,1,1,product
Rider reached home safe trip safe safe safe.,5,8/27/2024,english,0,0,transportation
Fiber net stable connection no downtime truly net.,5,9/14/2023,english,0,0,services
Stay fine parking limited thyo truly limited stay.,3,5/15/2024,code_mixed,0,0,hotel_restaurant
Momo was thik thak service slow thyo Truly.,3,11/20/2023,code_mixed,1,1,food
Keyboard keys stuck months use poor quality truly.,2,12/5/2022,english,0,0,product
Rider fast good reliable ride safe Truly safe.,5,4/12/2024,english,0,0,transportation
Laundry staff polite clothes clean truly clean.,5,12/10/2023,english,0,0,services
Hotel view ramro room clean tidy Truly clean.,5,3/25/2024,romanized_nepali,1,1,hotel_restaurant
Burger spicy mitho lagyo Truly mitho truly.,4,2/14/2023,romanized_nepali,1,2,food
Mobile case thik thak price ma Truly thik.,4,6/18/2022,code_mixed,1,1,product
Rider polite safe ride safe safe safe safe.,5,9/8/2024,english,0,0,transportation
Internet speed slow tonight support busy poor Truly.,2,7/15/2023,english,0,0,services
Stay comfortable hot water babbal Truly babbal stay.,4,1/22/2024,code_mixed,1,2,hotel_restaurant
Paneer butter masala dami naan soft Truly mitho.,5,10/18/2023,code_mixed,1,1,food
Mouse smooth clicks silent work thik truly silent.,5,9/30/2022,code_mixed,1,1,product
Rider arrived safe reliable safe safe trip truly.,5,11/20/2024,english,0,0,transportation
ATM works smoothly no errors Truly smooth service.,5,5/18/2023,english,0,0,services
Hotel view view ramro noise noisy truly noisy.,3,4/12/2024,romanized_nepali,1,1,hotel_restaurant
Fried rice thik salt salt Truly salt truly.,3,8/30/2023,romanized_nepali,0,0,food
Iron works fine heats quick performance Truly thik.,4,11/19/2022,english,0,0,product
Indrive driver reached home polite Truly polite.,5,3/22/2024,english,0,0,transportation
ISP line busy phone poor Truly poor support Truly.,2,12/14/2023,english,0,0,services
Stay fine breakfast limited Truly limited stay truly.,3,6/12/2024,code_mixed,0,0,hotel_restaurant
Momo mitho achar babbal Truly mitho momo truly.,5,9/30/2023,romanized_nepali,1,2,food
Mouse silent clicks work thik truly silent clicks.,5,4/15/2022,code_mixed,1,1,product
Rider safety rules safely home safely Truly home.,5,2/14/2024,english,0,0,transportation
Fiber net connection no downtime Truly net connection.,5,1/25/2023,english,0,0,services
Stay fine noise noisy truly noisy Truly noisy.,2,9/11/2024,romanized_nepali,1,1,hotel_restaurant
Momo late but babbal taste Truly babbal taste Truly.,4,11/4/2023,code_mixed,1,2,food
Laptop skin dami cool cool truly cool truly.,5,6/15/2022,code_mixed,1,1,product
Rider arrived safely safe trip safe Truly safe.,5,4/12/2024,english,0,0,transportation
ISP customer line always very poor Truly poor service.,2,10/18/2023,english,0,0,services
Stay fine bathroom sano Truly sano Truly stay.,3,1/14/2024,code_mixed,0,0,hotel_restaurant
Pizza base hard base tasteless Truly base dry.,1,8/30/2023,english,0,0,food
Water heater babbal winter babbal Truly winter thik.,5,3/25/2022,code_mixed,1,2,product
Rider safety rules safely home safely Truly safe.,5,11/5/2024,english,0,0,transportation
Internet speed not promised poor Truly poor Truly.,2,5/18/2023,english,0,0,services
Stay fine breakfast limited choices Truly limitedTruly.,3,6/18/2024,code_mixed,0,0,hotel_restaurant
Coffee cake combo babbal Truly mitho coffee babbal.,5,12/14/2023,code_mixed,1,2,food
Mobile case thik thik cheap price Truly price.,4,4/12/2022,code_mixed,1,1,product
Rider ramro safe safe safe safe ride safe.,5,1/20/2024,code_mixed,1,1,transportation
Laundry punctual clothes clean truly clean Laundry.,5,8/11/2023,english,0,0,services
Paisa vasool room rooms big big stay Truly.,5,10/9/2024,code_mixed,1,1,hotel_restaurant
Soup cold cold cold warm Mitho soup warm.,2,4/12/2023,romanized_nepali,1,1,food
"chicken curry mitho thyo, portion size thulo",5,1/15/2024,code_mixed,1,1,food
hotel bed comfortable thyo but pillow hard,3,5/22/2023,code_mixed,0,0,hotel_restaurant
"bike price thik cha, performance average",3,9/10/2024,code_mixed,1,1,transportation
"dry cleaning service fast, clothes fresh smell",5,11/18/2023,english,0,0,services
"phone screen bright cha, battery life weak",3,4/9/2024,code_mixed,0,0,product
"pork chilli lastai mitho, spicy level perfect",5,8/14/2023,code_mixed,1,1,food
"Swimming pool cold water, heater not working",2,6/27/2024,english,0,0,hotel_restaurant
"scooter price affordable, looks pani ramro",4,2/19/2023,code_mixed,1,1,transportation
"tuition teacher experienced, explains clearly",5,10/3/2024,english,0,0,services
"smartwatch battery drains fast, features limited",2,7/11/2023,english,0,0,product
"fish fry crispy outside, juicy inside. dami",5,3/25/2024,code_mixed,1,1,food
room temperature control not working properly,2,9/7/2023,english,0,0,hotel_restaurant
"bike height ali dherai cha, short riders ko lagi garo",3,12/16/2024,code_mixed,0,0,transportation
"photography session creative, photographer talented",5,4/13/2023,english,0,0,services
"earbuds fit tight, sound clarity babbal",5,8/8/2024,code_mixed,1,1,product
samosa filling ramro but pastry ali thick,3,12/24/2023,code_mixed,1,1,food
"hotel near market, convenient shopping location",4,5/19/2024,english,0,0,hotel_restaurant
"cab driver helpful thyo, route knowledge ramro",5,10/26/2023,code_mixed,1,1,transportation
"printer installation smooth, technician polite",5,2/12/2024,english,0,0,services
"jeans fabric stiff, uncomfortable to wear",2,6/30/2023,english,0,0,product
"laphing spicy level ekdum dami, paisa vasool",5,11/7/2024,romanized_nepali,1,2,food
"staff not cooperative, checkout delayed unnecessarily",1,3/16/2023,english,0,0,hotel_restaurant
"scooter comfortable seating, long rides ma thik",4,7/22/2024,code_mixed,1,1,transportation
"accounting service professional, error free work",5,11/29/2023,english,0,0,services
"backpack zippers weak, broke within month",1,4/17/2024,english,0,0,product
"golgappa pani khattam mitho, crunchy",4,8/21/2023,romanized_nepali,1,1,food
"restaurant seating cramped, no privacy",2,1/4/2024,english,0,0,hotel_restaurant
motorcycle engine heating issue cha summer ma,2,5/8/2023,code_mixed,0,0,transportation
"car wash thorough cleaning, interior detailing ramro",5,9/14/2024,code_mixed,1,1,services
"rice cooker cooks evenly, cleaning easy",4,12/3/2023,english,0,0,product
"bhuteko bhat quantity sufficient, taste average",3,6/15/2024,romanized_nepali,0,0,food
"No hot water in morning, very disappointing",1,2/27/2023,english,0,0,hotel_restaurant
"bike body build strong, durable lagcha",4,10/20/2024,code_mixed,0,0,transportation
"graphic design work creative, revisions accommodated",5,7/18/2023,english,0,0,services
"calculator buttons responsive, solar panel works",4,3/31/2024,english,0,0,product
"pasta sauce creamy, garlic bread soft",4,11/12/2023,english,0,0,food
"Wifi signal weak in room, connection drops frequently",2,8/24/2024,english,0,0,hotel_restaurant
"scooter stand stability kam cha, parking ma garo",3,4/5/2023,code_mixed,0,0,transportation
"visa processing fast thyo, documentation help garyo",5,12/9/2024,code_mixed,0,0,services
"pressure cooker whistles loud, capacity good",4,9/16/2023,english,0,0,product
"egg curry ramro, roti pani soft thyo",4,5/28/2024,code_mixed,1,1,food
"balcony view blocked by construction, noisy area",2,1/20/2023,english,0,0,hotel_restaurant
"cab ride smooth thyo, music pani ramro",4,7/6/2024,code_mixed,1,1,transportation
"beauty parlor facial gentle, skin glowing after",5,10/14/2023,english,0,0,services
"thermos keeps drinks hot for hours, leak proof",5,2/21/2024,english,0,0,product
"chatpate ekdum jhyau thyo, masala dami",5,6/8/2023,romanized_nepali,1,2,food
"table service slow, waited 20 minutes for menu",2,11/25/2024,english,0,0,hotel_restaurant
"bike weight heavy cha, handle garna garo",2,3/23/2023,code_mixed,0,0,transportation
"CV writing service improved resume, got interview",5,9/1/2024,english,0,0,services
"headset microphone quality poor, voice unclear",2,12/17/2023,english,0,0,product
"choila taste authentic thyo, bhuteko recommended",5,4/29/2024,code_mixed,0,0,food
"bed linen stained, room not properly cleaned",1,8/3/2023,english,0,0,hotel_restaurant
"scooter battery life ramro, charging fast",4,1/11/2024,code_mixed,1,1,transportation
"catering service delicious food, presentation beautiful",5,5/26/2023,english,0,0,services
"shoes size chart wrong, had to exchange",2,10/13/2024,english,0,0,product
kheer mitho thyo tara ali runny,3,2/11/2023,romanized_nepali,1,1,food
"terrace restaurant ambience romantic, perfect for dates",5,6/19/2024,english,0,0,hotel_restaurant
"motorcycle spare parts genuine, warranty valid",5,11/4/2023,english,0,0,transportation
"legal consultation helpful, lawyer experienced",5,3/17/2024,english,0,0,services
"cutting board durable cha, knife marks resistant",4,7/29/2023,code_mixed,0,0,product
"dumplings juicy, sauce babbal thyo",5,12/22/2024,code_mixed,1,1,food
"bathroom ventilation poor, moisture problem",2,4/11/2023,english,0,0,hotel_restaurant
bike resale value ramro maintain huncha,4,8/16/2024,code_mixed,1,1,transportation
"interior design modern, execution as per plan",5,1/7/2023,english,0,0,services
sandals straps broke after few uses,1,5/12/2024,english,0,0,product
"sukuti chilly lastai mitho, beer sanga perfect",5,9/24/2023,code_mixed,1,1,food
"pillow menu option unique, slept comfortably",5,2/6/2024,english,0,0,hotel_restaurant
"cab seat belt faulty thyo, safety concern",1,6/23/2023,code_mixed,0,0,transportation
"pet grooming careful handling, dog looks great",5,11/28/2024,english,0,0,services
"iron box heating uneven, steam function weak",2,3/4/2023,english,0,0,product
"chowmein portion dherai, taste thik cha",4,7/30/2024,code_mixed,1,1,food
"shuttle service unreliable, missed airport timing",1,12/9/2023,english,0,0,hotel_restaurant
"scooter under seat storage kam, helmet fit hunna",3,4/21/2024,code_mixed,0,0,transportation
"business card printing quality high, delivery fast",5,8/27/2023,english,0,0,services
"travel mug insulation ramro, lid leak proof",5,1/18/2024,code_mixed,1,1,product
"gundruk soup taste authentic, reminded home",5,5/13/2023,english,0,0,food
"curtains thin, sunlight disturbs sleep in morning",2,9/29/2024,english,0,0,hotel_restaurant
"bike performance hills ma weak, city ma thik",3,2/15/2023,code_mixed,1,1,transportation
"astrology consultation accurate predictions, satisfied",4,6/10/2024,english,0,0,services
"toaster burns bread quickly, temperature control poor",2,10/22/2023,english,0,0,product
"aloo dum spicy perfect, puri soft",5,3/8/2024,code_mixed,0,0,food
"restaurant music too loud, difficult conversation",2,7/1/2023,english,0,0,hotel_restaurant
motorcycle warranty claim easy process thyo,5,11/16/2024,code_mixed,0,0,transportation
"plumbing fixture installation neat, no mess",5,4/24/2023,english,0,0,services
"glasses frame design modern, comfortable wear",4,8/12/2024,english,0,0,product
"dahi vada soft thyo, chutney mitho",4,1/26/2023,romanized_nepali,1,1,food
"banquet hall spacious, decoration charges extra",3,5/3/2024,english,0,0,hotel_restaurant
"scooter turning radius tight, city traffic easy",5,9/11/2023,english,0,0,transportation
"videography excellent angles, editing smooth",5,1/30/2024,english,0,0,services
"mixer grinder motor powerful, blades sharp",5,6/17/2023,english,0,0,product
"paneer tikka ramro, marination perfect",5,10/25/2024,code_mixed,1,1,food
"room door lock jammed twice, security issue",2,3/19/2023,english,0,0,hotel_restaurant
"cab fare reasonable, driver polite thyo",4,7/14/2024,code_mixed,0,0,transportation
"IELTS coaching effective, score improved significantly",5,11/22/2023,english,0,0,services
"perfume fragrance strong, lasts whole day",5,4/6/2024,english,0,0,product
"mutton sekuwa tender, masala jhyau",5,8/9/2023,code_mixed,1,1,food
"breakfast variety limited, same items daily",2,12/13/2024,english,0,0,hotel_restaurant
"bike engine noise ali dherai, disturbing",2,5/17/2023,code_mixed,0,0,transportation
"flooring installation professional, finish smooth",5,9/20/2024,english,0,0,services
"lunch box compartments practical, microwave safe",4,2/22/2023,english,0,0,product
"chicken wings crispy, sauce variety ramro",4,6/28/2024,code_mixed,1,1,food
"towels provided insufficient, had to request more",2,10/5/2023,english,0,0,hotel_restaurant
"scooter body lightweight, ladies lai suitable",5,2/18/2024,code_mixed,0,0,transportation
"house shifting service careful with items, no damage",5,7/6/2023,english,0,0,services
"camera auto focus slow, video quality good",3,11/11/2024,english,0,0,product
"sel roti crispy outside, soft inside. babbal",5,3/28/2023,code_mixed,1,1,food
"reception staff rude, unwelcoming attitude",1,8/5/2024,english,0,0,hotel_restaurant
motorcycle footpeg position uncomfortable long ride ma,3,12/15/2023,code_mixed,0,0,transportation
"financial advisory helpful, investment strategy clear",5,5/24/2024,english,0,0,services
"trekking bag capacity dherai, comfortable straps",5,9/2/2023,code_mixed,0,0,product
"kwati soup healthy, taste authentic",4,1/22/2024,english,0,0,food
"karaoke system not working, complained but ignored",1,6/12/2023,english,0,0,hotel_restaurant
"bike showroom staff knowledgeable, test drive arranged",5,10/17/2024,english,0,0,transportation
"DJ service music selection ramro, crowd enjoyed",5,2/28/2023,code_mixed,1,1,services
"extension cord length good, multiple sockets useful",4,7/19/2024,english,0,0,product
"chicken burger patty juicy, bun fresh thyo",4,11/27/2023,code_mixed,0,0,food
"complimentary snacks stale, disappointing quality",2,4/14/2024,english,0,0,hotel_restaurant
"cab booking app crashes frequently, frustrating",2,8/20/2023,english,0,0,transportation
"fire safety training informative, certificate provided",5,1/5/2024,english,0,0,services
"trimmer battery backup weak, charging slow",2,5/20/2023,english,0,0,product
"buff momo lastai mitho, achaar pani dami",5,9/23/2024,romanized_nepali,1,2,food
"parking charges exorbitant, no validation system",2,1/13/2023,english,0,0,hotel_restaurant
"scooter design sleek, colors attractive chan",4,6/1/2024,code_mixed,0,0,transportation
"notary service quick, fees affordable",4,10/28/2023,english,0,0,services
dumbbells coating chipping after few months,2,3/15/2024,english,0,0,product
"chicken lollipop crunchy, dipping sauce sweet",4,7/24/2023,english,0,0,food
"room freshener smell chemical, headache bhayo",1,12/6/2024,code_mixed,0,0,hotel_restaurant
"bike loan process easy thyo, approval fast",5,4/18/2023,code_mixed,0,0,transportation
"IT support responsive, resolved issue quickly",5,8/28/2024,english,0,0,services
"yoga mat grip ramro, cushioning sufficient",4,1/31/2023,code_mixed,1,1,product
"veg pulao sabji dherai, rice less proportion",3,5/15/2024,code_mixed,0,0,food
"bedside lamp not working, reported no action",2,9/19/2023,english,0,0,hotel_restaurant
"motorcycle insurance claim smooth process, helpful agent",5,2/24/2024,english,0,0,transportation
"passport photo quality high, background perfect",5,6/7/2023,english,0,0,services
"nail cutter sharp edge, ergonomic design",4,11/2/2024,english,0,0,product
"chicken korma gravy thick, spices balanced",5,3/12/2023,english,0,0,food
"lift maintenance poor, stuck between floors twice",1,7/27/2024,english,0,0,hotel_restaurant
"scooter indicator light dim, visibility kam",2,12/1/2023,code_mixed,0,0,transportation
voice coaching improved presentation skills significantly,5,4/10/2024,english,0,0,services
"rain jacket waterproof tested, lightweight cha",5,8/16/2023,code_mixed,0,0,product
"yomari sweet filling perfect, steam cooked ramro",5,1/27/2024,code_mixed,1,1,food
"Special requests ignored completely, poor service",1,5/4/2023,english,0,0,hotel_restaurant
"bike test ride allowed, sales staff helpful",5,10/9/2024,english,0,0,transportation
"mehendi design intricate, artist patient thyo",5,2/9/2023,code_mixed,0,0,services
"water filter cartridge expensive, replacement frequent",2,6/22/2024,english,0,0,product
"masala tea strong thyo, biscuit fresh",4,11/9/2023,code_mixed,0,0,food
"wedding venue decoration beautiful, catering excellent",5,3/20/2024,english,0,0,hotel_restaurant
"cab driver smoking inside, very uncomfortable",1,7/13/2023,english,0,0,transportation
"SAT preparation comprehensive, practice tests helpful",5,12/18/2024,english,0,0,services
"sunscreen absorption fast, no white cast",5,4/27/2023,english,0,0,product
"thik cha, average experience matra",3,9/6/2024,romanized_nepali,1,1,food
"Complimentary upgrade to suite, excellent gesture",5,1/16/2023,english,0,0,hotel_restaurant
"scooter service center staff rude, long waiting",2,5/30/2024,english,0,0,transportation
"website development modern design, SEO optimized",5,10/19/2023,english,0,0,services
"running shoes sole cushioning excellent, light weight",5,2/15/2024,english,0,0,product
"beaten rice chura set mitho, achar ramro",4,6/25/2023,romanized_nepali,1,2,food
"spa facilities outdated, massage table uncomfortable",2,11/21/2024,english,0,0,hotel_restaurant
"motorcycle headlight brightness ramro, night ride safe",5,3/6/2023,code_mixed,1,1,transportation
"home tutoring personalized attention, grades improved",5,8/18/2024,english,0,0,services
"mosquito repellent smell strong, effective though",3,12/23/2023,english,0,0,product
"khasi ko masu tender thyo, masala jhyau",5,4/26/2024,romanized_nepali,1,1,food
"smoking rooms smell lingering, requested change",2,9/14/2023,english,0,0,hotel_restaurant
"bike exchange program fair valuation, hassle free",4,1/12/2024,english,0,0,transportation
