review_text,rating,date,language_style,has_slang,slang_count,domain
ramailo vibe,4,2024-07-19,code_mixed,1,1,hotel_restaurant
honestly khatrai food. i don't know how this place has good ratings. everything was bland and cold. service was slow. never going here again tbh. total jhyau,1,2024-07-19,code_mixed,1,2,food
babbal cha yar seriously. best coffee in town 🔥,5,2024-10-22,code_mixed,1,1,food
food thik thiyo. staff ok. but too loud inside. hard to talk. not ideal for date lol,3,2023-05-22,english,0,0,food
delivery man le door samma nai aayena. left outside gate. in the RAIN. my parcel was wet. and then seller said not their problem. bro what do i pay delivery fee for then. jhur service,1,2023-06-10,code_mixed,1,1,services
booked this service online. they confirmed. then on the day they called and cancelled. CANCELLED BRO. i had taken day off from work. paisa waste time waste. total jhyau. will never use again.,1,2024-09-12,code_mixed,1,2,services
room nicee but smell dirtyy dirtyy. paisa waste,2,2022-09-09,english,0,0,hotel_restaurant
i waited 30 min and then 40 min and then no update. lastai jhyau but driver dai kind so ok,3,2024-11-11,code_mixed,1,2,transportation
lastai ramro,5,2024-12-12,romanized_nepali,1,1,hotel_restaurant
"paisa waste bro, quality dherai nai kharab",1,2022-05-03,code_mixed,1,2,product
really good place. food is always same here. been coming for 2 years. ramro cha. ramro dherai ramro.,5,2024-09-25,code_mixed,1,2,food
LASTAI DAMI hotel cha.. view from room was so ramro and staff was helpful and food in restaurant was also mitho mitho.. paisa vasool full paisa vasool.. will come back will come back 😍,5,2023-03-28,code_mixed,1,3,hotel_restaurant
thik cha yar. chalcha,3,2022-10-05,romanized_nepali,1,1,services
took the overnight bus. seat was uncomfortable whole night. no blanket provided. reached late pani. not great experience,2,2023-12-04,english,0,0,transportation
hmm food ok thiyo. not bad. service bit slow but ok,3,2024-01-31,english,0,0,food
sala yo resturant ma gayo and waited 40 min for just dal bhat.. 40 MIN.. and the food was cold when it came.. cold dal bhat yaar.. paisa waste time waste.. lastai jhyau thiyo overall,1,2023-11-30,code_mixed,1,4,hotel_restaurant
"Dal bhat ekdam namitho, paisa khera gayo jasto feel bhayo",1,2025-01-06,romanized_nepali,0,0,food
umm honestly the food was decent but expensve for wht you get. like very very expensve. not worth it tbh,2,2024-08-14,english,0,0,food
dami cha yaar the momo.. cheese momo lastai mitho thiyo.. and the soup also ramro.. paisa vasool,5,2024-11-03,code_mixed,1,3,hotel_restaurant
"Buff momo ekdam juicy and spicy, paisa vasool feel aayo",5,2025-01-24,code_mixed,1,1,food
food was very very oily. felt sick after eating. not coming back. this is very bad for health bro,1,2024-02-09,english,0,0,food
ok cha,3,2024-02-02,romanized_nepali,0,0,services
staff nice nice and help fast fast sahi ho,5,2022-02-02,code_mixed,1,1,services
"went here for my friend birthday and honestly it was so bad, staff was rude rude all the time, didnt even bring water for 20 mins and when we asked they gave attitude, food came cold and wrong order, had to ask 4 times to fix it, this place is total waste of money and time, never going back again, lastai jhyau thiyo overall 🤮",1,2023-01-30,code_mixed,1,3,hotel_restaurant
service ramro dherai ramro staff nice nice and then i smile lol,5,2024-09-09,code_mixed,1,1,services
"food xame lzte and cold, service ve$y bad, paisZ waqte, not worth",1,2024-04-23,code_mixed,1,1,food
khana tastyii but cold cold. jhyau feel,2,2024-11-11,english,1,1,food
I booked this hotel online and photos thiye ramro but when i arrived room thiyo tiny and smell aauthy and wifi kaam gardainathyo and called front desk and they put me on hold and then forgot. whole night no wifi. breakfast pani thiyena included what they said. dherai paisa tiryo. DHERAI. khattam hotel. lastai bijog experience. not worth. never booking again ever,1,2024-09-25,code_mixed,1,5,hotel_restaurant
I have been to this resturant 3 times and every time something goes wrong. first time food came late. second time wrong order. third time and then staff was rude when i complained. THREE TIMES bro. lastai jhur yo place. never again ever. khattam. not worth. bijog resturant,1,2023-02-18,english,1,3,hotel_restaurant
bus fastt but noise noise. very bad,2,2022-08-08,english,0,0,transportation
room small small but clean clean and safe safe,4,2023-03-21,english,0,0,hotel_restaurant
shirt ramro dherai ramro and fabric soft. paisa vasool,5,2022-05-05,code_mixed,1,2,product
sahi ho bro the charger is dami.. fast charge and then my phone full in 1 hour.. paisa vasool,5,2023-08-17,code_mixed,1,3,product
i call fix guy cause sink leak leak water drip drip all night all night i no sleep no sleep morning he come slow slow i mad mad but he fix fast fast now dry dry so anger go go overall thik cha,4,2023-07-07,code_mixed,1,1,services
"food oily and oily again. paisa waste, time wste but staff ramailo so mixed feel 🤮",2,2022-07-17,code_mixed,1,2,food
hotel pool thiyo which was nice. but pool was dirty and had leaves in it. not cleaned properly. food at restaurant was ok ok. overall average stay,3,2023-10-17,english,0,0,hotel_restaurant
so last night ride wild wild rain hit glass wind loud loud road dark dark i feel fear fear but driver calm calm hand steady steady he say no fear bro and true true we reach safe safe i clap clap good ride good ride,5,2024-04-04,code_mixed,1,1,transportation
i buy lamp and then light bright bright wow nice vibe,5,2024-09-09,english,0,0,product
"Courier service lost my parcel, very upset",1,2025-03-17,english,0,0,services
traveled on this airline. seat was ok. food was bad. but the real problem was baggage. they LOST my bag. lost it bro. filed complaint. they said we will find it. 3 days passed nothing. I called daily. daily!! they kept saying sorry we are checking. what checking?? all my clothes were in that bag. total paisa waste. bijog airline. never flying with them again.,1,2023-05-15,code_mixed,1,3,transportation
driver was rude from start. didn't even greet. and then he took longer route and then charged more. sala. i know the route bro. i am not new here. baal. jhyau lagyo,1,2024-12-01,code_mixed,1,2,transportation
"Prestige cooker ko lid tight hudaina, jhyau lagcha use garna",2,2025-02-14,romanized_nepali,1,1,product
tried their new menu item. mitho thiyo but too spicy for me. and then glass ma ice thiyena. small things but notice huncha yar,3,2023-09-08,code_mixed,1,1,food
package came late. 10 days late. and product was wrong item. total waste total waste.,1,2022-11-13,code_mixed,0,0,product
jakaas thiyo yaar the trip.. road was smooth and bus was clean and seat was comfy🥰 ramailo ramailo,5,2024-07-19,code_mixed,1,2,transportation
"jhur cha yo resturant sala, baal service",1,2023-08-22,romanized_nepali,1,2,hotel_restaurant
"bus comfortable thiyo, time ma aayo, AC pani thiyo, jakaas",5,2022-04-11,romanized_nepali,1,1,transportation
bro the shoes i bought from this shop. sole nai phatyo after 1 week. 1 WEEK. told them and they said wear and tear bhanyo. i wore them ONCE to office. baal quality. lastai jhyau thiyo. this is very bad. paisa waste. i don't like this trash brand. never buying again,1,2024-11-08,code_mixed,1,3,product
thik cha chalcha,3,2023-02-14,romanized_nepali,1,2,food
food cold cold when come but taste ok ok,3,2023-06-06,english,0,0,food
product looks ok but quality not great. cheaply made. chalcha for the price i guess.,3,2023-08-25,code_mixed,1,1,product
service guy kind kind talk soft soft help quick quick i like this i like this,5,2024-06-06,english,0,0,services
"very bad internet, calls drop every day, lastai kharab",1,2024-10-16,code_mixed,1,2,services
bro this food delivery app is something else. so i ordered at 7pm. and then app said 45 min delivery. and then 1 hour passed. and then i checked and then it said order preparing. still. and then 1.5 hour passed. and then called restaurant and then they said they gave order to driver 30 min ago. so driver was just sitting somewhere. and then food aayo at 9:15pm. 2 hours 15 min later. food was cold. not even slightly warm. stone cold bro. sala. i had to reheat. why am i reheating delivery food. paisa waste. this is very bad. baal app. i dont like this trash service. never using again,1,2024-12-17,code_mixed,1,3,food
Honda Activa mileage thik chha tara acceleration ali slow lagyo,3,2025-03-02,romanized_nepali,1,1,transportation
khana tastyii tara wait sloww sloww. not worth paisa,2,2023-10-10,romanized_nepali,1,1,food
i visit cafe and then chair dirtyy dirtyy and menu dirtyy and waiter sloww sloww and rudee rudee and coffee come cold cold not tastyii very bad very bad price expensivee expensivee i say not worth not worth they just smile smile fake fake overall lastai jhyau thiyo,1,2024-02-02,english,0,0,food
thik thik. not wow. food edible. place ok. nothing more,3,2024-09-24,english,0,0,food
"delivery 3 din late aayo, packaging damage thiyo, inside product pani scratch thiyo, complaint gareko they said not their fault, very very bad service, paisa waste",1,2023-12-20,code_mixed,1,1,services
"ok ok food nothing great, bit expensve for what you get",2,2023-05-13,english,0,0,food
yo place ramro thiyo before but now bad bad. jhyau lagyo 😑,2,2023-06-16,code_mixed,1,1,hotel_restaurant
"sala staff le herdai nai rakhyo, order lina aayena 15 min samma, lastai jhyau thiyo yo resturant",1,2023-06-09,romanized_nepali,1,3,hotel_restaurant
"very bad very bad, paisa waste total",1,2023-06-28,english,1,2,product
taste mitho mitho but price expensve but but ok paisa vasool,4,2022-03-03,code_mixed,1,1,food
yo gym membership bro. paid for 6 month. and then equipment broke after 2 months and then they said under repair bhanyo. and then waited 3 week. and then still broken. and then i asked for refund for unused months and then they said no refund policy bhanyo. this is very bad. baal management. paisa waste yar. sala,1,2023-09-26,code_mixed,1,3,services
not worth it tbh. oveetrhyped. food average. price high. won't return,2,2022-10-22,english,0,0,food
sala yo phone le 1 month ma band vayo.. ONE MONTH.. and shop is not giving refund.. PAISA WASTE PAISA WASTE.. lastai bijog cha Nepal ma yo stuff kinnu.. never buy again,1,2023-02-22,code_mixed,1,4,product
khana tastyii tara plate dirtyy dirtyy. jhyau jhyau,2,2024-03-12,romanized_nepali,1,2,food
"sahi ho sahi ho, ramro service",5,2023-07-14,romanized_nepali,1,2,services
khana mithoo tara price expensivee and expensivee. paisa waste bro,2,2023-08-08,romanized_nepali,1,1,food
paisa waste,1,2023-01-14,romanized_nepali,1,1,product
food ramro dherai ramro and price thik cha 🙂 staff nice but wait slow but ok i come again,4,2023-04-14,code_mixed,1,2,food
Samsung A54 battery life ekdam ramroooo cha,5,2025-02-11,romanized_nepali,1,1,product
"lol they forgot my order TWICE. same item, forgot twice. what kind of service is this. very very bad. not worth it",1,2024-09-08,english,0,0,food
"eSewa payment instantly bhayo, service dami cha",5,2025-03-08,romanized_nepali,1,1,services
repair service was good. fixed quickly and price was honest. thik cha. will return.,4,2022-08-14,code_mixed,1,1,services
thik thakyo chalcha,3,2023-11-22,romanized_nepali,1,1,services
bro this experience was the WORST. first i booked a table at this resturant for dine in. reached there on time. they said no booking found. showed message. then they said ok ok wait. waited 1 hour. then gave us table near toilet. NEAR TOILET BRO. smell was bad. i asked to move and they said no other table. food also came wrong. i ordered chicken they brought veg. veg bro when i said no veg. manager came and said sorry sorry. what sorry. paisa waste time waste and mood waste. total lastai jhyau thiyo. never ever going back. khattam place. sala.,1,2023-08-09,code_mixed,1,7,hotel_restaurant
i dont like this trash this is very bad but but friend like it,2,2024-04-04,english,0,0,food
checked in and room was safi and staff le smile garera welcome garyo. dami hotel cha. will book again for sure,5,2022-09-19,code_mixed,1,1,hotel_restaurant
"the taxi driver was so rudte bro. I said good morning and he just ignored. then on the way he was on phone the whole time like whole time bro. and then at the end he charged extra. I said meter ma cha, he said no extra charge. sala lastai baal driver thiyo. complained to company they said sorry will look into it. nothing happened. very very bad experience",1,2024-01-19,english,1,3,transportation
dami product cha. already bought 3 times. ramro quality,5,2022-11-08,romanized_nepali,1,2,product
"hotel room safa thiyo, bed comfortable thiyo, wifi pani chalcha, overall ramro thiyo❤️❤️",4,2024-11-27,romanized_nepali,1,1,hotel_restaurant
service quick thiyo ani friendly pani thiyo. sahi ho,4,2023-04-14,romanized_nepali,1,1,services
Hot dog bun felt stale and hard to chew,2,2025-01-20,english,0,0,food
Daraz delivery was on time but packagng slightly damaged,4,2025-02-17,english,0,0,product
babbal hotel cha yaar.. view was ramro and food in room service was mitho.. staff was also helpful.. khatrai stay totally khatrai 😍,5,2023-05-31,code_mixed,1,2,hotel_restaurant
staff rudee and then rudee again idk why. very bad,1,2024-06-06,english,0,0,services
bro this thing wild wild i use and use still fine still fine no bug no lag sahi ho sahi ho i tell all buy this buy this,5,2024-08-08,code_mixed,1,2,product
MoMo ekdum mithoooo thiyo yaar 🔥,5,2025-01-02,romanized_nepali,1,1,food
khana thik thiyo but service slow thiyo. waited a long time for just tea bro. not coming back i think,2,2023-06-22,code_mixed,1,1,hotel_restaurant
bus ayo late ayo but seat was good and driver was careful.. thik cha overall,3,2023-05-19,english,0,0,transportation
jhyau matra,1,2024-05-27,romanized_nepali,1,1,services
product goodd start but stop stop later. very bad,1,2024-04-14,english,0,0,product
product was as shown. delivery was fast. packaging was good. will buy again. sahi ho.,5,2024-07-14,code_mixed,1,1,product
"product came on time but quality was not that good, expected better for this price point",2,2024-01-12,english,0,0,product
hotel staff babbal and room ramro dherai ramro. paisa vasool feel,5,2025-10-10,code_mixed,1,3,hotel_restaurant
"I go there with fam and first they smile and then ignore and then ignore again. I was like why bro why. jhyau lagyo but kids happy so I stay. food came late and then late again. paisa waste, time waste I say but my mom say thik cha thik cha. place clean and music ok but service khattam and khattam again. this is very bad and very bad but still some item mitho. overall lastai jhyau thiyo.",2,2023-07-15,code_mixed,1,4,hotel_restaurant
staff was rude when i asked about menu. like sorry for asking bro?? food was ok but attitude was bad. idk man,2,2024-07-14,english,0,0,hotel_restaurant
bro i am writing this while still sitting in this resturant WAITING for my food. 55 min bhaisakyo order diyeko. 55 MINUTE. and they are not even busy. 3 table matra cha. sala. lastai jhyau. khattam management. if food comes bad i will cry fr,1,2024-05-20,code_mixed,1,3,food
room clean thiyo but staff rudee rudee. overall very bad 😒,2,2022-03-22,code_mixed,0,0,hotel_restaurant
product quality ramro cha. will buy again. dami cha,5,2022-11-25,romanized_nepali,1,1,product
"View bata kei khasai dekhinna, expectation high thiyo tara...",1,2025-02-10,romanized_nepali,0,0,hotel_restaurant
sahi ho this bus service yaar..🥰 on time and clean bus and nice driver.. chalcha totally chalcha,5,2023-06-16,romanized_nepali,1,2,transportation
i call them for fix tap and then guy come late late very late i wait and wait jhyau jhyau but he fix fast fast so mood ok now,3,2023-01-19,code_mixed,1,1,services
yo item ramro thiyo start ma but now bad bad. jhur feel,2,2023-01-15,code_mixed,1,1,product
room was ok but wifi password thiyena anywhere and front desk said they don't know it??? how?? had to use my own data. annoying. food was ramro though,3,2022-12-22,code_mixed,0,0,hotel_restaurant
p3Iduct quality ekdamwK kharab. first use ma nai bhahglyo. total paiXa wAste,1,2023-09-11,code_mixed,1,2,product
so i used this cleaning service and then the people who came were late by 2 hours and then they did a rush job and then left without cleaning bathroom properly. and then when i showed them they said thik cha bhanyo and left. bro my bathroom is NOT thik cha. sala. baal service. i paid full price for half work. this is very bad. jhur company yar. lastai jhyau thiyo experience. paisa waste,1,2023-07-13,code_mixed,1,4,services
the driver was on phone the whole ride. WHOLE RIDE. i said please keep phone down. he ignored. sala. reached destination but this was not safe. paisa waste on this stress. khattam.,1,2023-11-27,code_mixed,1,3,transportation
paisa wastee,1,2024-08-19,romanized_nepali,1,1,hotel_restaurant
sahi ho,4,2023-01-01,romanized_nepali,1,1,services
product ok cha. not bad not great,3,2023-08-08,english,0,0,product
i went shop and price very expensivee and very bad. paisa waste paisa waste. guy rudee 😑,1,2023-02-18,code_mixed,1,1,product
food ramro dherai ramro and soup hot hot love it 😍,5,2022-12-01,code_mixed,1,1,food
khattammm,1,2023-09-09,romanized_nepali,1,1,product
yo delivery wala le 2 hour late garo an d then the food was cold and he said sorry sorry but sorry le kaam gardaina.. paisa waste yaar,1,2023-11-14,code_mixed,1,2,services
"cab driver route nai thaha thiyena. GPS use garna bhanyo, ley manlena ani late puge destination ma. lastai baal",1,2022-08-25,romanized_nepali,1,2,transportation
total jhur cha yo place,1,2022-12-20,romanized_nepali,1,1,hotel_restaurant
ride latee and latee and latee. paisa waste,1,2025-01-21,english,0,0,transportation
waste,1,2022-06-15,english,0,0,product
"food was decent, came here twice already, will come back for sure",4,2023-09-24,english,0,0,food
"lastai jhur yo product, paise ko kaam gardaina",1,2023-01-07,romanized_nepali,1,2,product
"food ramrL thiyo, atmosphere paMi rAmro, date night ko laFi sahu Uagah ho, lastai ramailo thiyo 🔥",5,2023-07-20,code_mixed,1,2,food
pani puri here was so good bro. fresh and tangy. went 2 times in same week. same week!! that says it all. dami cha ekdam. paisa vasool.,5,2023-04-02,code_mixed,1,2,food
overpriced for nothing bro,2,2024-10-03,english,0,0,hotel_restaurant
Pathao ride ekdam smooth and driver polite thiyo,5,2025-02-26,code_mixed,0,0,transportation
thik cha thik cha.. not great not bad.. bus was on time so okay i guess,3,2024-01-30,code_mixed,1,2,transportation
hotel staff le check-in ma 45 min wait garayo. room key wrong thiyo. and then new room ma gayo ani toilet flush broken thiyo. paying 6000 rs for THIS. lastai jhyau. bijog service. i hate this place,1,2024-08-03,code_mixed,1,3,hotel_restaurant
thik cha product.. does what it says.. chalcha,3,2023-03-10,english,0,0,product
"lastai jhyau thiyo experience, khattam service khattam food overall bijog",1,2022-07-15,romanized_nepali,1,3,hotel_restaurant
"khana ekdamai mitho thiyo, tarw serve garna lastai dherai time lagyo yrr, ek ghanta jati wait gareko",2,2024-04-14,romanized_nepali,1,1,food
ramro cha ekdam. came here with family and vibe was nice. food also dami. will come again 🔥,5,2024-06-22,code_mixed,1,2,hotel_restaurant
yo app le mero paisa liyera service diyena.. i paid and nothing happened.. NOTHING.. and then customer care picked up after 30 min wait.. sala guff guff guff only.. no solution.. lastai bijog cha yo company,1,2024-06-10,code_mixed,1,4,services
goodd good,4,2024-11-30,english,0,0,services
"very bad very bad service, sala ek ghanta wait garayo",1,2024-02-22,code_mixed,1,2,hotel_restaurant
khattam product.. broke after one week.. one week only.. paisa waste,1,2022-12-20,code_mixed,1,2,product
mitho thiyo bro ekdamai mitho. will come back again,5,2023-08-16,romanized_nepali,1,1,food
"nice product, gold qHxlity, fqst shipping, 3amro thiyo overall 👍",5,2024-07-31,code_mixed,1,1,product
food was ok but not wow. chalcha chalcha type,3,2022-03-23,romanized_nepali,1,1,food
waste of Honey,1,2023-03-15,english,0,0,food
online banking service broke for 2 days. i needed to pay urgent. total khattam service.,1,2024-05-18,code_mixed,1,1,services
"food was nice but the resturant was dirty, paisa waste lagyo 💔",2,2022-08-13,english,1,1,food
"went there with family, food was very good but very expensive, kids enjoyed but wallet cried lol, overall ok ok",3,2023-03-09,english,0,0,food
bus seat was comfortable and music was okay and driver drove carefully.. thik cha overall thik cha,4,2024-04-30,code_mixed,1,2,transportation
bag quality dami and color ramro dherai ramro. no issue till now 🔥,5,2023-04-28,code_mixed,1,2,product
idk why people rate this 5 star. food was average. service was slow. overpriced lol.,2,2023-11-08,code_mixed,0,0,food
PAISA WASTE PAISA WASTE.. this product is khattam.. i bought it for my mom and it stopped working in 3 day.. sala cheap quality.. never buy from this shop never,1,2024-02-28,code_mixed,1,3,product
babbal dami 💯,5,2024-01-30,romanized_nepali,1,2,food
dami service cha. fast fast delivery. product intact aayo. happy 😊,5,2023-03-26,romanized_nepali,1,1,product
the headphones sound quality was ok. not great not bad. but the ear cushions fell off after 1 month. expected better for this price tbh,2,2023-07-08,english,0,0,product
guy talk rudee but place clean. mix feel mix feel 🤔,3,2024-12-01,english,0,0,services
fastt fast,5,2022-06-06,english,0,0,transportation
service thik cha but a bit slow,3,2024-10-25,english,0,0,services
"Chowmein 45 min pachi aayo, jhyau lagyo kasto wait garnu paryo",2,2025-01-05,romanized_nepali,1,1,food
"idk why people rate this high, food was so so, nothing special tbh",2,2023-11-16,english,0,0,food
ramro cha yaar this noodle shop.. momo ramro and thukpa also mitho.. will come back come back,5,2024-04-12,code_mixed,1,2,hotel_restaurant
nice 🔥 will order again,5,2025-04-10,english,0,0,product
i call guy for net fix and then he say 10 min but come after 1 hr i sit and sit jhyau jhyau but fix fast fast net run smooth smooth so ok now,4,2025-07-17,code_mixed,1,1,services
the phone screen is so clear and battery last long.. dami phone dami.. paisa vasool yaar 🔥,5,2024-01-14,code_mixed,1,2,product
ramailo place 😊,4,2024-11-11,code_mixed,1,1,hotel_restaurant
Scooter rental process was simple but price felt high,4,2025-03-05,english,0,0,transportation
tbh food is ok ok but price too high for this quality,2,2024-02-10,english,0,0,food
dami cha yaar🤯🤯,5,2023-09-08,romanized_nepali,1,1,hotel_restaurant
earphone sound dami and bass khatrai. ramro dherai ramro,5,2024-09-19,code_mixed,1,2,product
food was good. place was clean. price was fair. will visit again with friends. jakaas.,5,2022-07-09,code_mixed,1,1,food
ok ok trip nothing great driver thiyo rude bit,2,2022-10-29,english,0,0,transportation
ok big rant big rant so i go there with fam fam think chill chill but table dirty dirty floor sticky sticky i say bro clean clean he nod nod but no move no move i wait wait jhyau jhyau then food come late late soup cold cold rice dry dry this is very bad this is very bad i mad mad mom sad sad dad quiet quiet we eat half half pay bill full full paisa waste time waste paisa waste time waste i swear no go no go overall lastai jhyau thiyo,1,2025-11-11,code_mixed,1,2,food
"delivery boy rude thiyo, packet pani damage thiyo, never ordering again from here",1,2023-06-05,english,0,0,product
place vibe ramailo and light nice and then pic nice 📸,5,2023-02-20,code_mixed,0,0,hotel_restaurant
bus was late by 1 hour and driver was so rude bro. paisa waste totally. jhyau lagyo malaai.,1,2023-07-30,code_mixed,1,2,transportation
khana ramailo thiyo. staff friendly thiyo. sahi ho place,4,2023-08-27,romanized_nepali,1,1,food
lastai waste bro,1,2022-12-05,code_mixed,1,1,services
"driver le rash drive garyo, lastai darr lagyo, seat belt pani thiena, bijog transport service ho yo",1,2024-08-27,romanized_nepali,1,2,transportation
ramro dherai ramro service and fast reply. paisa vasool 😊,5,2024-04-04,code_mixed,1,2,services
"Hotel Annapurna room ekdam clean and spacious, staff pani helpful thiyo",5,2025-01-27,code_mixed,0,0,hotel_restaurant
nice vibe good food good price. loved it tbh,4,2024-05-28,english,0,0,hotel_restaurant
saman quality thik cha. price acceptable. overall ok,3,2024-06-15,romanized_nepali,0,0,product
khana aayo cold and oily. very bad quality. sala resturant. jhyau matra,1,2024-11-11,code_mixed,1,2,food
tshirt dami and color ramro dherai ramro,5,2022-01-30,code_mixed,1,2,product
"khana mitho thiyo but place dirty thiyo, fly pani thiyo table ma, ekdamai jhyau lagyo😠😠",1,2022-10-07,romanized_nepali,1,2,food
ramro dherai ramro tea and snack and chat fun fun,5,2022-01-15,code_mixed,1,1,hotel_restaurant
ekdamai mitho thiyo khana. dherai ramo. price pani thik thiyo. jakas cha,5,2024-02-14,romanized_nepali,1,2,food
"Chicken chowmein order gareko 30 min pachi aayo, taste chai okay-ish thiyo but ali oily lagyo",3,2025-01-22,code_mixed,0,0,food
"Sandwich was super fresh and filling, felt satisfied",5,2025-01-17,english,0,0,food
lastai dami thiyo yaar the masswage service.. they were professional and price was okay also.. ramro ramro will go again paisa vasool,5,2024-07-13,code_mixed,1,2,services
"product ramro cha, price pani thik cha",4,2022-11-08,romanized_nepali,1,1,product
umm food was ok. nothing great nothing terrible. staff ignored us a bit but not rude. idk 3 star feels right,3,2023-07-17,english,0,0,food
waste of money bro waste,1,2023-03-12,english,0,0,food
"I ordered this product for my mom and then the box came broken and then inside pani damaged thiyo, tried to return but customer service didnt pick up. called 4 times. FOUR TIMES. very bad very bad service. paisa waste. khattam company",1,2023-03-02,code_mixed,1,4,product
earphone is dami cha.. sound clear hai and bass also good.. paisa vasool for the price,5,2023-12-28,code_mixed,1,2,product
dami cha yaar,5,2023-09-08,romanized_nepali,1,1,hotel_restaurant
ramro thiyo overall,4,2022-12-31,romanized_nepali,1,1,hotel_restaurant
baal chalcha,1,2022-07-14,romanized_nepali,1,2,transportation
ramro cha hotel. check in fast thiyo. bed comfortable. wifi speed ramro thiyo. dami stay 😊,5,2023-04-05,romanized_nepali,1,1,hotel_restaurant
lastai dami thiyo yaar the massage service.. they were professional and price was okay also.. ramro ramro will go again paisa vasool,5,2024-07-13,code_mixed,1,2,services
hotel ramro dherai ramro and staff babbal. paisa vasool feel 😊,5,2024-10-10,code_mixed,1,3,hotel_restaurant
baal cha sala. jhyau lagyo mero,1,2024-05-12,romanized_nepali,1,2,services
"khana mitho thiyo ekdamai, price pani ramro thiyo, staff pani friendly thiyo, definitely aauchu feri",5,2023-09-08,romanized_nepali,1,1,food
"product quality is not that bad tbh, but delivery was very very slow took 5 days extra",3,2024-04-01,english,0,0,product
"came here twice already, the vibe is ok but they keep forgetting items in the order lol very annoying",2,2023-05-30,english,0,0,hotel_restaurant
"product quality ramro thiyo but price chai dherai mahango lagyo, not worth it yaar",2,2023-07-02,code_mixed,1,1,product
guff guff guff.. the guide was just talking and talking and did not show us anything good.. baal tour this was,1,2022-08-09,romanized_nepali,1,2,services
ekdam jhur product yo. dherai paisa tiryo waste bhayo,1,2022-08-31,romanized_nepali,1,2,product
ramro service cha yaar.. they fixed my fridge fast and price was also okay.. sahi ho sahi ho will call again,5,2023-04-24,code_mixed,1,2,services
hotel ramro dherai ramro and breakfast mitho. paisa vasool 😊,5,2025-12-12,code_mixed,1,3,hotel_restaurant
baal,1,2023-03-07,romanized_nepali,1,1,services
service thik cha but mood off staff. chalcha for now,3,2025-05-14,romanized_nepali,1,1,services
ramailo thiyo visit 😊,4,2025-01-19,romanized_nepali,1,1,hotel_restaurant
"WiFi speed average, sometimes slow sometimes fine",3,2025-02-03,english,0,0,hotel_restaurant
ride smooth and driver dai sahi ho. no jhyau today,5,2025-08-18,code_mixed,1,1,transportation
ramro dherai ramro aati nai ramro hai staff sahi ho and then tea mitho,5,2025-07-07,code_mixed,1,1,hotel_restaurant
ride smooth and smooth again. sahi ho,5,2024-09-09,code_mixed,1,1,transportation
bus chiyena on time. 45 min late. then driver le loud music bajayo whole trip. sleep garna sakina. jhyau,2,2024-06-30,code_mixed,1,1,transportation
Tootle ma booking confirm bhayo tara driver cancel garyo last moment ma,2,2025-02-28,code_mixed,1,1,transportation
"i went to this place with high hopes because my friend said it was dami. but bro. food was bland, service was slow, place was dirty. my friend has bad taste i think. not worth it. lastai jhyau thiyo. paisa waste",1,2024-06-25,code_mixed,1,3,food
room service le 3 palta call garyo and then no one answered. went down to reception and then they said busy bhanyo. bro it is 9pm on a tuesday. not that busy. baal hotel. bijog service,1,2023-01-19,code_mixed,1,2,hotel_restaurant
ramro dherai ramro taste mitho and then i eat more more,5,2023-03-30,code_mixed,1,1,food
room ma cockroach dekha paro. COCKROACH bro. lastai baal cha yo hotel. paisa waste. never staying here again. bijog cha,1,2023-05-09,code_mixed,1,3,hotel_restaurant
"Donut tasted old, not fresh at all sadly",1,2025-01-21,english,0,0,food
ekdamai kharab service. called 5 times nobody picked. 5 TIMES BRO. what is this service. lastai jhur cha,1,2023-07-21,code_mixed,1,2,services
"Reception ma check-in slow, tara room ma gayera thik chha",3,2025-02-08,romanized_nepali,1,1,hotel_restaurant
"product quality uff, lastai ramro thiyo, dherai khusi thiye, definitely kinchu feri",5,2023-06-29,romanized_nepali,1,1,product
dami cha yar,5,2024-10-15,romanized_nepali,1,1,food
thik cha hotel yar. expected more for that price but it was clean. ok ok experience,3,2023-01-31,code_mixed,0,0,hotel_restaurant
"nice nice place, vibe good, will come again with frends",4,2024-06-22,english,0,0,hotel_restaurant
"paisa vasool cha yo trip, sahi cha driver pani",5,2023-05-12,romanized_nepali,1,2,transportation
taste nice nice spice right right love love,5,2025-02-02,english,0,0,food
so my experience with this bank app was full bijog bro. i sent money and then it debited from my account and then receiver got nothing. and then i called helpline and then hold ma rakhyo 45 min. and then finally agent aayo and then she said please wait 3-5 working days bhanyo. 3-5 DAYS for urgent payment?? sala. this is very bad. baal app. and then 6th day pani nai aayena money. had to go branch physically. branch ma pani 1 hour wait. total khattam experience. i don't like this trash system. paisa gatey gayo tension ma. never using this app again if i can help it. lastai jhyau thiyo yar seriously i am still angry,1,2023-12-06,code_mixed,1,5,services
honestly the cafe was cute and vibe was good. coffee mitho thiyo. price bit high but ok for the ambience. would go again maybe 😊,4,2023-08-18,code_mixed,1,2,food
slowww,2,2022-12-12,english,0,0,services
ride cheap cheap seat ok ok road rough rough but reach quick quick paisa vasool,4,2022-12-12,code_mixed,1,1,transportation
ramro dherai ramro cafe and chill vibe. paisa vasool,5,2022-12-24,code_mixed,1,2,hotel_restaurant
went to this parlor and they burned my haire yaar.. BURNED.. i came for a simple treatment and my hair is now damaged.. sala lastai jhyau thiyo.. paisa waste and hair also gone.. bijog service bijog,1,2023-09-01,code_mixed,1,4,services
ride app book gare and then driver latee latee and talk rudee rudee and car dirtyy dirtyy and ac no no work price expensivee expensivee paisa waste paisa waste i delete delete app overall lastai jhyau thiyo,1,2023-04-04,code_mixed,1,1,transportation
honestly food quality has dropped. used to be good good but now not worth it,2,2024-10-14,english,0,0,food
khana ekdum mitho thiyo. momo filled well and juicy. hot hot aayo. service ramro thiyo. 5 star for sure 🔥,5,2023-11-03,romanized_nepali,1,1,food
hotel ramro dherai ramro and breakfast mitho. staff ramailo 😊,5,2025-07-07,code_mixed,1,3,hotel_restaurant
boAt earphones sound dami cha paisa vasool lagyo,5,2025-02-13,romanized_nepali,1,2,product
"went there twice. first time was great. second visit was jhyau. staff rude, food average, totally diff experience. idk what changed",2,2023-08-31,code_mixed,1,1,hotel_restaurant
billing garo and they charged extra. when i asked they behaved badly. jhyau lagyo yaar.,1,2024-06-30,code_mixed,1,1,services
place clean thiyo but staff sloww sloww. lastai jhyau,2,2022-07-19,code_mixed,1,1,services
"bus ma seat nai thiyena bro, driver pani lastai rude thiyo, never again",1,2022-12-19,code_mixed,1,1,transportation
ramro dherai ramro taste and quick sere. paisa vasool bro,5,2024-02-21,code_mixed,1,2,food
i came for meeting and wifi slow and then slow again. jhyau lagyo but tea mitho so thik cha,3,2023-01-19,code_mixed,1,2,hotel_restaurant
good good vibe here. will come again,4,2022-11-17,english,0,0,hotel_restaurant
umm so the momo here is ok. not the best. skin was little thick. filling was decent. chutney was good actually. overall thik cha. not worth the long walk but if nearby then ok. chalcha.,3,2023-09-05,code_mixed,1,1,food
ramro dherai ramro staff chat fun fun tea free free,5,2024-04-18,code_mixed,1,1,hotel_restaurant
hotel ma basda first look nicee but but wash room dirtyy dirtyy and water sloww sloww and staff rudee rudee ani noise noise whole night i sleep no sleep paisa expensivee expensivee not worth not worth stay overall lastai jhyau thiyo,1,2025-01-01,code_mixed,1,1,hotel_restaurant
bus ride start goodd but but driver rudee rudee shout shout and seat dirtyy dirtyy and window stuck stuck and smell bad bad and then latee latee reach and price expensivee expensivee not worth not worth i tired tired of this ride overall lastai jhyau thiyo,1,2025-09-09,english,0,0,transportation
sahi h,5,2025-04-04,romanized_nepali,1,1,product
cafe ko ambience ramro thiyo. sitting comfortable. coffee was dami. price bit high but vibe le justify garyeka thiyo. would visit again 😊,4,2024-05-09,code_mixed,1,2,food
"jakaas thiyo experience, paisa vasool lastai",5,2024-01-18,romanized_nepali,1,2,services
"bus delay and delay again. paisa waste, time waste",2,2023-10-10,english,1,1,transportation
honestly thik cha for the price. budget option. not luxury but clean enough. staff polite,3,2024-08-11,english,0,0,hotel_restaurant
i wait long long time jhyau jhyau but food ramro so ok,4,2024-01-15,code_mixed,1,2,food
yo repair shop le mero laptop liyera 2 hapta rakhyo. and then bhanyo problem solve bhayena bhanyo. and then charge pani maangyo for nothing. WHAT. baal shop. sala time waste matra bhayo,1,2023-02-18,code_mixed,1,2,services
jakaas cha yaar ekdamai dami 🔥,5,2022-10-02,romanized_nepali,1,2,food
ramro dherai ramro service and fast work. paisa vasool bro,5,2024-03-21,code_mixed,1,2,services
ok lol,3,2024-08-21,english,0,0,food
flight late aayo. 3 hours late. no proper info diyena airport ma. total bijog cha yo airline ko. lastai jhyau lagyo,1,2023-04-02,code_mixed,1,3,transportation
hotel okayy but room dirtyy dirtyy. lastai jhyau,2,2025-02-02,code_mixed,1,2,hotel_restaurant
not worthh,1,2023-05-05,english,0,0,product
hotel ko bed was too hard to sleep. ac was not working. and they charged full price. bijog.,1,2025-04-10,code_mixed,1,1,hotel_restaurant
thik thik cha. not amazing not bad,3,2023-10-07,english,0,0,services
Khalti ma cashback offer ramroooo lagyo,4,2025-03-09,romanized_nepali,1,1,services
baal farak pardaina lastai kharab,1,2022-08-25,romanized_nepali,1,2,food
gayo tyo resturant for lunch with friends. we waited 40 mins for seat. then 30 more mins for food. food aayo when we were already angry. dal was cold. tarkari was bland. I asked for water 3 times and nobody came. 3 TIMES!!! sala staff were busy on phone. paisa waste time waste. lastai jhyau thiyo. never going back. never. told all my friends also not to go. overall khattam experience.,1,2023-06-14,code_mixed,1,6,hotel_restaurant
Samosa bahira crispy tara vitra ko filling thik chha matrai,3,2025-01-09,romanized_nepali,1,1,food
"paisa waste, time waste. this is very bad and very bad 🤮",1,2024-08-01,english,1,1,services
TVS Jupiter service center ma khattam nai experience bhayo🤯,1,2025-03-03,romanized_nepali,1,1,transportation
mitho cha the thukpa here yaar.. warm and spicy just how i like.. will order again order again,5,2023-11-18,code_mixed,1,1,hotel_restaurant
"ramailo experience thiyo, staff friendly thiyo, room safa thiyo, aauchu feri",5,2024-09-11,romanized_nepali,1,1,hotel_restaurant
dami cha yaar the wifi router.. signal reach all room and speed is fast.. paisa vasool totally,5,2024-02-03,code_mixed,1,2,product
ramro dherai ramro.. momo ko taste was perfect yaar.. mitho mitho mitho.. i will come back for sure,5,2023-05-28,code_mixed,1,2,hotel_restaurant
very very slow delivery bro not worth it,2,2023-04-22,english,0,0,product
KHATTAM. food late food cold food wrong. 3 for 3 bro. hat trick of bad. never going here,1,2025-03-11,code_mixed,1,1,food
jakaas thiyo yar. babbal service ani ekdamai safa place 🔥,5,2022-08-14,romanized_nepali,1,2,hotel_restaurant
cafe vibe was nice. soft music. cozy seating. tea was ramro. cake average. would go for tea definitely,4,2024-06-22,code_mixed,1,1,food
ramro dherai ramro. food was so good. staff was helpful. place was clean. i loved it.,5,2022-11-24,code_mixed,1,1,hotel_restaurant
this is very bad very bad net slow slow hate it,1,2025-01-21,english,0,0,services
"bus seaf comfortable thyL, ac ramro thiyo, tiJe ma puryo, babbal traMqport",5,2022-05-17,romanized_nepali,1,1,transportation
"bus ma seat pani ramro thiena, AC kaam garena, paisa waste bhayo",1,2022-03-18,romanized_nepali,1,1,transportation
product ramro cha bro. already told my friends. they bought too. all happy 😊,5,2024-03-30,romanized_nepali,1,1,product
okayyy,3,2024-02-14,english,0,0,food
bro food here is so so good yar. dami dami. best dal bhat in the area for sure. cheap and tasty. paisa vasool 😋🔥,5,2023-10-26,code_mixed,1,2,food
"not worth not worth, quality kharab cha",1,2023-12-22,english,0,0,product
went here for lunch. food was hot and fresh. service was quick. price thik thiyo. ramro experience,4,2024-03-18,code_mixed,1,1,food
"product is good good, delivery was fast",4,2024-09-01,english,0,0,product
so ok long review incoming. mero experience with yo transportation company was full disaster bro. so i booked cab for airport at 5am. and then driver called at 4:30am said he is outside. and then i came down and then nobody was there. and then called him back and then he said he is coming bhanyo. and then waited 20 min. 5am ma 20 min wait bro. and then new driver aayo and then he didn't know the route to airport. i had to navigate. ME the passenger had to navigate. and then halfway the car started making sound. and then driver stopped and then said tire problem. and then we changed tire slowly. and then reached airport late. MISSED MY FLIGHT. bro i was so angry. and then company said sorry only. no refund for cab no help for new flight nothing. sala. this is very bad. this is the worst experience of my life. baal management. lastai jhyau thiyo. i dont like this trash company. never again,1,2025-03-20,code_mixed,1,5,transportation
salon service was nice. haircut was perfect. price was ok. will come again. ramailo thiyo.,4,2022-09-28,code_mixed,1,1,services
food quality is so good here. came with family last week. everyone loved it. dad said best dal bhat in kathmandu. mom liked the tarkari. kids finished everything on plate. no leftover means food was ramro bro. price was also fair. paisa vasool cha. will bring more family. jakaas place. dami dami.,5,2023-07-11,code_mixed,1,4,food
gayo tyo hotel ma. staff le herna ni najaneko. paisa waste thiyo. never going back sala.,1,2023-04-20,romanized_nepali,1,3,hotel_restaurant
ok so i book room and then reach late night and then gate close i shout HELLO HELLO and guard come slow slow but he nice and smile and give key room clean bed soft view ramailo but water cold cold lol but ok i like stay ramro dherai ramro,4,2023-12-12,code_mixed,1,1,hotel_restaurant
this is very bad very bad wire loose loose spark spark i fear fear trash trash😂😂,1,2023-03-30,english,0,0,product
decent cha. not bad. thik cha,3,2023-06-11,english,0,0,food
momo dami thiyo but achar chaina bhanyo. what kind of momo place has no achar?? thik lagena yar,3,2023-07-04,code_mixed,1,2,food
"babbal cha product quality, ramro ramro 👍",5,2023-01-31,romanized_nepali,1,2,product
Bank staff helpful but paperwork took long time,3,2025-03-15,english,0,0,services
"total bijog, sala kina yetro mahango linchan, quality zero",1,2023-02-27,romanized_nepali,1,1,product
khatrai hotel.. room view is so good and bed was soft and breakfast was mitho mitho.. will come back for sure paisa vasool,5,2024-08-22,code_mixed,1,2,hotel_restaurant
"I order food and then rain start and then rider late and then late again. I was hungry and angry and just stare at phone. paisa waste, time waste I keep saying and saying. when food came it was cold and cold again. this is very bad and very bad but taste little mitho so confuse feel. I dont like this trash but I still eat cause hungry lol. overall lastai jhyau thiyo.",2,2023-11-11,code_mixed,1,4,food
service center ma gaye ani line long long and staff sloww sloww and talk rudee rudee ma sodhe simple q but they laugh laugh kasto bad bad help and table dirtyy dirtyy and fan sloww sloww paisa waste paisa waste for this very bad place overall lastai jhyau thiyo,1,2023-08-08,romanized_nepali,1,1,services
lastai bijog 🤮,1,2025-02-14,romanized_nepali,1,2,hotel_restaurant
went to this resturant near new road and the food was mitho but the place was so dirty yar. table safi thiyena. kinda jhyau lagyo honestly,2,2023-10-19,code_mixed,1,2,food
bought shoes and they are ramro cha bro. fits well. quality looks ok. delivery was fast. happy 😊,4,2023-09-23,code_mixed,1,1,product
Chicken wings were fine but too salty for my liking,3,2025-01-14,english,0,0,food
"service lastai ramro, staff ramailo and fast. i was hungry and then food came quick and then quick again lol",5,2025-02-17,english,1,1,hotel_restaurant
dami service cha. fast delivery and product was good. will order again. babbal cha yaar 🔥,5,2024-12-10,code_mixed,1,2,product
baal product ho,1,2022-07-03,romanized_nepali,1,1,product
"not worth the money at all, quality is very bad, will not buy again",1,2023-03-07,english,0,0,product
"delivery fast cha, packaging pani ramro",4,2024-01-08,code_mixed,1,1,product
good good service loved it,5,2023-08-19,english,0,0,hotel_restaurant
"Mi power bank ek mahina mai bigryo, waste of money",1,2025-02-25,code_mixed,0,0,product
ok i am writing this at airport waiting for my delayed bus connection. this company. bro. so original bus was 2 hour late. and then connecting bus at midpoint was gone already. and then company said next bus tomorrow morning bhanyo. TOMORROW. i need to reach tonight. and then they said hotel will be provided. and then hotel was 1 star. broken fan. no hot water. sala. had to spend night in bad hotel and then next morning bus also was 30 min late. 2 days of travel for what should be 1 day trip. paisa waste time waste energy waste. baal company ho yo. lastai jhyau thiyo yar. i will never use this company again in my life. this is very bad. khattam management,1,2023-12-31,code_mixed,1,5,transportation
internet speed lastai slow thiyo. paid for fast plan tara slow slow. paisa waste bhayo. will switch provider,1,2024-02-17,code_mixed,1,2,services
room maa gayo ani smell aayo bro. like damp smell. window khol garda better thiyo but still. staff le kei garena. expensve hotel ko lagi yesto?? jhyau,2,2023-09-04,code_mixed,1,2,hotel_restaurant
khana tastyii tara wait sloww sloww. jhyau,2,2023-07-07,romanized_nepali,1,1,food
Clinic appointment was on time but waiting area small,4,2025-03-14,english,0,0,services
"product photo ma dherai ramro dekhiyo but aayo totally diff item. color wrong, size wrong. and then return process pani jhyau. this is very bad",1,2024-03-08,code_mixed,1,2,product
"I went there for birthday and first they said table ready and then not ready and then wait wait wait. we stand like fool, jhyau lagyo. water pani did not come for long time and then wrong order and then sorry sorry only. paisa waste, time waste, paisa waste, time waste I keep saying. my friend was mad and I was mad and we just sit and sit. food came cold and then cold again. this is very bad and very bad. overall lastai jhyau thiyo.",1,2023-11-05,code_mixed,1,4,hotel_restaurant
dami jacket cha yaar.. warnm and li ght.. bought for hike and it was perfect.. paisa vasool paisa vasool,5,2023-01-29,code_mixed,1,2,product
"Pizza ko cheese nai jamena, taste ekdam off thiyo😂",1,2025-01-11,romanized_nepali,0,0,food
"bro i booked this event service for my cousin ko birthday. and then day of event, setup team aayo 2 hour late. and then they forgot half the decoration at office. and then my cousin was upset. and then they said they will bring rest of decor and then never came back that day. and then billing garyo full amount still. sala. i paid for full service and got half. bijog company. this is very bad. lastai jhyau thiyo. i don't like this trash company. paisa waste and ruined my cousin ko birthday pani. never booking again. warning everyone",1,2024-11-25,code_mixed,1,4,services
lol this cab smelled like cigarette full time🥰🥰.. and driver took long route to charge more.. SALA GUFF only.. paisa waste time waste.. never use this again,1,2024-07-22,code_mixed,1,3,transportation
i went there for dinner and then wait and then wait and wait like 40 min and staff rudee rudee and table dirtyy dirtyy and food come cold cold and taste bad bad not tastyii at all bro i say fix it but they just stare stare like idk what they do i feel paisa waste paisa waste and time waste time waste never go again never go again overall lastai jhyau thiyo,1,2023-03-03,code_mixed,1,2,food
bag ramro dherai ramro and strong. no issue till now,5,2024-08-18,code_mixed,1,2,product
ride okayy but seat dirtyy and dirtyy. jhyau yrr,2,2025-07-07,code_mixed,1,1,transportation
this coaching is total waste of money bro. teachers come late. notes are old. fees are high. my child was not learning anything. paisa waste time waste ekdam. shifted to other place and the difference is huge. lastai jhyau thiyo here. parents dont send kids. khattam teaching.,1,2024-07-18,code_mixed,1,4,services
lastai ramro hotel. came for 3 nights. all 3 nights were perfect. housekeeping was good. staff were friendly every day. food in their resturant was dami. breakfast was hot and fresh daily. wifi was working all the time. ac was cold properly. bed was comfy. and checkout was smooth. paisa vasool cha. will stay here again next trip. ramro dherai ramro. jakaas experience overall.,5,2022-12-28,code_mixed,1,5,hotel_restaurant
waited for 45 mins for a simple dal bhat. and they got the order wrong too. paisa waste.,1,2023-04-27,code_mixed,1,1,food
"service kharab, price expensve, not worth at all",1,2023-08-15,code_mixed,1,1,hotel_restaurant
"service was so slow bro, waited 40 mins and still no response, will never use again",1,2022-09-22,english,0,0,services
product came damaged. box was broken. customer care ne sunena pani. total bijog service.,1,2024-03-18,code_mixed,1,1,product
"khatrai experience bro, sab thik thiyo, hoel pani ramro thiyo, khana pani mitho, will visit again",5,2023-04-25,romanized_nepali,1,1,hotel_restaurant
"product aayo damaged, box pani torn thiyo, customer service ma call gareko hold ma rakhe 30 mins, koi aena, feri call gareko then they said will replace but still waiting after 2 weeks, lastai kharab experience thiyo, paisa waste paisa waste, baal farak pardaina unilai customer ko, never buying from here again, jhur company ho yo",1,2024-05-21,romanized_nepali,1,4,product
ok i am posting this review because i want to warn everyone. i ordered a blender from this site. and then blender aayo. and then i used it once and then it started making horrible noise. and then i used it again and then it sparked and stopped working. SPARKED. this could have been dangerous bro. and then i asked for refund and then they said usage damage bhanyo. ONE USE. this is very bad. this is extremely dangerous. baal quality check gareko thiyena. i don't like this trash product. lastai lastai jhyau. paisa waste and almost injured me. khattam company. never ever buying from here. tell your friends pani,1,2024-03-15,code_mixed,1,4,product
yo printer le day 1 ma paper jam garyo. bro brand new machine. and then jam fix garyo and then print quality was terrible. lines were there. company ko customer care le 20 min hold rakhyo. then said technician aaucha bhanyo. waited 4 days. nobody came. this is very bad. i don't like this trash product. baal brand. paisa waste yar lastai,1,2024-08-16,code_mixed,1,2,product
thik cha but nothing special,3,2023-11-20,romanized_nepali,1,1,food
fpod was ok ok nothkny spwcoal tbh,3,2024-03-29,english,0,0,food
"Spaghetti tasted bland, sauce felt watery and weird",1,2025-01-16,english,0,0,food
listen i try this cafe cause friend drag drag me i lazy lazy mood off off but then drink come foam thick thick smell sweet sweet sip first and boom joy joy taste mitho mitho not lie not lie i sit long long talk long long no rush no push vibe ramailo ramailo overall lastai jhyau thiyo at first but end super good,5,2022-02-14,code_mixed,1,1,food
sala resturant was full and we waited outside 30 min and then finally got table and then waiter forgot our order yaar.. FORGOT ORDER.. and then food came wrong and cold.. paisa waste time waste totally.. lastai jhyau thiyo whole experience.. never coming back never,1,2023-10-12,code_mixed,1,4,hotel_restaurant
"delivery fast thiyo, product pani ramro thiyo, happy with purchase",5,2023-11-05,code_mixed,0,0,product
"Burger juicy and filling, really happy with the taste",5,2025-01-12,english,0,0,food
babbal momo cha!! 🔥🔥,5,2024-09-14,romanized_nepali,1,1,food
"dami dami experi ence🤯, lastai ramro thiyo, sab kura thik thiyo",5,2024-06-25,romanized_nepali,1,2,hotel_restaurant
service sloww and then sloww again idk why. not worth 😤,1,2022-11-02,english,0,0,services
taste mitho mitho and price cheap cheap bro 🔥,5,2024-05-14,code_mixed,1,1,food
"umm food was ok ok nothing great nothing bad, just average lol",3,2022-04-29,english,0,0,food
"bus ma seat thik thiena, driver le phone chalaudai thiyo drive garda, lastai dar lagyo, kharab service",1,2022-02-24,romanized_nepali,1,1,transportation
i ordered jacket and then it came with missing button and thread hanging everywhere. new product yar. baal quality control. and then return garyo and then new piece aayo after 10 days which was better but still not perfect. not ordering from here again,2,2024-08-08,code_mixed,1,1,product
"lastai kharab transport tyyo, late thyi ani dr7vDr attitude pzni kharab, haal kaam lagena",1,2023-08-31,romanized_nepali,1,2,transportation
product ok ok. works as expected. nothing amazing. paisa vasool i think,3,2023-03-30,romanized_nepali,1,1,product
nice place but expensve,3,2023-10-11,english,0,0,hotel_restaurant
ekdam jhyau thiyo yar,1,2023-05-11,romanized_nepali,1,1,food
"jhyaJ jhyau lAgyo bro, sala pa(sa waste bhayo, kharab Ihzrab Hhyo sab",1,2023-02-10,romanized_nepali,1,3,food
lol this resturant charges 500 for a momo that is not even mitho.. not mitho at all.. paisa waste totally,1,2024-07-31,code_mixed,1,2,hotel_restaurant
khana aaucha cha ramailo place dami service,5,2024-01-30,romanized_nepali,1,2,food
"Rooftop view photo jasto thiena, ekdam disappointed bhaye",1,2025-01-31,romanized_nepali,0,0,hotel_restaurant
sahi ho. thik cha. rramro experience ca !!,4,2024-12-02,romanized_nepali,1,1,hotel_restaurant
"jakaas thiyo yaar trip🤯, road was smooth and bus was clean and seat was comfy.. ramailo ramailo",5,2024-07-19,code_mixed,1,2,transportation
khana dherai ramro thiyo. mitho mitho. staff pani friendly thiyo. will bring family here next time,5,2024-05-26,romanized_nepali,1,1,food
"ekdamai babbal thiyo the whole trip, driver ramro thiyo ramailo journey",5,2022-10-14,romanized_nepali,1,2,transportation
laARai jh&au tNyo bro. paisa waste t(me waste. neGer rdering again from here,1,2024-09-01,code_mixed,1,3,food
ramailo thiyo dinner. music pani thiyo ani atmosphere pani ramro. will visit again 😊,4,2024-07-30,code_mixed,1,1,hotel_restaurant
umm the food was ok tbh. nothing great. price .bit high for this area,3,2023-10-18,english,0,0,food
dami place for family dinner. ambiance was good. food was tasty. will go again. 💕,5,2022-10-05,code_mixed,1,1,hotel_restaurant
ramro ramro. safi room. helpful staff. khana pani thik thiyo. ramro dherai ramro hotel cha bro 🔥,5,2025-01-25,romanized_nepali,1,2,hotel_restaurant
app slow and jhyau lagyo. chalcha for now,3,2023-01-01,code_mixed,1,1,services
mitho thiyo,4,2024-12-01,romanized_nepali,1,1,food
"ekdamai ramro service thiyo, sahi ho sahi",5,2023-05-29,romanized_nepali,1,3,hotel_restaurant
mitho food and fast delivery.. happy with it.. dami service cha yo,5,2023-12-03,code_mixed,1,2,services
nice ambience. food was average but coffee was dami. would come just for coffee tbh,4,2024-04-08,english,0,0,food
i booked this service online and then no one showed up. and then called and then they said agent busy bhanyo. and then i waited more and then they cancelled my booking. and then NO refund. bro are you serious. this is very bad. this is VERY VERY BAD. total guff ho yo company. i don't like this trash service. sala paisa nai khayo. khattam,1,2023-09-17,code_mixed,1,3,services
"very expensive for the quality, not worth at all",1,2025-02-17,english,0,0,food
i was at the salon and they made me wait 1 hour even with appointment.. ONE HOUR.. and then the cut was also not what i asked.. sala waste of time waste of money.. lastai jhyau,1,2023-08-05,code_mixed,1,3,services
the staff at this hotel was SO nice.. they helped us with everything and the room was clean and the bed was comfy.. jakaas experience yaar.. will come back will come back,5,2024-01-05,code_mixed,1,2,hotel_restaurant
bought this phone case and it broke in 2 days. 2 DAYS!! sala paisa waste garo. very bad quality.,1,2024-09-07,code_mixed,1,2,product
"Check-in process slow thiyo, 20 min wait garnu paryo hai",3,2025-01-29,romanized_nepali,0,0,hotel_restaurant
tamatar ko achar ramro thiyo. dal mitho. overall khana sahi thiyo. aafnai manchhe lai pani suggest garchu,5,2024-05-02,romanized_nepali,1,1,food
delivery was on time and product was packed well. good service overall 👍,5,2022-08-16,english,0,0,product
cap dami and fit ramro dherai ramro,5,2024-07-07,code_mixed,1,2,product
thik cha hotel. nothing wow but clean and safe. staff ok. would stay if price is right,3,2023-11-14,english,0,0,hotel_restaurant
took bus to chitwan and sala bus was so old yaar.. and seat spring was poking me whole way.. POKING ME.. 6 hours like this.. and driver was also rude when i complained.. lastai jhyau thiyo.. paisa waste total paisa waste.. khattam company cha yo,1,2023-02-07,code_mixed,1,4,transportation
food look good good but taste bland bland i say what is this what is this this is very bad this is very bad no spice no salt paisa waste time waste i go home sad sad,1,2023-04-22,code_mixed,1,2,food
Internet provider kept disconnecting every hour,2,2025-03-16,english,0,0,services
momo was ok but the price ekdam badhe ko. 250 rupees ko momo this small??? paisa vasool hoina yaar.,2,2022-08-11,code_mixed,1,2,food
Room ma AC ramroooo chalyo tara bathroom ko tap ali leak bhairako thiyo,4,2025-01-28,romanized_nepali,1,1,hotel_restaurant
driver came on time. helped with luggage. no drama. thik cha service. sahi ho,4,2022-10-31,romanized_nepali,1,2,transportation
"Daraz customer service reply nai aayena, disappointed",1,2025-03-12,romanized_nepali,0,0,services
sahi ho the data plan.. internet is fast and price is okay.. ramro ramro,5,2024-03-19,code_mixed,1,2,services
hotel room was clean and staff was nice. ramro cha. breakfast was good too. value for money.,4,2023-08-20,code_mixed,1,1,hotel_restaurant
dami yar ekdum dami. best food. best staff. sahi ho 🔥,5,2023-01-09,romanized_nepali,1,3,food
pizza mitho and cheesy. ramro dherai ramro,5,2023-04-04,code_mixed,1,2,food
went to clinic for a simple check. doctor was ok. staff were ok. but waiting time so long. 2 ghanta wait garyo just for 5 mins with doctor. and they charge so much. 1500 rupees consultation fee. paisa waste time waste again. place was not clean also. thik cha overall but too expensive.,2,2024-07-05,code_mixed,1,2,services
service slow thiyo but staff was friendly at least. food thik thiyo. ok experience overall,3,2024-11-30,code_mixed,0,0,food
"khatrai service thiyo lastai, aauchu feri",5,2024-03-30,romanized_nepali,1,2,hotel_restaurant
ok so i have to tell this full story. so mero sathi ko marriage thiyo right. and then we all booked this hotel for 2 nights. and then night 1 was fine. and then on night 2 at 2am the fire alarm went off and then everyone came out and then it was false alarm bhanyo. and then back to room and then alarm went off AGAIN at 4am. i have not slept. and then morning ma checkout time they charged full rate no discount nothing. sala. 2 nights of bijog. lastai jhyau thiyo yar. i hate this hotel. total khattam. paisa waste time waste energy waste. the one star is even too much for them. never going back and telling all friends to avoid,1,2025-04-03,code_mixed,1,5,hotel_restaurant
not worth not worth at all bro,1,2025-03-21,english,0,0,product
bag look cool and then zip smooth chalcha,4,2024-06-16,code_mixed,1,1,product
ride smooth smooth no bump no jump khatrai,5,2024-02-02,code_mixed,1,1,transportation
delivery bhayo fast and item pani sahi thiyo. paisa vasool purchase bro. dami 👍,4,2022-08-12,code_mixed,1,2,product
driver rude rude i say stop he not stop jhyau,2,2024-11-11,code_mixed,1,1,transportation
guff matra garcha staff ley. actual kaam gardaina. baal service,1,2023-07-07,romanized_nepali,1,2,services
watch dami and look ramro dherai ramro. no regret,5,2024-12-12,code_mixed,1,2,product
lol went to this hotel for lunch and they gave me warm coke.. WARM COKE.. i asked for cold and they said machine is off.. off machine in a resturant?? sala jhyau,1,2023-05-12,code_mixed,1,2,hotel_restaurant
sloww ride,2,2023-12-12,english,0,0,transportation
bus clean and seat comfy. sahi ho ride and paisa vasool,5,2022-10-10,code_mixed,1,2,transportation
shoe ramro dherai ramro and comfy. no paisa waste here,5,2023-09-09,code_mixed,1,2,product
delivery jaldi aayo. saman thik thiyo. paisa vasool cha,4,2024-11-04,romanized_nepali,1,1,product
food cold and cold again. this is very bad,2,2025-03-03,english,1,1,food
yaar this place has gone down. used to come here 2 years back and food was ramro. now same food but taste is not same. price went up but quality went down. jhyau lagyo. thik cha but not like before.,2,2024-03-28,code_mixed,1,2,food
fast delivery and product is ramro,4,2024-06-18,code_mixed,1,1,product
ramro cha yaar.. momo was so good and then we ordered more and then they gave extra soup also.. paisa vasool totally paisa vasool,5,2024-03-12,code_mixed,1,3,hotel_restaurant
expensve for no reason. same food available nearby for half price. khatrai place.,2,2023-06-04,code_mixed,1,1,food
jhyau /agyo,1,2022-07-04,romanized_nepali,1,1,services
khatrai product cha. use garnai nasakne. return garnu paro. paisa waste bhayo,1,2022-12-01,romanized_nepali,1,2,product
momo mitho but chutney jhur. chalcha chalcha,3,2022-02-20,code_mixed,1,1,food
ok so trip thiyo pokhara jaana. bus was supposed to be AC. and then bus aayo no AC. windows thiya so could open. ok ok. and then stopped every hour for someone or other. driver stopped for his own lunch 30 min bro. 30 min WE waited. and then reached late. expected better. this is not very bad but not good either. thik cha i guess barely,2,2024-09-11,code_mixed,1,1,transportation
ramro thiyo delivery experience. tracking pani correct thiyo. product damage chaina aayo. dami 👍,5,2023-07-02,romanized_nepali,1,1,services
i buy shoe and then walk long long still no pain so dami dami paisa vasool,5,2023-11-11,code_mixed,1,1,product
khana bad bad but cheappp so chalcha chalcha 😅,3,2023-03-03,romanized_nepali,1,1,food
room was dirty bro. bedsheet had stain. told staff and they just changed sheet only. floor still dirty. bathroom dirty. sala hotel. not worth the price at all,1,2024-09-30,code_mixed,1,2,hotel_restaurant
"paisa waste, time waste, staff rude and rude again",1,2023-05-05,english,1,1,services
dami jacket cha yaar.. warm and light.. bought for hike and it was perfect.. paisa vasool paisa vasool,5,2023-01-29,code_mixed,1,2,product
ride start good and then jam jam jam road block and driver play loud song i say bro low sound he say ok but not ok lol but safe ride so thik cha,4,2024-07-07,code_mixed,1,1,transportation
"lastai mitho khana thiyo, momo chai ekdamai dami thiyo, price pani sasto❤️, paisa vasool",5,2022-11-28,romanized_nepali,1,2,food
khatrai product cha.. brought this water bottle and it leaks from day one.. day one yaar.. paisa waste time waste,1,2023-10-22,code_mixed,1,3,product
service slow cha yar. very slow. waited and waited but nobody came to table,2,2023-11-22,code_mixed,0,0,hotel_restaurant
"bike rent thik cha but helmet khattam. paisa waste, time waste feeling but chalcha",2,2023-10-03,code_mixed,1,2,transportation
product thik cha. delivery fast thiyo. happy,4,2023-11-29,english,0,0,product
trip was smooth. bus was on time. driver safe. leg room ok. thik cha journey,4,2023-10-30,english,0,0,transportation
"Cheese ball photo jasto thiena, reeality ma small and soggy",1,2025-01-26,code_mixed,0,0,food
idk man not great,2,2023-04-16,english,0,0,food
driver le helipad garne style ma drive garyo bro. road ma 3 palta danga paryo. i was shaking. and then he still asked tip at the end. NERVE of this guy. baal service,1,2022-11-17,code_mixed,1,2,transportation
food ramro dherai ramro sauce thick thick love love,5,2022-01-01,code_mixed,1,1,food
ramro dherai ramro. i came here last month and again this month. both times food was perfect. staff remembered my name on second visit which was so nice. momo here is lastai dami. and price is also fair. paisa vasool cha. if you havent tried this place you are missing out bro. will keep coming. jakaas place.,5,2023-11-22,code_mixed,1,5,food
fast delivery 👍 product ekdam ramro cha. use garirako chu daily. dami,5,2024-07-31,romanized_nepali,1,1,product
jakaas hotel yaar.. pool was clean and food was mitho and staff was always smiling.. ramailo ramailo stay,5,2024-05-27,code_mixed,1,2,hotel_restaurant
portion size was huge and taste was ramro. staff was helpful. price was fair. paisa vasool meal bro 😋,5,2024-10-17,code_mixed,1,2,food
khatrai driver thiyo. fast and safe. sahi ho,5,2022-06-03,romanized_nepali,1,1,transportation
thik cha,3,2023-06-18,romanized_nepali,1,1,food
thik cha for local diner vibes. nothing special but fills the stomach. price ok,3,2024-08-30,english,0,0,food
so i booked a cleaning service and they came late and then they did not clean under the sofa and then i pointed and they said it is out of scope.. OUT OF SCOPE?? sala guff guff only no work.. lastai jhyau thiyo service.. paisa waste,1,2023-08-20,code_mixed,1,3,services
Thukpa soup thik thiyo tara noodles overcooked jasto lagyo,2,2025-01-25,code_mixed,1,1,food
Newari khaja plate dheraiii mitho thiyo tara portion ali sano lagyo ni,4,2025-01-08,romanized_nepali,1,1,food
nope never again,1,2022-12-04,english,0,0,hotel_restaurant
bad bad sevic,1,2025-01-09,english,0,0,services
bus seat was very very uncomfortable. hard hard seat bro. my back ached whole journey. at least reached on time,2,2024-11-04,code_mixed,0,0,transportation
"delivery late aayo product pani damaged thiyo, paisa vasool bhayena",1,2022-07-19,code_mixed,1,2,product
went to this clinic. doctor ne dhyan dina nai mana. 5 mins ma baahira nikala. paisa waste time waste.,1,2024-03-12,code_mixed,1,2,services
earphone quality ramro cha. bass dami cha. price pani thik cha. sahi ho purchase,5,2024-01-23,romanized_nepali,1,3,product
honestly this shop is babbal. found everything i needed. staff helpful and price reasonable. ramro shop cha yar 😊,5,2023-12-12,code_mixed,1,2,product
not bad not great. chalcha. thik cha service for the money,3,2024-07-18,code_mixed,1,2,services
room vibe cool cool wall art nice nice bed soft soft window big big i feel like hero lol ramro dherai ramro stay,5,2024-11-11,code_mixed,1,1,hotel_restaurant
i call repair guy and then he come latee latee and check sloww sloww and say part bad bad and ask expensivee expensivee fee but fix no fix still same same issue very bad very bad service paisa waste paisa waste overall lastai jhyau thiyo,1,2024-10-10,english,0,0,services
i book room cheap cheap think ok ok but when go there wow wow room big big bed soft soft smell fresh fresh staff smile smile i say ramro dherai ramro they laugh laugh night calm calm sleep deep deep best stay best stay,5,2025-05-25,code_mixed,1,1,hotel_restaurant
khana aayo thanda. thanda khana kasari khane. totally not worth the price,1,2024-09-25,code_mixed,0,0,food
service fast fast and help nice nice sahi ho,5,2022-07-07,code_mixed,1,1,services
wastee,1,2023-03-14,english,0,0,product
food portion very sdmall. price very high. not worth not worth. never ordering again,1,2024-09-19,english,0,0,food
bus driver was so careful and bus was new model and ac was working perfect.. babbal trip babbal service.. sahi ho,5,2023-07-27,code_mixed,1,2,transportation
staff were so helpful and kind. they helped us with bags and everything. ramro dherai ramro.,5,2023-09-12,code_mixed,1,1,hotel_restaurant
bag color nice nice but chain weak weak,3,2025-04-04,english,0,0,product
this is very bad,1,2023-07-07,english,0,0,services
app crashed 3 times while checkout bro. finally went through and then i was charged twice. bank shows 2 charge. and then support le 3 days ma solve garcha bhanyo. baal app. jhur system. this is very bad. paisa kaatyo mero,1,2023-08-27,code_mixed,1,2,services
bus driver drove well. no speeding. polite to passengerss. bus was clean. good trip 😊,4,2024-07-04,english,0,0,transportation
"paisa waste bhayo, product quality zero cha",1,2023-03-19,romanized_nepali,1,2,product
total bijog,1,2024-06-19,romanized_nepali,1,1,hotel_restaurant
"JBL speaker battery drains fast, bit disappointed",2,2025-02-19,english,0,0,product
ramro service cha. called for help and they came in 30 mins. technician was polite. fixed fast. did not charge extra. sahi ho. this is how service should be. recommended bro.,5,2024-04-22,code_mixed,1,2,services
nice nice place. food good. service fast. will come again,4,2023-09-03,english,0,0,food
bought earphones from here. sound is good and price was reasonable. thik cha. ok ok.,3,2022-12-30,code_mixed,1,1,product
sahi ho this bus service yaar.. on time and clean bus and nice driver.. chalcha totally chalcha,5,2023-06-16,romanized_nepali,1,2,transportation
"thik cha price ko lagi, not expecting much more tbh",3,2022-05-04,english,0,0,food
went to this parlor and they burned my hair yaar.. BURNED.. i came for a simple treatment and my hair is now damaged.. sala lastai jhyau thiyo.. paisa waste and hair also gone.. bijog service bijog,1,2023-09-01,code_mixed,1,4,services
"resturant ko atmosphere ramro thiyo but food ekdamai average thiyo, paisa waste bhayo lagyo",2,2023-01-12,code_mixed,1,1,hotel_restaurant
yo microwave aayo and then day 1 ma nai turning plate broke. and then heating uneven cha. and then i checked reviews and then 10 other people have same problem. company knows and does nothing. this is very bad. baal product. paisa waste paisa waste. khattam brand,1,2023-04-24,code_mixed,1,3,product
"sahi cha sahi, mitho khana ramailo staff",5,2022-12-10,romanized_nepali,1,3,food
service very veey slow. waited 40 <inu$es for juct tea. 40 jinuHes bro. whaR is this. never f*ming baxk to this resrIrant,1,2023-12-05,english,0,0,hotel_restaurant
coffee mitho and vibe ramailo. small place but but cozy type. ramro dherai ramro tbh ☕,5,2023-07-07,code_mixed,1,2,food
delivery came after 2 hours!!! i called 3 times and they said 10 mins 10 mins 10 mins. khattam service.,1,2023-10-05,code_mixed,1,1,services
jhur cha yo product. bhangiyo first week ma nai. paisa waste total,1,2023-03-28,romanized_nepali,1,2,product
"AC noise lastai disturb garyo, sutna garo bhayo",2,2025-02-09,romanized_nepali,1,1,hotel_restaurant
bro i cannot believe this. i stayed at this hotel 3 nights right. and then first night was ok. second night the neighbor room had party till 4am. called reception and then they said they will handle bhanyo. nothing happened. 4am party still going. and then 3rd morning i woke up and then my bag was missing. not stolen just misplaced by cleaning staff. they put it outside room by mistake. but bro. i was scared. my laptop was in there. and then manager came and then said sorry but no compensation nothing. baal hotel management. and then checkout time there was extra charge on bill for 'mini bar usage'. I DID NOT USE MINI BAR. sala. had to fight 20 min to remove that charge. total bijog experience. lastai jhyau thiyo. never staying here again and warning all my friends,1,2024-05-14,code_mixed,1,4,hotel_restaurant
paisa vasool thiyo,5,2024-05-06,romanized_nepali,1,1,food
"product use gareko 1 hapta pachi break bhayo, quality lastai kharab, paisa waste bhayo, baal chalcha yo",1,2023-07-27,romanized_nepali,1,3,product
nice 🔥,5,2024-09-17,english,0,0,product
bro just go here. food is babbal. best burger i had in ktm. juicy juicy and fresh. price is fair too. highly recommend 🔥🔥,5,2024-02-04,code_mixed,1,1,food
sala this product is khattam yaar.. bought pen and ink finish in 2 day.. 2 DAY ONLY.. paisa waste paisa waste.. lastai jhyau,1,2023-05-05,code_mixed,1,3,product
"product ramro dherai ramro, color dami and fit thik cha. not expensve so paisa vasool bro 🔥",5,2024-05-06,code_mixed,1,3,product
so we went there for anniversary dinner and the table was dirty when we sat.. dirty table yaar.. and then we asked them to wipe and they used a wet dirty cloth.. DIRTY CLOTH.. and then the food came late and was also not mitho.. sala bijog service.. paisa waste time waste.. overall lastai jhyau thiyo.. never going back never,1,2024-04-19,code_mixed,1,5,hotel_restaurant
"thik cha delivery, not too fast not too slow",3,2024-11-04,english,0,0,product
service slow and slow again. jhyau lagyo but ok,3,2024-06-16,code_mixed,1,2,services
food was decent but serving size was very small. small small portion for big price. not coming back. feel cheated bro,2,2023-09-14,english,0,0,food
staff was rude and slow. resturant was dirty. food was overpriced. khattam experience.,1,2023-10-30,code_mixed,1,1,hotel_restaurant
ride cheappp but seat dirtyy dirtyy lol. not worth,2,2023-11-11,english,0,0,transportation
cafe was cute. loved the decor. matcha latte was dami. price a bit high but worth it for the aesthetic 📸,4,2024-01-15,english,0,0,food
sahi ho this sunscreen yaar.. non greasy and works good.. ramro product ramro,5,2024-02-21,code_mixed,1,2,product
another long tale long tale i buy this thing cause ad loud loud hype hype i think wow wow must good must good so click click pay pay wait wait box come i rush rush open open and then shock shock build cheap cheap sound creak creak screen dull dull this is very bad this is very bad i tap tap no fast no fast app lag lag jhyau jhyau full jhyau full jhyau i say why why why paisa waste time waste paisa waste time waste never buy never buy overall lastai jhyau thiyo,1,2024-12-31,code_mixed,1,2,product
i go there and then see crowd and then think oh no but seat get and then eat and wow taste ramro dherai ramro i tell bro come here come here this place good good not joke paisa vasool for sure,5,2024-10-10,code_mixed,1,2,hotel_restaurant
room ka curtains broken thya. tv remote battery thiyena. these are small things but for that rate expected better. ok stay overall,3,2023-07-25,code_mixed,0,0,hotel_restaurant
"service dherai slow thiyo, staff le pani dhyan dena ta, hamro table ma 15 min samma koi aena",1,2022-06-20,romanized_nepali,1,1,hotel_restaurant
rudee guy,1,2022-04-17,english,0,0,services
Ride sharing app kept crashing during booking,2,2025-03-07,english,0,0,transportation
yo blanket ko quality ekdam jhur cha. photo ma fluffy dekhiyeko but actual ma flat and thin. cold ma kaam nai gardaina. i don't like this trash product. paisa waste,1,2023-08-04,code_mixed,1,2,product
tbh the food was just okay.. mitho but small portion.. paisa thoda bढी cha,3,2023-07-22,code_mixed,1,1,hotel_restaurant
dami dal bhat cha. ghee halieko. achar ramro. side dish pani. value for money. sahi ho 😋,5,2024-09-02,romanized_nepali,1,3,food
taxi dai was polite and ride smooth. ramro dherai ramro and no stress,5,2025-09-09,code_mixed,1,1,transportation
dami dami cha this bag yaar.. strong zip and good space inside.. bought for college and it is perfect.. paisa vasool,5,2024-08-14,code_mixed,1,2,product
this is very bad very bad net drop drop and call cut cut i hate this trash i hate this trash,1,2024-08-18,english,0,0,services
not worth the hype bro not worth,2,2023-09-27,english,0,0,food
ticket kino online but seat was wrong. garo complain but nobody listen. paisa waste time waste bro.,1,2022-06-15,code_mixed,1,2,transportation
"services kharab kharab, helpline ma call gareko koi uthaena, email gareko reply aena, lastai jhyau",1,2022-06-08,romanized_nepali,1,2,services
paisa waste time waste lastai jhyau thiyo yaar,1,2023-01-28,romanized_nepali,1,3,food
"ramailo thiyo hotel, room safa thiyo, aauchu feri definitely",5,2023-11-30,romanized_nepali,1,1,hotel_restaurant
ok ok thik cha. delivery was little slow but product came good. average experience,3,2023-03-12,romanized_nepali,0,0,product
"good good trip overall, driver helpful thiyo",4,2024-05-27,code_mixed,1,0,transportation
"Buff curry order gareko thiyo, aayo chai ali chiso jasto, taste thik chha tara lastai oily lagyo",3,2025-01-04,romanized_nepali,1,2,food
driver ley route change garyo bina bhanai. ani extra charge garyo. baal cha yar,1,2023-07-28,romanized_nepali,1,2,transportation
We;ivery dherai sl8w thiyo. waiY wsit wait garna paro. lastai frustrating,2,2024-02-28,code_mixed,1,2,transportation
nice vibe tbh 😍,4,2023-04-29,english,0,0,food
Cab driver was respectful and drove safely,5,2025-03-04,english,0,0,transportation
"dami dami cha ekdamai, paisa vasool 🔥",5,2024-03-07,romanized_nepali,1,2,food
i booked room for 2 nights and then when i reached they said booking cancel bhayo bhanyo. cancel?? NO email NO call nothing. where do i sleep now bro. total bijog management,1,2023-03-29,code_mixed,1,2,hotel_restaurant
average average. nothing to write home about. food ok service ok price ok. just ok,3,2022-08-07,english,0,0,food
avg tbh,3,2023-09-11,english,0,0,food
"went to this place for lunch. waited 15 mins for someone to take order. and then food came wrong like wrong item bro. told them, they said ok will fix. waited another 15 mins. then they brought wrong item again. SAME WRONG ITEM. I don't know how. at this point I just ate and left. paisa waste bhayo. jhyau lagyo ekdamai. baal place cha. lastai baal. never going again",1,2024-04-17,code_mixed,1,4,food
"babbal cha yo place, dherai ramro ramro vibe 😍",5,2022-09-08,romanized_nepali,1,2,hotel_restaurant
the gym trainer was really helpful. showed correct form. patient with beginners. clean equipment too. dami service cha 🔥,5,2024-10-08,code_mixed,1,1,services
"product photo ma ramro dekhiyeko but actual item was totally different. color different, size different. utter jhur. return policy pani sakkyo bhanyo. i don't like this trash shop",1,2024-08-16,code_mixed,1,2,product
umm delivery was fine. but packaging was bad. item was just wrapped in thin plastic and then dented corner aayo. works still but was disappointing,2,2023-08-22,english,0,0,product
khatrai thiyo experience. stff cooperative thiyo ani khana pani mitho thiyo. dherai ramro,4,2024-03-22,romanized_nepali,1,2,hotel_restaurant
ramro cha this shop yaar.. quality products and price is also okay.. sahi ho sahi ho,5,2024-09-21,code_mixed,1,2,product
sahi ho yaar ekdamai khatrai service,5,2025-01-27,romanized_nepali,1,2,hotel_restaurant
snacks were fresh and yummy. price was fair. will buy again. dami cha. 🔥,5,2023-01-19,code_mixed,1,1,food
service was fast and staff was helpful. thik cha. would use again,4,2022-12-19,english,0,0,services
babbal cha yo momo shop yaar.. always mitho always hot.. and the achar is also dami.. paisa vasool every time paisa vasool 🔥,5,2024-01-27,code_mixed,1,3,hotel_restaurant
ok so this is my second time at this hotel and it was better than first time. room was clean. staff nice. breakfast was bit less but thik cha. would come again maybe 😊,4,2024-02-06,code_mixed,1,1,hotel_restaurant
nice taste bro 🔥,5,2023-08-20,english,0,0,food
tbh the delivery was late but the food was hot and good. so i give 4 stars. sahi ho.,4,2025-02-14,code_mixed,1,1,food
ramro ramro cha the boot.. strong sole and fits well.. bought for trekking and it did great.. jakaas product,5,2024-02-09,code_mixed,1,2,product
food was good tbh. portion size pani ramro thiyo. price fair cha. will come back 🔥,4,2024-11-08,code_mixed,1,1,food
Thakali set ma masu ramroooo tara bhat ali sukko jasto lagyo hai,4,2025-01-03,romanized_nepali,1,1,food
burger mitho but fries soggy. chalcha chalcha,3,2022-09-09,code_mixed,1,1,food
babbal experience yaar the trek guide was so helpful and knew every trail and told us stories also.. jakaas guide totally jakaas.. will book again,5,2024-06-14,code_mixed,1,2,services
jacket quality ramro cha. warm cha. looks nice pani. happy with purchase 👍,5,2023-02-09,romanized_nepali,0,0,product
I went there with my friends and the food was honestly good good no complaints about food but the waiter was very very rude bro. we asked for extra sauce and he acted like we asked for something big. and then the bill came and there were extra charges that we didn't order. we told him and he argued with us. ARGUED with the customer bro. lastai baal staff thiyo. khattam service. food ramro thiyo tara service ley sab bigaryoo. paisa waste in terms of service,2,2024-10-30,english,1,4,hotel_restaurant
bro went to this diner at 8pm. they said closing soon bhanyo at 8pm. menu le 10pm close bhancha. when i showed them they still refused. baal service. went hungry for nothing,1,2023-05-28,code_mixed,1,1,food
food was mitho and portion big. ramro dherai ramro and staff babbal. paisa vasool for sure 😋,5,2024-08-08,code_mixed,1,3,food
so i took this bus from ktm to pokhara and sala the ac was not working and it was so hot and then i asked driver and then he said it will work later and then it never worked.. never.. sweating full 6 hours yaar.. lastai jhyau thiyo.. paisa waste total,1,2023-09-14,code_mixed,1,4,transportation
so i booked this cab and driver cancelled 5 min before i had to leave.. and then i booked again and new driver also cancelled.. TWICE yaar.. TWICE.. i missed my meeting because of this sala app.. paisa waste time waste.. baal service lastai baal,1,2023-10-31,code_mixed,1,4,transportation
ordered laptop online. waited 5 days. delivered. opened box. SCREEN WAS CRACKED. cracked bro. called seller. they said it was fine when they sent. how will i prove??? now they want me to return at my cost. my cost!! total khattam. paisa waste. never buying electronics from this place. total bijog. ekdam rude seller pani.,1,2023-04-18,code_mixed,1,4,product
resturant smelled bad. floor was dirty. and food was also not good. waste of money lol.,1,2023-12-19,code_mixed,0,0,hotel_restaurant
"ramro chha yaar ramro, paisa vasool",5,2022-04-22,romanized_nepali,1,2,food
totally worth it. best expience. dami cha 🔥🔥,5,2022-12-10,code_mixed,1,1,hotel_restaurant
ramro thyo experience overall. staff mel0ful thyo ani doom safW thyo. damro rZmro,5,2024-07-18,romanized_nepali,1,2,hotel_restaurant
service was below average. staff kept chatting with each other instead of attending customers. waited long for simple order. not great experience,2,2024-02-01,english,0,0,services
"service slow slow and then food cold came, not worth price",1,2025-04-16,code_mixed,1,1,hotel_restaurant
product packaging ramro thyo. product pani ok cha. happy with purchase,4,2024-08-05,romanized_nepali,0,0,product
Bed was comfortable but pillow felt too soft for me,4,2025-02-02,english,0,0,hotel_restaurant
"pizza mitho but small size. paisa waste, time waste feeling little bit",3,2024-06-06,code_mixed,1,2,food
khana tastyii and then cold and then cold. very bad,1,2024-02-28,english,0,0,food
lastai ramro experience. they gave extra chutney without asking. small thing but i liked it 😊,5,2022-10-17,code_mixed,1,1,food
ramailo trip thyo yaar.. driver was nice and road was okay and we reached on time.. babbal service chalcha,5,2023-12-11,romanized_nepali,1,2,transportation
i ordered the wrong size and they exchanged without any problem. very good service bro.,5,2025-01-08,english,0,0,product
ok stay. room was ok. location ramro thyo. staff bit slow to respond but not rude. thik cha for the price,3,2024-04-01,code_mixed,0,0,hotel_restaurant
came h3re twice already the vibe is good but they keDp forVe6ing items in the order like dverhtime samf tying,3,2023-08-22,english,0,0,hotel_restaurant
sahi cha bro,4,2022-09-03,romanized_nepali,1,1,services
nice room view. bed was comfy. but wifi was too slow. thik cha overall i guess.,3,2024-01-30,code_mixed,1,1,hotel_restaurant
NTC SIM network thik chha tara data speed slow huncha,3,2025-03-10,romanized_nepali,1,1,services
phone good good cam nice nice paisa vasool bro 🔥,5,2023-06-06,code_mixed,1,1,product
lol this cab smelled like cigarette full time.. and driver took long route to charge more.. SALA GUFF only.. paisa waste time waste.. never use this again,1,2024-07-22,code_mixed,1,3,transportation
service was very very slow. waited 30 min just for someone to notice us. food came wrong first time. had to send back. idk how they have customers,2,2023-12-28,english,0,0,food
phone cover is okay.. thik cha nothing special,3,2023-07-16,english,0,0,product
yo delivery wala le 2 hour late garo and then the food was cold and he said sorry sorry but sorry le kaam gardaina.. paisa waste yaar,1,2023-11-14,code_mixed,1,2,services
"hotel check in process dherai slow thyo, staff le ek ghanta jati wait garayo room ko lagi, room aaepachi room pani safa thiena, AC kaam garena puri raat, told reception they said will fix but never came, bihan uthda pani same problem, checkout ma koi thiena counter ma, total waste of time and money, jaanu nai haina yaha, khatrai service ho bhanchu tara khattam thyo sab kura",1,2023-04-16,code_mixed,1,3,hotel_restaurant
total guff service bro,1,2023-08-09,romanized_nepali,1,1,transportation
Parking space was too tight and confusing,1,2025-02-05,english,0,0,hotel_restaurant
ride fast and safe and then driver sahi ho but seat bad bad,4,2023-08-08,code_mixed,1,1,transportation
room dark dark light dim dim but bed soft soft so sleep good sleep good,4,2024-01-09,english,0,0,hotel_restaurant
lastaii jhyau,1,2025-03-03,romanized_nepali,1,2,transportation
food hot hot and smell wow wow i eat fast fast tongue burn lol but nice,4,2025-08-08,english,0,0,food
nice vibe nice food will come again 😊,4,2025-03-14,english,0,0,hotel_restaurant
place small small but vibe ramailo ramailo music lw low peace peace,5,2022-09-29,code_mixed,1,1,hotel_restaurant
so ok this review is long because i have lots to say. i ordered a laptop bag and then it came with broken zip already. and then i asked for replacement. and then they said send photos. and then i sent photos. and then they said team le check garcha bhanyo. and then 5 days silence. and then i followed up and then they said still checking bhanyo. and then i followed up again and then they said item not in stock anymore bhanyo. bro WHAT. my money tyo? and then they said store credit only. i don't want store credit sala. i want refund or bag. this is very bad. baal return policy. lastai lastai jhyau thyo yar. paisa waste. company lai trust nagarna bhanchu sabai lai. never ordering again,1,2023-11-19,code_mixed,1,4,product
"hotel room ramro dherai ramro, view babbal and staff sahi ho. paisa vasool 😊",5,2025-03-03,code_mixed,1,3,hotel_restaurant
product build good good and then drop no break khatrai,5,2025-05-05,code_mixed,1,1,product
dami cha ekdam,5,2024-02-28,romanized_nepali,1,1,product
babbal thyo yaar ekdamai dami,5,2024-09-03,romanized_nepali,1,2,food
food come late late but taste dami dami 😋,4,2023-09-01,code_mixed,1,1,food
ok tbh the food was great but parking thiyena around there. had to walk 15 min. not the resturant fault but still annoying lol,4,2024-02-14,english,0,0,food
"Bajaj Pulsar NS200 pickup ramroooo cha, riding ma majja aaucha",5,2025-03-01,romanized_nepali,1,1,transportation
"khana mitho thiyo tarw service slow slow thyo, waiter bhandai thiyo 2 min 2 min but 30 min lagyo",2,2023-11-16,romanized_nepali,1,2,food
driver was kind. helped lift heavy bags. reached on time. safe driving. dami experience,5,2024-06-12,romanized_nepali,1,1,transportation
"product ramro chha, quality babbal, price pani reasonable, sahi ho",5,2024-01-29,romanized_nepali,1,2,product
chai was perfect bro. exactly the way i like it. will come daily. dami cha. 🔥,5,2025-03-05,code_mixed,1,1,food
ok listen i go there for bday and then light off and then cake late late and friend mad mad i think oh no night gone but food come and wow ramro dherai ramro all eat fast fast mood up up we laugh loud loud so end good good,5,2023-09-19,code_mixed,1,1,hotel_restaurant
"food average thyo, price thik thyo, would come back maybe",3,2023-06-18,code_mixed,1,1,food
came here for quick lunch. got quick lunch. food was hot. staff friendly. no complaints 😊,5,2023-02-26,english,0,0,food
i buy this fan and then plug and then boom air fast fast i feel like hill top wind haha paisa vasool paisa vasool not lie bro build good sound low and mom say sahi ho so yes good buy,5,2022-05-05,code_mixed,1,2,product
khatrai service,1,2023-05-30,romanized_nepali,1,1,services
clean room nice bed and then sleep fast lol,4,2022-08-08,english,0,0,hotel_restaurant
mero ghar shift garna yo company hire gareko. and then they came with not enough people. and then took 2x time. and then broke one of my vase during shift. and then said it was already cracked. LIE. i have photos. and then charged extra for overtime. overtime THEY caused. sala. baal service. paisa waste. i don't like this trash company. never hiring again. telling friends pani to avoid,1,2024-07-25,code_mixed,1,3,services
i buy watch and then strap tight tight and look sahi ho friend say jakaas jakaas i grin grin,5,2022-03-13,code_mixed,1,2,product
clothes dami cha. fitting pani ramro. will order more 😍,5,2024-03-18,romanized_nepali,1,2,product
mero sathi le suggest gareko thyo yo hotel. and then i went. and then room key thiyena ready. 1 hour wait lobby ma. and then room aayo and then it was wrong floor from booking. and then i asked to change and then they said full house bhanyo. and then i asked for discount and then they laughed. LAUGHED. sala. bijog behavior. this is very bad customer service. baal hotel. lastai jhyau thyo yar. my sathi ko taste ma pani doubt lagyo mero,1,2025-01-07,code_mixed,1,4,hotel_restaurant
earphones sound quality is babbal. clear bass and all. using daily for 2 months no problem. this is good buy bro. paisa vasool cha. sahi ho.,5,2022-06-18,code_mixed,1,3,product
"ordered food waited 1 hour and half, called restaurant they said 10 more mins, waited 20 more mins still nothing, cancelled and went somewhere else, lastai kharab service, never ordering from here, jhyau lagyo sala",1,2023-08-04,code_mixed,1,3,food
hotel was fine. not fancy but clean. staff were helpful. breakfast was simple but ok. would book again if price is same,4,2024-04-27,english,0,0,hotel_restaurant
bro so i hired this plumber service online. and then guy came 3 hour late. and then he looked at the pipe and then said he needed different tool. and then he left to get tool and then never came back. NEVER CAME BACK. called him no answer. company le bhi answer garena. baal service. i paid advance pani. sala paisa gayo. jhur company ho yo. i don't like this trash service at all. this is very bad and unprofessional. never again yar,1,2024-09-22,code_mixed,1,4,services
"Nike shoes quality average, stitching not very clean",3,2025-02-18,english,0,0,product
dam* cha yar totQllG \ wIrth it,5,2022-10-30,code_mixed,1,1,food
Breakfast buffet had many options and everything was fresh,5,2025-02-01,english,0,0,hotel_restaurant
honestly came here with family. kids le enjoy garyo. food was ok ok. staff ramro thyo. price bit high but its ok for the place. would come back maybe,3,2024-08-20,code_mixed,1,1,hotel_restaurant
lastai ramro 🔥,5,2024-03-08,romanized_nepali,1,1,food
paisa vasool bro,4,2024-07-03,romanized_nepali,1,1,product
birthday party garyo here. booked table in advance. but when we came they gave our table to others. said we had no booking. I HAVE THE SCREENSHOT BRO. showed them and they were still arguing. we had to wait 45 mins. food also came wrong. cake they promised was not ready. my friends were upset on my birthday. total mood kill. paisa waste time waste. lastai jhyau thyo. never book here. khattam place. sala.,1,2023-09-30,code_mixed,1,6,hotel_restaurant
"late late delivery, packaging broken, not worth",1,2024-06-08,english,0,0,product
ride ok and driver sahi ho. no jhyau today,5,2025-04-04,code_mixed,1,1,transportation
resturant was packed when we went but they managed well. staff were running around but still smiled. food came in 20 mins which is good for busy time. taste was ramro. momo was dami. price was very fair. paisa vasool cha bro. left happy and full. will come again. sahi cha.,5,2023-12-08,code_mixed,1,3,food
"food aauda cold thyo bro, orderWF and waited and waited and then cold dood aayo, khai kei Hhena, not ordwrijg Wgain, paisa wAste nai thyo, Etaff attitude pagi kharab tYyo jaba bhamekp",1,2023-09-14,code_mixed,1,1,food
"food ok, service ok, price ok, just ok overall nothing to write home about❤️",3,2024-04-07,english,0,0,food
jhyauu lagyo,1,2022-07-11,romanized_nepali,1,1,services
umm idk it was ok ok nothing special,3,2023-04-11,english,0,0,food
"hotel ramro dherai ramro, clean toilet and hot water. paisa vasool feel and staff sahi ho 😊",5,2025-06-11,code_mixed,1,3,hotel_restaurant
product stopped working after 1 week. 1 WEEK!!! no warranty given also. total bijog.,1,2023-07-21,code_mixed,1,1,product
"resturant ma gayo, waited 10 min at door, no one came to seat us. had to seat ourselves. then waited more for menu. food aayo finally and was just ok. not worth the wait yar",2,2024-03-31,code_mixed,0,0,food
"good vibe here, food ramro cha 😊",4,2022-08-06,code_mixed,1,1,food
LASTAI RAMRO SERVICE.. they fixed my laptop so fast and the price was also less than other shops.. sahi ho sahi ho.. will come back,5,2024-05-06,code_mixed,1,2,services
so i went to repair shop for my watch and they said 3 day to fix.. after 3 day i went and they said 3 more day.. and then again 3 more day.. 9 DAY yaar for a watch.. and when i got it back it stopped again next week.. sala bijog.. paisa waste time waste.. lastai jhyau thyo,1,2023-09-19,code_mixed,1,4,services
khattam bro,2,2025-06-01,romanized_nepali,1,1,product
Ncell customer care ma call garda dherai hold ma rakhe,2,2025-03-11,romanized_nepali,0,0,services
hotel ramro dherai ramro and view dami. paisa vasool bro,5,2025-02-02,code_mixed,1,3,hotel_restaurant
this is very bad but staff nice so ok thik cha,3,2023-10-10,code_mixed,1,1,services
ride cheappp but latee latee. not worth,2,2025-02-02,english,0,0,transportation
"taxi driver rude thyo, meter pani correct thiyena lastai extra charged, bijog",1,2022-06-30,romanized_nepali,1,2,transportation
ride was fastt but driver rudee and rudee lol. paisa waste,2,2025-05-10,english,1,1,transportation
waited 1 hour for taxi that never came. and then when i called driver said he went to wrong place. and then new driver assigned and then he also was late. bro i missed my bus. MISSED MY BUS. and then company said sorry only. sorry won't give me my bus back sala. baal taxi service. lastai jhyau thyo yar,1,2024-05-31,code_mixed,1,3,transportation
paisa waste time waste.. ordered phone case and it broke in 2 day.. TWO DAY only.. sala khattam product cha yo.. never buy again never,1,2023-12-01,code_mixed,1,4,product
umm the hotel was okay i guess.. not too clean not too dirty.. bed was hard.. thik cha for the price maybe,3,2023-08-13,code_mixed,1,1,hotel_restaurant
app service slow and then crash and then crash again. jhyau lagyo,2,2023-08-30,english,1,1,services
laptop bag dami and zip strong. ramro dherai ramro,5,2022-11-11,code_mixed,1,2,product
ramro cha yaar.. came on time and driver was polite.. seat was clean.. sahi ho this service🥰🥰🥰,5,2024-11-11,code_mixed,1,2,transportation
staff nice nice give tea free free lol,5,2025-12-12,english,0,0,services
momo mitho and soup mitho. ramro dherai ramro bro,5,2023-02-14,code_mixed,1,2,food
cafe ko vibe ramro thyo but wifi speed was so slow yar. 1 mbps pani thiyena. how to work like this??,3,2023-12-27,code_mixed,0,0,services
staff were very helpful. answered all questions. room was comfortable. breakfast was good. overall ramro stay 👍,5,2023-05-16,code_mixed,1,1,hotel_restaurant
service good good. staff helpful. room clean. value for money,4,2024-08-22,english,0,0,hotel_restaurant
I ordered online and they sent the wrong item. called customer care and they put me on hold for 20 minutes and then the call dropped. called again same thing. 20 minutes hold again. I am so DONE with this company. paisa waste gayo mero. not worth it at all. very very bad service. never buying again,1,2024-07-09,english,1,2,product
I ordered this cream online. used for 1 week. face started getting red and itchy. itchy bro. went to doctor. she said some bad ingredient in it. THIS PRODUCT IS NOT SAFE. and seller is not responding. total jhur product. paisa waste. now i have to pay doctor fees also. ekdam kharab. do not buy this. sala.,1,2024-05-30,code_mixed,1,3,product
"paisa waste, time waste ridedelay and delay again",2,2023-06-06,english,1,1,transportation
this app is so slow bro. every time i open it loads for so long. and then it crashes. i tried reinstalling 3 times. 3 TIMES. still same problem. customer service ne reply nai garna. sent 2 emails and got nothing. paisa waste in subscription. total bijog. other apps work fine. only this one is khattam. very bad. not recommended.,1,2024-10-18,code_mixed,1,3,services
ramro dherai ramro,5,2025-01-14,romanized_nepali,1,1,product
service thik cha but mood off staff. lastai jhyau,3,2025-06-06,romanized_nepali,1,2,services
lastai ramro thiyo🥰 i went there with my family and the food was so good and then the staff was nice also and then they gave free dessert.. babbal experience totally babbal,5,2024-06-22,code_mixed,1,3,hotel_restaurant
boots came with one sole already loose. brand new product yar. and then glue it myself garnu paryo. cheap quality for the price. expected better tbh,2,2023-04-11,english,0,0,product
driver was rude. gadi ma AC thiyena. took longer route bro. paisa waste. baal taxi 🤮,1,2024-08-05,code_mixed,1,2,transportation
phone cover ramro dherai ramro and fit perfect. dami dami feel,5,2023-09-25,code_mixed,1,2,product
Realme phone ko camera thik chha tara night ma clear aayena,3,2025-02-12,romanized_nepali,1,1,product
"guff matra garcha staff le, kaam gardaina. jhyau lagyo",1,2022-03-15,romanized_nepali,1,2,services
"very bad quality product, broke after 2 uses, ekdam kharab, paisa waste",1,2023-10-17,code_mixed,1,2,product
i went to get my haircut and then the guy did not listen to what i said at ALL. and then the result was SO bad. i wanted short trim and got half my hair cut off. i was so sad. paisa waste and my hair waste. khatrai salon. never again,1,2023-07-26,code_mixed,1,2,services
"service ramro thyo, fast delivery, ramro packing, happy 😊",5,2022-12-15,code_mixed,0,0,product
ramro ramroo,5,2024-07-07,romanized_nepali,1,1,food
"Staff ko behavior ali rude jasto lagyo, man parena",2,2025-01-30,romanized_nepali,0,0,hotel_restaurant
Ordered online and then the delivery guy called me from wrong location and then i had to guide him for 20 mins and then food came cold. not worth. very bad. paisa waste,1,2024-11-22,english,1,1,food
"sahi ho yaar, khana mitho thiyo, price pani thik thyo, staff pani friendly thyo, paisa vasool",5,2024-08-02,romanized_nepali,1,2,food
"room th&o safa, staff raJro thy9, breakfast pani mitho thyo, babha? stay thyL",5,2024-06-17,romanized_nepali,1,1,hotel_restaurant
very bad quality bro. not worth money at all,1,2023-02-22,english,0,0,product
order gareko 1 hour pachi aayo. khana tanna chiso thyo. momos were stuck together. sala resturant. call garda phone nai uthayena. paisa waste yar. never order again from here. this is very bad,1,2024-02-22,code_mixed,1,2,food
took micro from ring road. conductor was so rude to an old lady. she was asking for change and he was shouting. SHOUTING BRO. in front of everyone. i said something and he gave attitude too. sala. this is why people hate public transport. jhyau lagyo from start to end. lastai kharab experience. will complain if i find the number.,1,2023-02-28,code_mixed,1,4,transportation
khatrai cha yaar babbal service 😍,5,2022-06-13,romanized_nepali,1,2,services
burger mitho but bun jhur. chalcha chalcha,3,2022-10-18,code_mixed,1,1,food
order late ayo and then late ayo and then no sorry. jhyau lagyo but food mitho so chalcha,3,2024-01-30,code_mixed,1,2,food
service was fast and they fixed my phone in 1 hour. sahi ho bro. recommended.,5,2024-07-22,code_mixed,1,1,services
"dami hotel, safa room, friendly staff, mitho breakfast, babbal thyo",5,2022-01-20,romanized_nepali,1,2,hotel_restaurant
"ekdam jhur service cha, called 3 times no answer, lastai kharab",1,2025-02-24,romanized_nepali,1,2,services
"order gareko 20 min paxi aayo, khana chai decent thyo but not worth the wait",2,2024-01-15,code_mixed,1,1,hotel_restaurant
hotel was a bit old. furniture dated. but very clean and staff went out of way to help. location was good pani. ok experience overall,3,2023-07-11,english,0,0,hotel_restaurant
jacket ramro dherai ramro and warm. dami dami,5,2022-08-08,code_mixed,1,2,product
not worth the money at all. food ok but portion very small and price high high,2,2024-04-30,english,0,0,food
ok so my experience was not good. went to this salon. showed them a photo of haircut i wanted. they said ok ok. then they did something different. when i said this is wrong they said it looks good it looks good. it does NOT look good. paid 800 rs for this??? total paisa waste. never coming back. baal ko service. jhyau lagyo ekdam.,1,2024-06-14,code_mixed,1,4,services
good product fast delivery 👍,4,2023-07-24,english,0,0,product
jhyau lagyo,1,2022-11-03,romanized_nepali,1,1,food
room clean and vibe ramailo 😍 but water slow but ok i like this place,4,2022-06-18,code_mixed,1,1,hotel_restaurant
resturant vibe ramailo but music too loud and then loud again. jhyau but food mitho,4,2023-06-20,code_mixed,1,2,food
this cream is dami and smell nice. ramro dherai ramro and price ok,5,2024-04-15,code_mixed,1,2,product
dami dami dami.. the mobile cover is strong and fits perfectly.. happy happy 😊,5,2023-10-08,code_mixed,1,1,product
went there on my birthday and waiter forgot my cake order. sat there waiting and then finally asked and they said sorry but no cake. no cake on my birthday bro. i was so sad. then bill aayo and full price tirnu paro. FULL PRICE. i cried lol. never going back. total waste. paisa waste time waste everything waste,1,2023-12-31,english,1,3,hotel_restaurant
"dami cha dami, khatrai khana 🔥",5,2022-07-22,romanized_nepali,1,2,food
went to this hotel for anniversary. room looked good in photos. but when we went inside. ohh my god. bathroom was dirty. bed sheets had stains on them. STAINS BRO. and the smell was not good. i told front desk and they said sorry sorry but did nothing. we paid 5000 for one night and it was total waste. my partner was so upset. paisa waste thyo. lastai jhyau experience. such a bad night. never again.,1,2024-02-08,code_mixed,1,4,hotel_restaurant
"ramro ramro product, worth the money",5,2022-12-05,english,1,1,product
ordered headphones. box aayo but headphones nai thiyena inside. just bubble wrap. bro?? called seller and then no reply. this is very bad. paisa waste,1,2024-02-22,code_mixed,1,1,product
ramro dherai ramro hotel. room was spacious and clean. staff were so helpful. breakfast was included and it was good variety. wifi was fast. ac worked properly. feel like money was well spent. paisa vasool cha. will book again. jakaas.,5,2025-03-18,code_mixed,1,4,hotel_restaurant
"sahi ho sahi, mitho khana ramailo place",5,2023-07-07,romanized_nepali,1,3,food
the haircut was exactly what i wanted yaar.. they listened and did it so nicely.. dami salon dami.. paisa vasool totally,5,2023-08-29,code_mixed,1,2,services
idk why people say this place is ramro.. food was not mitho and price was expensve and service was slow.. sala paisa waste total,1,2023-01-15,code_mixed,1,3,hotel_restaurant
hotel okayy but wash dirtyy dirtyy. paisa waste,2,2025-06-16,english,0,0,hotel_restaurant
"baal service, waiter attitude dherai nai thyo sala",1,2023-07-03,romanized_nepali,1,2,hotel_restaurant
ok taste nothing amazing tbh idk,3,2023-04-22,english,0,0,food
"order gareko 25   min paxi aayo, khana chai thik thyo but not worth the wait yaar lastai dhilo",2,2024-08-15,code_mixed,1,1,food
thik thik cha service. neither wow nor bad. average i think,3,2022-11-30,romanized_nepali,0,0,services
flight late thyo 3 ghanta. and then no update from airline. and then finally when i asked ground staff they were rude. sala baal airline yo. never booking again,1,2024-10-22,code_mixed,1,2,transportation
khana late aayo tara mitho thyo. ok ok experience,3,2024-04-24,romanized_nepali,0,0,food
ok ok food nothing special lol,3,2024-07-13,english,0,0,food
i buy this and then try and then wow dami dami not bad at all paisa vasool bro,5,2025-02-02,code_mixed,1,2,product
guff matra ho yo,1,2022-10-28,romanized_nepali,1,1,services
dami cha bro dami 🔥🔥,5,2025-02-03,romanized_nepali,1,1,food
"Bike ride felt average, nothing too exciting",3,2025-03-06,english,0,0,transportation
this salon gave me the best haircut i had in long time. they listened to what i wanted. time pani liyena. dami service cha. babbal 🔥,5,2024-07-06,code_mixed,1,2,services
"Paneer roll arrived late and slightly cold, not great",2,2025-01-15,english,0,0,food
staff rude rude talk sharp sharp i think leave leave but boss come calm calm fix all fix all so ok now,3,2023-10-01,code_mixed,1,1,services
staff was so helpful yar. they went out of way to help me find my stuff. sahi ho. dami experience. will visit again 🔥,5,2024-08-25,code_mixed,1,3,services
"Milkshake was okay, nothing special but drinkable",3,2025-01-19,english,0,0,food
so i buy this phone last week and then test cam day night day night and bro pic sharp sharp like wow not joke i drop once still ok build strong strong paisa vasool paisa vasool i tell all bro buy this dont think much,5,2024-01-01,code_mixed,1,2,product
i use this taxi app daily for office. mostly good experience. driver sometimes late but thik cha. price is reasonable. app works fine mostly. few times had issues but support replied fast. overall sahi ho. will keep using.,4,2022-10-19,code_mixed,1,2,transportation
I went there with my family for dinner and the waiter was so rude like he didnt even look at us properly and then we waited 30 mins for menu itself and then food came cold cold bro cold. I am so angry. this place is khattam. never ever going back. total bijog. paisa waste time waste. DO NOT GO HERE,1,2023-07-14,english,1,3,hotel_restaurant
"Sekuwa smoky flavor dami thyo, sathi haru sanga kasto ramailo bhayo",5,2025-01-07,romanized_nepali,1,2,food
"service was good, but a bit slow lol, overall thik cha",3,2024-06-02,code_mixed,1,1,services
nakhanu nai ramro thyo,1,2023-02-11,romanized_nepali,1,1,food
babbal cha bro 😍 loved it,5,2022-09-29,code_mixed,1,1,food
sZman aayo tei broken sgate ma. box nai phXreko thyo ani pEodust chai lastai iharwb. paiWa vasool bgayfna bro ekdamai,1,2023-05-17,romanized_nepali,1,3,product
I traveled from ktm to pokhara on this bus. seat was broken and nobody told me before. i asked driver to fix and he said just sit. JUST SIT?? sala driver ko attitude lastai kharab thyo. then bus stopped for 1 hour in middle for some engine problem. passengers sitting in hot sun. no ac no fan. and they said no refund no refund bro. paisa waste time waste. i reached 3 hours late. overall bijog service. never traveling with this company.,1,2022-09-20,code_mixed,1,5,transportation
"khatrai transport service, driver professional thyo, time ma pugyo",5,2024-07-09,romanized_nepali,1,1,transportation
nicd taAte / bro 🔥,5,2024-01-13,english,0,0,food
Salon service was relaxing and staff were friendly,5,2025-03-13,english,0,0,services
ok so i bought this blender online. first time it worked good. second time it made noise. third time it STOPPED WORKING. i called customer care and they said wait 7 days. 7 days!! sala i need to cook daily. bought new one from other brand. total paisa waste. and packaging looked good but inside was cheap cheap stuff. never buying from this shop again. baal ko product quality. bijog.,1,2024-08-14,code_mixed,1,4,product
sahi ho this headphone.. sound is khatrai.. base deep and clear.. jakaas buy it guys 🔥,5,2024-09-28,code_mixed,1,3,product
staff slow slow jhyau jhyau but smile nice nice,3,2025-06-06,code_mixed,1,1,services
"internet service lastai slow, baal kaam garcha, paisa waste every month",1,2024-09-09,romanized_nepali,1,3,services
ramro service thyo. helpful staff. ramro rmro thyo overall,5,2023-03-04,romanized_nepali,1,2,services
product quality ramro cha bro. already bought 3 times. khatrai item. suggest garchu 🔥,5,2023-09-09,romanized_nepali,1,2,product
"sala bus 1 ghanta late aayo ani driver pani kei bhoena jhai behavior garyo, paisa waste time waste lastai",1,2022-07-16,romanized_nepali,1,3,transportation
ride ok but driver late and then late again. jhyau lagyo,3,2022-06-06,code_mixed,1,1,transportation
"very slow service very slow, asked for water 3 times",1,2024-04-05,english,0,0,hotel_restaurant
the pizza was cold when it arrived and cheese was all slid off to one side. looked nothing like photo. taste was ok i guess but presentation bijog thyo,2,2024-01-24,code_mixed,1,1,food
took local bus to pokhara. seats thik thiya. driver decent thyo. on time pani. thik cha experience,4,2023-07-22,code_mixed,0,0,transportation
product arrived in 3 days which was fast. but item inside was not matching the photo. color was different. size was a bit off. i messaged seller and they offered 10% refund. 10 percent only?? sala the whole product is wrong. not happy but keeping it because return is complicated. this was paisa waste basically.,2,2024-01-27,code_mixed,1,2,product
app install garyo and then login huna nai 20 min lagyo and then OTP aayena and then password reset garyo and then again same problem. baal app. jhur coding gareko. this is very bad experience. i don't like this trash app at all bro,1,2023-06-14,code_mixed,1,2,services
guide was babbal yaar.. took us to all good spots and was patient also.. ramailo trip ramailo,5,2023-06-07,romanized_nepali,1,2,services
jhur product,1,2023-11-22,romanized_nepali,1,1,product
driver fastt but talk rudee rudee. not worth ride,2,2025-04-04,english,0,0,transportation
"mero chakkar gayo. ordered product, payment katyo, order confirmation aayena. called support, on hold 30 min. then they said order failed tara refund 7 days lagcha. 7 DAYS bro mero paisa rokne kasari. very very bad system. lastai kharab company cha. sala jhur. paisa waste bhayo mero. never buying from this site again. told all my friends too. bijog cha",1,2024-07-24,romanized_nepali,1,4,product
sahi ho the laptop bag.. fits 15 inch laptop and pockets are ramro.. dami build quality,5,2024-01-18,code_mixed,1,2,product
very slow delivery. very very slow. waited 2 hours for 3km. lastai jhyau,1,2023-04-11,code_mixed,1,2,food
"room was clean and bed was soft. but water late ayo and then late ayo again, jhyau. still overall ramro dherai ramro for this rate 🙂",4,2022-09-10,code_mixed,1,2,hotel_restaurant
"I went there with my family and the waiter didnt even look at us for like 15 mins and then we called him and then he was rude, sala no manner at all. food came cold. COLD. i hate this place never going back total waste of money and time. khattam service khattam everything",1,2023-06-17,code_mixed,1,3,hotel_restaurant
"jhyau lagyo yo resturant ma, never going back",1,2022-03-28,code_mixed,1,1,hotel_restaurant
staff nicee but sloww sloww serve. paisa waste,2,2022-02-25,english,0,0,services
order placed and then waited 1 hour and then called shop and then they said out of stock. why take order then?? very bad very bad. paisa waste,1,2023-10-19,code_mixed,1,2,food
ramrooo,5,2022-02-02,romanized_nepali,1,1,product
thik cha nothing great tbh,3,2024-12-07,english,0,0,food
Veg pizza delivery ma late bhayo tara cheese layer chai ramroooo thyo,4,2025-01-23,code_mixed,1,1,food
thik cha yar nothing too good nothing too bad,3,2023-01-25,romanized_nepali,1,1,food
check in garo hotel ma. 3 ghanta wait garyo. room was not ready. paisa waste. jhyau.,1,2024-02-20,code_mixed,1,2,hotel_restaurant
food is ok ok. not bad. will try again maybe,3,2024-04-08,english,0,0,food
babbal service cha yo salon le.. they did my hair so nicely and the price was also okay.. ramro ramro cha,5,2024-04-07,code_mixed,1,2,services
"jakaas product yaar, ekdamai ramro quality 🔥",5,2022-04-17,romanized_nepali,1,2,product
product came fast and good good quality,5,2024-12-19,english,0,0,product
so went there with friends for dinner and the wait was long and then food portion was small and then price was high.. and my friend found a hair in her food yaar.. HAIR IN FOOD.. and they just said sorry only.. sala bijog resturant.. lastai jhyau thyo whole night.. never going back never,1,2023-10-05,code_mixed,1,4,hotel_restaurant
"baal service yo resturant ma, staff herdai nai jhyau lagcha",1,2022-05-26,romanized_nepali,1,2,hotel_restaurant
bus late late again again always late jhyau jhyau but seat comfy comfy so ok ride,3,2023-02-02,code_mixed,1,1,transportation
nice delivery fast and good packing 👍,5,2024-10-03,english,0,0,product
cab late aayo. driver rude thyo. route pani galat thyo. lastai jhyau thyo. baal service cha yo app ko,1,2024-06-28,code_mixed,1,3,transportation
bus fastt but shake shake. very bad feel,2,2025-10-10,english,0,0,transportation
delivery dherai late thyo. pani pareko thyo sab. but driver friendly thyo atleast. thik cha i guess,3,2024-07-28,code_mixed,1,1,transportation
"sala service ma gako thiye, 45 min wait garayo ani bhanyo appointment chhaina, total bijog, time waste time waste",1,2022-08-22,romanized_nepali,1,2,services
service ramro thyo. fast and polite staff. thik cha experience overall,4,2022-10-09,romanized_nepali,1,1,services
tastyii,4,2022-10-10,english,0,0,food
staff ley bolayera ni aayena. service zero cha,1,2023-02-07,romanized_nepali,1,1,hotel_restaurant
ramro cha yaar.. came on time and driver was polite.. seat was clean.. sahi ho this service,5,2024-11-11,code_mixed,1,2,transportation
product ramro cha.. packing also ramro.. came fast also.. dami cha totally dami,5,2024-03-25,code_mixed,1,2,product
not worth the price at all. very bad quality,1,2023-10-08,english,0,0,product
"Lassi ekdam pani jasto, mitho pani thiena, disappointed",2,2025-01-10,romanized_nepali,0,0,food
ma yo hotel gako thiye ani suru ma room ramro jasto lagyo but but bed dirtyy dirtyy and towel dirtyy and smell bad bad and staff sloww sloww answer and then light off off again and again ma call gare they no come no come ani paisa expensivee very expensivee for this bad bad room last ma i say not worth not worth overall lastai jhyau thyo,1,2024-06-06,romanized_nepali,1,1,hotel_restaurant
sahi service cha. on time. polite staff. thik cha overall,4,2022-10-14,romanized_nepali,1,1,services
khana tastyii thyo but servce sloww and sloww. not worth not worth 😤,2,2024-04-20,romanized_nepali,1,1,food
went there last week the place was too crwded and loud and the AC was not working and food took forever like forever to come and when it came the chicken was not cooked properly. UNDERCOOKED CHICKEN BRO. I could have gotten sick. very very bad. I complaint to manager but he said sorry and did nothing. paisa waste bhayo mero. jhyau lagyo sala. lastai kharab experience. do not order chicken here ever,1,2023-09-30,english,1,3,food
"transport service jhur ho, late aayo, driver rude thyo, baal kaam lagena yo service",1,2024-05-15,romanized_nepali,1,2,transportation
"service slow slow, khana thik cha but price too expensve for this quality tbh",2,2022-09-14,code_mixed,1,1,hotel_restaurant
khatrai app yar. everything works smooth. fast and simple. dami,5,2024-10-22,romanized_nepali,1,2,services
mitho cha 😋 ramro cha,5,2024-04-06,romanized_nepali,1,2,food
thik cha. nothing amazing nothing bad. just average. chalcha.,3,2023-03-16,romanized_nepali,1,1,food
"bus dherai late aayo, driver pani rude thyo. transport ma lastai problem cha yo route ma",1,2022-11-27,romanized_nepali,1,2,transportation
tbh i was not sure about ordering from this shop. but tried once and it was good. delivery was on time. product was as shown. so i ordered again. again good experience. so yeah sahi ho. will keep buying from here. recommended bro. jakaas service.,5,2023-08-16,code_mixed,1,3,product
room view was amazing yar. staff le dami service diyeko. breakfast pani included and mitho thyo. ramro hotel. sahi ho,5,2023-04-02,code_mixed,1,3,hotel_restaurant
"NOT WORTH IT AT ALL, paisa waste, time waste, total bijog",1,2024-07-18,code_mixed,1,2,services
"HP laptop overheats quickly, not happy with performance",1,2025-02-20,english,0,0,product
bus broke down in middle of road. we waited 2 hours. nobody told us anything. khattam.,1,2024-11-04,code_mixed,1,1,transportation
staff was helpful and room was clean. nothing fancy but thik cha for the price. would stay again tbh 😊,4,2024-09-07,code_mixed,1,1,hotel_restaurant
ok cha yar. not bad. chalcha,3,2023-05-15,romanized_nepali,1,1,food
Lobby looked nice but service was not attentive,2,2025-02-04,english,0,0,hotel_restaurant
earphones came with right side nai kaam nagarne. brand new product. baal quality check. paisa waste ho yar. this is very bad,1,2024-04-13,code_mixed,1,2,product
jakaas cha this place 🔥 must visit,5,2022-09-12,code_mixed,1,1,hotel_restaurant
"iPhone 13 use gardaid chu 3 months bhayo, performance smooth cha and camera ekdam clear aaucha",5,2025-02-21,code_mixed,0,0,product
product nicee but stop stop work. not worth,2,2022-04-04,english,0,0,product
sala driver was on phone whole time.. WHOLE TIME driving and on phone.. so scary yaar.. and he was also driving fast.. lastai jhyau thyo trip.. paisa waste and scared also,1,2023-11-25,code_mixed,1,3,transportation
"i dont like this trash, this is very bad and very bad. paisa waste, time waste. never again",1,2022-04-01,english,1,1,services
resturant was full but we waited 30 mins and no table. they didnt even say sorry. jhyau lagyo yaar.,1,2023-05-29,code_mixed,1,1,hotel_restaurant
staff sloww and then forget and then forget. very bad,1,2022-03-03,english,0,0,services
product delivery late aayo. 7 days late. no update kei pani aayena. had to call 3 times. baal logistics. but product itself was ok,2,2024-10-29,code_mixed,1,1,product
"thik cha product, nothing special",3,2023-10-30,english,0,0,product
Fried rice portion was big and worth the price honestly,4,2025-01-13,english,0,0,food
"ramro ramro experience, sab kura thik thyo, recommend garchu sablaai",5,2024-11-14,romanized_nepali,1,1,hotel_restaurant
"Hamro Patro app hang bhayo baar baar, frustrate bhaye",1,2025-02-15,romanized_nepali,0,0,product
mitho thyo khana. bit spicy but ramro. would order again 🌶,4,2024-06-08,romanized_nepali,1,2,food
lastai ramro thyo concert.. sound was clear and vibe was babbal.. ramailo ramailo night 🔥,5,2023-04-02,code_mixed,1,3,services
dami serv ice dami,5,2024-02-14,romanized_nepali,1,1,services
nice,4,2023-05-31,english,0,0,food
paisa waste time waste,1,2024-02-21,romanized_nepali,1,1,transportation
LG TV picture thik thyo but remote response slow lagyo,3,2025-02-23,code_mixed,1,1,product
nicee tast bro 🔥,4,2024-05-21,english,1,1,food
"kaam gardaina yo app, lastai slow slow, bhayena use garna",1,2024-07-02,romanized_nepali,1,2,services
flight was delayed by 3 hours and nobody told us. airport ma basi basi jhyau lagyo.,1,2023-05-07,code_mixed,1,1,transportation
mero order 3 din late aayo. 3 DIN. ani product aayo broken state ma. box phateko ani product scratch pareko. lastai kharab packaging garda yo bhako. company lai customer ko care nai chhaina lagcha. return request gareko 5 din bhayo response chhaina abha. paisa vasool hune chance nai chhaina lagcha. total paisa waste. jhur company cha. don't buy from here,1,2023-12-14,code_mixed,1,4,product
gayo tesho restaurant ma birthday celebrate garna. sabai kura plan gareko thyo. cake order gareko thyo advance ma. ooh tara cake nai bholiyo uniharu le. ani jada staff ley sorry pani bhanchhaina. just ignored us. SALA how can you forget someone's birthday cake. lastai baal thyo whole experience. paisa vasool bhayena ek dam. khattam place cha. mero sathi haru sabai dukhi bhaye. never ever recommend garna sakdina yaha. bijog cha sala,1,2024-06-03,code_mixed,1,5,hotel_restaurant
food was decent but very very oily,3,2024-03-18,english,0,0,food
lastai ramro thyo.. i went there with my family and the food was so good and then the staff was nice also and then they gave free dessert.. babbal experience totally babbal,5,2024-06-22,code_mixed,1,3,hotel_restaurant
"service is bad bad, waited 25 min for simple tea",1,2024-07-21,english,0,0,hotel_restaurant
"came here for lunch, good good vibe, will come back",4,2024-02-28,english,0,0,hotel_restaurant
"dery slow service, called mulfipl4 times, no response, las6a* khaFsb, jhyau Oagyo",1,2024-02-28,code_mixed,1,2,services
yo online service company ko support cha bro. called 5 times. each time hold ma rakhyo 15 min. and then someone answers and then transfers the call and then hold again. and then finally spoke to someone and then they said call back tomorrow bhanyo. CALL BACK TOMORROW?? sala. what kind of support is this. this is very bad. baal helpline. jhur service. lastai jhyau thyo yar,1,2023-02-18,code_mixed,1,3,services
this resturant bro. so i ordered thali set and then waited 45 min. and then they brought incomplete thali. dal thiyena. and then i asked for dal and then they said it was finished bhanyo. THALI SET MA DAL HUDAINA?? and then i asked for refund and then manager aayena. and then when manager aayo he said dal aaundacha bhanyo but took 15 more min. and then dal aayo and then it was so salty i could not eat. and then i complained again and then they acted annoyed. sala. jhyau lagyo. i hate this place. never going here again. total paisa waste,1,2023-06-05,code_mixed,1,3,food
not worth the pricee at all,2,2023-02-17,english,0,0,product
lastai baal cha. jhyau lagyo. baal baal baal. khattam service. paisa waste,1,2023-06-17,romanized_nepali,1,3,services
nice food bro. spicy just right. portion pani thik thyo. paisa vasool meal 😋,4,2023-02-07,romanized_nepali,1,2,food
room clean but light sloww sloww fix. very bad,2,2024-05-05,english,0,0,hotel_restaurant
late delivery but driver called and updated. at least communication thyo. thik cha,3,2022-09-07,romanized_nepali,0,0,transportation
earbuds started making crackling sound after 1 month. and then i went to warranty center and then they said physical damage bhanyo. there was NO damage bro i just used them. jhur brand. paisa waste. never buying this brand again,1,2025-01-07,code_mixed,1,2,product
"room safa thiyena, bedsheet ma smell aauthy, lastai ganda thyo. AC pani kaam gardaina thyo half the night. told reception and they said will fix but nobody came. NOBODY. I was sweating whole night bro. never booking here again. khattam hotel khattam service. paisa waste time waste total bijog",1,2023-09-05,code_mixed,1,5,hotel_restaurant
"paisa waste, time waste. service khattam and khattam again. this is very bad",1,2022-02-02,english,1,1,services
thik thik. momo was ok. dal bhat was better. price fair. will maybe come back,3,2024-01-28,romanized_nepali,0,0,food
dami cha yar the food here. came with family and everyone liked it. ramro dherai ramro. price pani fair cha. suggest garchu 👍,5,2024-12-20,code_mixed,1,2,food
khatrai service khatrai food,5,2024-07-22,romanized_nepali,1,2,food
auto app showed one price but driver asked for more. paisa waste bro. lastai jhyau.,1,2024-12-05,code_mixed,1,2,transportation
lastai ramailo thyo the event.. music was khatrai and food stall had mitho items.. babbal night overall babbal,5,2024-05-09,code_mixed,1,2,services
so i need to talk about this bus company ok. so i booked seat 3A and then on the day driver said that seat is VIP and costs extra. bro i BOOKED it already at normal price. and then he said company policy bhanyo. and then i had to pay extra or stand. so i paid. and then midway bus broke down and then we waited 2 hour on road. no water no food nothing. and then replacement bus aayo and then it was smaller. seat pani thiyena mero. stood for rest of trip. this is very bad. baal management. paisa waste time waste. total khattam experience yar. lastai jhyau thyo,1,2023-10-12,code_mixed,1,4,transportation
product look nicee but break chitoo. very bad very bad,1,2024-01-11,english,0,0,product
sathi sangai gayo cafe ma. coffee dami thyo. cake pani mitho. vibe ramro thyo. will come back 🔥,5,2023-10-01,romanized_nepali,1,1,food
bus late late and then late again jhyau lagyo but seat soft,3,2022-12-12,code_mixed,1,1,transportation
dal bhat was ramro dherai ramro. ghee thulo amount halieko thyo. mero life best dal bhat here tbh,5,2023-01-28,code_mixed,1,2,food
auto driver ne meter use garna manena. asked for double price. sala. lastai jhyau thyo.,1,2024-10-22,code_mixed,1,2,transportation
"baal cha yo hotel, room safa thiyena smell aauthy",1,2022-08-11,romanized_nepali,1,2,hotel_restaurant
"Philips trimmer use garda blade ali pull huncha, comfortable chaina",2,2025-02-24,code_mixed,0,0,product
paisa vasool khana yar 😋,5,2023-01-18,romanized_nepali,1,1,food
food come slow slow i stare stare plate empty empty mood low low then dish drop smell hit wow wow i eat fast fast forget wait forget wait ramro dherai ramro,5,2025-09-09,code_mixed,1,1,food
bro i dont know where to start. hotel was showing nice photos online. marble floor. big bed. rooftop view. but when i reached. no rooftop access. bed was small. ac was leaking water. water dripping on my bag bro. and front desk person was so rude. no sorry nothing. paid so much money for this bijog room. paisa waste completely. lastai jhyau experience. would give 0 stars if possible. never booking here. never again bro.,1,2024-12-22,code_mixed,1,5,hotel_restaurant
jhyau lagyo yaar,1,2023-09-14,romanized_nepali,1,1,hotel_restaurant
jhur product hai bro,1,2024-03-28,romanized_nepali,1,1,product
"product ok cha tara delivery dherai slow thyo, next time local shop batai kinchu",3,2022-09-30,romanized_nepali,1,0,product
khana okayy but taste bad bad. not worth,2,2022-12-24,english,0,0,food
jakaas product yaar.. keyboard feel is so ramro and typing is fast now.. paisa vasool totally,5,2024-11-08,code_mixed,1,2,product
yo product use garda start ramro thyo but but after one day stop stop and heat heat and smell bad bad plastic jasto cheappp cheappp feel paisa waste paisa waste i regret regret buy this overall lastai jhyau thyo,1,2022-11-11,romanized_nepali,1,1,product
tried ordering 3 times and then app crashed 3 times. and then 4th time it went through and then they said delivery not available in my area. bro why let me add to cart then?? baal app. jhur UX. this is very bad design,1,2023-06-28,code_mixed,1,2,services
sahi ho ekdam,5,2025-01-20,romanized_nepali,1,1,product
staff rudee and sloww and sloww. lastai jhyau,1,2023-09-14,code_mixed,1,1,services
"the vibe was nice but service was so so slow, waited long time for simple coffee, not great",2,2022-07-03,english,0,0,hotel_restaurant
ramro dherai ramro vibe light song low staff smile smile i sit long time no rush no push just chill ramailo,5,2025-03-03,code_mixed,1,1,hotel_restaurant
mitho cha ekdamai 😋😋,5,2022-09-20,romanized_nepali,1,1,food
room thik thyo. location ramro thyo. bed ok thyo. will stay again if needed,4,2024-03-06,romanized_nepali,0,0,hotel_restaurant
taxi clean and cheap. sahi ho ride 😊,5,2025-07-21,code_mixed,1,1,transportation
"vibe is good good but food is meh, not worth the hype tbh",3,2024-02-05,english,0,0,hotel_restaurant
driver talk loud loud but drive safe safe,4,2023-08-08,english,0,0,transportation
khattam service,1,2024-08-30,romanized_nepali,1,1,transportation
"*rder gareko 20 min paxi aay0, khana cnai drsent tNyo but not worth the wait",3,2023-11-08,code_mixed,1,1,hotel_restaurant
InDrive driver friendly thyo tara ali late aayo pickup ma,4,2025-02-27,code_mixed,0,0,transportation
cab driver was nice and cab was clean. reached on time. sahi service cha. thik cha,4,2022-11-25,romanized_nepali,1,2,transportation
"dami service, fas$ and be/pful, sahL ho yaZr, will use aga7n defini6$ly ❤ ️",5,2022-10-19,romanized_nepali,1,2,services
khattam,1,2024-01-05,romanized_nepali,1,1,food
dami hotel yaar.. staff was so nice and they arranged everything on time.. room was clean and bed was soft.. khatrai experience.. will come back,5,2024-09-06,code_mixed,1,2,hotel_restaurant
jakaas food!!,5,2023-08-09,romanized_nepali,1,1,food
i went to this hotel for my birthday and sala the room was dirty and then i asked them to clean and then they said wait and then i waited 1 hour and nothing.. nothing at all.. I HATE THIS PLACE lastai jhyau thyo.. never going back never.. paisa waste totally paisa waste 💔,1,2024-09-03,code_mixed,1,5,hotel_restaurant
okay cha this product.. not the best but works fine.. thik cha for now,3,2024-10-19,english,0,0,product
bro so I bought this backpack last month. and then strap broke on 3rd use. 3RD USE ONLY. went to shop and then they said warranty doesn't cover strap bhanyo. warranty covers WHAT then. took photo and complained online and then they said contact shop bhanyo. shop said contact company. round round garyo. sala. lastai jhyau thyo bro. paisa waste ho yar. this is very bad. i don't like this trash brand. never buying again,1,2024-06-03,code_mixed,1,3,product
product okayy but crack aaayo and aaayo again. very bad,1,2025-08-18,code_mixed,0,0,product
chowmein mitho and - hot. ramro dherai ramro 🔥,5,2024-05-05,code_mixed,1,2,food
thik cha yaar the wifi plan.. not too fast not too slow.. chalcha,3,2023-06-30,code_mixed,1,1,services
umm so the food was okay i guess.. not too mitho not too bad.. thik cha lah,3,2023-04-11,code_mixed,1,2,hotel_restaurant
jakaas trip thyo yar. driver was on time and helpful. clean cab. sahi ho 🔥,5,2024-04-29,code_mixed,1,2,transportation
nice taste 🔥 coming back,5,2025-01-03,english,0,0,food
food spicy and spicy again. jhyau for me but friend like it,3,2023-03-30,code_mixed,1,1,food
service goodd but guy rudee rudee. mix feel,3,2024-09-09,english,0,0,services
saman ayo jaldi. packaging thik thyo. product pani ramro. dami cha 👍,5,2024-01-05,code_mixed,1,2,product
this is very bad app crash crash again again,1,2025-02-14,english,0,0,services
nice nice.. earphone sound is dami.. base is strong.. happy with it,5,2024-08-02,code_mixed,1,1,product
ramro cha hotel.. clean room clean bathroom.. breakfast was also mitho.. dami stay overall dami,5,2023-03-16,code_mixed,1,2,hotel_restaurant
bus ma AC thiyena ani june ko heat ma 5 ghanta. mero life worst day. sweating like anything. baal baal,1,2023-06-15,code_mixed,1,2,transportation
the bus smelled so bad.. sala smell and then seats were torn and then ac was off and then i sat 5 hours like this.. 5 HOURS yaar.. lastai jhyau thyo.. paisa waste total paisa waste.. khattam service this company,1,2023-07-08,code_mixed,1,4,transportation
service ekdamai baal thyo. waited waited waited. nobody came,1,2022-05-27,romanized_nepali,1,1,hotel_restaurant
food was hot and fresh. came fast too. no complaints. will order again 😊,5,2023-08-14,english,0,0,food
super fast delivery. product was exactly as shown. quality was good for price. happy with purchase. paisa vasool. will recommend.,5,2025-01-25,code_mixed,1,1,product
umm food was ok lol nothing great idk,3,2023-09-16,english,0,0,food
wallet dami and look ramro dherai ramro,5,2025-11-11,code_mixed,1,2,product
Redmi earbuds sound quality good cha tara charging case ali cheap feel huncha,4,2025-02-22,code_mixed,0,0,product
"babbal hotel thyo, rom pani clean, view pani sundar, definitely recommend",5,2023-10-28,romanized_nepali,1,1,hotel_restaurant
Tacos were good but they forgot extra dip we asked,4,2025-01-18,english,0,0,food
staff rude rude but food ramro dherai ramro so mind mix mix,3,2025-09-09,code_mixed,1,1,food
"paisa waste, time waste, this is very bad. staff rude and rude again",1,2023-12-01,english,1,1,services
item cheappp but break break. paisa waste bro,1,2024-01-01,code_mixed,1,1,product
baal Qerdice. bwal,1,2022-04-03,romanized_nepali,1,1,services
my friend told me this place is good but when i went food thyo cold and service thyo slow and waiter le mistake garyo in order and then charged wrong price and then manager le maafi pani magena. and then i left feeling cheated bro. paisa waste time waste lastai bijog thyo,1,2024-08-29,code_mixed,1,4,hotel_restaurant
food photo on menu was big but actual portion was tiny tiny. deceptive bro. taste was ok but feel cheated somehow. not coming back,2,2023-05-07,english,0,0,food
"yo company ko support call garey, hold ma rakhyo 30 min and then line katyo. WHAT. called again hold again. lastai baal cha yo service. paisa waste every month paying for this",1,2023-01-14,code_mixed,1,3,services
"chalcha tyo product, khasai problem chhaina",3,2022-07-31,romanized_nepali,1,1,product
ekdamai ramro 😊 staff friendly thyo ani food mitho thyo,5,2023-09-20,romanized_nepali,1,1,food
Came here twice already the vibe is good but they keep forgeting items in the order lol very very annoying,3,2024-05-10,english,0,0,hotel_restaurant
"khqna 4kEamai mitho thiyo, tsrw serve garMa lastai dherai time lagyo yrr",4,2024-06-20,romanized_nepali,1,2,food
"khana ekdamai mitho thiyo, tarw serve garna lastai dherai time lagyo yrr",3,2022-07-04,romanized_nepali,1,2,food
khattam hotel.. booked deluxe room but got normal room.. and when i asked they said sorry only.. SORRY ONLY.. and room was also smelly yaar.. sala paisa waste total paisa waste.. lastai jhyau thyo stay,1,2024-05-23,code_mixed,1,4,hotel_restaurant
went to this hospital for routine check. doctor was very good and explained clearly. staff were kind. waiting room was clean. medicine was given with proper info. overall very good experience. ramro cha. not too expensive also. recommended.,5,2024-08-26,code_mixed,1,1,services
product thik cha. use garirako chu 2 month. still working. thik cha quality for the price,4,2023-03-07,romanized_nepali,0,0,product
so i went to repair shoop for my watch and they said 3 day to fix.. after 3 day i went and they said 3 more day.. and then again 3 more day.. 9 DAY yaar for a watch.. and when i got it back it stopped again next week.. sala bijog.. paisa waste time waste.. lastai jhyau thyo,1,2023-09-19,code_mixed,1,4,services
product use gareko 3 din ma nai bhangiyo. quality lastai kharab cha. paisa waste. return policy pani chhaina. bijog cha company ko,1,2024-08-31,code_mixed,1,3,product
dami product cha.. quality is good and price is also okay.. ramro ramro cha overall,5,2024-03-05,code_mixed,1,2,product
so i ordered pizza right and then it came after 1.5 hour and it was COLD and then the cheese was all stiff and hard. and then i called them and they said sorry only. sorry?? sorry won't fix my cold pizza bro. lastai jhyau. paisa waste. this is very bad resturant. i don't like this trash food at all. never ordering again yar,1,2023-08-31,code_mixed,1,3,food
dami cha yar ekdum,5,2024-03-07,romanized_nepali,1,1,food
so we planned our trip and then booked this hotel and then when we reached the location did not match google maps at all. and then called hotel and then they said oh its on the other street bhanyo. bro why is your address wrong?? finally found it but it was 45 min wasted. room was ok but that start was just too much. sala,2,2023-10-05,code_mixed,1,1,hotel_restaurant
driver kind kind help bag help bag good man good man,5,2022-06-21,english,0,0,transportation
dirtyy room,2,2025-06-01,english,0,0,hotel_restaurant
idk lah.. food was okay but service was slow.. waited too long.. thik cha i guess,3,2023-09-25,code_mixed,1,1,hotel_restaurant
waste of money lastai,1,2023-03-15,romanized_nepali,1,1,food
"9rocuct is ok for the priFe, not g0od but not bad ek6her, Ghik cha",3,2022-11-03,english,0,0,product
ride smooth smooth no horn no shout good good,5,2024-10-30,english,0,0,transportation
ordered pizza but it came cold and late. paisa waste time waste. i dont recommend this place to anyone bro.,1,2024-01-15,code_mixed,1,2,food
umm the food was ok i guess. nothing special. thik cha but overpriced for what it is.,3,2023-02-14,code_mixed,1,1,food
bus always late. always always late. driver rude thyo ani seat comfortable thiyena. jhyau lagyo travel garda,2,2023-04-19,code_mixed,1,2,transportation
khatrai service yaar they cleaned the whole house and everything was spotless.. paisa vasool.. will book again,5,2024-12-01,code_mixed,1,2,services
thik cha thik cha.. not the best not the worst.. chalcha for price,3,2024-07-04,code_mixed,1,2,services
momo ekdum mitho cha yar. jhol momo was the best. spicy just right. price pani reasonable. will come back for sure 🔥,5,2023-04-20,romanized_nepali,1,1,food
"very very slow internet from this company, called support 3 times still no fix",1,2024-08-14,english,0,0,services
been using this product for 3 weeks now. results are good. skin feels better. no reaction. price is reasonable. packaging is good. will buy again when it finishes. dami cha.,4,2022-05-14,code_mixed,1,1,product
mero saman lost garyo yo courier le. and then when i asked they said check garcha bhanyo. 1 week bhayo still no answer. jhur service. this is very bad company,1,2024-06-30,code_mixed,1,2,services
hotel clean and clean again. ramro dherai ramro stay 😊,5,2022-04-14,code_mixed,1,2,hotel_restaurant
ramro hotel cha. room clean thyo. check in process smooth thyo. overall ramro experience,4,2023-10-10,romanized_nepali,1,1,hotel_restaurant
product goodd but ship sloww sloww lol. not worth,2,2022-05-05,english,0,0,product
"totally recommend thi hotel, everything was perfect, staff so helpful, room so clean and big",5,2024-03-04,english,0,0,hotel_restaurant
"very slow very slow delivery, called 3 times no answer, lastai kharab service",1,2024-03-19,code_mixed,1,1,services
paisa waste time waste. never again,1,2023-02-10,code_mixed,1,1,transportation
honestly the place was so noisy. music too loud. could not even talk properly. food was ok but environment was bad. not for me,2,2023-11-07,english,0,0,food
"ramailo thyo birthday party ma aako thiyeu, staff le ramro help garyo, khana pani babbal thyo",5,2024-12-08,romanized_nepali,1,2,hotel_restaurant
ramro safi room thyo,4,2024-06-17,romanized_nepali,1,1,hotel_restaurant
ride start fine but then rain come and road flood flood driver still go slow slow safe safe i feel tense but reach home dry dry so thik cha ride thik cha,4,2022-06-06,code_mixed,1,1,transportation
thik cha app. easy to use. but crash huncha sometimes. overall chalcha,3,2023-05-14,romanized_nepali,1,2,services
ekdamai ramro thyo stay. room spacious thyo. bed comfortable thyo. value for money thyo,5,2023-06-25,romanized_nepali,1,1,hotel_restaurant
SALA THIS RESTURANT NE MERO ORDER GALAT DIYOOOO.. i ordered veg and they gave chicken.. and when i told them they said sorry and then brought same wrong dish again.. TWICE WRONG.. lastai bijog cha yo place yaar.. paisa waste time waste.. and the manager just smiled like pagal.. khattam service overall,1,2024-08-03,code_mixed,1,5,hotel_restaurant
jhyau lagyo yo delivery service le.. i ordered at 12 and it came at 4.. FOUR PM yaar.. and then the food was cold.. sala bijog cha yo,1,2023-06-18,code_mixed,1,3,services
very very bad service yar. slow slow and rude staff pani. not coming back here ever again,1,2023-06-19,romanized_nepali,1,1,hotel_restaurant
quick service and good food. paisa vasool cha. recommended to all my friends.,5,2024-08-07,code_mixed,1,1,food
"paisa waste, time waste",1,2023-08-21,code_mixed,1,2,transportation
YO PRODUCT LASTAI KHATTAM CHA.. broke in ONE use.. ONE USE YAAR.. how?? sala paisa waste paisa waste.. returning this trash,1,2024-06-28,code_mixed,1,3,product
Guest house ko staff friendly thyo tara room ali sano lagyo,4,2025-02-07,romanized_nepali,0,0,hotel_restaurant
food smell nice and then bite wow mitho mitho but plate dirty dirty 🤮 i say clean this bro he say ok so ok,3,2022-04-04,code_mixed,1,1,food
so we took this travel package yaar and they promised hotel with ac but we got fan room.. FAN ROOM in june yaar.. and guide was late every day and then one day he did not come at all.. MISSING GUIDE.. and when we complained company said refund not possible.. SALA PAISA WASTE LASTAI PAISA WASTE.. khattam company khattam service.. never book again never 💔,1,2024-06-05,code_mixed,1,5,services
this is very bad very bad screen crack crack first day only i sad sad,1,2023-05-05,english,0,0,product
driver le gali garyo passenger laai. THIS IS NOT OK. sala report garne ho.,1,2023-01-25,code_mixed,1,1,transportation
paisa waste ho yar ekdum. product 2 week ma nai kharab thyo,1,2024-04-16,romanized_nepali,1,1,product
i buy this item last week and then open and then crack crack sound and it stop work stop work i tap tap still no use build cheappp very cheappp feel and box dirtyy dirtyy and manual miss miss idk why they sell this bad bad thing paisa waste paisa waste i angry angry right now overall lastai jhyau thyo,1,2022-05-05,english,0,0,product
eSewa app interface easy and smooth to use honstly,5,2025-02-16,english,0,0,product
food here is so good. I have been coming for 1 year now. every time the quality is same. and staff are always friendly. never felt ignored here. price also has not gone up too much. lastai ramro place bro. will keep coming. ramro dherai ramro.,5,2022-12-04,code_mixed,1,3,food
dami thyo,5,2022-09-09,romanized_nepali,1,1,food
bad tastee 🤮,1,2025-09-09,english,0,0,food
item expensivee but bad bad. not worth buy,1,2023-02-02,english,0,0,product
bus sloww and latee and latee. very bad trip 😡,1,2024-09-19,english,0,0,transportation
yo service nai guff ho. call garyo kei pani huyena. paisa waste time waste yar. khattam,1,2024-07-19,romanized_nepali,1,2,services
i buy this and then break and then stop work. cheappp build very bad,1,2022-01-30,english,0,0,product
bus driver was rude.. he was so rude and then he told me to sit in wrong seat and then i showed my ticket and then he just ignored me.. sala baal attitude.. jhur service totally jhur,1,2024-02-14,code_mixed,1,3,transportation
idk why people rate this so high. food average cha. service average. nothing special at all,2,2024-03-17,code_mixed,0,0,food
nice place. nice food. nice staff. no complaints. jakaas. 🔥,5,2023-01-30,code_mixed,1,1,food
i love this place yaar.. came here 3 times now and every time the food was mitho and the vibe was ramro.. paisa vasool always paisa vasool 🔥,5,2024-10-15,code_mixed,1,3,hotel_restaurant
sahi ho yar ekdamai sahi,5,2023-06-08,romanized_nepali,1,1,services
food took forever to come. and when it came it was cold. not good not good at all.,1,2024-04-03,english,0,0,food
service lastai slow and then slow again. jhyau but ok,3,2024-03-03,code_mixed,1,2,services
came here for breakfast. ordered coffee and sandwich. coffee was perfect. hot and strong. sandwich was fresh. not too oily not too bland. just right bro. place has good morning vibes. quiet and clean. price was ok. will come for breakfast regularly. dami cha. lastai ramro.,5,2023-10-13,code_mixed,1,2,food
idk why people say this place is ramro..   food was not mitho and price was expensve and service was slow.. sala paisa waste total,1,2023-01-15,code_mixed,1,3,hotel_restaurant
yo charger broke in 3 days yaar.. 3 DAYS.. sala khattam product.. paisa waste,1,2024-10-24,code_mixed,1,2,product
waste of money,1,2022-05-15,english,0,0,product
cheappp feel,3,2023-01-01,english,0,0,product
ok story time so i go shop for bag and then see one red bag shiny shiny i think wow wow then i ask price he say high high i say no bro too much but he grin grin and cut price cut price so i buy and use and use now all friend say dami dami bag strong strong zip smooth smooth so yes paisa vasool paisa vasool i like this bag i like this bag,5,2023-03-03,code_mixed,1,2,product
room nicee but smell bad bad. paisa waste,2,2023-12-12,english,0,0,hotel_restaurant
good vibe nice place 👍,4,2025-01-09,english,0,0,hotel_restaurant
"bus ride thik cha but seat dirty and smell weird. paisa waste, time waste feel aayo but driver dai was sahi ho so ok",3,2023-12-22,code_mixed,1,2,transportation
"Hotel Yak & Yeti stay overall smooth thyo, room clean and breakfast tasty",5,2025-02-06,code_mixed,0,0,hotel_restaurant
sala yo phone le 1 month ma band vayo.. ONE MONtH.. and shop is not giving refund.. PAISA WASTE PAISA WASTE.. lastai bijog cha Nepal ma yo stuff kinnu.. never buy again,1,2023-02-22,code_mixed,1,4,product
this watch stopped after 3 days. 3 DAYS. and then i asked for exchange and then they said no exchange only repair. repair on 3 day old watch?? baal shop. jhur product. sala paisa waste garayo,1,2024-01-15,code_mixed,1,2,product
yo phone cover lagayo ani 3 din ma nai peeling suru bhayo. quality ramro chaina bro. paisa waste. very bad product,1,2024-04-05,code_mixed,1,2,product
food thik thyo. price bit high for the amount you get but chalcha. vibe was nice tho,3,2024-05-09,code_mixed,1,1,food
taxi clean and no smell. sahi ho ride,5,2025-01-20,code_mixed,1,1,transportation
the bus was so late and crowded. no space to sit. had to stand for 2 hours. not worth the ticket price at all,1,2024-05-19,english,0,0,transportation
"I went there with sathi and food was ramro dherai ramro. staff was chill and thik cha vibe. not bad at all, paisa vasool feel ayo. will go again lol",5,2023-03-14,code_mixed,1,3,food
ramailo thyo yaar visit garera aau,5,2022-11-09,romanized_nepali,1,1,hotel_restaurant
nice place good food good vibe 🔥 will come again,5,2024-09-30,english,0,0,hotel_restaurant
"ok food, ok service, tbh nothing special but nothing bad either, just average",3,2022-12-09,english,0,0,food
lastai khattam product,1,2025-02-11,romanized_nepali,1,2,product
yar product packaging lastai kharab thyo. andar product thik thyo but still,3,2024-01-28,code_mixed,0,0,product
room had cockroach bro. i screamed. showed hotel staff. they just said sorry and sprayed something. i couldn't sleep whole night thinking about it. bijog hotel. never again,1,2023-06-23,code_mixed,1,1,hotel_restaurant
room expensivee but dirtyy dirtyy. not worth stay,1,2023-06-30,english,0,0,hotel_restaurant
"lastai dami trip thiyo, ramailo ramailo journey sahi ho",5,2023-04-04,romanized_nepali,1,3,transportation
bus seat was broken yar. leg space thiyena. 6 hour trip on broken seat. my back was dead by end. paisa waste bro. baal comfort,1,2023-11-03,code_mixed,1,2,transportation
my experience at this bank was so bad bro. waited 1.5 hours in queue. then teller said system is down. HAD TO COME BACK NEXT DAY. next day same queue. same wait. finally got work done but took 3 trips. time waste paisa waste. and staff were not friendly at all. bijog service. government banks are all like this.,1,2022-07-25,code_mixed,1,3,services
delivery agent ley phone nai uthayena. order 2 ghanta late aayo ani tato thiyena khana. lastai baal service 🤮,1,2024-05-06,code_mixed,1,3,food
bus clean clean and seat soft soft but smell weird weird lol,4,2022-10-10,english,0,0,transportation
very bad very bad experience. sala staff attitude dherai nai thyo,1,2023-08-03,code_mixed,1,2,hotel_restaurant
service thik thyo. not bad. chalcha,3,2022-07-19,romanized_nepali,1,1,services
"ride delay and delay again. paisa waste, time waste",2,2023-02-02,english,1,1,transportation
room small but clean and clean again. ramro dherai ramro for couple stay 💖,4,2024-01-01,code_mixed,1,2,hotel_restaurant
