review_text,rating,date,language_style,has_slang,slang_count,domain
"Kwati soup traditional restaurant — 9 types beans, freshly sprouted texture. Broth dark and nutritious. Beaten rice slightly stale but kwati was highlight. Rs 320 reasonable. Finding this dish on menu felt special.",4,10/15/2023,english,0,0,food
Fuel gauge inaccurate wrong reading,2,12/19/2023,english,0,0,transportation
"Gym ma personal training session 5 wota try gareko thyo — trainer experienced thyo, proper form correction garyo each exercise ma. Diet plan pani diye which was practical, not extreme. Progress tracking garyo each session. Communication clear thyo, no unnecessary upselling. Rs 1200 per session reasonable for quality received. Tara session time exact follow bhayena kti — started 10 minutes late twice which cuts into the hour. Minor but noticeable. Overall good trainer, would book again.",4,8/2/2024,code_mixed,0,0,services
Tailor worth it ... Service was a bit slow but okay.,5,11/21/2024,english,0,0,services
"Sahayatri ma peak time 😐😊😍 surcharge dherai bhayo yaar, normal taxi jatai dherai paryyo, farak kehi thiyena",3,8/21/2022,romanized_nepali,0,0,transportation
ConnectIPS double charged my account in one session. took four full days to get the refund,1,8/11/2022,english,0,0,services
Tyre mithooooo khana thyo hai Bholi pani janchu hola.,4,1/5/2022,romanized_nepali,1,1,transportation
Redmi Note was great tbh The color was nice. Shipping was fast. Service was a bit slow but okay. It was quite a busy day there. Maybe it will improve later. Price was high but fine. It was quite a busy day there.,5,2/14/2022,english,0,0,product
"Eye checkup clinic visit gareko thyo Putalisadak ma — no appointment needed for basic checkup which was convenient. Waited 15 minutes before being seen. Doctor thorough thyo, both eyes checked properly, explained prescription clearly. Lens selection had good range, imported frames available too. Made glasses in 2 days as promised. Fitting was accurate. Total cost Rs 3800 including lenses which was fair for the quality. Professional experience overall. Will use this clinic for next checkup too.",5,10/11/2023,code_mixed,0,0,services
Buff ramro experience vayo hai yaar Malai ta ekdam man paryo. Sathi haru lai pani vanchu. Bholi pani janchu hola.,4,12/8/2024,romanized_nepali,1,1,food
Housekeeping highly satisfied tbh Price was high. Recived it late. Recived it late. The color looks nice. Staf was bit slow. Recived it late. Staf was bit slow. Delivery was prompt. Delivery was prompt. Recived it late. Price was high. Recived it late. The color looks nice. Delivery was prompt.,5,2/10/2023,english,0,0,hotel_restaurant
Lift 502 best experience tho Maybe it will improve later. Service was a bit slow but okay. Actually I dont know. 🙌,5,10/7/2023,english,0,0,hotel_restaurant
Gaming chair muni thyo quality ni Dhilo aayo 🙃👎✨ tara mitho thyo. Dherai kura haru ramro thyo. Malai ta man paryo.,1,7/27/2025,romanized_nepali,1,2,product
"chowmein ma oil dheraiii thyo yaar, pet bigrayo mero",4,8/17/2024,romanized_nepali,0,0,food
"Lunch ma gako thyo ek Newar restaurant Kirtipur tiir. Bara, chatamari, and yomari order gareko thyo — tino wota pani fresh thyo. Yomari especially dami thyo, chaku filling perfect thyo sweet but not overwhelming. Chatamari egg topping crispy thyo. Bara texture authentic thyo, lentil ratio proper thyo. Rs 520 total, paisa vasool thyo. Small family place cha, 5 table matra xa. Parking nearby muskil cha. But for food quality, worth the trouble.",5,11/10/2022,romanized_nepali,1,1,food
Mutton curry here is good but spice level dherai thyo for me personally. would've been better if they let you customize heat,4,11/28/2022,code_mixed,0,0,food
"dental clinic ma cleaning gareko thyo, dentist professional thyo ra painless thyo procedure, relieved bhaye 😎 👍",4,8/7/2024,romanized_nepali,0,0,services
Cable 696 Note tasty enough tbh Battery life is good. Maybe it will improve later. Battery life is good. It was quite a busy day there. Service was a bit slow but okay. Battery life is good. Service was a bit slow but okay. The color was nice. Shipping was fast. Battery life is good. Price was high but fine. Price was high but fine. Actually I dont know. And the quality was also something I noticed. Service was a bit slow but okay. 🤩 ,4,6/13/2022,english,0,0,product
"dal bhat paisa vasool lagyo honestly. ghee ko smell ramrai thyo ani sabji ni fresh lageko thyo, portion ni tha thyo",5,9/30/2023,romanized_nepali,1,1,food
Mileage ekdam ramro lagyo ho Dhilo aayo tara mitho thyo. Kasto ramro thyo tyo thau. 🙃 😍😤,4,12/17/2022,romanized_nepali,1,2,transportation
"Bought hiking boots from a sports store at New Baneshwor. Staff helped find the right fit — tried 3 pairs before deciding. Ankle support on the selected pair is good, tested on a short hike to Shivapuri afterward. Waterproofing held up during light rain. Sole grip on wet rock is acceptable but not outstanding. After 4 hikes the lacing eyelets still intact, no fraying. Price was Rs 4500 which felt reasonable. Happy with the purchase overall.",4,8/28/2024,english,0,0,product
Cooker whistle works,4,3/19/2024,english,0,0,product
"CellPay ko customer support slow cha yaar, 3 din lagyo simple issue resolve garna. improve garnu parne cha",2,10/19/2022,romanized_nepali,0,0,services
Bed ramro experience vayo hai ni Malai ta ekdam man paryo. Malai ta ekdam man paryo. Hijo gako thyo rati. Bholi pani janchu hola. Pachi pheri try garchu. Sathi haru lai pani vanchu. Pachi pheri try garchu. Hijo gako thyo rati. Bholi pani janchu hola. Hijo gako thyo rati.,5,10/12/2023,romanized_nepali,1,1,hotel_restaurant
"Realme Narzo 60 use gareko 6 mahina bhayo. Display quality chai dheraiii ramro xa AMOLED ko — colors vibrant aaucha. Performance smooth xa, multitasking ma lag garena. Camera night mode thoda average but okay for the price. Battery fast charging support garcha which is the best part — 45 min ma full charge hunxa. Software updates garcha, security patches regular aaucha. Price range ma strong competition xa tara yo pani solid choice ho.",4,10/19/2024,romanized_nepali,1,1,product
Fan blade wobbles balance off,2,11/21/2024,english,0,0,product
Slow acceleration,2,7/8/2023,english,0,0,transportation
Aalu tama jhol dami,5,10/2/2023,romanized_nepali,1,1,food
darji gareko fitting perfect,5,1/24/2024,code_mixed,0,0,services
Mileage 162 loved it idk Service was a bit slow but okay. The color was nice. Actually I dont know. The color was nice. Price was high but fine. Service was a bit slow but okay.,5,5/24/2023,english,0,0,transportation
"Yamaha R15 V4 liye ko 8 mahina bhayo — sporty bike ho, not practical for daily commute tara weekend rides ko lagi dami. Highway performance excellent, smooth power delivery. Seat comfortable for solo rider tara pillion uncomfortable — small rear seat. Headlight LED sharp, great visibility at night. Mileage 38-42 km/l highway, city ma less hunxa due to traffic. Maintenance cost slightly higher than regular bikes. Service center trained staff xa for this model specifically. Looks lastai aggressive.",4,10/23/2024,romanized_nepali,1,1,transportation
Worldlink decent one ngl Actually I dont know. Price was high but fine. It was quite a busy day there.,3,7/5/2022,english,0,0,services
sekuwa taste ok tara price hisab ma ali mahango,3,3/4/2024,code_mixed,1,1,food
"Wedding photography package book gareko thyo — advance diyeko 6 months ago. Day of wedding all 3 photographers arrived punctual. Coverage from getting ready to reception, all captured. Candid shots specially babbal aako xa in the album — natural moments caught well. Video team synchronization with photo team was smooth. Delivered edited album in 45 days as promised, though we were hoping for 30. Minor timeline miss but quality compensates. The family is happy overall with the outcome.",4,2/24/2024,code_mixed,1,1,services
Sunset view jhyau cocktail mitho music ramro weekend ma jana best 🤩,5,10/12/2022,code_mixed,1,2,hotel_restaurant
"clinic ma doctor 1 ghanta late aayo, appointment time ko kehi value thiyena sadhai Workable for most needs.",4,7/18/2024,romanized_nepali,0,0,services
iPhone 13 879 headphones babbal quality raixa k Staff behavior was polite and ramro. Delivery was fast and safe thyo. Staff behavior was polite and ramro.,4,8/11/2025,code_mixed,1,2,product
Stylus was very good tbh The color looks nice. Price was high. Staf was bit slow. Price was high. The color looks nice. Recived it late. Price was high. The color looks nice. Recived it late.,4,3/13/2024,english,0,0,product
Wedding dinner was beautifully arranged. catering team did an excellent job and the guests were all happy. venue setup was elegant,5,12/28/2022,english,0,0,hotel_restaurant
Bed 914 babbal quality raixa ni Will visit again pheri. The product is babbal and works fine. Delivery was fast and safe thyo. The product is babbal and works fine. Overall experience was thikai. Price ali high thyo but worth it. Price ali high thyo but worth it. Battery backup is dami ngl. I liked the atmosphere there ramailo thyo. The food was tasty and mitho thyo. Delivery was fast and safe thyo. Battery backup is dami ngl.,4,10/6/2025,code_mixed,1,3,hotel_restaurant
Vianet 694 worth it tho Actually I dont know. Service was a bit slow but okay. The color was nice. Service was a bit slow but okay. Price was high but fine. Service was a bit slow but okay. Actually I dont know. Price was high but fine. It was quite a busy day there. Battery life is good. It was quite a busy day there. Maybe it will improve later.,4,3/20/2022,english,0,0,services
ola book easy cancel high driver fare transparent sos rate pay cashless support slow crash peak ok alternative,3,5/20/2024,code_mixed,0,0,transportation
"Daraz customer care le respond garyo tara helpful thiyena at all, canned responses diyera gaye matra Overall experience ramro thyo.",2,4/25/2023,romanized_nepali,0,0,services
Service paisa vasool deal ho ni Battery backup is dami ngl. Battery backup is dami ngl. Battery backup is dami ngl. Service kasto slow thyo but okay.,5,12/3/2023,code_mixed,1,2,hotel_restaurant
"Ordered the chicken thali, came cold and missing one dish. had to ask the staff twice for the rest",2,1/30/2024,english,0,0,food
philips trimmer blade sharp battery long lasting,5,10/18/2023,english,0,0,product
Parking sensor alert helpful,3,9/13/2023,english,0,0,transportation
Naan soft garlic mitho,5,10/14/2023,romanized_nepali,1,1,food
"Tried the special thali on my friend's suggestion. worth every rupee, everything was fresh and well-seasoned. will be coming back regularly 😢 😠",4,7/20/2024,english,0,0,food
"Xiaomi power bank never failed me, charged my phone three times full on one charge. solid value product 💔❤️",5,9/28/2023,english,0,0,product
Coffee kasto ramailo vayo yaar Pachi pheri try garchu. Malai ta man paryo. Sathi haru sanga gako thyo.,5,5/18/2025,romanized_nepali,1,1,food
"Chiya khaana Siddhi Cafe ma Patan ma — masala tea made fresh with whole spices visible in the pot, not teabag type. Cardamom dominant, ginger present, milk ratio perfect. Rs 80 for this quality is exceptional. Snack menu has sel roti and nimki which pair well. Seating traditional low wooden stools. Place frequented by locals, tourist faces are rare which means it's authentic. Owner herself makes the tea which shows personal care. This is the hidden Kathmandu worth discovering.",5,8/17/2022,english,0,0,food
"photo studio ma passport photo khicheko thyo, editing clean thyo, delivery fast thyo. babbal service honestly",5,5/22/2023,code_mixed,1,1,services
"Pathao driver tried negotiating higher fare than app showed, citing traffic. When refused, drove deliberately slowly. Reported through app, got automated 😴😐😡 reply only. If drivers can override pricing, the service point is lost.",1,4/19/2023,english,0,0,transportation
Mirror very disappointed with it k hai Battery backup is dami ngl. Service kasto slow thyo but okay. Delivery was fast and safe thyo. Battery backup is dami ngl. The food was tasty and mitho thyo.,2,4/30/2024,code_mixed,1,2,hotel_restaurant
Stylus pen pressure tilt drawing creative design digital,5,2/20/2024,english,0,0,product
Rain jacket waterproof ramro 😢🔥🤔,4,10/15/2023,code_mixed,1,1,transportation
Pocket Wallet dami thyo experience k The product is babbal and works fine. Delivery was fast and safe thyo. I liked the atmosphere there ramailo thyo.,5,11/4/2022,code_mixed,1,2,services
checkout fast bill clear,4,7/5/2024,code_mixed,0,0,hotel_restaurant
terrace dining ramro romantic,5,10/27/2023,code_mixed,1,1,hotel_restaurant
Delivery thyo tara wrong item aayo box bhitra. customer care ma call gareko tara lamo hold thyo ani finally got an agent who was unhelpful,5,4/12/2024,romanized_nepali,0,0,product
Motorcycle kasto naramro ho Khana pakauna time lagyo. Paisa dherai liyo tara thikai thyo. Pachi pheri try garchu. Tara pani thik thyo. Ani bholi pheri janchu. Ani bholi pheri janchu. Pachi pheri try garchu. Dherai kura haru ramro thyo. Pachi pheri try garchu. Dhilo aayo tara mitho thyo.,1,5/5/2023,romanized_nepali,1,2,transportation
Receptionist dami thyo experience ni Overall experience was thikai. Delivery was fast and safe thyo. Delivery was fast and safe thyo. The product is babbal and works fine.,4,1/23/2022,code_mixed,1,2,hotel_restaurant
"Good experience with Tootle, driver was polite and arrived on time for both trips I took This was my second purchase from this brand. The first one lasted well and this one seems headed the same way. Quality control seems consistent which is reassuring. Price is fair and the after-sales support is decent too.",4,1/31/2024,english,0,0,transportation
sunsilk smell ramro hair soft,4,9/17/2023,code_mixed,1,1,product
"yomari dekherai manchhe aakarsit huncha tara swad chai thik thyo matra, special kehi hoina. price pani thada cha quality ko compare ma",3,12/15/2022,romanized_nepali,0,0,food
Check-in really loved it tbh Recived it late. The color looks nice. Price was high. The color looks nice. ✨🙌,4,6/5/2025,english,0,0,hotel_restaurant
Pen scratches paper bad quality,2,3/24/2024,english,0,0,product
Had to move rooms twice because of issues with the first two. management handled it okay but it was a real hassle,3,8/14/2022,english,0,0,hotel_restaurant
Pest control monthly follow up check treat chemical biological environment friendly sustainable prevention ramro service quality professional effective,5,8/27/2024,code_mixed,1,1,services
internet connection install garna dherai time lagayo,3,1/31/2024,code_mixed,0,0,services
"breakfast mitho thyo, variety dami thyo. Nepali set ma aloo ko tarkari ra roti sanga served thyo, ekdum ramro suru bhayo din ko",5,6/11/2022,romanized_nepali,1,1,hotel_restaurant
Too noisy engine,2,7/22/2023,english,0,0,transportation
"Daraz ma Casio watch order gareko, original authorized seller bata. Arrived in 5 days, box sealed properly. Watch condition excellent — no scratches, band intact. Time accuracy set at factory. Clasp smooth. For Rs 2800 price this entry-level Casio is solid value. Face readable in low light due to backlight. Water resistant as claimed, tested in shower. Strap replaceable which extends life. Happy purchase, will order other accessories from this seller.",5,6/24/2024,code_mixed,0,0,product
Daraz delivered the wrong product and the return process took nearly two weeks. extremely frustrating,1,7/25/2023,english,0,0,product
Legal consultation lawyer experienced corporate litigation settlement dispute resolution professional advice ramro,4,4/26/2024,code_mixed,1,1,services
"Waited almost an hour for fried rice. no apology, no explanation from the staff. just bad service overall",4,10/28/2022,english,0,0,food
Dinner 697 never again ?? The staff were helpful. The staff were helpful. Actually I dont know. And the quality was also something I noticed.,1,3/5/2025,english,0,0,hotel_restaurant
Highway highly satisfied tbh The color looks nice. Delivery was prompt. Recived it late. Price was high. The color looks nice. The color looks nice. Recived it late. Staf was bit slow. Staf was bit slow. Recived it late. Recived it late. Price was high. Delivery was prompt. Staf was bit slow. Price was high. Recived it late. Delivery was prompt. Staf was bit slow. The color looks nice. Recived it late.,4,9/15/2024,english,0,0,transportation
"Physiotherapy sessions effective here, noticed clear improvement within the first week of treatment",5,7/30/2024,english,0,0,services
Staff not good at all k bro Overall experience was thikai. Service kasto slow thyo but okay. Overall experience was thikai.,2,11/14/2022,code_mixed,0,0,hotel_restaurant
mattress hard dherai back pain bhayo 💔✨😤,2,4/28/2024,code_mixed,0,0,hotel_restaurant
Namaste Pay cashback credited bhayena after qualifying purchase. raised issue but no reply came for a full week,2,8/16/2022,code_mixed,0,0,services
tutor effective grade improve bachha punctual dedicate subject clear homework monthly test progress detail fee reasonable institute flexible time parent communicate satisfied recommend,5,12/20/2023,code_mixed,0,0,services
Mayur Yatayat ko app slow thyo ani payment process deducted twice in one booking. support le resolve garyo tara 2 din lagyo. frustrating experience thyo but at least they fixed it eventually. app stability improve garnu sacho parne cha honestly,3,5/5/2023,code_mixed,0,0,transportation
Chain waste of money idk Delivery was prompt. Staf was bit slow. Recived it late. Recived it late. Price was high. Delivery was prompt. Delivery was prompt. Price was high. Recived it late. Staf was bit slow. Price was high. The color looks nice. The color looks nice. The color looks nice. Staf was bit slow. Recived it late. Recived it late. Staf was bit slow. The color looks nice. The color looks nice. Price was high.,2,10/2/2023,english,0,0,transportation
Tailor 642 jhyau vayo service bro The food was tasty and mitho thyo. The food was tasty and mitho thyo. Price ali high thyo but worth it.,1,10/6/2022,code_mixed,1,2,services
"Spa experience ekdum lastai ramro thyo, therapist professional thyo ani room 😭🤮 ni aroma le bhareko thyo. peaceful lagyo sarai, stress release bhayo completely",5,10/28/2023,romanized_nepali,1,1,hotel_restaurant
Taximandu 464 tasty enough ngl It was quite a busy day there. Price was high but fine. Service was a bit slow but okay.,5,5/2/2023,english,0,0,transportation
mobile repair garyeko screen quality thik charge mahango 3 months warranty technician experienced newroad location time 2-3 hours,3,3/25/2024,code_mixed,1,1,services
Key stuck ignition problem,1,5/22/2023,english,0,0,transportation
Driver really liked the quality babbal bro,5,3/15/2023,code_mixed,1,1,transportation
Prabhu Pay worth it !!! Battery life 😎👍❤️ is good.,5,5/19/2024,english,0,0,services
Service 785 lastai slow thyo yaar ni Delivery was fast and safe thyo. Staff behavior was polite and ramro. I liked the atmosphere there ramailo thyo. The food was tasty and mitho thyo. Delivery was fast and safe thyo. Battery backup is dami ngl. The food was tasty and mitho thyo. Service kasto slow thyo but okay. Service kasto slow thyo but okay. Staff behavior was polite and ramro. I liked the atmosphere there ramailo thyo.,2,8/8/2023,code_mixed,1,4,hotel_restaurant
"Prestige cooker liyeko thyo, seal leaks garcha 3 months pachi nai. quality drop bhayo khai yo model ma",1,7/19/2022,romanized_nepali,0,0,product
TV could be improved idk The color looks nice. Price was high. Delivery was prompt. Delivery was prompt. Recived it late.,3,8/28/2024,english,0,0,hotel_restaurant
Laundry coin operated,3,7/9/2022,english,0,0,hotel_restaurant
Selroti really loved it tbh Recived it late. Price was high. Price was high. Delivery was prompt. The color looks nice. Price was high. Recived it late. Recived it late. Price was high. Price was high. Price was high.,5,8/7/2022,english,0,0,food
ktm duke suspension stiff bumpy road uncomfortable design premium engine powerful service cost high,3,10/2/2023,code_mixed,0,0,transportation
Sarathi 238 dami experience vayo bro Dhilo aayo tara mitho thyo. Kasto ramro thyo tyo thau. Dherai kura haru ramro thyo. Paisa dherai liyo tara thikai thyo.,4,10/5/2022,romanized_nepali,1,3,transportation
Watch strap broke cheap quality,2,9/22/2024,english,0,0,product
"Khalti app use garna starting gareko recently. Interface is cleaner than eSewa in my opinion, easier to navigate. Added money using debit card without issues. Merchant payments work smoothly at stores. QR scan is fast. The rewards and cashback offers are a nice bonus. Only issue I had was during initial KYC verification — document upload kept failing on first attempt. Needed two tries to get it through. After that everything worked fine. Good app overall, will keep using.",4,11/15/2024,english,0,0,services
"pizza order gareko, tara base ekdum patlo thyo ani topping pani kam thyo. paisa dherai liye tara quality thikkai thiyena, next time try gardina",3,2/28/2024,romanized_nepali,0,0,food
"veg thali here good value — 4 sabji, dal, rice and dessert for 350 only. ramro deal for Kathmandu",4,12/4/2022,code_mixed,1,1,food
Service lounge comfortable waiting,4,7/18/2023,english,0,0,transportation
"iPhone 14 liye ko ek year bhayo, honestly best phone use gareko chu despite price. Camera photos ekdum lastaii sharp aaucha — portrait mode natural background blur xa. Battery slightly less than Android flagships tara iOS optimization le full day comfortable jancha. Face ID instant xa in all conditions. Smooth feel every day, no slowdowns after 1 year. Resale value high xa Nepal ma pani. Security updates regular aaucha. Expensive but justified for long-term use quality.",5,11/28/2024,romanized_nepali,1,1,product
"Kalo Taxi driver raat ko 10 baje phone receive garena, app ma accept gareko tara aayena. late night tension diyera gayo mero",1,4/30/2024,romanized_nepali,0,0,transportation
Barbecue Thursday outdoor grilling chef marinate flavor smoke charcoal vegetable presentation ramro Thursday evening family lai perfect 😐👍💯,5,8/20/2022,code_mixed,1,1,hotel_restaurant
Came four times now and it has been consistent every single visit. quality never drops and staff remembers regulars. that kind of reliability is rare to find in Kathmandu honestly. keep it up,5,5/5/2024,english,0,0,food
Bed 38 ekdam ramro lagyo hai Ani bholi pheri janchu. Ani bholi pheri janchu. Dhilo aayo tara mitho thyo. Khana pakauna time lagyo.,4,9/18/2024,romanized_nepali,1,2,hotel_restaurant
"Hotel Himalaya Annapurna ko restaurant ma dinner gareko thyo, service slow thyo but khana was actually dami. would eat there again",4,11/2/2022,code_mixed,1,1,hotel_restaurant
"Pathao bike cancel garyо driver le — accepted the ride, waited 12 minute, phir cancel gariyo. No call, no explanation. Second driver accept garyо, 8 minute more wait. Total 20+ minute late bhayo destination. Gig economy ma kaam garne driver haru ko accountability zero xu yaar. App le penalty lagaunu parcha frequent cancellation garney drivers lai. Service fee tircha customer tara reliability minimum garauchan. Frustrated.",1,3/8/2024,romanized_nepali,0,0,transportation
"noodles chai okay-ish thyo but portion was small for 300 rs, ngl. expected more",3,8/30/2022,code_mixed,0,0,food
Lawn mow hedge trim flower bed plant seasonal monthly contract reasonable,5,3/31/2024,english,0,0,services
Cleaning 164 babbal quality raixa bro The product is babbal and works fine.,4,3/9/2025,code_mixed,1,1,services
Chicken was decent enough idk Recived it late. Staf was bit slow. Price was high. Staf was bit slow. Recived it late. Price was high. Recived it late. Price was high. Price was high. Delivery was prompt. Recived it late. Staf was bit slow. Price was high. Staf was bit slow. The color looks nice. Price was high. Price was high. Price was high. The color looks nice. The color looks nice.,3,12/21/2024,english,0,0,food
Taximandu smelled of cigarette smoke the entire ride. uncomfortable for the whole forty minute journey Long-time user of this product. Over the months it has proven reliable and the quality stays consistent. A few software updates improved things noticeably. Overall remains the best option I have found at this price range.,2,9/14/2023,english,0,0,transportation
Bathroom 203 worth it ... The color was nice. Shipping was fast. Shipping was fast. The color was nice. And the quality was also something I noticed. Actually I dont know. 🙌✨,5,12/22/2022,english,0,0,hotel_restaurant
Tutor subject math science teacher qualification degree teaching result student success testimonial ramro feedback positive recommend,5,9/25/2024,code_mixed,1,1,services
Tea set ekdam dami thyo k Sathi haru lai pani vanchu. Bholi pani janchu hola. Bholi pani janchu hola. Bholi pani janchu hola.,5,12/29/2024,romanized_nepali,1,1,hotel_restaurant
Wedding catering menu customize guest vegetarian section presentation decoration service coordination smooth sabai ramro bhayo,5,2/15/2024,code_mixed,1,1,services
"pizza yahan ko ramro cha, thin crust ra fresh toppings, worth every rupee honestly Customer support helpful thiyo. 👍🤯🤩",5,10/17/2023,code_mixed,1,1,food
"Honda Activa lastai smooth cha daily commute ko lagi, petrol pani dherai parchaina, maintenance sasto hunxa Recommend garchu yar lai.",5,6/7/2022,romanized_nepali,1,1,transportation
Helmet 486 Activa tasty enough idk And the quality was also something I noticed. And the quality was also something I noticed. Shipping was fast. The color was nice.,5,12/7/2023,english,0,0,transportation
Pastry ekdam dami thyo yaar Bholi pani janchu hola. Bholi pani janchu hola. Sathi haru lai pani vanchu. Hijo gako thyo rati.,5,1/26/2024,romanized_nepali,1,1,food
"hospital receptionist le attitude garyo yaar, basic respect thiyena. medical sector ma yo garna hudaina",1,10/7/2023,romanized_nepali,1,1,services
"Pocket Wallet ko loan feature tried gareko thyo, process smooth thyo ra disbursement pani fast bhayo Average but reliable experience thyo. Price appropriate cha for what you get here.",4,1/14/2024,romanized_nepali,0,0,services
"Hamro Patro ko horoscope feature use garcha niyamit, but sometimes the app crashes randomly in the middle Long-time customer sharing an honest update. Quality has remained steady over the years. Prices have gone up with inflation but proportionally so. No reason found to switch to alternatives. Loyalty is earned through consistency.",3,7/8/2022,code_mixed,0,0,product
Lamp brightness adjust dimmer works well,4,10/22/2024,english,0,0,product
Mero Ride app UI thoda confusing cha tara service is reliable once you manage to get a driver,3,6/13/2022,code_mixed,0,0,transportation
Pillow choice firmness options,4,10/5/2022,english,0,0,hotel_restaurant
"Tempo bike is the fastest way through Kathmandu rush hour traffic, no question about it Had been meaning to visit for a while after seeing it mentioned. Finally came and the experience matched what was described roughly. Staff interactions were positive. Would probably return if in the area again and looking for similar options.",5,7/8/2023,english,0,0,transportation
"Yak & Yeti ko receptionist ramro thyo, check-in quick thyo ani extra pillow pani diye maageko bela",4,1/9/2023,romanized_nepali,1,1,hotel_restaurant
"dhido set khaera aayo — honestly first time khako thyo, expect bhanda ramro thyo. sanga ko achar pani lastai thyo. yo dish try garna bhanchhau sabailai",4,5/20/2023,romanized_nepali,1,1,food
Pokhara Lakeside 144 ali improve garnu parne ni ta Tara pani thik thyo. Sathi haru sanga gako thyo. Khana pakauna time lagyo. Dhilo aayo tara mitho thyo. Tara pani thik thyo.,3,9/22/2023,romanized_nepali,1,1,hotel_restaurant
Katti roll momo vayo thikai cha Kasto ramro thyo tyo thau. Tara pani thik thyo. Pachi pheri try garchu. Dherai kura haru ramro thyo.,3,12/16/2022,romanized_nepali,1,1,food
Thakali set feeling happy today ho Delivery was fast and safe thyo. I liked the atmosphere there ramailo thyo. The food was tasty and mitho thyo. Staff behavior was polite and ramro.,5,7/16/2022,code_mixed,1,2,food
"Check-in time ma room ready thiyena, 1 ghanta wait garnu paro. staff le kehi ni bhanchhana",2,2/7/2024,romanized_nepali,0,0,hotel_restaurant
Delivery ekdam ramro lagyo yaar Paisa dherai liyo tara thikai thyo. Tara pani thik thyo. Dhilo aayo tara mitho thyo.,5,1/31/2023,romanized_nepali,1,2,services
InDrive Nepali 85 worth it ngl Battery life is good. It was quite a busy day there. And the quality was also something I noticed. It was quite a busy day there. And the quality was also something I noticed. The staff were helpful.,4,7/13/2025,english,0,0,transportation
mobile cover leko plastic quality bekkar 1 week ma futyo refund mageko diyena,1,7/3/2023,code_mixed,0,0,product
Concierge helpful tour recommend,5,11/13/2022,english,0,0,hotel_restaurant
"Royal Enfield Meteor liyeko thyo, comfortable ride cha tara heavy cha city traffic ma. overthink gareko thyo kinara Improvements possible still cha.",3,8/4/2023,romanized_nepali,0,0,transportation
Mechanic poor quality service tho Recived it late. Delivery was prompt. Price was high. Delivery was prompt. Price was high. Price was high. Delivery was prompt. Recived it late. Price was high. The color looks nice. Staf was bit slow.,2,7/4/2024,english,0,0,services
"Night check-in was smooth, the receptionist polite and quick. started the stay on a genuinely good note Slightly below expectation tara okay.",5,7/25/2024,english,0,0,hotel_restaurant
"Honda Activa bought second-hand 2 years old model — mechanic pre-check gareko before purchase. Condition good thyo, engine sound clean. Paperwork transfer process 3 days lagyo at transport office. Some paint fading on body but functional parts all okay. Service center ma first service gareko, mechanic bhanyo 'generally well maintained cha'. Mileage 50+ km/l consistent. Scooter ko lagi Activa second-hand market ma most reliable option ho — parts widely available, mechanics familiar everywhere.",4,3/12/2023,code_mixed,0,0,transportation
"JBL speaker liyeko thyo, bass ekdum babbal thyo ani waterproof feature pani useful cha outdoor ko lagi Quality consistent thyo.",5,8/29/2022,romanized_nepali,1,1,product
"Lassi order gareko ek cafe ma Baneshwor tiir — mango lassi thyo, ekdum thick aako thyo, real mango chunks pani thiya andar. Sweet-sour balance dami thyo. Tara Rs 280 ko lagi thoda small glass lagyo honestly. Presentation aakarshak thyo though — dry fruit sprinkle gareko thyo. Ambience nice thyo, indoor seating comfortable. Sathisangai gako thyo, both of us ramro lagyo. Summer ma perfect drink ho yo.",4,5/14/2024,romanized_nepali,0,0,food
Pharmacy 89 average performance thyo k Overall experience was thikai. 😠😶 Service kasto slow thyo but okay.,3,6/3/2025,code_mixed,0,0,services
"Pork chili here is really good, not too greasy and the chili balance is perfect. rice pairing is also on point",4,2/22/2024,english,0,0,food
Pepsi babbal thyo sabai kura ni Pachi pheri try garchu. Hijo gako thyo rati. Sathi haru lai pani vanchu. Bholi pani janchu hola. Sathi haru lai pani vanchu. Malai ta ekdam man paryo. Sathi haru lai pani vanchu. Sathi haru lai pani vanchu. Pachi pheri try garchu.,4,9/28/2023,romanized_nepali,1,1,food
Gear mitho thyo yaar Malai ta man paryo. Sathi haru sanga gako thyo. Khana pakauna time lagyo.,5,11/5/2022,romanized_nepali,1,1,transportation
bike seat ali patlo lagxa tara overall ok,3,9/8/2023,code_mixed,1,1,transportation
"KTM Duke 200 mileage dherai thiyena tara thrill cha nai, track ra highway ma babbal ride garnu miltho",4,2/3/2023,romanized_nepali,1,1,transportation
Check-in 470 XYZ not good at all k ni ta Battery backup is dami ngl. I liked the atmosphere there ramailo thyo. I liked the atmosphere there ramailo thyo. Overall experience was thikai. Service kasto slow thyo but okay. Overall experience was thikai. Price ali high thyo but worth it. The food was tasty and mitho thyo. I liked the atmosphere there ramailo thyo.,1,4/10/2023,code_mixed,1,2,hotel_restaurant
"Beauty parlor service ramro thyo, makeup lastai professional thyo, bridal look babbal aayo. highly satisfied bhaye",5,2/26/2024,romanized_nepali,1,2,services
"Sekuwa at a garden restaurant in Bhaktapur — wood fire cooked, you could see the grill from the seating area which added authenticity. Meat tender, charred edges just right. Timur khursani chutney on side was fantastic — numbing spice perfectly balanced. Dhido as side option taken — soft and smooth. This combination was genuinely satisfying. Rs 850 for sekuwa set, justified for quality. Ambience of Bhaktapur streets visible from garden made it more memorable. Will return.",5,9/29/2023,english,0,0,food
Scooter 44 Activa worth it ... The staff were helpful. Maybe it will improve later. Service was a bit slow but okay. 😭,4,11/30/2022,english,0,0,transportation
"Check in smooth thyo, early check-in pani milyo without extra charge. staff lastai helpful thiye throughout the stay Got this as a gift recommendation for a family member. They have been using it daily and are satisfied. No major complaints from them over several months. A reliable practical choice for the intended use case.",5,6/26/2022,code_mixed,1,1,hotel_restaurant
Shangri-La XYZ 550 waste of money idk The color was nice. It was quite a busy day there. It was quite a busy day there. Price was high but fine. And the quality was also something I noticed. Shipping was fast. Price was high but fine. Battery life is good. Shipping was fast. Maybe it will improve later. The staff were helpful. It was quite a busy day there. Battery life is good. Price was high but fine. And the quality was also something I noticed.,2,7/11/2025,english,0,0,hotel_restaurant
charger cable ramro fast charging,4,12/22/2023,code_mixed,1,1,product
Tea 419 paisa vasool deal ho ni ta Overall experience was thikai. The food was tasty and mitho thyo. Will visit again pheri. Will visit again pheri. The product is babbal and works fine. Will visit again pheri. Will visit again pheri. Service kasto slow thyo but okay.,4,1/2/2025,code_mixed,1,3,food
Sauna relaxing,5,11/28/2022,english,0,0,hotel_restaurant
Road ramro experience vayo hai ni Malai ta ekdam man paryo. Sathi haru lai pani vanchu. Hijo gako thyo rati. Hijo gako thyo rati. Malai ta ekdam man paryo. Hijo gako thyo rati. Pachi pheri try garchu. Bholi pani janchu hola. Bholi pani janchu hola. Malai ta ekdam man paryo. Bholi pani janchu hola. Sathi haru lai pani vanchu. Bholi pani janchu hola. Sathi haru lai pani vanchu. Pachi pheri try garchu.,4,8/30/2022,romanized_nepali,1,1,transportation
Brake could be improved tho Recived it late. The color looks nice. Price was high.,3,9/10/2024,english,0,0,transportation
InDrive Nepali delivery late package damage update chaina compensation diyena next arko courier use garxu,2,6/4/2024,code_mixed,0,0,services
"Daraz ko packaging kharab thyo, product damaged aayo box khulda. return process ni jhyau thyo sarai — 2 hapta lagyo",1,9/7/2023,romanized_nepali,1,1,product
Monitor 124 really loved the service ni ta Price ali high thyo but worth it. 😐,4,10/11/2023,code_mixed,0,0,product
"Soaltee location city bata dherai taadi thyo, taxi ko lagi parkhanu parcha dherai. convenient thiyena overall",3,5/20/2022,romanized_nepali,0,0,hotel_restaurant
"Checked in at Hotel Moonlight Pokhara, requested lakeside view but got parking lot. Room was tidy, hot water fine. Food prices above average for quality received. Would only return if lakeside room confirmed at booking.",3,7/30/2023,english,0,0,hotel_restaurant
"Genuinely one of the better hotel experiences I have had in Kathmandu. room was large and well-furnished, bathroom was spotless, and the staff were proactive rather than reactive. small touches like a welcome note and complimentary tea on arrival made the difference. would book again without hesitation for my next visit to the city",5,4/9/2022,english,0,0,hotel_restaurant
Budget hotel but cha ekdum clean 😍🤯,4,4/21/2024,code_mixed,1,1,hotel_restaurant
Renovation complete transformation bhayo before after ekdum different contractor punctual quality finish satisfied xu recommend garxu,5,9/21/2024,code_mixed,0,0,services
"Soaltee Hotel ko coffee shop visit gareko thyo — bespoke menu with coffee options from different origins. Barista explained each coffee type when asked, passionate about the craft clearly. Cappuccino was well-made, good foam texture, temperature perfect. Pastry alongside was fresh. Ambience was quiet and comfortable, good for working with laptop. Price is premium, Rs 650 for a cappuccino is steep for Nepal. But experience was premium too. Occasional treat ra matra janchu.",4,2/7/2023,code_mixed,0,0,hotel_restaurant
SSD average performance thyo tho hai Battery backup is dami ngl. I liked the atmosphere there ramailo thyo.,3,6/8/2022,code_mixed,1,1,product
Easy Ride 484 mitho thyo ni Paisa dherai liyo tara thikai thyo. Ani bholi pheri janchu. Pachi pheri try garchu. Ani bholi pheri janchu.,5,4/29/2025,romanized_nepali,1,1,transportation
Clinic 428 lastai kharab thyo k Paisa dherai liyo tara thikai thyo. Tara pani thik thyo.,2,2/25/2024,romanized_nepali,1,1,services
Cord paisa kher gayo k yaar Pachi pheri try garchu. Pachi pheri try garchu. Bholi pani janchu hola. Hijo gako thyo rati. Malai ta ekdam man paryo. Pachi pheri try garchu. Bholi pani janchu hola. Pachi pheri try garchu.,2,5/30/2023,romanized_nepali,0,0,product
Samosa 179 roll paisa vasool deal ho ni Delivery was fast and safe thyo.,5,9/17/2025,code_mixed,1,1,food
"Vaccination appointment was efficient from start to finish. nurse was calm, wait time was short, and the whole process took under twenty minutes",5,4/3/2024,english,0,0,services
Buff momo disappointing ngl Price was high but fine. It was quite a busy day there. The color was nice.,2,6/21/2024,english,0,0,food
Headphone ear pad foam crumble replacement expensive,2,7/10/2024,english,0,0,product
Parking 29 paisa vasool thyo hai Khana pakauna time lagyo. Malai ta man paryo. Paisa dherai liyo tara thikai thyo. Pachi pheri try garchu. Dherai kura haru ramro thyo. Sathi haru sanga gako thyo. Tara pani thik thyo. Dherai kura haru ramro thyo.,4,7/18/2025,romanized_nepali,1,2,hotel_restaurant
"thakali set khayeko thyo, dal bhat mitho thyo tara achar ekdum nai kam thyo yaar",4,7/15/2023,romanized_nepali,1,1,food
Eraser babbal thyo sabai kura k Malai ta ekdam man paryo.,5,4/28/2024,romanized_nepali,1,1,product
radisson baseko location ramro lazimpat breakfast variety pool wifi parking sabai xa price ali high tara value for money family trip ko lagi ramro,5,5/19/2024,code_mixed,1,1,hotel_restaurant
Bathroom never again ?? Price was high but fine. The staff were helpful. Shipping was fast. Maybe it will improve later. Shipping was fast.,2,11/7/2023,english,0,0,hotel_restaurant
Clinic disappointing tbh The color was nice. Price was high but fine. Actually I dont know. The color was nice.,2,1/4/2025,english,0,0,services
Laundry 687 best experience ngl It was quite a busy day there. Shipping was fast. The color was nice. Actually I dont know. The color was nice. Maybe it will improve later. The color was nice. Battery life is good. Battery life is good. The staff were helpful. Service was a bit slow but okay.,4,1/21/2022,english,0,0,services
plumber ko bill kasto mahango paani fix gareko matra,2,10/28/2022,code_mixed,1,1,services
Indicator light kaam gardaina problem,2,11/29/2023,code_mixed,0,0,transportation
Digital payment accept,4,1/19/2023,english,0,0,transportation
The hotel bar ran out of the cocktail I ordered and no alternatives were offered. staff just shrugged. poor management honestly,3,5/31/2023,english,0,0,hotel_restaurant
Doughnut noodles babbal thyo k yaar Kasto ramro thyo tyo thau. Tara pani thik thyo. 😢 🙃,5,6/28/2023,romanized_nepali,1,2,food
Picnic spot ramro children playground safe pani cha booking advance garna parcha,4,7/13/2022,code_mixed,1,1,hotel_restaurant
Katti roll 336 chilly babbal thyo k yaar Ani bholi pheri janchu. Sathi haru sanga gako thyo. Kasto ramro thyo tyo thau. Sathi haru sanga gako thyo. Kasto ramro thyo tyo thau. Ani bholi pheri janchu. Malai ta man paryo. Sathi haru sanga gako thyo. Dhilo aayo tara mitho thyo. Sathi haru sanga gako thyo. 😶😢,5,4/14/2024,romanized_nepali,1,3,food
Boutique cozy small,4,4/16/2022,english,0,0,hotel_restaurant
"Daraz sale ma discounted dekherai order gareko thyo, aayo tara it was a different color than shown. return policy confusing cha sarai",5,6/30/2022,code_mixed,0,0,product
"Garden seating area lastai sundar thyo, bihaana ko chiya tyahan khako thyo — mazza aayo ekdum. staff le biscuits ni liyera aayo sanga, unexpected gesture thyo",4,3/5/2024,romanized_nepali,1,1,hotel_restaurant
Tile laying ramro grout color match ceramic quality durable installation crew efficient timeline ma complete bhayo warranty pani diyeko,5,6/7/2024,code_mixed,1,1,services
Courier 466 dami thyo experience hai I liked the atmosphere there ramailo thyo. The product is babbal and works fine. Overall experience was thikai. The product is babbal and works fine. Service kasto slow thyo but okay. Delivery was fast and safe thyo. I liked the atmosphere there ramailo thyo. Price ali high thyo but worth it. Will visit again pheri. Price ali high thyo but worth it. Delivery was fast and safe thyo. 😭,4,5/13/2022,code_mixed,1,2,services
"Placed an order on Sastodeal for a kitchen appliance — product arrived in 3 days, good speed. Packaging was adequate, no damage. Product matched description exactly. Setup was easy as per included manual. Customer service chat was responsive when I had a pre-purchase query. Overall smooth e-commerce experience. Price was also lower than physical stores by about Rs 600. Will use Sastodeal again for electronics and appliances. Trust has been established after this first experience.",5,7/8/2023,english,0,0,product
Chicken chilly thikai thyo ta Sathi haru sanga gako thyo. Sathi haru sanga gako thyo. Tara pani thik thyo. Dherai kura haru ramro thyo. Malai ta man paryo. Pachi pheri try garchu. Dherai kura haru ramro thyo. Pachi pheri try garchu. Dhilo aayo tara mitho thyo. Sathi haru sanga gako thyo.,3,7/14/2025,romanized_nepali,1,2,food
apache bike xa pickup ramro tara parts mahango xa service center ma,4,10/30/2023,code_mixed,1,1,transportation
ConnectIPS ma payment failed tara paisa deduct bhayo. hapta bharikai parcha resolve garnu — kharab experience garo Staff cooperative thyo.,1,5/18/2024,romanized_nepali,0,0,services
Sarathi driver was texting while driving and refused to stop when I asked him to. reported to the app but no feedback received Had been waiting to write this review for a while. The experience warranted a detailed note because it stood out from typical visits. Staff made the difference and the consistency impressed across multiple touchpoints.,1,9/30/2022,english,0,0,transportation
Sunglasses lastai jhyau vayo ni Pachi pheri try garchu. Bholi pani janchu hola. Bholi pani janchu hola. Pachi pheri try garchu. Sathi haru lai pani vanchu. Bholi pani janchu hola. Malai ta ekdam man paryo. Hijo gako thyo rati. Pachi pheri try garchu. Pachi pheri try garchu.,1,7/21/2023,romanized_nepali,1,2,transportation
Coffee ekdum kadwa,2,11/16/2023,romanized_nepali,0,0,food
"Dentist yahan ramro cha, gentle ra professional both, follow-up appointment pani remind gardiyo timely Multiple times yahan aako chu already. Quality consistency maintain gareko cha jo dherai places ma haina. Small things could improve tara big things are working. Recommend garchu without hesitation for those who haven't tried yet.",5,7/28/2023,code_mixed,1,1,services
Pokhara Lakeside 655 really good quality idk Battery life is good. The color was nice. Shipping was fast.,5,7/17/2023,english,0,0,hotel_restaurant
Traffic babbal thyo sabai kura yaar Malai ta ekdam man paryo. Bholi pani janchu hola. Pachi pheri try garchu. Hijo gako thyo rati. Bholi pani janchu hola. ❤️🤔,5,7/25/2023,romanized_nepali,1,1,transportation
Printer was very good idk Delivery was prompt. Staf was bit slow. Delivery was prompt. Delivery was prompt. Delivery was prompt.,5,5/14/2024,english,0,0,product
"Buff sekuwa here is actually dami — juicy, well-spiced, perfect group outing yaar Staff ko behavior pani helpful thyo. 🔥",5,6/5/2023,code_mixed,1,1,food
manchurian gravy rice combo perfect,5,1/3/2024,code_mixed,0,0,food
"Digital Paisa app use gareko, payment fast thyo but sometimes the cashback credit hune bhanda dherai time lagcha. bit annoying First time coming here after a recommendation. The experience was mostly positive with a few minor things that could be improved. Overall I left satisfied and would consider coming back in the future depending on need. ❤️",4,11/22/2022,code_mixed,0,0,product
"Noodles soup order gareko thyo winter ma — hot soup expected tara aayo barely warm thyo. Restaurant kitchen busy thyo clearly but serving semi-warm soup is not acceptable. Returned it, came back 5 min later properly hot. Taste thyo okay, broth flavorful thyo. Noodles slightly overcooked but manageable. Toppings — egg, mushroom, spring onion — fresh thiya. Rs 280 thyo, reasonable. Overall thik thyo experience after the initial hiccup. Won't switch to a different place, came before too.",3,2/18/2024,romanized_nepali,0,0,food
Lenovo Ideapad has been solid for two years of college use. no issues with build quality or performance at all Improvements possible cha still.,5,6/14/2023,english,0,0,product
Sandwich 566 dami experience vayo bro Malai ta man paryo. Malai ta man paryo.,5,10/3/2022,romanized_nepali,1,1,food
yomari mitho traditional ramro taste swad jhan ramro,5,12/24/2023,romanized_nepali,1,2,food
HP monitor I bought arrived with dead pixels. replacement process took a full week and a half Service time ma deliver bhayo thankfully.,2,2/26/2023,english,0,0,product
Raincoat price ali dherai thyo hai,3,6/29/2025,romanized_nepali,0,0,transportation
"Samsung Galaxy Tab A8 bought for my daughter for online classes. Display is bright and readable, large enough for study use. Build quality feels premium for the price. Battery lasts a full day of moderate use. Parental controls were easy to set up. Performance is fine for basic tasks though heavy apps slow it down slightly. Speaker stereo sound is decent for video watching. Overall good value tablet for student use. No regrets on this purchase.",4,5/18/2024,english,0,0,product
Pocket Wallet 911 loved it ?? Maybe it will improve later. Actually I dont know. Price was high but fine. It was quite a busy day there. The color was nice. The staff were helpful. The color was nice.,5,4/5/2023,english,0,0,services
Cleaning 529 thik chai thik thyo tho hai Price ali high thyo but worth it.,3,9/29/2025,code_mixed,1,1,services
momo khayera aako tesma chutney thorai diyo,4,1/15/2024,romanized_nepali,0,0,food
Local Rider 997 Pulsar babbal quality raixa k Price ali high thyo but worth it.,5,12/24/2025,code_mixed,1,1,transportation
Long ride ma uncomfortable,2,3/14/2023,code_mixed,0,0,transportation
tuition teacher patient concepts clear,5,9/29/2023,code_mixed,0,0,services
Rooftop table with momos and tea on a cold evening is honestly a whole mood. the view makes it special,5,11/13/2022,english,0,0,food
taxi driver meter chalayena paxi bargain garnu paryo tara driver sojho manchhe,3,8/9/2023,code_mixed,0,0,transportation
SSD 423 headphones paisa vasool deal ho yaar Overall experience was thikai. The product is babbal and works fine.,5,1/14/2022,code_mixed,1,2,product
Charger 383 A54 kasto ramailo vayo k Paisa dherai liyo tara thikai thyo. Kasto ramro thyo tyo thau. Ani bholi pheri janchu. Khana pakauna time lagyo. Ani bholi pheri janchu. Malai ta man paryo. Kasto ramro thyo tyo thau. Malai ta man paryo. Paisa dherai liyo tara thikai thyo. 🤮😤,5,5/23/2023,romanized_nepali,1,2,product
minibar mahango outside kinna better,2,1/27/2024,code_mixed,1,1,hotel_restaurant
Door was very good tho Staf was bit slow. Delivery was prompt. Delivery was prompt. The color looks nice. Price was high. Delivery was prompt. Delivery was prompt. Recived it late. Delivery was prompt. Staf was bit slow. Staf was bit slow. Delivery was prompt. Price was high.,5,1/8/2022,english,0,0,hotel_restaurant
"Local Rider driver late aayo by 15 minutes, no update given. had to call him myself ani taba aayo",2,10/29/2023,code_mixed,0,0,transportation
"Bike Ride ko driver professional thyo, shortcut bata fast puchayo. tip diye khushi lagera ani app ma 5 star diyo",5,5/14/2024,romanized_nepali,0,0,transportation
Pani puri pani lastai spicy khatra,5,9/12/2023,romanized_nepali,1,2,food
"Scooter rental service try gareko Pokhara ma — rented Honda Dio for a full day at Rs 1200. Scooter thyo tara brakes thoda loose thyo, downhill sections ma uncomfortable lagyo. Reported to the rental place, tyo adjustment garyo but full fix bhayena. Petrol tank near empty thyo when handed over, they said fill it yourself which was fair but should have disclosed before. Otherwise convenient way to explore Pokhara at own pace. Lakeside to Sarangkot easy reach thyo.",3,4/16/2023,code_mixed,0,0,transportation
Used this accounting firm for my small business tax filing this year. the consultant assigned was knowledgeable and walked me through each section clearly. filing was done on time with no errors. pricing was reasonable for the level of service and detail involved. will use them again for next year without hesitation,5,10/23/2023,english,0,0,services
taxi driver route ramro janthyo fare reasonable 💔😎🙌,4,2/21/2024,code_mixed,1,1,transportation
puma jacket warm windproof zipper pocket hood size color wash fade lightweight insulated casual office winter recommended,5,2/3/2024,code_mixed,1,1,product
Engine 279 Activa paisa vasool deal ho bro I liked the atmosphere there ramailo thyo. The product is babbal and works fine.,5,12/8/2025,code_mixed,1,2,transportation
Route price ali dherai thyo hai Bholi pani janchu hola.,3,8/14/2025,romanized_nepali,0,0,transportation
"Boat headphones sound quality great for the price, comfortable for long listening sessions too Multiple purchases from this seller now. Every time the process has been smooth and the products have matched descriptions. Return policy was tested once and worked without hassle. Reliable seller worth bookmarking.",4,6/29/2024,english,0,0,product
Thakali could be improved tho Delivery was prompt. Recived it late.,3,6/17/2024,english,0,0,food
"Lo Re Bus driver, on time and professional",5,6/23/2024,code_mixed,0,0,transportation
Location 626 muni thyo quality k Dherai kura haru ramro thyo. Malai ta man paryo. Malai ta man paryo. Khana pakauna time lagyo. Malai ta man paryo. Pachi pheri try garchu. Sathi haru sanga gako thyo. Sathi haru sanga gako thyo. Pachi pheri try garchu. Pachi pheri try garchu. Dhilo aayo tara mitho thyo. Khana pakauna time lagyo. Tara pani thik thyo. Ani bholi pheri janchu. Dhilo aayo tara mitho thyo. Malai ta man paryo. Tara pani thik thyo. Sathi haru sanga gako thyo.,2,10/3/2022,romanized_nepali,1,2,hotel_restaurant
garden area thik xa tara khaana order gareko 30 min wait garnu paryo,3,1/22/2024,code_mixed,1,1,hotel_restaurant
Mountain Outlook 432 too bad ngl It was quite a busy day there.,2,12/6/2025,english,0,0,hotel_restaurant
Tea average performance thyo tho bro Battery backup is dami ngl. Delivery was fast and safe thyo. Delivery was fast and safe thyo.,3,12/22/2022,code_mixed,1,1,food
"Room rate reasonable thyo tara room ko size sano thyo. saman rakhna ni jagah thiyena, frustrated bhaye",3,5/28/2024,romanized_nepali,0,0,hotel_restaurant
Coffee 272 was great !!! Shipping was fast. It was quite a busy day there. Price was high but fine. Battery life is good. Battery life is good. Battery life is good. Price was high but fine. Actually I dont know. The staff were helpful. And the quality was also something I noticed. The color was nice. Battery life is good. The color was nice. Actually I dont know.,4,1/3/2023,english,0,0,food
"Insurance claim process gareko thyo after bike accident. agent assigned thyo ra helpful thyo overall. paperwork dherai thyo tara understandable cha insurance process ma. dikka lagyo forms bharne, but finally claim settled bhayo within expected timeframe. NTC insurance product recommend garchu yo budget ma",4,9/4/2023,code_mixed,0,0,services
Peaceful location,4,12/8/2022,english,0,0,hotel_restaurant
"Photography class attend gareko thyo — 10 day beginner course. Instructor thyo experienced photographer, practical exercises dherai thiya theory kam. Field assignment gayo Thamel ma, street photography practice gareko. Composition, lighting basics clearly taught. Editing basics photoshop ma 2 days cover garyo. Rs 8000 course fee, worth it honestly for this content. Class size 12 people thyo manageable. Certificate diye at end. Best part — instructor feedback personal thyo, not generic. Pheri intermediate course garchu.",5,10/31/2023,romanized_nepali,0,0,services
boAt earphones 4 lastai kharab thyo cha Kasto ramro thyo tyo thau. Pachi pheri try garchu. Ani bholi pheri janchu.,2,12/13/2022,romanized_nepali,1,2,product
website modern navigate easy,5,3/13/2024,code_mixed,0,0,services
Pulau lastai ramro basmati rice fragrant,5,11/1/2023,romanized_nepali,1,1,food
Paper really liked the quality babbal bro Battery backup is dami ngl.,5,4/26/2025,code_mixed,1,2,product
"Fish and chips order gareko, fish thanda aayo and batter was soggy. rs 400 wasted Price appropriate lagyo. Not bad overall honestly.",1,7/3/2024,code_mixed,0,0,food
Cake fluffy mitho,5,11/23/2023,romanized_nepali,1,1,food
Perfect fitting garyo measurement accurate stitch ramro,5,5/8/2024,code_mixed,1,1,services
"NTC ko SIM customer care ma call gareko thyo VoLTE activation ko lagi. Pehile IVR ma 10 minute stuck, phir agent aayo. Agent le bhanyo 'sir, yo aafulai garnu parcha settings ma' — instructions diyо but tyo aaile garisakeko thiyо. Explained again, phir supervisor transfer garyo. Supervisor le manually activate garyo backend bata. Total 35 minute liyо. Problem solved but process was exhausting. Customer care ko wait time reduce garnu parcha seriously.",2,7/15/2023,romanized_nepali,0,0,services
"Bought Xiaomi air purifier, delivery 4 days. Setup easy. Air quality improvement noticeable after 2 months. Filter indicator accurate. Only issue — buzzing on highest fan speed, bit annoying at night. Solid product. ❤️ ",4,2/6/2024,english,0,0,product
laptop gaming kheldai hunxa hot hunxa kina yo,2,3/17/2024,code_mixed,0,0,product
"Waited 1 hr for cab, driver cancelled last minute. complete waste of evening honestly",1,4/28/2024,english,0,0,transportation
Housekeeping daily,5,8/23/2022,english,0,0,hotel_restaurant
Mouse loved it ?? Price was high but fine. Price was high but fine.,5,12/14/2025,english,0,0,product
"Bought a laptop stand and mechanical keyboard combo from Daraz for my home office setup. keyboard feel is excellent and the stand holds the laptop at the right angle. both arrived well-packaged and within the delivery window. only small issue is the keyboard's RGB software only works on Windows, not Mac. overall a solid purchase for anyone setting up a proper desk",4,12/1/2023,english,0,0,product
"boAt Airdopes liye ko 3 mahina bhayo, sound quality chai honestly expected bhanda ramro aayo. Bass dheraiii punchy xa, gym use ko lagi dami. Tara right earbud ko volume thoda low aayo left bhanda — manufacturing defect hola. Warranty claim garna Daraz ma contact gareko 1 hafta bhayo, abhi samma reply nai aayena. Product ramro xa but after-sales service zero.",3,1/12/2024,romanized_nepali,1,1,product
Puri sabji traditional breakfast,4,8/28/2023,english,0,0,food
Chatpate masala balanced mitho price average,3,1/2/2023,code_mixed,1,1,food
"Samsung Galaxy tab lastai ramro cha, study ko lagi dami, notes lina ani PDF read garna perfect. battery pani ramro cha ekdum",5,5/24/2022,romanized_nepali,1,1,product
Coffee 504 momo thikai thyo hai Ani bholi pheri janchu. Tara pani thik thyo. Kasto ramro thyo tyo thau. Dhilo aayo tara mitho thyo. Khana pakauna time lagyo. Tara pani thik thyo. Malai ta man paryo. Khana pakauna time lagyo. Malai ta man paryo. Tara pani thik thyo. Kasto ramro thyo tyo thau. Kasto ramro thyo tyo thau. Tara pani thik thyo. Khana pakauna time lagyo. Pachi pheri try garchu. Dhilo aayo tara mitho thyo. Malai ta man paryo. Kasto ramro thyo tyo thau.,3,4/9/2024,romanized_nepali,1,2,food
Bridge very disappointed with it k hai Battery backup is dami ngl. The food was tasty and mitho thyo. Service kasto slow thyo but okay. I liked the atmosphere there ramailo thyo. I liked the atmosphere there ramailo thyo. The food was tasty and mitho thyo. The food was tasty and mitho thyo. Service kasto slow thyo but okay. Battery backup is dami ngl. Service kasto slow thyo but okay.,1,4/19/2023,code_mixed,1,2,transportation
Bus average performance thyo tho bro,3,9/8/2023,code_mixed,0,0,transportation
"gym membership liyeko thyo, equipment new thyo ani trainers helpful thiye. worth the monthly fee honestly",4,5/11/2024,code_mixed,1,1,services
Tea 817 poor quality tbh Price was high but fine. Battery life is good. Price was high but fine. Price was high but fine. Actually I dont know. Maybe it will improve later.,2,10/25/2022,english,0,0,food
"Volunteer registration at NGO Patan — intake thorough but staff genuinely warm. Orientation informative. Assignment matched my stated skills. Culture felt genuine, not performative. Registration took 2 weeks but worthwhile completing properly.",5,2/14/2023,english,0,0,services
hall spacious decor ramro,5,5/31/2024,code_mixed,1,1,hotel_restaurant
Khalti waste of money idk Recived it late. Staf was bit slow. Staf was bit slow. 😴,1,11/26/2024,english,0,0,services
Coach highly satisfied tho Recived it late. The color looks nice. Recived it late. Recived it late. Delivery was prompt. The color looks nice. The color looks nice. Price was high. The color looks nice. Recived it late. Staf was bit slow. The color looks nice.,5,5/29/2024,english,0,0,services
"khana ramro thyo tara the ambience loud and chaotic, hard to enjoy the meal. table spacing dherai close cha tbh Been recommending this to several friends based on my own experience. Most of them have had similar positive experiences. A few had minor issues but nothing serious. Overall it is a dependable option worth considering. 😊",3,7/22/2022,code_mixed,0,0,food
Sandwich 544 dami thyo experience yaar Delivery was fast and safe thyo. Staff behavior was polite and ramro. Service kasto slow thyo but okay. Price ali high thyo but worth it. The food was tasty and mitho thyo. Staff behavior was polite and ramro.,4,6/22/2023,code_mixed,1,3,food
"City Bus, fast and reliable always",5,7/16/2024,english,0,0,transportation
Design consultation ramro space measurement furniture layout color palette texture select garyo proportion balance maintained creative,5,8/14/2024,code_mixed,1,1,services
"HP laptop liyeko thyo, fan noise dherai cha normal use ma pani. annoying cha kaam gareko bela 😍",3,1/5/2024,romanized_nepali,0,0,product
Dinner 835 lastai kharab thyo k Ani bholi pheri janchu. Dhilo aayo tara mitho thyo. Dherai kura haru ramro thyo. Kasto ramro thyo tyo thau. Malai ta man paryo. Dherai kura haru ramro thyo. Paisa dherai liyo tara thikai thyo. Tara pani thik thyo. Paisa dherai liyo tara thikai thyo. Ani bholi pheri janchu. Kasto ramro thyo tyo thau. Malai ta man paryo. Dherai kura haru ramro thyo. Pachi pheri try garchu. Ani bholi pheri janchu. Ani bholi pheri janchu. 😍,1,8/19/2023,romanized_nepali,1,3,hotel_restaurant
dal bhat quantity dherai tarkari mitho unlimited,5,4/6/2024,romanized_nepali,1,1,food
Engine 148 kasto ramailo vayo ho Pachi pheri try garchu. Ani bholi pheri janchu. Dherai kura haru ramro thyo. Kasto ramro thyo tyo thau. Pachi pheri try garchu. Malai ta man paryo. Dherai kura haru ramro thyo. Pachi pheri try garchu. Malai ta man paryo. Khana pakauna time lagyo. Tara pani thik thyo. Khana pakauna time lagyo. Pachi pheri try garchu. Dherai kura haru ramro thyo. Dhilo aayo tara mitho thyo. Paisa dherai liyo tara thikai thyo.,4,11/16/2024,romanized_nepali,1,3,transportation
splendor reliable maintenance kam,5,4/21/2024,code_mixed,1,1,transportation
"Bike Yamaha FZ-S liye ko 1 year bhayo. Riding dynamics ekdum comfortable xa — upright seating position long rides ma helpful. Mileage 42-45 km/l consistent xa city use ma. Engine smooth xa, NVH levels low. After 10,000 km tyre wear normal xa. Tara ABS option yo model ma chaina which is disappointing for safety — wet roads ma concerning sometimes. Service cost Rs 1800-2200 per schedule which is manageable. Looks dami, gets compliments often. Would buy again.",4,9/12/2024,romanized_nepali,1,1,transportation
"Visited Dwarika's Hotel for cultural dinner event. Heritage property stunning, Newari woodwork everywhere. Food spread covered 12 Nepal dishes. Desserts impressive. Rs 3500 premium but the setting and quality delivered completely.",5,7/22/2023,english,0,0,hotel_restaurant
wildcraft bag zipper smooth waterproof laptop padded shoulder comfortable reflective warranty 3yr daily commute paisa vasul,5,3/30/2024,code_mixed,1,1,product
Sandwich tasty enough tho The staff were helpful. Actually I dont know. Maybe it will improve later. It was quite a busy day there.,4,11/28/2023,english,0,0,food
"Prestige cooker use gareko 4 mahina bhayo, cooks ❤️💯 rice perfectly consistent. Tara rubber gasket cracked after 3 months which seemed early. Replacement parts available at store. Build quality solid overall for the price.",4,9/17/2023,english,0,0,product
Pizza mitho thyo k,5,10/24/2023,romanized_nepali,1,1,food
Monitor screen resolution sharp color accurate calibration gamma,4,11/14/2024,english,0,0,product
pickup thik brake smooth 🙌,4,7/1/2024,code_mixed,1,1,transportation
Grocer ramro experience vayo hai k Sathi haru lai pani vanchu. Bholi pani janchu hola.,5,12/24/2023,romanized_nepali,1,1,services
Piercing paisa vasool deal ho ni Delivery was fast and safe thyo. Service kasto slow thyo but okay. Battery backup is dami ngl. Battery backup is dami ngl. Battery backup is dami ngl. Delivery was fast and safe thyo. Delivery was fast and safe thyo. Battery backup is dami ngl. Delivery was fast and safe thyo. Delivery was fast and safe thyo. Battery backup is dami ngl.,4,1/28/2024,code_mixed,1,2,services
Gaming chair 792 paisa kher gayo yaar Ani bholi pheri janchu. Sathi haru sanga gako thyo. Sathi haru sanga gako thyo. Paisa dherai liyo tara thikai thyo. Sathi haru sanga gako thyo. Kasto ramro thyo tyo thau. Dhilo aayo tara mitho thyo. Khana pakauna time lagyo. Tara pani thik thyo.,2,1/29/2023,romanized_nepali,1,2,product
Electrician thik chai thik thyo ho Khana pakauna time lagyo. Tara pani thik thyo. Dherai kura haru ramro thyo. Ani bholi pheri janchu. Kasto ramro thyo tyo thau. Paisa dherai liyo tara thikai thyo. Paisa dherai liyo tara thikai thyo. Malai ta man paryo. Kasto ramro thyo tyo thau. Khana pakauna time lagyo. Dherai kura haru ramro thyo. Paisa dherai liyo tara thikai thyo.,3,10/24/2025,romanized_nepali,1,2,services
Pakoda crispy tea perfect combo,5,5/1/2023,english,0,0,food
"Ncell ko data thik thyo tara out of valley ma coverage ekdum pathetic thyo, kehi nai thiyena",3,12/16/2022,romanized_nepali,0,0,services
"IME Pay app convenient for daily payments, genuinely saved me multiple bank trips this month Decent option for the price.",4,3/21/2023,english,0,0,services
"JBL Flip, worth every rupee",5,5/25/2024,english,0,0,product
Fridge too loud at night disturbs sleep,2,7/26/2024,english,0,0,product
Driver 480 disappointing ... Actually I dont know. Service was a bit slow but okay. And the quality was also something I noticed.,2,6/30/2022,english,0,0,transportation
Rooftop view was stunning honestly,5,2/28/2023,code_mixed,0,0,hotel_restaurant
Sajha Yatayat average performance thyo k Delivery was fast and safe thyo. Delivery was fast and safe thyo. I liked the atmosphere there ramailo thyo. Price ali high thyo but worth it. Battery backup is dami ngl.,3,2/17/2022,code_mixed,1,1,transportation
Numberplate great quality overall ngl Recived it late. Delivery was prompt. Staf was bit slow. Recived it late. Recived it late.,4,7/28/2023,english,0,0,transportation
Machine install front load program temperature spin 7kg family size warranty diyeko,5,11/28/2024,code_mixed,0,0,services
Fries really liked the quality babbal ni Battery backup is dami ngl. I liked the atmosphere there ramailo thyo.,5,8/8/2023,code_mixed,1,2,food
"Stayed at Hotel Himalayan Inn 3 nights, room clean and comfortable but AC barely worked the whole time. Breakfast was decent. Good location near the bazaar. Would rate higher if they fixed the cooling.",3,10/28/2023,english,0,0,hotel_restaurant
"TVS Jupiter liye ko 8 mahina bhayo, city riding ko lagi ekdum suitable xa. Mileage around 45-48 km/l paako chu average ma, expected bhanda ramro. Seat comfortable xa, long rides ma back pain hunna which is a big plus for daily commute. Tara headlight brightness night riding ma thoda kam lagyo, LED upgrade garna parla. Service center Balaju ko staff ramro xa, service charge pani reasonable lagyo. Overall paisa vasool motorcyle ho yaar.",4,9/3/2024,romanized_nepali,1,1,transportation
kettle fast capacity ok,4,12/30/2023,english,0,0,product
passion bike average 50 kmpl low maintain service network nepal spare affordable engine reliable design simple resale high commute satisfied value money,5,5/4/2024,code_mixed,1,2,transportation
Key paisa vasool deal ho ni Service kasto slow thyo but okay. Service kasto slow thyo but okay.,4,6/28/2022,code_mixed,1,1,hotel_restaurant
photographer professional album creative,5,6/26/2023,english,0,0,services
Honeymoon suite decorated ramro jacuzzi thyo romantic setting candles bathroom pani clean 🙃,5,11/30/2022,code_mixed,1,1,hotel_restaurant
Clean lobby nice,4,9/28/2022,english,0,0,hotel_restaurant
"Honda Activa new liyeko 7 months. Lightweight, city traffic easy, mileage 55+ km/l consistent. Under-seat storage fit garcha helmet. Rear suspension slightly stiff on bumpy roads. Overall recommended for city daily commute.",4,7/15/2024,code_mixed,0,0,transportation
pasta bland cheese kam,2,8/19/2023,code_mixed,0,0,food
"Daraz customer care resolved my issue in a single chat session, honestly faster than I expected Waiting time reasonable thyo. Dekhi nai visit gardai aaunu parcha.",4,8/10/2023,english,0,0,services
Honda Activa not good at all k ta The food was tasty and mitho thyo.,2,5/7/2024,code_mixed,1,1,transportation
Smartwatch was very disappointing tho Price was high. Delivery was prompt. The color looks nice.,2,4/9/2022,english,0,0,product
Chimney exhaust ventilation grease filter suction duct cleaning maintenance odor smell control,3,6/22/2024,english,0,0,services
MoMo momo decent one ngl Battery life is good. Service was a bit slow but okay. The staff were helpful. Actually I dont know. The color was nice. It was quite a busy day there. Service was a bit slow but okay. 😍👍,3,10/7/2025,english,0,0,food
printing quality color accurate binding lamination delivery time discount staff cooperative putalisadak location satisfied repeat customer,4,4/14/2024,code_mixed,1,1,services
"Bathroom clean thiyena yaar, shampoo ra sabun pani thiyena. extra charge garera diye jaba maagyo Overall thik experience thyo.",1,9/3/2023,romanized_nepali,0,0,hotel_restaurant
Tandoori marinade perfect smoky,5,11/6/2023,english,0,0,food
Fonepay ma transaction failed bhayo tara paisa katyo. took 3 days to reverse. very stressful tbh,2,9/15/2022,code_mixed,0,0,product
Brake 694 kasto ramailo vayo hai Khana pakauna time lagyo.,4,10/3/2023,romanized_nepali,1,1,transportation
Pool clean thyo heated water comfortable temperature lifeguard duty ma safe feel bhayo,5,12/22/2022,code_mixed,0,0,hotel_restaurant
"Dental clinic Lazimpat — doctor le thorough checkup garyo, explain garyo kasto problem cha. Scaling painless thyo, expected bhanda comfortable. Rs 1500 reasonable thyo. Staff friendly, punctual. Pheri aauchu next checkup ko lagi.",5,9/28/2024,romanized_nepali,0,0,services
Receptionist 456 kasto ramailo vayo ho Malai ta man paryo. Khana pakauna time lagyo. Tara pani thik thyo. Kasto ramro thyo tyo thau. Ani bholi pheri janchu. Dhilo aayo tara mitho thyo. Paisa dherai liyo tara thikai thyo.,4,6/17/2024,romanized_nepali,1,3,hotel_restaurant
"Spent 2 nights at a boutique hotel in Bhaktapur old town, waking to temple bells was wonderful. Traditional room with woodwork. Breakfast included local items — chiura and sel roti. Atmospheric place worth the rate.",5,12/29/2022,english,0,0,hotel_restaurant
Samsung A55 battery ramrooo cha,5,5/9/2024,romanized_nepali,0,0,product
"Pulsar 220F check gareko thyo service center ma scheduled service ko lagi — 10,000 km service thyo. Appointment system online cha, got slot next day. Mechanic explained what maintenance was due. Oil change, air filter, brake inspection, chain adjustment all done in 2 hours. Bill breakdown clear thyo — Rs 2400 total. Waiting area clean thyo, free tea diye. Test ride after service confirmed improvements. Brakes responsive, chain tension correct. Service quality consistent with previous visits. Good center.",4,4/28/2024,romanized_nepali,0,0,transportation
"Bank account opening took 45 minutes, documents were clear from website. Staff explained account types before choosing. Debit card arrived in 7 days. Mobile banking setup done at branch. Professional service experience overall.",4,12/20/2023,english,0,0,services
Namaste Pay recharge — ekdum fast,5,7/6/2022,romanized_nepali,0,0,services
"chicken chowmein babbal thyo ekdum, sauce dami, portion ni thikkai thyo yaar nxt time ni aauchu pakkai Used this service for a major requirement recently. The process was smoother than expected and the staff were professional throughout. Outcome was satisfactory. Would use them for similar needs in future without hesitation.",5,6/14/2022,romanized_nepali,1,2,food
Courier 281 babbal quality raixa ni ta,5,3/28/2023,code_mixed,1,1,services
"Paneer butter masala here is lastai ramro, thick gravy, good spice level, goes perfectly with garlic naan. order gareko 3 palta already",5,5/30/2024,code_mixed,1,1,food
"Staff ramro thyo, ekdum helpful thiyo",4,1/15/2024,romanized_nepali,1,1,hotel_restaurant
iPhone paisa vasool deal ho hai Battery backup is dami ngl. Service kasto slow thyo but okay. Service kasto slow thyo but okay. The food was tasty and mitho thyo. The food was tasty and mitho thyo. I liked the atmosphere there ramailo thyo.,4,3/23/2022,code_mixed,1,3,product
"Daraz jacket purchase — product photo showed thick jacket, received thin material. Size M but ran small. Return request approved after Daraz mediation. Full refund received in 5 days. Check reviews carefully for clothing items.",2,12/28/2023,english,0,0,product
"Chicken chowmein was greasy, oversalted, and the noodles stuck together in a clump. presentation was bad too. for that price I genuinely expected something better. will not be ordering from here again",1,12/9/2023,english,0,0,food
Speaker great quality overall tbh 🙌🔥🤔 Recived it late. Price was high. The color looks nice. Recived it late. Staf was bit slow. Delivery was prompt. The color looks nice. The color looks nice. Price was high. Recived it late.,4,5/23/2025,english,0,0,product
restaurant menu varied veg nonveg ramro,4,1/9/2024,code_mixed,1,1,hotel_restaurant
"Document notarization at this office was quick, staff clearly knew the process well After several months of regular use, can confidently say this meets daily requirements reliably. Battery or service life as claimed. Build has held without issues. A sensible purchase that has not disappointed.",4,8/27/2024,english,0,0,services
Webcam 💔 69 dami experience vayo cha Ani bholi pheri janchu.,5,1/18/2024,romanized_nepali,1,1,product
"Spa was worth every rupee, relaxing environment and staff were skilled and professional throughout Referred here by a friend who had consistent positive experiences. My own visits have confirmed that the quality is real and not just occasional. Staff turnover seems low which helps maintain service standards.",5,2/11/2024,english,0,0,services
Photographer creative thyo editing natural lighting ramro,5,7/17/2024,code_mixed,1,1,services
Vianet paisa vasool deal ho ho Service kasto slow thyo but okay. I liked the atmosphere there ramailo thyo. Will visit again pheri. Overall experience was thikai. Staff behavior was polite and ramro. Service kasto slow thyo but okay. The food was tasty and mitho thyo. Overall experience was thikai. Battery backup is dami ngl. Service kasto slow thyo but okay. I liked the atmosphere there ramailo thyo. The product is babbal and works fine.,5,5/24/2023,code_mixed,1,5,services
Coffee maker filter reusable metal disposable budget,4,5/5/2024,english,0,0,product
Glassware dami thyo experience bro Service kasto slow thyo but okay. I liked the atmosphere there ramailo thyo.,4,2/25/2025,code_mixed,1,1,hotel_restaurant
Brake weak lagyo dangerous,1,4/11/2023,code_mixed,0,0,transportation
"Stayed here during Dashain week, hotel was nearly full but service quality held up. genuinely impressed by how they managed",4,10/16/2023,english,0,0,hotel_restaurant
Tyre 597 tasty enough ngl Shipping was fast. Battery life is good. Actually I dont know. It was quite a busy day there. It was quite a busy day there. Battery life is good. The staff were helpful. The color was nice. The color was nice. Battery life is good. Maybe it will improve later. Maybe it will improve later. The staff were helpful. The staff were helpful. Maybe it will improve later.,5,12/29/2022,english,0,0,transportation
Monitor babbal quality raixa bro Staff behavior was polite and ramro. The product is babbal and works fine. Staff behavior was polite and ramro. Will visit again pheri. The food was tasty and mitho thyo. The food was tasty and mitho thyo. Delivery was fast and safe thyo.,5,3/16/2025,code_mixed,1,3,product
"mountain view room liyeko thyo, bihaana ko sunrise dherai sundar thyo. paisa vasool feel bhayo purai, next trip ma ni yahi aauchu",5,3/14/2023,romanized_nepali,1,1,hotel_restaurant
shoes quality ramro look pani ramro ali heavy feel hunxa 💯🤩😤,4,10/11/2022,code_mixed,1,2,product
"dal bhat ma dal nai watery thyo, no proper consistency. tarkari pani bland thyo. expected ramro from this place Using this service consistently for several months now. Performance has been dependable and the value proposition makes sense for regular users. Minor inconveniences exist but nothing that outweighs the benefits. Solid choice in this category. 😤🙂😢",4,9/14/2023,code_mixed,1,1,food
sel roti thanda thyo ani ghee pani thiyena sanga. thik thyo bho tara warm gareko bhaye ramro hunthyo Came back after a long gap from last visit. Glad to see quality maintained. Staff seems trained consistently. Pricing has gone up slightly but still reasonable. Will continue to be a regular customer here.,3,7/8/2024,romanized_nepali,1,1,food
Mountain Outlook dami thyo experience ni Overall experience was thikai. Service kasto slow thyo but okay.,5,8/30/2022,code_mixed,1,1,hotel_restaurant
"Samosa highway dhaba ma Hetauda tiir — freshly fried piping hot, aloo filling generously spiced, crust crispy. Chutney both green and tamarind fresh. Rs 30 for two, unbeatable value. Stopped again on return journey.",5,3/28/2023,romanized_nepali,0,0,food
Tyre paisa vasool deal ho ta The food was tasty and mitho thyo.,5,3/31/2025,code_mixed,1,2,transportation
"Chana chatpate near Ratna Park — vendor has been there years. Chana boiled right, onion tomato fresh, lemon generous. Rs 40 for generous portion is excellent. Eating while watching evening crowd is part of experience. 💯👍",5,6/19/2022,english,0,0,food
Salon 119 really good quality idk The color was nice. Shipping was fast. Service was a bit slow but okay. The color was nice.,5,6/22/2024,english,0,0,services
Lobby 273 never again tbh Price was high but fine.,1,3/16/2025,english,0,0,hotel_restaurant
painting ghar ko ramrai bhyo professional worker clean,5,6/13/2023,code_mixed,1,1,services
Keyboard ekdam dami thyo k Pachi pheri try garchu. Sathi haru lai pani vanchu. Hijo gako thyo rati. Bholi pani janchu hola. Malai ta ekdam man paryo. Sathi haru lai pani vanchu. Sathi haru lai pani vanchu. Hijo gako thyo rati. Sathi haru lai pani vanchu. Sathi haru lai pani vanchu.,4,8/30/2025,romanized_nepali,1,1,product
watch kineko 2 months ma strap futyo,2,2/5/2024,english,0,0,product
"InDrive Nepali bike service quick thyo, 5 min ma driver aayo, rate ni reasonable thyo — khusi bhaye ekdum",5,7/22/2024,romanized_nepali,0,0,transportation
"Lo Re Bus app crash bhayo booking ko bela — 3 palta try gareko pachi matra book bhayo. tech issue cha app ma, improve garnai parne cha. rush hour ma ✨😴🤮 nai yo hunchha jab ki tya driver ko demand dherai hunxa. frustrating experience thyo",3,9/11/2023,romanized_nepali,0,0,transportation
"First visit here. the vibe was chill, staff were friendly, and the sekuwa platter was fire. will return",5,6/18/2024,english,0,0,food
"Purchased Suzuki Gixxer SF last year, zero regrets. smooth ride, looks premium, and mileage is decent",5,2/15/2023,english,0,0,transportation
Receptionist 33 vayo thikai yaar Dherai kura haru ramro thyo. Sathi haru sanga gako thyo. 💔👍💯 Sathi haru sanga gako thyo. Kasto ramro thyo tyo thau. Tara pani thik thyo. Malai ta man paryo. Malai ta man paryo. Tara pani thik thyo. Tara pani thik thyo.,3,6/11/2023,romanized_nepali,1,1,hotel_restaurant
"Tailor stitched the kurta crooked, had to return it twice before it was finally done correctly Basic expectations fulfilled. Standard experience nothing special.",2,10/1/2022,english,0,0,services
Gas refill ramro leak fix garyo thermostat pani check garyo temperature accurate bhayo energy efficient,4,7/19/2024,code_mixed,1,1,services
temperature control comfortable,5,12/14/2023,english,0,0,hotel_restaurant
Pani puri momo paisa vasool deal ho ta Price ali high thyo but worth it. I liked the atmosphere there ramailo thyo. The food was tasty and mitho thyo. Staff behavior was polite and ramro. Battery backup is dami ngl.,5,10/28/2023,code_mixed,1,4,food
"Health checkup package Maharajgunj diagnostic center — Rs 4500 for full body including 12 blood tests, ECG, chest X-ray and urine test. Fasting came early morning, process start-to-finish 2.5 hours lagyo. Report same day evening digital format ma diye. Doctor consultation 15 minutes included, explained each result clearly. Compared to individual tests would have cost Rs 7000+. Package value is real, genuine savings. Pheri annual garchu, health monitoring consistent rakhnu important cha.",5,9/9/2024,romanized_nepali,0,0,services
"Visited this place on a friend's birthday. ordered the set for six people — buff momo, taas, choila, sekuwa and drinks. everything came on time, portions were generous, and the quality was consistently good across all dishes. ambience was lively without being too loud. definitely a solid choice for group dinners in the area 🙌💯",5,6/22/2024,english,0,0,food
Masonry wall straight vertical level plumb expert craftsman quality kaam professional finish ramro durable,5,3/4/2024,code_mixed,1,1,services
Pillow waste of money tho Recived it late. Delivery was prompt. Delivery was prompt. Staf was bit slow. Staf was bit slow. Staf was bit slow. Delivery was prompt. Recived it late. Recived it late. Price was high. Delivery was prompt. The color looks nice. Price was high. Price was high.,1,10/30/2022,english,0,0,hotel_restaurant
Wire price ali dherai thyo hai Malai ta ekdam man paryo. Pachi pheri try garchu.,3,4/11/2025,romanized_nepali,0,0,transportation
Plumber called he came and fixed leak. good service,5,8/25/2023,english,0,0,services
"bank ko queue dherai lammo thyo, token system sahi thiyena. 2 ghanta waste bhayo tyo din ko",1,5/14/2022,romanized_nepali,0,0,services
bed ramro pillow hard,3,7/8/2024,code_mixed,1,1,hotel_restaurant
Garden lastai slow thyo yaar bro I liked the atmosphere there ramailo thyo. Battery backup is dami ngl. Service kasto slow thyo but okay. The food was tasty and mitho thyo.,1,10/19/2025,code_mixed,1,3,hotel_restaurant
Filter lastai slow thyo yaar bro Service kasto slow thyo but okay. The food was tasty and mitho thyo. Delivery was fast and safe thyo. Battery backup is dami ngl. Delivery was fast and safe thyo. Battery backup is dami ngl. Battery backup is dami ngl.,1,1/27/2025,code_mixed,1,3,transportation
"Noise from the street was too loud ani window insulation thiyena at all. sleep disturb bhayo sarai, earplugs wear garna paro",2,7/15/2022,code_mixed,0,0,hotel_restaurant
chain loose frequent tight,2,1/16/2024,code_mixed,0,0,transportation
Pharmacy 730 ali improve garnu parne cha Dhilo aayo tara mitho thyo.,3,1/14/2022,romanized_nepali,1,1,services
continental bland nepali better,3,9/30/2023,code_mixed,0,0,hotel_restaurant
Shower cold water hot water aaudaina complained 2 days wait garnu paryo,1,8/7/2022,code_mixed,0,0,hotel_restaurant
Haircut here was bad. told them shoulder length and they cut way shorter. never returning,1,1/5/2023,english,0,0,services
vibration dherai long ride tire,2,11/9/2023,code_mixed,0,0,transportation
recharge instant no extra,5,4/5/2024,english,0,0,services
SSD 186 poor quality tbh Shipping was fast. The staff were helpful. Shipping was fast. Actually I dont know. It was quite a busy day there. The color was nice. Actually I dont know. Battery life is good. Battery life is good. 😊❤️,2,12/12/2022,english,0,0,product
"Gym personal training 5 sessions — trainer corrected form each exercise, gave practical diet plan. Progress tracked each session. Rs 1200 per session reasonable. Started 10 minutes late twice. Good trainer, would book again.",5,7/28/2022,romanized_nepali,0,0,food
Namaste Pay 667 dami experience vayo ni ta Tara pani thik thyo. Sathi haru sanga gako thyo. Khana pakauna time lagyo.,4,6/24/2025,romanized_nepali,1,1,services
smartwatch kineko features dherai battery 2 din matra chalxa screen small,3,4/2/2023,code_mixed,0,0,product
Easy Ride 850 vayo thikai ta Khana pakauna time lagyo. Dhilo aayo tara mitho thyo. Sathi haru sanga gako thyo. Kasto ramro thyo tyo thau. Ani bholi pheri janchu. Malai ta man paryo. Sathi haru sanga gako thyo. Khana pakauna time lagyo. Sathi haru sanga gako thyo.,3,11/27/2024,romanized_nepali,1,2,transportation
"Gym membership liye ko 3 mahina bhayo, honestly value for money cha. Equipment dami xa — treadmill 6 wota cha, never busy. Personal trainer included cha plan ma, trainer knowledgeable cha. Locker room clean xa. Tara AC sometimes kaam gardaina — summer ma dherai garo hunxa inside. Khatam hunna before deadline pani membership extend gracefully garda ok cha. Overall suggest garchu if budget manage huncha.",4,8/7/2023,romanized_nepali,0,0,services
Infinity pool view jhyau,5,5/19/2022,code_mixed,1,1,hotel_restaurant
Drain clog hair grease emergency plumber camera inspect repair professional,4,8/2/2024,english,0,0,services
Mi TV picture quality impressive at this price range. all streaming apps work smoothly and the remote is simple to use,4,11/6/2022,english,0,0,product
Chain 491 Activa tasty enough !!! The color was nice. Shipping was fast. And the quality was also something I noticed. Price was high but fine. Price was high but fine. And the quality was also something I noticed. Battery life is good. It was quite a busy day there. Actually I dont know. And the quality was also something I noticed. Battery life is good. Maybe it will improve later.,4,11/11/2025,english,0,0,transportation
Tea set babbal quality raixa bro Delivery was fast and safe thyo. Will visit again pheri. The food was tasty and mitho thyo. The product is babbal and works fine. Will visit again pheri. Service kasto slow thyo but okay. Battery backup is dami ngl. Service kasto slow thyo but okay. Battery backup is dami ngl. Delivery was fast and safe thyo. Battery backup is dami ngl. The food was tasty and mitho thyo. Delivery was fast and safe thyo.,5,7/7/2025,code_mixed,1,3,food
Good laptop sleeve,4,9/13/2024,english,0,0,product
room service call gareko 1 ghanta paxi aayo annoying,2,9/14/2022,code_mixed,0,0,hotel_restaurant
"Hot water thiyena bihaan ko at all, cold shower linu paro. unacceptable for a 4 star hotel",1,8/18/2024,code_mixed,0,0,hotel_restaurant
indicator dim night visibility low,3,9/3/2023,code_mixed,0,0,transportation
Powerbank capacity false claim specification wrong actual different,2,6/4/2024,english,0,0,product
Samosa 859 vayo thikai bro Pachi pheri try garchu. Sathi haru sanga gako thyo. Ani bholi pheri janchu. Malai ta man paryo. Malai ta man paryo. Tara pani thik thyo. Pachi pheri try garchu. Dhilo aayo tara mitho thyo. Dherai kura haru ramro thyo.,3,10/24/2025,romanized_nepali,1,2,food
"The room view was incredible, hills visible from the window. watching sunrise from bed was something else entirely Will share this experience with others.",5,6/7/2024,english,0,0,hotel_restaurant
Fan okay for the price ngl Price was high. Delivery was prompt. Recived it late. Staf was bit slow. Price was high.,3,2/19/2024,english,0,0,product
courier track accurate time delivered,5,6/12/2024,english,0,0,services
Biryani 549 babbal quality raixa ho Will visit again pheri. Will visit again pheri. Delivery was fast and safe thyo.,5,1/31/2023,code_mixed,1,1,food
TVS Jupiter 849 Jupiter lastai kharab thyo ni Pachi pheri try garchu. Malai ta man paryo. Khana pakauna time lagyo. Khana pakauna time lagyo. Paisa dherai liyo tara thikai thyo. Paisa dherai liyo tara thikai thyo.,2,2/22/2024,romanized_nepali,1,1,transportation
Butcher paisa vasool deal ho yaar I liked the atmosphere there ramailo thyo.,4,2/29/2024,code_mixed,1,1,services
Passport renewal at Narayanhiti — online token meant no queue chaos. Staff professionally polite. Processing fee paid digitally. Passport ready in 7 working days as promised. Genuinely impressed with improvement in this government process.,5,10/30/2024,english,0,0,services
Webcam 764 thik chai thik thyo tho ni Service kasto slow thyo but okay. 🤮,3,2/19/2023,code_mixed,1,1,product
"IME Pay cashback offer aako thyo, gareko tara cashback aayena samay ma — disappointed. support le bhanyo technical issue thyo Will consider returning sometime.",5,11/6/2023,romanized_nepali,0,0,product
facial garaye skin 🤩💔😠 fresh lagyo recommend,4,12/11/2023,code_mixed,0,0,services
hp ink expensive print quality wireless disconnect scan duplex paper setup easy compact noisy cartridge genuine compatible cheap better,3,11/13/2023,code_mixed,1,1,product
Clinic very disappointed with it k bro I liked the atmosphere there ramailo thyo.,2,1/14/2025,code_mixed,0,0,services
CCTV install camera coverage entry exit monitor AI detection facial recognition security system ramro professional setup quality,5,5/12/2024,code_mixed,1,1,services
Buffet variety dherai international continental asian vegetarian sabai options calorie display label clear,5,6/11/2022,code_mixed,0,0,hotel_restaurant
Color print vibrant paper quality ramro glossy matte binding spiral urgent delivery garyo,5,5/16/2024,code_mixed,1,1,services
Claim process slow 🤯 🤮,2,6/18/2023,english,0,0,transportation
"Honda CB Shine chalako 2 sal bhayo, mileage consistently good cha and maintenance affordable, no issues Clean environment thyo. Purai satisfying thiyena tara okay thyo.",5,4/17/2024,code_mixed,0,0,transportation
Chain 960 feeling happy today ni Delivery was fast and safe thyo.,5,2/13/2022,code_mixed,0,0,transportation
Jupiter dami thyo experience ni I liked the atmosphere there ramailo thyo. I liked the atmosphere there ramailo thyo. Service kasto slow thyo but okay.,4,7/12/2024,code_mixed,1,1,transportation
"check-out process smooth thyo, bill ni sab theek thyo. staff le taxi call garidiye — dami service dherai ramro lagyo",5,4/9/2024,romanized_nepali,1,1,hotel_restaurant
"Great location, walking distance to thamel. room was clean and quiet. no real complaints from any of us 💯🙂😊",4,6/18/2023,english,0,0,hotel_restaurant
Jhol momo chutney tangy balance mitho,5,3/17/2023,romanized_nepali,1,1,food
Check-in 623 feeling happy today ta Delivery was fast and safe thyo.,4,8/18/2022,code_mixed,0,0,hotel_restaurant
Balcony XYZ ekdam ramro lagyo yaar Sathi haru ✨😶🙃 sanga gako thyo. Ani bholi pheri janchu. Kasto ramro thyo tyo thau.,4,1/20/2024,romanized_nepali,1,1,hotel_restaurant
Taxi 705 lastai slow thyo yaar ho Will visit again pheri. Price ali high thyo but worth it.,2,3/3/2025,code_mixed,1,1,transportation
Charger ali improve garnu parne cha Tara pani thik thyo. Paisa dherai liyo tara thikai thyo. Sathi haru sanga gako thyo. Paisa dherai liyo tara thikai thyo. Tara pani thik thyo. Khana pakauna time lagyo. Ani bholi pheri janchu. Ani bholi pheri janchu. Sathi haru sanga gako thyo. Sathi haru sanga gako thyo. Dherai kura haru ramro thyo. Ani bholi pheri janchu. Dhilo aayo tara mitho thyo. Dhilo aayo tara mitho thyo.,3,10/26/2024,romanized_nepali,1,2,product
Booked a deluxe room but was given standard. they adjusted the price but the room itself was a letdown 😤 ,2,2/19/2023,english,0,0,hotel_restaurant
Staff multilingual helpful,5,9/3/2022,english,0,0,hotel_restaurant
"Sahayatri ma rate negotiate garnu milcha, tyo feature ramro lagyo honestly. driver pani friendly thyo ra punctual ni thyo Generally satisfactory experience.",5,7/17/2023,romanized_nepali,1,1,transportation
"Salon ma haircut gareko thyo, hairstylist le ramrai sunyo mero style ko baarema. result dami thyo Serviceable overall.",5,3/6/2024,romanized_nepali,1,1,services
durbarmarg hotel location center view ramro price kasto high breakfast average,3,11/21/2022,code_mixed,1,2,hotel_restaurant
Florist paisa vasool deal ho bro Service kasto slow thyo but okay. Service kasto slow thyo but okay. Delivery was fast and safe thyo. Delivery was fast and safe thyo. Service kasto slow thyo but okay. The food was tasty and mitho thyo.,4,5/10/2024,code_mixed,1,2,services
"Himalayan Java coffee Thamel branch try gareko — cortado order gareko thyo, espresso balance thyo properly, not over or under extracted. Milk ratio perfect. Ambience comfortable xa, good playlist playing. Staff friendly, explained menu when asked. Seating comfortable for longer stays. WiFi available. Tara price chai steeper — Rs 580 for cortado. For Kathmandu standards that's premium. Occasional visit ko lagi okay xa but daily affording gardina. Quality undeniably good though.",4,3/6/2024,code_mixed,0,0,food
"Cataract surgery post-op checkup gareko thyo Tilganga Eye Centre ma — process systematic thyo. Appointment based system smooth thyo, queue managed properly. Specialist doctor took time to explain recovery progress, answered all my questions patiently. Eye drops prescription clear thyo, pharmacist inside pani available thyo. No rush felt during consultation. Pathology results same day available. For public trust in healthcare this center is important. Thankful for accessible quality eye care in Nepal at reasonable cost.",5,6/30/2023,english,0,0,services
translate accurate fast,5,6/3/2024,english,0,0,services
"Hamro Patro app naya update pachi ekdum slow bhayo yaar. Pehile fast thyo, update gareko din dekhi lag garcha open huna. Calendar features chai atti useful xa — tithis, festivals sab xa which is the whole point. Tara notification settings buggy bhayo, set gareko notifications aaudaina sometimes. Feedback diyeko cha app store ma, hope they fix it next version. Good app for Nepali calendar but performance maintain garnu parcha. 😎✨",3,3/30/2024,romanized_nepali,0,0,product
Translation accurate native bilingual grammar vocabulary context revision quality professional ramro kaam satisfied 💯😭😤,5,10/28/2024,code_mixed,1,1,services
"newari khaja set order gareko, chiura thanda thyo tara chatamari chai ramro thyo. achaar pani dami thyo. pachhi aunu parne lagyo",4,12/1/2023,romanized_nepali,1,1,food
Brake 979 paisa vasool thyo bro Dherai kura haru ramro thyo.,5,2/25/2024,romanized_nepali,1,2,transportation
"Printing shop messed up the color profile on my event banner, had to reprint entirely at my own cost. no apology given",4,7/13/2022,english,0,0,services
"bank ko mobile banking cha but 2FA dherai steps cha, little UX simplification needed for older users",3,12/31/2022,code_mixed,0,0,services
Driver ramro thyo,4,6/9/2023,romanized_nepali,1,1,transportation
Kalo Taxi driver ko car AC thiyena ani seat torn thyo. rs 400 tiryo ra gham gham garo bhai gayo 🙃,4,12/27/2023,romanized_nepali,0,0,transportation
Juice ekdam dami thyo yaar Malai ta ekdam man paryo.,4,1/24/2025,romanized_nepali,1,1,food
Headlight thikai thyo thik chai ni Malai ta ekdam man paryo. Malai ta ekdam man paryo.,3,3/3/2024,romanized_nepali,1,1,transportation
Lighting chandelier grand entrance photo background wedding couple location 😐 Instagram hashtag trending,5,5/30/2022,english,0,0,hotel_restaurant
Have been using InDrive for about eight months now across dozens of trips. rates are usually lower if you counter-offer reasonably and most drivers are professional. had maybe two or three bad experiences out of twenty plus rides which is a decent ratio. app could be smoother but overall it gets the job done reliably enough for daily use,4,4/22/2023,english,0,0,transportation
Wrangler jeans authorized store Durbar Marg — perfect fit after trying 3 sizes. Stitching quality solid. First wash didn't fade. Rs 4800 justified for quality. Staff gave honest size recommendation. Happy purchase overall.,5,8/4/2023,english,0,0,product
"Spa gako thyo Thamel ko ek wellness center ma — Swedish massage 60 min try gareko thyo. Therapist professional thyo, pressure adjustments asked throughout. Room aromatherapy thyo, calming environment. Music soft thyo. Post-massage tea diye which was a nice touch. Rs 1800 for 60 min, okay for Thamel standards. Tara changing room small thyo, cramped lagyo. Locker availability pani limited thyo. Overall relaxing experience, worth the price for occasional self-care. Book in advance recommend garchu.",4,5/3/2023,romanized_nepali,0,0,services
"Four of us stayed, only one washroom and it kept getting blocked both days. poor facilities for what they charge Average but consistent.",4,3/8/2024,english,0,0,hotel_restaurant
"Rooftop bar Jhamsikhel — city view at sunset excellent. Tried signature cocktail, babbal thyo taste. Tara food portion small for price. Service slow. Rs 3200 for two, thoda heavy. Vibe cha worth something.",3,7/4/2024,code_mixed,1,1,hotel_restaurant
"Pool was closed on arrival despite the website saying open. no prior notice, no apology. very disappointing honestly Delivery packaging ramro thyo.",2,8/22/2024,english,0,0,hotel_restaurant
MoMo very disappointed with it k hai Battery backup is dami ngl. Battery backup is dami ngl.,2,1/7/2022,code_mixed,1,1,food
Staff 244 feeling happy today ta The food was tasty and mitho thyo.,4,2/21/2024,code_mixed,1,1,hotel_restaurant
City Bus 712 babbal thyo k ni ta Kasto ramro thyo tyo thau. Tara pani thik thyo.,5,4/4/2025,romanized_nepali,1,2,transportation
Monitor poor quality service tbh Recived it late. Delivery was prompt. Price was high.,2,1/26/2023,english,0,0,product
Buff items really loved it ngl The color looks nice. The color looks nice. Staf was bit slow. The color looks nice.,5,4/29/2022,english,0,0,food
gixxer design sport city highway balance fuel 45 maintain moderate service build solid meter led seat firm recommend mid,4,10/25/2023,code_mixed,0,0,transportation
Bellboy helpful tip expected,3,7/27/2022,english,0,0,hotel_restaurant
Plumber 392 vayo thikai bro Ani bholi pheri janchu. Kasto ramro thyo tyo thau. Dhilo aayo tara mitho thyo. Kasto ramro thyo tyo thau.,3,10/3/2025,romanized_nepali,1,2,services
View was very disappointing ngl Delivery was prompt. Recived it 😢 late. Recived it late. Recived it late.,1,4/22/2024,english,0,0,hotel_restaurant
Soup was very disappointing idk Delivery was prompt. Price was high. Delivery was prompt.,2,12/28/2022,english,0,0,food
Lotion kasto naramro quality k Bholi pani janchu hola. Sathi haru lai pani vanchu.,2,11/5/2024,romanized_nepali,1,1,hotel_restaurant
"Gym facilities thiye tara equipment purana thiye sarai, treadmill noise dherai garcha. weights section thik thyo tara",3,9/7/2022,code_mixed,0,0,hotel_restaurant
"Buff sekuwa order gareko bro, presentation dami thyo sizzler ma aako thyo. Taste ramro thyo but achaar forgot gare, twice remind garda pani aayena. Rs 650 ko lagi thoda disappointing overall.",3,5/18/2023,code_mixed,1,1,food
Conference hall ramro projector screen sound mic sabai working,4,10/9/2022,code_mixed,1,1,hotel_restaurant
"Gaming mouse kineko thyo, DPI settings dami cha, response fast — competitive gaming ko lagi ramro investment",5,11/15/2023,code_mixed,1,1,product
Samsung A54 878 dami thyo experience bro Will visit again pheri. The food was tasty and mitho thyo.,5,10/28/2024,code_mixed,1,2,product
Smartwatch 121 paisa vasool thyo bro Dherai kura haru ramro thyo. Tara pani thik thyo. Kasto ramro thyo tyo thau. Pachi pheri try garchu. Khana pakauna time lagyo. Dhilo aayo tara mitho thyo. Ani bholi pheri janchu.,4,7/15/2023,romanized_nepali,1,3,product
"Realme GT Neo 5 case bought online — silicone case, transparent type. Arrived in 2 days, exactly as shown in product photo. Fit on phone precise, all ports and buttons accessible properly. Grip texture nice. Transparent back shows phone design while protected. After 2 months use, yellowing started slightly at corners which is expected for transparent silicone. Scratch protection adequate. For Rs 280 value is fine. Multiple spares liyeko is smart since yellowing happens. Functional product.",3,5/22/2024,english,0,0,product
"Guest house Thamel 4 nights budget stay — room small but clean, hot water, fan. Location walkable to restaurants. Street noise audible at night. Checkout smooth, no extra charges. Value for money for solo travel budget.",3,11/16/2022,english,0,0,hotel_restaurant
Extension cord multiple socket surge protection overload,4,9/8/2024,english,0,0,product
Burger 964 momo paisa vasool deal ho bro Overall experience was thikai. Will visit again pheri. Price ali high thyo but worth it. Service kasto slow thyo but okay. The food was tasty and mitho thyo. Overall experience was thikai. Overall experience was thikai. The food was tasty and mitho thyo. 😭 ,5,8/26/2023,code_mixed,1,2,food
Library really loved it tho The color looks nice. Price was high. Delivery was prompt. Recived it late. The color looks nice. The color looks nice. Delivery was prompt.,4,12/1/2024,english,0,0,services
Courier lastai kharab thyo cha,2,8/13/2025,romanized_nepali,1,1,services
Induction cooktop glass flat utensil temperature timer,4,1/14/2024,english,0,0,product
Powerbank 923 babbal thyo k ni ta Pachi pheri try garchu. Khana pakauna time lagyo.,4,8/4/2023,romanized_nepali,1,1,product
"Vivo V29 ko camera expected bhanda ramro thyo, portrait mode dami cha, skin tone natural aauxa. midrange phone ko lagi camera standout cha",4,7/20/2023,romanized_nepali,1,1,product
"Buff chhoela Newari restaurant — mustard oil authentic smell, spices balanced. Meat slightly tough at few pieces. Achaar sesame-forward was the highlight. Draft beer Rs 380 okay for ambience. Thik thyo overall visit.",3,11/20/2023,romanized_nepali,1,1,food
Filter mahango maintenance cost high regular change garnuparcha,3,1/20/2024,code_mixed,0,0,product
Internet was very good tho Delivery was prompt. Staf was bit slow. Recived it late. Delivery was prompt. Price was high. The color looks nice. The color looks nice. The color looks nice. Staf was bit slow. Staf was bit slow. Staf was bit slow. Staf was bit slow.,4,6/20/2023,english,0,0,services
"Bluetooth speaker kineko budget ma, sound okay cha tara battery 3 hours matra cha. bit disappointing for the size",3,7/14/2024,code_mixed,0,0,product
"Royal Enfield Classic kineko thyo, build quality babbal cha but heavy maintenance cost cha — parts expensive cha Aauney palta pani try garchu.",4,2/20/2024,code_mixed,1,1,transportation
"CellPay app use gareko payment ko lagi, ekdum smooth thyo transaction. OTP dherai time linccha khi kahi tara thik cha overall",4,7/2/2024,romanized_nepali,0,0,product
"Wedding venue yahan book gareko thyo family function ko lagi. arrangement babbal thyo, flower decoration dami thyo, catering team professional thyo. guests sabai le compliment diye. stage setup ra lighting pani thoughtful thiye. overall it was a beautiful event and hotel team le ensure garyo ki everything ran smoothly",5,2/14/2024,code_mixed,1,1,hotel_restaurant
Smartwatch best experience idk The color was nice. The color was nice. The staff were helpful. Service was a bit slow but okay.,5,4/11/2022,english,0,0,product
Keyboard loved it tbh It was quite a busy day there. Shipping was fast. The color was nice. The color was nice.,5,7/19/2024,english,0,0,product
Lassi thikai cha,3,1/25/2023,romanized_nepali,0,0,food
Jhol momo paisa vasool deal ho yaar Staff behavior was polite and ramro. Will visit again pheri. Delivery was fast and safe thyo. Delivery was fast and safe thyo. Delivery was fast and safe thyo. Service kasto slow thyo but okay. Will visit again pheri. I liked the atmosphere there ramailo thyo.,5,6/25/2022,code_mixed,1,2,food
Case loved it idk It was quite a busy day there.,4,6/12/2022,english,0,0,product
"NTC SIM registration garna gako, staff helpful but form filling process confusing. Nobody explained documents needed upfront, had to come back twice because of incomplete paperwork. The SIM itself works fine after activation, signal strength is okay in my area. Mobile data speed is acceptable for daily use. Compared to Ncell coverage in rural areas NTC is better honestly. Just wish the initial registration process was more streamlined and better communicated to new customers. 😐🤩",2,11/8/2023,english,0,0,services
Gajar halwa poor quality service tho Price was high. Staf was bit slow. Recived it late. Delivery was prompt. Staf was bit slow. Staf was bit slow. The color looks nice. Recived it late. Staf was bit slow. Staf was bit slow. Price was high. Price was high. Recived it late. Staf was bit slow. Recived it late. The color looks nice. Price was high. Price was high.,1,7/24/2022,english,0,0,food
"Location ramro thyo but unfortunately the hotel building itself needs upgrades badly. potential cha but needs serious investment Pahilo visit thyo mero, aauney patal dekhera nai curious thiyeo. Expectations fulfill bhayo roughly, haina completely satisfied tara haina completely disappointed ni. Next visit garchu agar friends suggest gare bhane. Price slightly high lagyo tara quality sanga balance hunxa jasto lagyo. Overall fine experience.",3,9/22/2023,code_mixed,0,0,hotel_restaurant
Internet 362 feeling happy today bro Overall experience was thikai. Overall experience was thikai. Service kasto slow thyo but okay. The food was tasty and mitho thyo. Battery backup is dami ngl. Staff behavior was polite and ramro. The product is babbal and works fine.,5,11/10/2023,code_mixed,1,4,services
event manage organize time 😤😶,5,12/7/2023,code_mixed,0,0,services
"Daraz delivery yo patak ekdum slow bhayo yaar — 7 din estimated thyo but 12 din pachi aayo. Product damaged box ma aako thyo, packing was clearly not done carefully. Item fortunately thik thyo inside but packaging ekdum kharab thyo. Customer service chat support le bhanyo 'sorry for inconvenience' matra, kei action liyena. Paisa tiryai sakincha but experience chai frustrating thyo, next time local shop nai try garchu.",2,4/22/2024,romanized_nepali,0,0,product
gulabjamun soft syrup sweet,4,8/21/2023,code_mixed,0,0,food
SSD babbal thyo k hai Kasto ramro thyo tyo thau. Malai ta man paryo. Paisa dherai liyo tara thikai thyo.,5,12/19/2025,romanized_nepali,1,2,product
"boAt earphones dami cha, sound",5,10/8/2022,romanized_nepali,1,2,product
Mero Ride ok thyo experience k Price ali high thyo but worth it. I liked the atmosphere there ramailo thyo. Delivery was fast and safe thyo. Staff behavior was polite and ramro. Service kasto slow thyo but okay.,3,3/27/2025,code_mixed,1,1,transportation
Towel really liked the quality babbal yaar Delivery was fast and safe thyo. Delivery was fast and safe thyo. The food was tasty and mitho thyo.,4,7/4/2024,code_mixed,1,2,hotel_restaurant
Coffee bar dami thyo experience ni The food was tasty and mitho thyo. Service kasto slow thyo but okay. Battery backup is dami ngl. Battery backup is dami ngl. Battery backup is dami ngl.,5,6/20/2025,code_mixed,1,2,hotel_restaurant
newari khaja babbal authentic,5,10/22/2023,code_mixed,1,1,food
Furniture quality ramro solid wood durable finish smooth delivery ma 3 din 😢 delay bhayo tara kaam ekdum professional satisfied overall,4,8/30/2024,code_mixed,1,1,services
Brunch menu creative plating impressive chef skill presentation concept quality dami recommend garchu,5,7/4/2022,code_mixed,1,1,hotel_restaurant
Powerbank 605 13 loved it ?? Maybe it will improve later. Price was high but fine. It was quite a busy day there. The color was nice. Service was a bit slow but okay. It was quite a busy day there. And the quality was also something I noticed. The color was nice. Service was a bit slow but okay. It was quite a busy day there. The staff were helpful. The color was nice.,4,11/22/2025,english,0,0,product
Books tally accurate professional kaam invoice pani time ma diyeko,5,2/3/2024,code_mixed,0,0,services
Sandwich 460 really loved the service ni ta Service kasto slow thyo but okay. The food was tasty and mitho thyo.,5,4/6/2023,code_mixed,1,1,food
Charger 132 dami thyo experience ni Will visit again pheri. Overall experience was thikai.,5,3/16/2024,code_mixed,1,1,product
Webcam ramro experience vayo hai ni Bholi pani janchu hola. Bholi pani janchu hola. Pachi pheri try garchu. Malai ta ekdam man paryo. Malai ta ekdam man paryo.,5,9/30/2022,romanized_nepali,1,1,product
"eSewa transaction failed but money deducted, called support waited 15 minutes. Agent said 3-5 days refund. Came on day 10. Amount returned but the process was exhausting. App is fine but support needs improvement.",2,11/14/2023,code_mixed,0,0,services
roof ma view jhyau hawa dherai chalaxa,4,12/6/2023,code_mixed,1,1,hotel_restaurant
iPhone 15 camera is genuinely on another level. low light and portrait photos are both stunning,5,1/19/2024,english,0,0,product
Driver 86 Activa tasty enough idk It was quite a busy day there. Price was high but fine. The staff were helpful. Price was high but fine. Battery life is good. Maybe it will improve later.,4,10/4/2023,english,0,0,transportation
Scanner ekdam dami thyo hai Sathi haru lai pani vanchu. Hijo gako thyo rati. Sathi haru lai pani vanchu.,5,3/3/2025,romanized_nepali,1,1,product
"The breakfast was so good, fresh juice and hot items both available. great start to the day",5,5/3/2022,english,0,0,hotel_restaurant
Biryani babbal quality raixa cha Staff behavior was polite and ramro.,4,11/26/2023,code_mixed,1,2,food
Laundry babbal quality raixa hai Battery backup is dami ngl. Will visit again pheri.,5,12/15/2024,code_mixed,1,2,services
Workshop 2 feeling happy today cha Will visit again pheri. I liked the atmosphere there ramailo thyo. I liked the atmosphere there ramailo thyo. The product is babbal and works fine. Price ali high thyo but worth it. Staff behavior was polite and ramro. 🙌😊❤️,5,6/6/2025,code_mixed,1,2,services
SSD 64 very disappointed with it ta,1,5/28/2024,code_mixed,0,0,product
Works well good quality mouse,4,9/5/2024,english,0,0,product
Battery highly satisfied tho Price was high. The color looks nice. Delivery was prompt. Price was high. 😐❤️😊,4,9/14/2022,english,0,0,product
"Pulsar 150 daily use ko lagi thik cha, price range ma ramro option — paisa vasool motorcycle ho yo Met minimum expectations.",4,5/16/2022,code_mixed,1,1,transportation
cello pen smooth grip comfortable,4,8/13/2023,english,0,0,product
Delivery 724 vayo thikai ni ta Ani bholi pheri janchu. Khana pakauna time lagyo. Dherai kura haru ramro thyo.,3,7/29/2024,romanized_nepali,1,1,services
burger patty juicy bun soggy thyo,3,8/3/2023,code_mixed,0,0,food
Meter cheat gareko fare extra liyeko,1,4/9/2023,code_mixed,0,0,transportation
Prawn paisa vasool vayo k ni Malai ta ekdam man paryo. Hijo gako thyo rati. Sathi haru lai pani vanchu.,4,7/7/2022,romanized_nepali,1,1,food
Tire pressure check garnuparcha,3,9/1/2023,romanized_nepali,0,0,transportation
barber ko paisa 300 liyo kati mahango hairstyle chai ok,3,2/9/2023,code_mixed,1,1,services
MoMo 423 dami experience vayo k Khana pakauna time lagyo. Pachi pheri try garchu.,5,5/10/2024,romanized_nepali,1,1,food
Consultant was very good tho Recived it late. Recived it late. Recived it late. Price was high. Delivery was prompt.,4,3/20/2024,english,0,0,services
lift slow stairs use garnu paryo,2,11/21/2023,code_mixed,0,0,hotel_restaurant
"TVS Raider 125 liye recently, 2 months bhayo. Styling dami xa, attention getter on road. Performance for 125cc impressive — highway cruising 80 kmph comfortable. Seat comfortable for tall riders. Instrument cluster digital and easy to read in sunlight. Mileage around 50 km/l city, 55+ highway. Tara build quality at some points feels like cost cutting — mirror adjustment stiff, switchgear buttons cheap feel. Paint quality however is premium looking. Solid everyday bike for the price range.",4,12/8/2024,code_mixed,1,1,transportation
Cozy ambience ramro,4,6/8/2022,code_mixed,1,1,hotel_restaurant
Bed 525 babbal thyo k bro Pachi pheri try garchu. Paisa dherai liyo tara thikai thyo. Tara pani thik thyo. Malai ta man paryo. Pachi pheri try garchu. Dhilo aayo tara mitho thyo. Paisa dherai liyo tara thikai thyo. Sathi haru sanga gako thyo. Ani bholi pheri janchu. Tara pani thik thyo. Malai ta man paryo. Sathi haru sanga gako thyo. Dhilo aayo tara mitho thyo. Ani bholi pheri janchu. 😐💔😭,5,5/15/2023,romanized_nepali,1,2,hotel_restaurant
"printing shop ma rush order accept garyo, time ma deliver garyo — lastai helpful thyo team Next time try garchu different item.",5,1/3/2024,code_mixed,1,1,services
Burger really loved the service cha Overall experience was thikai. The food was tasty and mitho thyo.,4,6/10/2024,code_mixed,1,1,food
Soaltee was decent overall but the elevator was out of service both days. inconvenient especially with luggage,3,11/10/2023,english,0,0,hotel_restaurant
"Hamro Patro app lastai useful cha, calendar feature ramro cha ani Nepali date pani dekhaxa niyamit",5,8/31/2023,romanized_nepali,1,1,product
sukuti chewy authentic taste 😊😡,4,7/9/2023,code_mixed,0,0,food
Dwarika's XYZ was great tbh Maybe it will improve later. Maybe it will improve later. Shipping was fast. It was quite a busy day there. Price was high but fine. Battery life is good. The staff were helpful. And the quality was also something I noticed.,5,12/29/2024,english,0,0,hotel_restaurant
Wall paisa kher gayo k hai Hijo gako thyo rati. Sathi haru lai pani vanchu. Bholi pani janchu hola.,1,2/18/2023,romanized_nepali,0,0,hotel_restaurant
Pods great quality overall ngl Delivery was prompt. Price was high. Price was high. The color looks nice.,5,2/15/2023,english,0,0,product
Cooker versatile yogurt rice steam slow cook one touch,5,1/25/2024,english,0,0,product
thukpa mitho authentic lagyo,5,11/5/2023,romanized_nepali,1,1,food
Fan 799 was great tho,5,12/8/2023,english,0,0,product
"OnePlus buds use gareko 6 mahina bhayo, connection stable cha ani sound pani crystal clear cha. khusi chu yo buy sanga",5,11/14/2022,romanized_nepali,0,0,product
"Thakali set order gareko thyo Thamel ma, paisa vasool thyo dheraiii. Dal bhat ko portion ramro thyo, saat wata achaar aako thyo. Tara serve garna 25 min lagyo. Pheri janchu sathiharu lai pani bhanchhu.",4,3/15/2024,romanized_nepali,1,2,food
soup garma garam winter perfect,5,12/24/2023,code_mixed,0,0,food
"Gym equipment mostly old, several machines out of order. proper maintenance is clearly lacking here",5,5/30/2022,english,0,0,services
Smartwatch 181 A54 babbal quality raixa yaar Price ali high thyo but worth it. Overall experience was thikai. I liked the atmosphere there ramailo thyo.,5,2/25/2022,code_mixed,1,1,product
"3 raat basi aayo yo hotel ma. pahilo raat thik thyo tara dossro raat dekhi WiFi bundh thyo, garam paani pani consistency thiyena. third night ma ni same problems thiye. complain gare tara management le apologize matra garyo, fix garna sakena. paisa dherai tiryo tara experience average bhanda talla thyo honestly 😶",2,6/8/2023,romanized_nepali,0,0,hotel_restaurant
"Sekuwa platter was the highlight of the whole meal. marination was deep, char marks were perfect, achaar on the side was tangy and fresh. brought four friends and everyone was happy. will definitely come back for a larger group dinner sometime",5,8/5/2022,english,0,0,food
Storage sano helmet rakhna garo,2,12/24/2023,code_mixed,0,0,transportation
candle long fragrance mild,5,6/14/2024,english,0,0,product
They ran out of my order item and just served something random without asking. really bad way to handle it Used for both personal and professional needs. Performance has been reliable in both contexts. The interface is intuitive once you get used to it. Support team responsive when needed. Overall a solid dependable option. 🤯,4,10/5/2023,english,0,0,food
Gear 470 too bad idk Price was high but fine. Maybe it will improve later. And the quality was also something I noticed. Actually I dont know. Maybe it will improve later. The color was nice. The staff were helpful.,1,12/4/2024,english,0,0,transportation
Sony dami thyo experience bro Delivery was fast and safe thyo. Battery backup is dami ngl. Battery backup is dami ngl.,4,3/14/2025,code_mixed,1,1,product
"Checked in mountain-view resort Dhulikhel — sunset from balcony worth entire trip. Mountain range clearly visible. Room spacious, clean with Nepali textiles. Food used local garden ingredients. Morning yoga with mountain backdrop was surreal.",5,1/7/2023,english,0,0,hotel_restaurant
Courier kasto naramro quality k Bholi pani janchu hola. Malai ta ekdam man paryo. Sathi haru lai pani vanchu.,2,4/27/2022,romanized_nepali,1,1,services
tshirt patlo 1 patak dhoyesi colour fade bhayo,2,1/18/2024,english,0,0,product
Fonepay 157 feeling happy today ho Battery backup is dami ngl. Battery backup is dami ngl.,4,5/12/2022,code_mixed,1,1,services
scooty ma baar baar problem service center ma lane parirako xa,2,8/16/2023,romanized_nepali,0,0,transportation
Room XYZ was great ngl And the quality was also something I noticed. Maybe it will improve later. The staff were helpful.,5,11/21/2024,english,0,0,hotel_restaurant
"Burger order gareko ek local place ma Lazimpat tiir — double patty beef burger, aayo chai honestly better than some big chain places. Bun fresh thyo, patty juicy thyo, cheese properly melted thyo. Lettuce crispy thyo. Sauce balance ramro thyo — neither too ketchup-heavy nor too bland. Fries sanga aayo, crispy thyo. Rs 350 for full combo is fair. Place small xa, 8 table matra but food quality makes up. This is a hidden gem area ko.",5,4/15/2024,code_mixed,0,0,food
Sailor paisa vasool vayo k k Bholi pani janchu hola. Pachi pheri try garchu. Sathi haru lai pani vanchu. Pachi pheri try garchu. Sathi haru lai pani vanchu. Sathi haru lai pani vanchu. Malai ta ekdam man paryo. Sathi haru lai pani vanchu. Hijo gako thyo rati. Hijo gako thyo rati. Pachi pheri try garchu. Malai ta ekdam man paryo. Pachi pheri try garchu.,5,4/17/2025,romanized_nepali,1,1,services
Courier 500 never again tho The color was nice. The staff were helpful. Maybe it will improve later. Price was high but fine. Maybe it will improve later.,1,9/18/2024,english,0,0,services
Smartwatch 308 ok thyo experience hai The product is babbal and works fine. Overall experience was thikai. The product is babbal and works fine. Staff behavior was polite and ramro. Will visit again pheri. Price ali high thyo but worth it. Battery backup is dami ngl. Overall experience was thikai. I liked the atmosphere there ramailo thyo. Staff behavior was polite and ramro.,3,6/14/2023,code_mixed,1,3,product
Bathroom really liked the quality babbal bro Delivery was fast and safe thyo. ✨,5,9/8/2023,code_mixed,1,1,hotel_restaurant
classmate notebook pages ramro binding strong 200 pages pen bleed hudaina durability ok,4,6/8/2024,code_mixed,1,1,product
thakali set khayeko daal bhat unlimited tarkari fresh dherai mitho mann paryo,5,1/11/2023,romanized_nepali,1,2,food
"Checkout process was a mess, took 40 mins and they overcharged me. had to argue to get the correction 😐✨",2,1/17/2024,english,0,0,hotel_restaurant
tandoori spices perfect dami,5,7/14/2023,code_mixed,1,1,food
"Pathao Bike surge pricing baffled me — same exact route, almost double the usual rate on a Saturday night",2,8/27/2022,code_mixed,0,0,transportation
Gear 603 babbal thyo k k Ani bholi pheri janchu. Paisa dherai liyo tara thikai thyo. Ani bholi pheri janchu. Dherai kura haru ramro thyo.,4,12/9/2022,romanized_nepali,1,2,transportation
Plumbing pressure weak flow leak dripping consultation reasonable,3,10/7/2024,english,0,0,services
"tailoring shop ma suit order gareko thyo, time ma taiyar thyo, fitting pani ekdum sahi thyo. khusi bhaye Used this service during a stressful period and it delivered well under pressure. Deadlines were met, communication was clear, and the outcome satisfied. That kind of reliability is what builds long-term customer trust.",5,11/27/2022,romanized_nepali,0,0,services
"Rooftop restaurant ma dinner gareko thyo — view of Kathmandu lights was honestly breathtaking at night. They had live acoustic music which added nice ambience. Food was continental style, pasta was well-cooked, portion size good. Tara service slow thyo — order linu 15 min lagyo even though half the tables were empty. Drinks came before food by 20 minutes. Bill had service charge which wasn't mentioned on menu, felt a bit off. View alone almost worth it.",3,4/10/2024,english,0,0,hotel_restaurant
Keema noodles noodles tasty enough ... The staff were helpful. Actually I dont know. And the quality was also something I noticed. Battery life is good. Service was a bit slow but okay. The staff were helpful. The staff were helpful.,4,11/19/2024,english,0,0,food
Valet service tip mandatory feel pressure uncomfortable tipping expected automatic,2,11/7/2022,english,0,0,hotel_restaurant
Pani puri 188 chilly tasty enough tbh Price was high but fine. Shipping was fast. The staff were helpful. And the quality was also something I noticed. Shipping was fast. And the quality was also something I noticed. And the quality was also something I noticed.,4,6/16/2024,english,0,0,food
Waxing paisa kher gayo k hai,2,9/28/2024,romanized_nepali,0,0,services
Chiya biscuit combo ramro,4,2/9/2023,romanized_nepali,1,1,food
car wash garyeko bhitra bahira sabai ramro safa garyo 🤔 ,5,3/21/2024,code_mixed,1,1,services
Iron steam clog temperature setting thik fabric careful,3,11/16/2024,english,0,0,product
staff haru milansaar breakfast options limited thyo,3,12/28/2023,code_mixed,0,0,hotel_restaurant
ntorq scooter speed ramro pickup dami tara mileage kam dinxa,4,5/21/2023,code_mixed,1,2,transportation
"Bajaj Avenger thiyeko, highway riding dami cha, comfortable posture, but city ma parking jhyau hunxa ekdum Will consider returning again. ❤️",4,1/24/2023,code_mixed,1,1,transportation
"Dinner at Krishnarpan at Dwarika's Hotel — 22 course Newari tasting menu. Each dish represented a different season and occasion from Newari culture. Portions intentionally small for tasting, but the depth of flavor in each item was remarkable. Mustard seed seasoning in bara, fermented smell of gundruk soup, juju dhau to finish — all authentic. Server explained each dish before serving. Duration was 2.5 hours for the full experience. Price is steep but unlike anything else in Kathmandu.",5,9/17/2022,english,0,0,food
Laptop babbal thyo sabai kura ni Hijo gako thyo rati. Hijo gako thyo rati. Hijo gako thyo rati. Bholi pani janchu hola. Pachi pheri try garchu. Hijo gako thyo rati. Bholi pani janchu hola. Pachi pheri try garchu. Sathi haru lai pani vanchu. Hijo gako thyo rati.,4,10/18/2024,romanized_nepali,1,1,product
Boots paisa vasool vayo k yaar Bholi pani janchu hola. Hijo gako thyo rati.,4,8/15/2025,romanized_nepali,1,1,transportation
chowmin pani thik momos pani thik overall ok resturant,4,12/30/2022,romanized_nepali,1,1,food
momo ekdum mithoooo thyo 🔥,5,3/12/2024,romanized_nepali,1,1,food
Lobby 263 waste of money !!! Shipping was fast. The staff were helpful. Maybe it will improve later. Battery life is good. Maybe it will improve later. The color was nice. The color was nice. Maybe it will improve later. Battery life is good. Battery life is good. Service was a bit slow but okay. Maybe it will improve later. Price was high but fine. Shipping was fast.,1,11/18/2022,english,0,0,hotel_restaurant
Desk paisa vasool vayo k yaar Bholi pani janchu hola. Pachi pheri try garchu. Hijo gako thyo rati. Bholi pani janchu hola. Pachi pheri try garchu. Hijo gako thyo rati. Sathi haru lai pani vanchu. Sathi haru lai pani vanchu. Sathi haru lai pani vanchu. 🤔 😶🙃,5,5/13/2024,romanized_nepali,1,1,hotel_restaurant
Laphing 859 paisa vasool thyo k Ani bholi pheri janchu. Sathi haru sanga gako thyo. Kasto ramro thyo tyo thau. Ani bholi pheri janchu. Malai ta man paryo. Dherai kura haru ramro thyo. Dherai kura haru ramro thyo.,5,11/20/2023,romanized_nepali,1,2,food
Biryani 202 very disappointed with it ho The product is babbal and works fine. I liked the atmosphere there ramailo thyo.,1,7/4/2023,code_mixed,1,1,food
"lassi ekdum mithoooo thyo, thick thyo, fresh mango flavour pani thyo — 2 glass khaera pani mann bhariena Okay for occasional use.",5,5/10/2024,romanized_nepali,1,1,food
"Chowmein order gareko thyo chicken wala, aayo chai half fried half steam style thyo which was weird. Taste average thyo, not bad but not good either. Soya sauce dherai thyo inside so salt level high thyo. Vegetable fresh thiyena — cabbage bit wilted thyo. Rs 220 ko lagi expect gareko bhanda thoda disappointing. Place clean thyo at least, table cleaned quickly after previous customer. Service fast thyo, 8 minute ma aayo. Maybe try different item next time. 👍🤩✨",2,1/9/2024,romanized_nepali,0,0,food
"Volunteer blood donation camp at Bir Hospital — simple process, 20 minutes total from registration to post-donation snack. Staff professional, explained each step, made the needle part as comfortable as possible. Blood pressure checked before and after. Light snacks and juice provided post-donation. Certificate given. Camp organized well, no long waits between stages. One minor thing — waiting chairs not enough, some stood for 10 minutes. But overall a smooth and important experience. Worth doing regularly.",4,7/22/2024,english,0,0,services
Electrician thikai thyo thik chai k Pachi pheri try garchu. Malai ta ekdam man paryo. Hijo gako thyo rati. Hijo gako thyo rati.,3,5/16/2022,romanized_nepali,1,1,services
Sandwich 695 babbal quality raixa hai Staff behavior was polite and ramro. Staff behavior was polite and ramro. Battery backup is dami ngl. The product is babbal and works fine. Battery backup is dami ngl. Will visit again pheri.,5,10/28/2025,code_mixed,1,3,food
samosa 😤🤩 crispy aalu ramro,4,10/14/2023,romanized_nepali,1,1,food
Rider Pulsar babbal quality raixa hai Delivery was fast and safe thyo. The food was tasty and mitho thyo.,5,2/26/2022,code_mixed,1,2,transportation
Packaging was severely damaged on delivery but the item inside was somehow fine. close call though,3,5/11/2022,english,0,0,product
gym equipment trainer,4,10/16/2023,english,0,0,hotel_restaurant
The rooftop terrace is the highlight of this property. great for evening drinks with a small group of friends Fairly standard experience.,4,11/30/2022,english,0,0,hotel_restaurant
"Tootle bike requested during evening rush hour, waited 28 minutes before anyone accepted. When someone finally did, they called and said they couldn't find the pickup location even though it was clearly marked. Eventually had to cancel and take a local taxi. The app needs better driver navigation tools, this is not the first time this has happened. Fare was fair when it worked previously but reliability is the real issue here.",2,6/12/2023,english,0,0,transportation
Came late didn't fix properly waste of money 💔🤔🤯,1,3/7/2024,english,0,0,services
Fencing boundary security privacy property permit contractor license insurance liability coverage professional kaam quality ramro durable,4,11/3/2024,code_mixed,1,1,services
Noodles soggy broth tasteless,2,8/19/2023,english,0,0,food
iPhone 😶😐🙌 13 921 worth it ??,4,2/18/2025,english,0,0,product
Meter jump garthyo fare dherai liyeko 💯,1,5/6/2023,code_mixed,0,0,transportation
Samsung A35 purchase was worth every rupee. camera is brilliant across different lighting conditions and the battery easily lasts a full day of heavy usage. build feels premium for the midrange segment 😭😐🤔,5,2/5/2024,english,0,0,product
"Tempo driver le helmet diyena ra maafichha matra bhanyo. safety concern seriously, complain gareko thyo app ma Expectations met roughly. Consistent quality rachha yahan ko.",2,10/13/2022,romanized_nepali,0,0,transportation
"Nabil Bank ko app use gareko thyo, ekdum smooth thyo transaction, UI ni ramro cha ani fast cha Feri aauchu pakkai yahan.",5,11/30/2023,romanized_nepali,1,1,services
Table thikai thyo thik chai yaar Hijo gako thyo rati. Sathi haru lai pani vanchu. Bholi pani janchu hola. Hijo gako thyo rati. Pachi pheri try garchu. Hijo gako thyo rati. Pachi pheri try garchu. Sathi haru lai pani vanchu.,3,6/3/2022,romanized_nepali,1,1,product
Slipper poor quality service ngl Recived it late. The color looks nice. The color looks nice. Price was high.,2,10/19/2023,english,0,0,hotel_restaurant
"Yamaha Saluto RX mileage dami cha, average 50+ km/l paako chu consistent. daily commute ko lagi solid bike Basic expectations fulfill bhayo.",5,8/17/2023,code_mixed,1,1,transportation
Case 16 thikai thyo but could be better k The product is babbal and works fine. 🤮🔥,3,4/7/2023,code_mixed,1,1,product
Dryer heat low medium high setting cool shot,4,5/29/2024,english,0,0,product
"NTC ko FTTH service dami cha, consistent speed ani downtime pani rare cha. satisfied totally",5,11/20/2022,code_mixed,1,1,services
spa clean massage comfortable 💯🤮😴,4,5/11/2024,english,0,0,hotel_restaurant
"Samsung S23 liyeko thyo 6 mahina aghadi. camera performance excellent cha across all conditions — daylight, night mode, portrait all are impressive. performance smooth cha heavy multitasking ma pani, zero lag noticed. battery thoda kam cha mero expectation bhanda tara overall it has been a great phone. paisa dherai thyo tara justified lagcha 💯",5,9/8/2024,code_mixed,1,1,product
"Samsung Galaxy A54 liye ko 5 mahina bhayo. Camera quality chai ekdum babbal xa honestly — daylight photos ati ramrooo aaucha. Video stabilization pani dami. Battery 5000mAh xa so full day comfortable jancha without charging. Tara ek problem — heating hunxa sometimes during gaming ya video streaming. Overheating 45 minute gaming pachi noticeable hunxa. Software updates regular aaucha which is nice. Price range ma best option ho lagcha, heating issue fix hola later patch ma.",4,8/14/2024,romanized_nepali,1,1,product
"Xiaomi robot vacuum kineko thyo — lastai helpful, ghar dusty rehucha tara yo use garesi problem solve bhayo. mapping feature dami cha",5,8/6/2024,code_mixed,1,1,product
Cable 13 mitho thyo ho Khana pakauna time lagyo. Paisa dherai liyo tara thikai thyo.,5,9/22/2022,romanized_nepali,1,1,product
Lift paisa vasool thyo ho Khana pakauna time lagyo. Kasto ramro thyo tyo thau. Dhilo aayo tara mitho thyo. Malai ta man paryo. Malai ta man paryo. Pachi pheri try garchu. Paisa dherai liyo tara thikai thyo.,5,10/31/2025,romanized_nepali,1,3,hotel_restaurant
"AC repair service called at home — technician came next day morning as scheduled. Diagnosed the issue as gas leak within 10 minutes, explained clearly. Gas refilled and a small part replaced. Total cost Rs 1800 which seemed fair. Technician cleaned the filters too without extra charge which was a nice gesture. AC cold thyo after service which obviously was the goal. The company's tracking feature to see technician location worked well. Smooth service experience overall.",5,7/19/2024,english,0,0,services
Bed 508 thik chai thik thyo ni ta Dhilo aayo tara mitho thyo. Pachi pheri try garchu. Dherai kura haru ramro thyo. Ani bholi pheri janchu. Paisa dherai liyo tara thikai thyo. Kasto ramro thyo tyo thau. Khana pakauna time lagyo. Khana pakauna time lagyo. Dhilo aayo tara mitho thyo. Malai ta man paryo. Kasto ramro thyo tyo thau. Kasto ramro thyo tyo thau. Dherai kura haru ramro thyo. Khana pakauna time lagyo. Sathi haru sanga gako thyo.,3,12/1/2024,romanized_nepali,1,3,hotel_restaurant
Laphing 452 momo loved it ... And the quality was also something I noticed.,4,5/26/2024,english,0,0,food
"Philips iron box liyeko thyo, 2 hapta ma nai gayo. after sales service pani ramro thiyena, helpline busy thyo sarai",1,8/10/2024,romanized_nepali,0,0,product
Clip lastai slow thyo yaar bro The food was tasty and mitho thyo. I liked the atmosphere there ramailo thyo.,2,2/3/2024,code_mixed,1,2,product
"City Bus cancel garyo after 25 min wait, no compensation, no apology from the company. bad experience yaar Tried three different options in this category before settling here. This one consistently outperforms the others on the metrics that matter most for daily use. Small trade-offs exist but they are acceptable given the strengths. 🤮🙃",4,10/4/2022,code_mixed,1,1,transportation
Mouse really loved it ngl Price was high. The color looks nice. Recived it late. The color looks nice. Price was high.,5,1/8/2023,english,0,0,product
pakoda crispy tel dherai,3,4/23/2024,code_mixed,0,0,food
Duke 390 lastai thrill ride cha highway ma ekdum. tara city parking ra fuel cost chai gahro cha monthly,4,11/28/2023,code_mixed,1,1,transportation
Mechanic experienced ramro knowledge,5,7/23/2023,code_mixed,1,1,transportation
Kickstand great quality overall tho Price was high. Delivery was prompt. The color looks nice. Staf was bit slow. Recived it late. Staf was bit slow. Delivery was prompt. Price was high. The color looks nice. Price was high. The color looks nice. Staf was bit slow.,5,1/15/2025,english,0,0,transportation
SSD 312 earphones feeling happy today cha The food was tasty and mitho thyo. Staff behavior was polite and ramro. The product is babbal and works fine. Delivery was fast and safe thyo. The product is babbal and works fine. Battery backup is dami ngl. The food was tasty and mitho thyo. Overall experience was thikai. Battery backup is dami ngl. Staff behavior was polite and ramro. Overall experience was thikai. The food was tasty and mitho thyo.,4,8/15/2022,code_mixed,1,4,product
"Fried rice khako thyo, vegetables thae but flavour bland thyo entirely. might try other dishes pachi. overall impression thik thiyena",3,8/12/2024,code_mixed,0,0,food
"Digital Paisa ko new update ramro cha, UI dami thyo, features ni improved feel huncha purai Yahan ko service reliable cha based on multiple visits. Staff changes sometimes tara quality stays consistent. Minor variations exist across visits tara never anything alarming. Good baseline service that earns repeat customers.",4,12/13/2023,code_mixed,1,1,services
casio 👍😭 calculator function display,4,2/11/2024,english,0,0,product
"Yamaha FZ liyeko 1 sal bhayo, ekdum satisfied chu. urban riding ko lagi thik thyo ra looks ni ramroooo cha Service pani ramro thyo.",5,1/8/2024,romanized_nepali,0,0,transportation
Laundry 44 vayo thikai ho Kasto ramro thyo tyo thau. Ani bholi pheri janchu. Paisa dherai liyo tara thikai thyo.,3,1/26/2022,romanized_nepali,1,1,services
Bed decent one ngl Shipping was fast. Actually I dont know. It was quite a busy day there.,3,1/13/2022,english,0,0,hotel_restaurant
"InDrive ma first ride book gareko aaja. App experience smooth thyo, driver options show bhayo with prices. Accepted a reasonable offer. Driver ko car old thyo tara clean thyo inside. AC worked. Driver careful thyo, overtaking conservative thyo which felt safe. Arrived 5 minutes early. Negotiated price saved me Rs 80 compared to Pathao for same route. Overall impressed with first experience. Regulars le bhaneko thyo InDrive better, experience le confirm garyo.",4,6/3/2024,romanized_nepali,0,0,transportation
Annapurna Hotel booking gareko online sasto kitta room pugda euta sano dark room diyo cheat jasto lagyo,2,3/26/2023,code_mixed,0,0,hotel_restaurant
Chatpate kadha,3,2/15/2023,romanized_nepali,0,0,food
"buff curry order gareko thyo, aayo chai thanda thyo ekdum — disappointed bhaye",2,1/20/2024,romanized_nepali,0,0,food
adidas socks comfortable color fade wash material breathable elastic tight cushion sport durability thread loose price pack 3 design simple classic,3,7/2/2024,code_mixed,0,0,product
dio scooty milage average seat 🔥🙃 muni helmet rakhna milxa 1 year ma brake pad change garnu paryo service center responsive,4,6/27/2024,code_mixed,0,0,transportation
"Taas Taas gareko hotel ma gako thyo family sanga — birthday celebration dinner. Staff knew about the occasion from the reservation note and had decorated the table with flowers when we arrived. That detail made it feel special. Menu variety was excellent, seafood section had imported options. Tandoori section very good — chicken tikka juicy and spiced properly. Service attentive throughout, water refilled proactively. Dessert cart came to table which the children enjoyed. Bill was steep but occasion justified. Memorable evening.",5,8/25/2023,english,0,0,hotel_restaurant
Pizza thikai thyo but slow thyo hai Battery backup is dami ngl. Battery backup is dami ngl. Battery backup is dami ngl.,3,10/30/2023,code_mixed,1,1,food
Cabin paisa vasool deal ho ni The food was tasty and mitho thyo. The food was tasty and mitho thyo. Battery backup is dami ngl. The food was tasty and mitho thyo. I liked the atmosphere there ramailo thyo. The food was tasty and mitho thyo.,5,11/2/2023,code_mixed,1,3,services
Samosa mitho thyo k Ani bholi pheri janchu. Pachi pheri try garchu. Khana pakauna time lagyo. Dhilo aayo tara mitho thyo.,4,4/14/2024,romanized_nepali,1,1,food
"Scooter rental Pokhara lakeside — rent gareko Hero Maestro thyo. Condition okay thyo, some scratches externally tara mechanically okay thyo. Rs 1000 for full day reasonable. Fueling myself thyo — fair policy. Brake pads thoda worn thyo, mentioned on return. They noted it without any argument which was professional. Overall Pokhara by scooter is the ideal way — Sarangkot bata Begnas Lake same day explore garna easy. Rental shop itself reliable, would use again next visit.",4,2/9/2024,romanized_nepali,0,0,transportation
"Stayed two nights, spotless room and attentive staff",5,4/4/2023,english,0,0,hotel_restaurant
bathroom saaf chaina location central xa 🤯,3,9/28/2023,code_mixed,0,0,hotel_restaurant
The restaurant inside is actually quite good. had dinner there and it really did not disappoint at all,4,9/25/2022,english,0,0,hotel_restaurant
Room 1000 thik chai thik thyo tho k,3,6/23/2022,code_mixed,1,1,hotel_restaurant
"Gaming chair comfortable for the first month, 😴😶😠 now the armrest is already loose. quality concern for sure Expectations roughly met bhayo.",3,7/31/2024,english,0,0,product
"InDrive try gareko first time, honestly experience ramro thyo. Driver punctual thyo, 8 min ma aayo as shown on app. Car clean thyo, no smell, driver pani friendly thyo — music bajako thyo but low volume. Price Pathao bhanda kam aayo same route ma. Tara app ma kina ho thahana, khaiii ride accept garna driver haru late garcha sometimes — 3-4 minute wait for accept hunxa. Pheri use garchu.",4,2/14/2024,romanized_nepali,0,0,transportation
"Honda Dio is great for daily commuting, light to handle, easy to park, fuel efficient too",5,4/27/2022,english,0,0,transportation
"choila mithoooo thyo, masala dami lagako thyo ani saath ma beaten rice ni ramro quality ko thyo. paisa vasool ekdum, feri aauchu",5,1/29/2023,romanized_nepali,1,2,food
Hard drive very disappointed with it k hai Service kasto slow thyo but okay.,1,6/26/2023,code_mixed,0,0,product
"Daraz unboxing this time was great — everything bubble-wrapped perfectly, earphone seal intact. Works perfectly out of box. Delivery 2 days early. Seller rating accurate. Return policy confidence helps buying electronics online now.",5,7/26/2024,code_mixed,0,0,product
Barber was very good idk Delivery was prompt. Delivery was prompt. Staf was bit slow. The color looks nice. Staf was bit slow. Staf was bit slow. Staf was bit slow. Staf was bit slow. Delivery was prompt. Recived it late. Delivery was prompt. The color looks nice. Price was high. Delivery was prompt. Delivery was prompt. Delivery was prompt. Staf was bit slow. Delivery was prompt. Delivery was prompt. Delivery was prompt. The color looks nice.,4,8/16/2025,english,0,0,services
Calculator great quality overall tbh The color looks nice. The color looks nice. The color looks nice. Staf was bit slow. Price was high. The color looks nice. Recived it late. Delivery was prompt. Delivery was prompt. Price was high. The color looks nice. The color looks nice.,4,3/7/2022,english,0,0,product
USB Hub poor quality service idk Price was high. Recived it late. Price was high. Recived it late. Delivery was prompt. Price was high. The color looks nice. Recived it late. Staf was bit slow. Delivery was prompt. The color looks nice. Delivery was prompt. Delivery was prompt. Delivery was prompt. The color looks nice. Price was high. Recived it late. Price was high. The color looks nice. Price was high. Price was high.,2,3/11/2024,english,0,0,product
r15 bike leko design lastai ramro tara petrol mahango parxa maintenance pani,4,11/7/2022,code_mixed,1,1,transportation
Charger 765 chair kasto ramailo vayo ni ta Kasto ramro thyo tyo thau. Dhilo aayo tara mitho thyo. Dhilo aayo tara mitho thyo. Ani bholi pheri janchu. Pachi pheri try garchu. Khana pakauna time lagyo. Khana pakauna time lagyo. Khana pakauna time lagyo. Dherai kura haru ramro thyo.,5,5/23/2023,romanized_nepali,1,3,product
Breakfast lastai slow thyo yaar yaar The food was tasty and mitho thyo. The food was tasty and mitho thyo. Battery backup is dami ngl. I liked the atmosphere there ramailo thyo. Service kasto slow thyo but okay. Service kasto slow thyo but okay. Delivery was fast and safe thyo. Service kasto slow thyo but okay. I liked the atmosphere there ramailo thyo. Delivery was fast and safe thyo. Battery backup is dami ngl. 😡💔,1,8/1/2022,code_mixed,1,3,hotel_restaurant
SmartPay app works fine most of the time. occasional server errors during peak hours but overall reliable enough,4,12/10/2022,english,0,0,product
"pani puri ramrooo thyo, paani ma masala dami thyo. 10 wota khaera ni mann tripna thiyena haha — must order Average experience overall.",5,9/11/2022,romanized_nepali,1,1,food
Taxi decent one !!! Battery life is good. The staff were helpful. The staff were helpful. Maybe it will improve later. Price was high but fine. And the quality was also something I noticed. Actually I dont know. Battery life is good. The color was nice. It was quite a busy day there.,3,4/13/2023,english,0,0,transportation
"rooftop view ramroooo thyo, Kathmandu city light herna",5,10/22/2022,romanized_nepali,1,1,hotel_restaurant
Samosa 576 tasty enough tho Actually I dont know. Maybe it will improve later. Price was high but fine. Actually I dont know. And the quality was also something I noticed. Actually I dont know. Maybe it will improve later. The staff were helpful. Actually I dont know. Actually I dont know. Price was high but fine. Shipping was fast. The color was nice.,5,11/8/2023,english,0,0,food
Jabaan 970 best experience tho,5,3/15/2025,english,0,0,transportation
Webcam 285 paisa vasool thyo ta Tara pani thik thyo. Dhilo aayo tara mitho thyo. Pachi pheri try garchu. Paisa dherai liyo tara thikai thyo.,5,5/25/2025,romanized_nepali,1,2,product
Sony headphones 813 thik chai thik thyo tho ni The product is babbal and works fine. I liked the atmosphere there ramailo thyo. The food was tasty and mitho thyo. Overall experience was thikai.,3,1/11/2023,code_mixed,1,3,product
"Oppo Reno10 kineko thyo, selfie camera dami cha, software features ni lots of them. worth it for the price Good for the price point. 💯",4,5/18/2023,code_mixed,1,1,product
"Salon haircut dami thyo, barber le",5,7/11/2023,romanized_nepali,1,1,services
Powerbank 704 really good quality tbh Battery life is good. Price was high but fine. Actually I dont know. Actually I dont know. And the quality was also something I noticed. Shipping was fast. Price was high but fine. The color was nice. Service was a bit slow but okay. Battery life is good. And the quality was also something I noticed. Price was high but fine. It was quite a busy day there.,4,10/28/2024,english,0,0,product
"Salon appointment book gareko, haircut okay thyo — stylist le ramro sodhyo kasto chahanchhu. Tara facial wala staff le face ma pressure dherai garyo, uncomfortable thyo. Rs 1800 ko lagi better treatment expect gareko thyo.",3,5/30/2024,code_mixed,1,1,services
Chain Jupiter paisa kher gayo ta Kasto ramro thyo tyo thau. Dhilo aayo tara mitho thyo. Khana pakauna time lagyo. Dherai kura haru ramro thyo. Tara pani thik thyo. Sathi haru sanga gako thyo. Ani bholi pheri janchu. Paisa dherai liyo tara thikai thyo. Dhilo aayo tara mitho thyo. Kasto ramro thyo tyo thau. Sathi haru sanga gako thyo. Paisa dherai liyo tara thikai thyo.,2,11/13/2022,romanized_nepali,1,2,transportation
Icecream was very disappointing tbh Delivery was prompt. Staf was bit slow. Price was high. Delivery was prompt. Price was high. Staf was bit slow. Recived it late. Staf was bit slow. Delivery was prompt. Staf was bit slow. Delivery was prompt. Price was high. Recived it late. Delivery was prompt. Staf was bit slow. Recived it late. Recived it late. Price was high. Delivery was prompt. Price was high. Delivery was prompt. Staf was bit slow.,1,3/26/2022,english,0,0,food
Router wifi range signal mesh bandwidth speed QoS,3,1/22/2024,english,0,0,product
"TVS Jupiter good buy for women riders, comfortable seat and very easy to handle in city traffic Purchased this after extensive research and comparison. The reviews were accurate. Performance meets expectations across all key parameters. Build quality feels solid. Overall one of the better purchases I have made this year.",5,8/5/2022,english,0,0,transportation
Balcony 918 ekdam ramro lagyo ni Tara pani thik thyo. Ani bholi pheri janchu. Paisa dherai liyo tara thikai thyo.,4,7/29/2024,romanized_nepali,1,1,hotel_restaurant
Staff 339 feeling happy today ni Will visit again pheri. Overall experience was thikai. I liked the atmosphere there ramailo thyo. Battery backup is dami ngl. Will visit again pheri. Delivery was fast and safe thyo. Service kasto slow thyo but okay. The product is babbal and works fine. Battery backup is dami ngl.,4,5/3/2023,code_mixed,1,2,hotel_restaurant
Sandwich 870 roll really good quality tho Service was a bit slow but okay. Maybe it will improve later. 😍 🙌,5,8/7/2025,english,0,0,food
"Pathao car try gareko thyo first time — normally bike use garchu but it was raining. Car option available, accepted in 5 minutes. Driver polite thyo, neat appearance. AC strong thyo. Route direct thyo, no unnecessary detours. Price Rs 220 for the ride, app showed exactly that amount, no arguments. Dropped precisely at destination. Overall impressed for first car experience. Rain baanat car chai comfortable raicha tyo chai realize bhayo. Premium cost slightly higher but justified in monsoon.",4,6/7/2024,romanized_nepali,0,0,transportation
Mouse 282 just fine !!! And the quality was also something I noticed. It was quite a busy day there. Service was a bit slow but okay.,3,6/6/2023,english,0,0,product
"Sekuwa ra Tongba order gareko — sekuwa lastai mithooo, char ko smell authentic. Tongba dami thyo, refills timely diye. Ambience dark thyo inside but aesthetic. Will definitely return for sekuwa alone.",4,10/5/2023,code_mixed,1,2,food
powerbank ramro 3-4 times charge hunxa,5,9/11/2023,code_mixed,1,1,product
insurance claim smooth online submit verify 2day full amount support helpful renewal simple premium reasonable checkup free satisfied,5,2/17/2024,code_mixed,0,0,services
waiwai chatpate spicy dami vasul,5,2/12/2024,romanized_nepali,1,2,food
GPS paisa vasool vayo k ni Malai ta ekdam man paryo. Hijo gako thyo rati. Bholi pani janchu hola. Hijo gako thyo rati. Hijo gako thyo rati. Hijo gako thyo rati. Sathi haru lai pani vanchu. Pachi pheri try garchu. Malai ta ekdam man paryo. Pachi pheri try garchu. Sathi haru lai pani vanchu. Sathi haru lai pani vanchu. Malai ta ekdam man paryo. Pachi pheri try garchu. Pachi pheri try garchu. Pachi pheri try garchu. Hijo gako thyo rati.,4,7/30/2024,romanized_nepali,1,1,transportation
Room 739 very disappointed with it yaar Staff behavior was polite and ramro. I liked the atmosphere there ramailo thyo. I liked the atmosphere there ramailo thyo. I liked the atmosphere there ramailo thyo. Delivery was fast and safe thyo. Service kasto slow thyo but okay. Service kasto slow thyo but okay. The food was tasty and mitho thyo. The food was tasty and mitho thyo. Staff behavior was polite and ramro. 😶😭,2,2/28/2023,code_mixed,1,2,hotel_restaurant
"Suzuki Access scooter boot space dami cha, sabai daily saman athaunxa. comfortable seat pani cha ra mileage pani reasonable cha Visit gariyo with family this time. Different experience from solo visits. All members were satisfied with different aspects. Price point works for group visits too. Overall a positive outing that we would repeat.",4,3/29/2024,romanized_nepali,1,1,transportation
"Salon service, loved the result",5,3/16/2023,code_mixed,0,0,services
Samsung A54 loved it tho Price was high but fine. Price was high but fine.,5,3/3/2023,english,0,0,product
"Thali set ordered, chicken curry thyo but it tasted reheated. 350 rs ko lagi disappointing Multiple members of the household use this regularly. Each has had a positive experience for their specific needs. The versatility is an underrated strength. Reliable and reasonably priced for what you get. 🙃 🤔😭",2,3/22/2024,code_mixed,0,0,food
Laphing could be improved idk Price was high. The color looks nice. Price was high. Staf was bit slow. Recived it late. Recived it late. Delivery was prompt. Price was high. Price was high. Recived it late. Staf was bit slow. Delivery was prompt. Staf was bit slow. Recived it late. The color looks nice. The color looks nice. The color looks nice. Staf was bit slow. Delivery was prompt. Recived it late. Price was high. Staf was bit slow.,3,12/17/2022,english,0,0,food
bike servicing gareko time lagyo 3-4hr wait gareko tara kaam ramro garyo,4,7/19/2022,code_mixed,1,1,transportation
"Cab driver InDrive wala — journey Lazimpat to Bhaktapur, 45 minute drive. Driver punctual, on time arrival. Route optimized, avoided Ring Road jam by taking backroads intelligently. Car AC strong. No uncomfortable conversations. Music low and pleasant. Dropped exactly at destination coordinates. Fare was Rs 650 negotiated, fair for the distance. Compared to Pathao this route charge was Rs 120 less. Experience smooth throughout. Consistent quality drivers is what keeps users loyal to a platform. 🔥😴😍",5,8/12/2024,english,0,0,transportation
"samosa ta thik thyo, khaney mann lagyo tara achar thiyena",3,4/22/2023,romanized_nepali,1,1,food
"Freelance printing shop Putalisadak ma — 😭 ID card printing gareko thyo for an event. 50 cards print garna gako thyo, design already banaeko thyo. Rs 15 per card thyo, reasonable. Print quality sharp thyo, colors accurate thyo to design file. Lamination option liyeko, added durability. Ready in 4 hours as promised. Staff efficient thyo, kei extra explanation without asking diyena which was fine since work clear thyo. Quick, reliable, fair price. Pheri aauchu.",5,1/31/2024,romanized_nepali,0,0,services
springroll crispy vegetable fresh,4,9/18/2023,code_mixed,0,0,food
Powerbank 528 dami thyo experience hai Battery backup is dami ngl. Staff behavior was polite and ramro. Will visit again pheri.,4,5/3/2023,code_mixed,1,2,product
Worldlink 367 really loved the service ho Price ali high thyo but worth it. Delivery was fast and safe thyo. Overall experience was thikai. Overall experience was thikai. Service kasto slow thyo but okay.,4,12/29/2022,code_mixed,0,0,services
"Mutton curry old-school Kathmandu restaurant near central bus park — mutton well-cooked, not chewy. Spice levels assertive. Taro root added interesting texture. Rice portion generous. No-frills atmosphere but food quality focused. Good find.",4,10/31/2022,english,0,0,food
Speaker 144 A54 best experience !!!,5,2/15/2023,english,0,0,product
indriver late ac kharab driver rude negotiation ramro app easy payment flexible support responsive cab quality mixed,2,7/4/2023,code_mixed,1,1,transportation
Sausage dami thyo experience hai The food was tasty and mitho thyo.,5,4/30/2025,code_mixed,1,2,food
"Hotel check-in had double booking issue, manager upgraded us to better room at no cost. Recovery handled professionally. Bigger room, better view. Breakfast above average. Initial stress was real but handling was commendable.",4,5/27/2023,english,0,0,hotel_restaurant
lamination neat corner seal,4,8/28/2023,english,0,0,services
Webcam 927 headphones best experience tbh Service was a bit slow but okay. Price was high but fine. Price was high but fine. The color was nice. Price was high but fine. ✨😊🙌,5,12/24/2022,english,0,0,product
Transfer complicated process,2,11/20/2023,english,0,0,transportation
Dwarika's ma wifi password diyenan staff rude lagyo room chai ok,2,4/15/2023,code_mixed,1,1,hotel_restaurant
"fish curry order gareko thyo, macha fresh thiyena jasto lagyo yaar. thoda smell ni aayo. paisa diyera gaas lagena honestly, feri tyo dish order gardina",5,4/3/2024,romanized_nepali,0,0,food
Iced latte paisa vasool thyo cha Tara pani thik thyo. Dherai kura haru ramro thyo. Dhilo aayo tara mitho thyo. Tara pani thik thyo. Tara pani thik thyo. Sathi haru sanga gako thyo.,5,3/27/2022,romanized_nepali,1,3,food
Mayur Yatayat 418 loved it ngl Maybe it will improve later. Battery life is good. Shipping was fast. The staff were helpful. It was quite a busy day there. The staff were helpful. Battery life is good. Actually I dont know. Service was a bit slow but okay. Shipping was fast. Battery life is good.,5,8/8/2023,english,0,0,transportation
Cab dami thyo experience bro The food was tasty and mitho thyo. Service kasto slow thyo but okay.,5,12/31/2024,code_mixed,1,2,transportation
"WiFi password diyena at check-in, had to ask 3 times. jhyau honestly Reasonable quality overall.",2,5/13/2023,code_mixed,1,1,hotel_restaurant
Key paisa vasool deal ho hai Delivery was fast and safe thyo.,5,4/29/2024,code_mixed,1,1,transportation
"Momo khako thyo near office Kantipath tiir — chicken steamed, aayo chai soft and juicy thyo. Filling well seasoned thyo, ginger garlic balance thik thyo. Soup flavorful, not bland type. Achar spicy, fresh thyo. Rs 150 for 10 wota, paisa vasool dheraiii. Quick service 8 minute ma aayo. Seating chai thoda cramped busy lunch hour ma tara food ko lagi worth it. Coming back definitely next week sathi haru sanga pani.",5,2/28/2024,romanized_nepali,1,1,food
Vianet 697 best experience idk Maybe it will improve later. And the quality was also something I noticed. It was quite a busy day there. Actually I dont know.,4,12/30/2024,english,0,0,services
Roofing waterproofing membrane coating worker skilled timeline warranty leak guarantee professional quality kaam bhayo satisfied xu 🤮💔😢,5,9/17/2024,code_mixed,0,0,services
Pani puri 949 tasty enough ?? The color was nice. It was quite a busy day there.,5,8/11/2022,english,0,0,food
"Philips air fryer kineko thyo, healthy khana banauxa and super easy to clean. overall happy with the purchase Paisa vasool lagyo overall.",5,1/31/2023,code_mixed,0,0,product
Rider ramro experience vayo hai hai Bholi pani janchu hola. Malai ta ekdam man paryo. Hijo gako thyo rati.,4,7/14/2022,romanized_nepali,1,1,transportation
Shuttle mall free,4,10/31/2022,english,0,0,hotel_restaurant
Choila fresh masala ramro,4,4/21/2023,code_mixed,1,1,food
Noise from the kitchen area came through the wall all night long. could hear pots and pans from midnight onwards. sleep was nearly impossible and the next morning I was exhausted. front desk acknowledged the issue but could not offer a room change that night,1,4/26/2024,english,0,0,hotel_restaurant
fz bike lastai ramro design mileage 50 tira dinxa city ma spare parts chai mahango parking ma safe feel hunxa,4,4/12/2024,code_mixed,1,1,transportation
"Legal documentation service — property deed verification garna gako thyo. Lawyer professional thyo, explained each clause clearly before I signed anything. Timeline given thyo 5 working days, completed in 4. Fee was Rs 6000 which felt appropriate for the complexity and time. All calls returned promptly when I had 😴🤯😠 questions. No unnecessary delays or extra visits required. Professional service matters a lot for legal documents and this met expectations well. Will use for next property transaction too.",5,10/14/2024,english,0,0,services
Breakfast babbal quality raixa ta Battery backup is dami ngl. Service kasto slow thyo but okay. Staff behavior was polite and ramro. Overall experience was thikai. Delivery was fast and safe thyo. The product is babbal and works fine.,4,6/17/2023,code_mixed,1,3,hotel_restaurant
Service tasty enough ngl The color was nice. The color was nice. It was quite a busy day there.,5,5/7/2022,english,0,0,hotel_restaurant
Buff momo 216 chilly best experience idk Battery life is good. Service was a bit slow but okay. It was quite a busy day there.,4,3/13/2022,english,0,0,food
"Tootle accept garyo then called saying wrong pickup location but map clearly showed correct. Cancelled mid-conversation. Support chat difficult to find in app. Compared to before, quality dropped. Peak time issue maybe but still frustrated.",2,5/6/2024,code_mixed,0,0,transportation
Soap really liked the quality babbal bro I liked the atmosphere there ramailo thyo. Battery backup is dami ngl. The food was tasty and mitho thyo. The food was tasty and mitho thyo.,5,12/2/2022,code_mixed,1,3,hotel_restaurant
Parking 467 vayo thikai ni Pachi pheri try garchu. Sathi haru sanga gako thyo. Pachi pheri try garchu. Kasto ramro thyo tyo thau. Kasto ramro thyo tyo thau. Pachi pheri try garchu. Paisa dherai liyo tara thikai thyo. Kasto ramro thyo tyo thau. Ani bholi pheri janchu. Pachi pheri try garchu.,3,4/18/2024,romanized_nepali,1,1,hotel_restaurant
Parking thikai thyo thik chai k Pachi pheri try garchu. Hijo gako thyo rati. Pachi pheri try garchu.,3,1/29/2025,romanized_nepali,1,1,hotel_restaurant
laptop bag comfortable shoulder strap zipper quality average,3,12/5/2022,english,0,0,product
Nepal Taxi time ma aayo driver ramro manxe 😤💔,5,2/19/2024,code_mixed,1,1,transportation
"Nepali tarkari cooking workshop — hands-on ❤️😴 class, chef from hotel background. Made aloo tama and sel roti myself. Written recipe cards diye. Rs 1500 per session reasonable. Group of 8. Successfully replicated at home same evening.",5,12/9/2023,code_mixed,0,0,services
gear smooth shift easy,4,10/5/2023,code_mixed,0,0,transportation
Helmet 557 worth it idk The staff were helpful. Actually I dont know. Maybe it will improve later.,4,2/17/2025,english,0,0,transportation
Speaker mitho thyo k Paisa dherai liyo tara thikai thyo.,4,4/23/2022,romanized_nepali,1,1,product
Internet disappointing !!! The staff were helpful. Maybe it will improve later. Battery life is good. Battery life is good. The color was nice.,1,11/20/2024,english,0,0,services
"Yoga class enrolled at a studio in Baluwatar — one month trial ma joined. Instructor experienced thyo, breathing techniques clearly taught. Class size small, 8 people matra thyo so personal attention possible thyo. Schedule flexible xa, morning and evening options both cha. Rs 2500 per month reasonable lagyo for Kathmandu. Room ventilation thoda kam thyo, afternoon sessions garo lagyo inside. Mat and props included in fee. Overall positive experience, continuing next month pani.",4,9/22/2023,romanized_nepali,0,0,services
Staff 556 vayo thikai ta Kasto ramro thyo tyo thau. Dherai kura haru ramro thyo. Sathi haru sanga gako thyo. Sathi haru sanga gako thyo. Kasto ramro thyo tyo thau.,3,6/12/2025,romanized_nepali,1,1,hotel_restaurant
Ramro sunglasses stylish pani cha UV protection pani,5,1/11/2024,code_mixed,1,1,product
Mileage great quality overall ngl Recived it late. Price was high. Delivery was prompt. Recived it late. Recived it late. Staf was bit slow. The color looks nice. Delivery was prompt. Delivery was prompt. Delivery was prompt. The color looks nice.,5,9/2/2023,english,0,0,transportation
"Masala tea trekking teahouse Langtang route — arrived exhausted, hot sweet chai exactly what body needed. Dal bhat came in 20 minutes, dal thick and nutritious. Price higher at altitude but expected. Memorable mountain meal.",5,4/8/2023,english,0,0,food
"Ncell SIM portability service try gareko, 3 days liyо process complete huna. Staff at the counter was helpful but the form filling was confusing — nobody explained which documents were needed properly. Had to come back twice because of incomplete paperwork. The SIM itself works fine after activation, signal strength is okay in my area. Just wish the process was more streamlined, feels unnecessarily complicated for something that should be quick.",3,6/5/2024,english,0,0,services
Vianet ramro experience vayo hai k Bholi pani janchu hola. Bholi pani janchu hola. Sathi haru lai pani vanchu.,4,8/31/2025,romanized_nepali,1,1,services
"Value for money on a budget is excellent here. clean rooms, safe location, friendly staff who actually try",5,1/22/2023,english,0,0,hotel_restaurant
"Tried thakali set Baneshwor restaurant first time — 7 items on brass plate, dhido 😴😊😍 option available. Gundruk achaar tangy and perfectly made. Dal refilled without asking. Rs 380 genuinely good value for lunch here.",5,6/14/2023,english,0,0,food
Onver Cab driver asked to pay in cash despite app showing digital payment option clearly. created an awkward situation,2,3/11/2024,code_mixed,0,0,transportation
Sharpener dami thyo experience yaar Service kasto slow thyo but okay. Delivery was fast and safe thyo. Service kasto slow thyo but okay. Delivery was fast and safe thyo. The food was tasty and mitho thyo.,5,5/25/2023,code_mixed,1,2,product
Taximandu driver le galat route liyera gayo ani meter ni fast thyo. seriously frustrating experience thyo yaar Did not disappoint overall.,1,3/19/2023,romanized_nepali,0,0,transportation
SmartPay 361 never again ... The color was nice. Maybe it will improve later. The staff were helpful. 🙃,1,1/21/2024,english,0,0,services
TVS Jupiter paisa vasool deal ho hai The food was tasty and mitho thyo. Staff behavior was polite and ramro. Price ali high thyo but worth it. Will visit again pheri. Will visit again 🙃 pheri. The food was tasty and mitho thyo.,4,8/23/2025,code_mixed,1,3,transportation
Fan lastai slow thyo yaar k The product is babbal and works fine. The food was tasty and mitho thyo. Delivery was fast and safe thyo. The product is babbal and works fine. Delivery was fast and safe thyo.,1,4/6/2022,code_mixed,1,3,product
samsung tablet resolution sharp process fast multitask battery 5-6hr disappoint camera video storage expand build premium speaker audio pen draw note price high feature justify 😶🤮🙃,4,8/6/2023,code_mixed,0,0,product
Mouse 508 kasto naramro ni Ani bholi pheri janchu. Paisa dherai liyo tara thikai thyo. Kasto ramro thyo tyo thau. Malai ta man paryo. Paisa dherai liyo tara thikai thyo. Malai ta man paryo. Khana pakauna time lagyo. Kasto ramro thyo tyo thau. Paisa dherai liyo tara thikai thyo. Dhilo aayo tara mitho thyo. Ani bholi pheri janchu. Paisa dherai liyo tara thikai thyo. Paisa dherai liyo tara thikai thyo.,2,4/7/2023,romanized_nepali,1,2,product
Premium dherai,2,8/26/2023,romanized_nepali,0,0,transportation
Tape was very good ngl Delivery was prompt. Delivery was prompt. Price was high. Delivery was prompt. The color looks nice. Staf was bit slow.,4,5/22/2025,english,0,0,product
Chowmein never again ngl The color was nice. And the quality was also something I noticed. Battery life is good. Battery life is good. Actually I dont know. Service was a bit slow but okay. Service was a bit slow but okay.,1,5/20/2025,english,0,0,food
Cleaning 613 disappointing idk Maybe it will improve later. Battery life is good. Price was high but fine. Actually I dont know. Maybe it will improve later.,1,4/20/2022,english,0,0,services
Pedicure highly satisfied tho Price was high. Recived it late. Recived it late. Price was high. Recived it late. Price was high. Recived it late. Recived it late. Staf was bit slow.,5,12/21/2024,english,0,0,services
"Clinic was clean and organized, waiting time minimal and the doctor was genuinely thorough App interface smooth cha.",5,6/19/2024,english,0,0,services
"Garma garam jhol momo khayeko lastai mitho chutney pani dami thyo,",5,2/19/2023,romanized_nepali,1,2,food
Bodycover really loved it ngl Staf was bit slow. Delivery was prompt. Staf was bit slow. Staf was bit slow. Recived it late. Price was high. Price was high. Recived it late. Price was high. The color looks nice. Delivery was prompt.,5,10/9/2023,english,0,0,transportation
"aloo tama dami thyo, ghar jastai swad thyo. amma ko khana jasto feel aayo honestly",5,11/18/2023,romanized_nepali,1,1,food
"Ordered Prestige gas stove, delivery next day and installation same afternoon. All 3 burners auto-ignition consistent. Cleaning easy with removable grates. Been using 3 months, no issues. Build solid. Satisfied with this purchase.",5,9/5/2024,english,0,0,product
Pharmacy really loved the service ta Overall experience was thikai. Will visit again pheri. The product is babbal and works fine. Staff behavior was polite and ramro. The product is babbal and works fine. I liked the atmosphere there ramailo thyo. Battery backup is dami ngl. Price ali high thyo but worth it. I liked the atmosphere there ramailo thyo. Will visit again pheri. Will visit again pheri. Service kasto slow thyo but okay.,5,12/18/2023,code_mixed,1,3,services
"restaurant ko khana hotel ko rate sanga justify hudena, baira khana gayo din bhar. paisa bachyo pani Nothing major to complain about.",2,11/25/2023,romanized_nepali,0,0,hotel_restaurant
Blanket was very good idk Price was high. The color looks nice. The color looks nice. Price was high. Price was high. Recived it late. Recived it late. Delivery was prompt. Price was high. Price was high. Price was high. Staf was bit slow. Staf was bit slow. Price was high. The color looks nice. Price was high. Price was high. Price was high. Recived it late. Staf was bit slow.,5,4/13/2023,english,0,0,hotel_restaurant
Engine paisa vasool deal ho yaar I liked the atmosphere there ramailo thyo. The food was tasty and mitho thyo.,5,6/14/2022,code_mixed,1,2,transportation
"Yamaha R15 not ideal for everyday city use. too sporty for traffic, weekend highway rides enjoyable though Staff cooperative thyo.",3,11/1/2023,english,0,0,transportation
pleasure mileage kam slow pickup plastic quality weak service network limited resale low design outdated regret purchase,2,1/20/2024,code_mixed,1,1,transportation
gundruk soup authentic salt kam,4,3/14/2024,code_mixed,0,0,food
Gear 131 thikai thyo but could be better ni Price ali high thyo but worth it. Staff behavior was polite and ramro.,3,8/4/2022,code_mixed,1,1,transportation
Kettle dami thyo experience bro Service kasto slow thyo but okay. Delivery was fast and safe thyo. Service kasto slow thyo but okay. Battery backup is dami ngl. The food was tasty and mitho thyo. The food was tasty and mitho thyo. Delivery was fast and safe thyo. Delivery was fast and safe thyo. Delivery was fast and safe thyo. Delivery was fast and safe thyo. Service kasto slow thyo but okay.,5,7/10/2024,code_mixed,1,2,hotel_restaurant
laundry fast crease,3,6/17/2024,code_mixed,0,0,hotel_restaurant
Buff momo 698 ekdam ramro lagyo hai Kasto ramro thyo tyo thau. Khana pakauna time lagyo. Tara pani thik thyo. Sathi haru sanga gako thyo. Paisa dherai liyo tara thikai thyo. Pachi pheri try garchu. Pachi pheri try garchu. Dhilo aayo tara mitho thyo. Tara pani thik thyo. Paisa dherai liyo tara thikai thyo. Kasto ramro thyo tyo thau. Pachi pheri try garchu. Khana pakauna time lagyo. Tara pani thik thyo. Tara pani thik thyo. Pachi pheri try garchu. Sathi haru sanga gako thyo.,4,5/30/2023,romanized_nepali,1,2,food
"Dal bhat at a roadside place near Kalanki — paid Rs 180 and honestly the value blew me away. Lentil soup was thick and well-spiced, rice was freshly cooked, potato vegetable had good flavor. They gave free refills of dal which is rare these days. The seating was basic outdoor benches but clean enough. Place was packed during lunch hour which usually signals good food. This kind of local place is underrated in Kathmandu tbh.",5,8/31/2022,english,0,0,food
Tutor great quality overall ngl Price was high. The color looks nice. Price was high. Delivery was prompt. Price was high.,5,3/27/2024,english,0,0,services
"Waxing service Kupondole salon — professional staff, hygienic materials used. Rs 600 underarm waxing fair price. Tara appointment ma different staff aayo than booked. Minor inconvenience but work thyo ramro at least.",3,8/21/2024,romanized_nepali,1,1,services
"Mixer grinder Daraz bata order gareko thyo, quality seemed decent but way too loud. neighbors le complain gare haha Acceptable for the price.",3,4/1/2024,code_mixed,0,0,product
Breakfast buffet was huge — continental ra Nepali both options thiye. dami way to start the day Worth visiting for the experience.,5,1/24/2024,code_mixed,1,1,hotel_restaurant
"consulting firm kaam garidiyeko thyo, professional thyo service throughout but prices were on the higher side Order gareko thyo first time here, delivery time thyo expected ma. Product condition perfect thiyo packaging bata. Customer interaction smooth. Will order again when next need arises, no hesitation on that front.",3,2/7/2023,code_mixed,0,0,services
Bread fresh morning delivery croissant baguette quality consistent traditional 🤔😎🤯,5,4/9/2024,english,0,0,services
room spacious clean staff cooperative,5,6/20/2024,english,0,0,hotel_restaurant
Biryani babbal thyo sabai kura k Hijo gako thyo rati. Hijo gako thyo rati. Malai ta ekdam man paryo. Bholi pani janchu hola. Bholi pani janchu hola. Hijo gako thyo rati. Malai ta ekdam man paryo. Malai ta ekdam man paryo. Hijo gako thyo rati.,4,6/4/2023,romanized_nepali,1,1,food
Chowmein 492 set jhyau vayo ni ta Malai ta man paryo. Tara pani thik thyo.,1,12/14/2022,romanized_nepali,1,1,food
"JBL portable speaker ordered through an online store. Build quality is solid, rubber exterior feels premium and grippy. Sound at medium volume is clear with decent bass. At max volume some distortion is noticeable which is expected for this size. Battery claimed 12 hours, I get around 9-10 hours consistently. Pairing with phone is quick and stable, no dropouts. Waterproof feature works as advertised, tested in rain. Good value, slightly expensive but justified.",4,4/3/2024,english,0,0,product
Check-in 801 waste of money ?? Maybe it will improve later. Maybe it will improve later. Maybe it will improve later.,2,5/18/2023,english,0,0,hotel_restaurant
Came here after seeing the reels online. food is photogenic for sure but taste is just average tbh. overhyped a bit,3,3/31/2024,english,0,0,food
Royal Enfield Bullet is a statement bike but genuinely impractical for daily valley use. heavy in traffic Value for money lagyo.,3,12/22/2022,english,0,0,transportation
Jhol momo 349 dami thyo experience ni ta Staff behavior was polite and ramro.,5,4/16/2022,code_mixed,1,2,food
Good mileage decent price,4,12/21/2023,english,0,0,transportation
Vase really loved it idk Recived it late.,4,4/1/2024,english,0,0,hotel_restaurant
Router paisa vasool vayo k ni Sathi haru lai pani vanchu. Sathi haru lai pani vanchu. Malai ta ekdam man paryo. Sathi haru lai pani vanchu. Malai ta ekdam man paryo. Hijo gako thyo rati. Sathi haru lai pani vanchu.,4,4/21/2023,romanized_nepali,1,1,product
underseat insufficient helmet sano fit 😶,2,6/29/2023,code_mixed,0,0,transportation
nagarkot hotel view babbal sunrise herera photo khicheko staff helpful ramro,5,2/14/2023,code_mixed,1,1,hotel_restaurant
Dal creamy paisa vasool dami,5,8/11/2023,romanized_nepali,1,2,food
Tile traditional modern aesthetic culture blend fusion creative design unique beautiful finish ramro quality 😤🤩,4,3/25/2024,code_mixed,1,1,services
"Xiaomi band use gareko thyo, 😶🙃🤔 step counter accurate chhaina jasto lagyo mero hisaab ma. sleep tracking thik thyo tara",3,6/17/2024,romanized_nepali,0,0,product
iPhone 13 too bad ngl The color was nice. The staff were helpful. Actually I dont know. Price was high but fine. It was quite a busy day there.,1,7/29/2022,english,0,0,product
Kindle paisa vasool deal ho yaar Battery backup is dami ngl. Service kasto slow thyo but okay. Battery backup is dami ngl.,5,11/7/2022,code_mixed,1,2,product
prestige cooker compact cook even,4,6/25/2024,english,0,0,product
Map great quality overall tho Staf was bit slow. Delivery was prompt. Recived it late. Price was high. Price was high. Price was high. The color looks nice. The color looks nice. Recived it late. Staf was bit slow. Price was high. Recived it late. Recived it late. Staf was bit slow. Price was high. Delivery was prompt. Price was high. Price was high. Delivery was prompt. 🔥🙌🤩,5,1/30/2024,english,0,0,transportation
"Digital Paisa send money feature works instantly, UI is clean. one of the better fintech apps available here Location convenient cha.",5,3/27/2024,english,0,0,services
Ceiling poor quality service tho Staf was bit slow. The color looks nice. Price was high. Staf was bit slow.,2,6/18/2025,english,0,0,hotel_restaurant
thali affordable fresh,4,9/6/2023,code_mixed,0,0,food
pest control garyeko effective insects gayab,5,12/17/2023,code_mixed,0,0,services
"Room service at Hotel Annapurna, called at 11pm for tea and they arrived in 20 minutes. Staff polite. Mountain view from room was peaceful. Bedside lamp had loose connection flickering all night. Nice stay overall. 🙂💯",4,2/19/2023,english,0,0,hotel_restaurant
"Lunch set sabai milera mitho thyo, loved the pickle especially. khana ko quality consistent cha yahan, coming back next week",5,8/25/2023,code_mixed,0,0,food
Electrician 260 very disappointed with it bro Overall experience was thikai. The food was tasty and mitho thyo.,2,4/11/2024,code_mixed,1,1,services
Two-wheeler 264 worth it !!! Battery life is good. Price was high but fine. The color was nice.,5,4/10/2023,english,0,0,transportation
"Ncell SIM liyeko thyo, coverage out of valley ma thiyena. data slow thyo even in main areas. disappointed with network",2,10/25/2022,code_mixed,0,0,product
"Ncell ko data plan liyeko thyo, speed ramrooo thiyena within Kathmandu ma pani. switched to NTC pachi better thyo Have visited three times across different occasions. Each visit maintained similar quality levels. Staff were helpful across all visits. Prices remained consistent too. Overall a trustworthy option in this category.",3,9/20/2023,romanized_nepali,0,0,services
Balcony 854 worth it ngl Battery life is good. Actually I dont know. The color was nice.,4,11/11/2025,english,0,0,hotel_restaurant
"Chicken tikka order gareko ek dhaba style restaurant ma — clay oven thyo behind counter, visible cooking which built appetite watching. Tikka aayo perfectly charred, smoke smell authentic. Marinade well-penetrated — each piece had flavor not just surface. Accompanied by sliced onion and lemon. Rumali roti side ma order gareko thyo — thin and soft. Rs 420 for tikka portion and 2 roti thyo good value. Place has been running 15+ years apparently — explains the consistency.",5,12/16/2023,romanized_nepali,0,0,food
cater deliver time present ramro,5,1/29/2024,code_mixed,1,1,services
Carpet average performance thyo tho ni Delivery was fast and safe thyo. Service kasto slow thyo but okay. I liked the atmosphere there ramailo thyo. Service kasto slow thyo but okay. Delivery was fast and safe thyo. I liked the atmosphere there ramailo thyo. The food was tasty and mitho thyo.,3,10/7/2025,code_mixed,1,1,hotel_restaurant
The Realme heating issue is real and consistent. cannot use for more than twenty minutes of gaming without it getting uncomfortably hot,2,9/3/2022,english,0,0,product
Car wash service was genuinely thorough. interior cleaning done properly and the exterior looked fresh,5,4/30/2023,english,0,0,services
Mountain Outlook ramro but wifi slow breakfast late aayo,3,11/4/2022,code_mixed,1,1,hotel_restaurant
Fonepay cashback offer expired before I could,4,10/12/2023,english,0,0,product
bike sanga na helmet na safety gear — Pathao ma complain gareko tara no response came. safety standards maintain garnu parne cha,4,6/20/2023,code_mixed,0,0,transportation
Mic paisa vasool vayo k hai Bholi pani janchu hola. Sathi haru lai pani vanchu. Malai ta ekdam man paryo. Sathi haru lai pani vanchu. Bholi pani janchu hola. Bholi pani janchu hola. Bholi pani janchu hola.,5,10/21/2024,romanized_nepali,1,1,product
"Onver Cab driver friendly thyo, city ko route ramro thaha thyo. zero issues journey bhar, will use same service again",5,8/1/2024,code_mixed,0,0,transportation
Omelette average performance thyo tho bro,3,1/5/2024,code_mixed,0,0,food
"Bought a trimmer online, blades rusted within a month. cheap material honestly",4,6/18/2022,english,0,0,product
"Daraz delivery late aayo yaar, 7 din bhandai ✨🙃 thyo tara 12 din pachi aayo pakya Came here for a specific purpose and left fully satisfied. The staff were knowledgeable and the execution was professional. Time taken was reasonable. Pricing felt justified given the quality of outcome. Will return for similar needs.",2,6/23/2023,romanized_nepali,0,0,product
Tootle paisa vasool deal ho yaar The food was tasty and mitho thyo. Service kasto slow thyo but okay. Battery backup is dami ngl. Delivery was fast and safe thyo. Service kasto slow thyo but okay. I liked the atmosphere there ramailo thyo. Delivery was fast and safe thyo.,5,3/17/2025,code_mixed,1,3,transportation
"Breakfast bakery cafe Jawalakhel — poached eggs and avocado toast, presentation dami thyo. Bread homemade fresh. Coffee strong thyo. Tara seating tight xa, table space limited. Rs 480 bit high but ambience okay.",4,6/29/2024,code_mixed,0,0,food
"Room booking gareko thyo online, tara on arrival room wasn't ready. waited 2 hrs, totally unacceptable",4,7/11/2024,code_mixed,0,0,hotel_restaurant
Pani puri 993 chilly babbal quality raixa ni ta Price ali high thyo but worth it.,4,10/20/2023,code_mixed,1,1,food
Two-wheeler 320 best experience ?? And the quality was also something I noticed. It was quite a busy day there.,5,1/10/2025,english,0,0,transportation
Bike kasto ramailo vayo ni ta Kasto ramro thyo tyo thau. Dhilo aayo tara mitho thyo. Pachi pheri try garchu. Sathi haru sanga gako thyo.,4,8/17/2022,romanized_nepali,1,3,transportation
"Bajaj Pulsar NS160 use gareko 1 year bhayo, mileage is consistently around 42-45 km/l which is decent for this segment. Acceleration is strong, overtaking on highways feels confident. Tara seat height is a bit tall for shorter riders — malai ground flat foot touch hundaina, tippy toe style. After first service, engine noise came which service center le adjust garyo. Handling in wet roads is fine. Paisa vasool bike overall, looks dami pani.",4,11/8/2024,code_mixed,1,1,transportation
Cleaning kasto naramro yaar Dhilo aayo tara mitho thyo. Ani bholi pheri janchu. Paisa dherai liyo tara thikai thyo. Khana pakauna time lagyo. Tara pani thik thyo.,2,3/9/2023,romanized_nepali,1,2,services
"Realme earbuds C30 liye ko 4 mahina bhayo — Rs 1500 ma liyeko so expectations low thiyо but impressed bhaeko chu honestly. Sound quality budget ko lagi okay xa, treble clear xa bass average. Connectivity stable, disconnects hunna mid-song. Single ear use garnu gaye earbuds detect garcha which is convenient. Battery 5 hours per charge xa which is acceptable for price. Build cheap plastic feel xa tara works fine. Overall value cha yo price ma.",4,10/7/2024,romanized_nepali,0,0,product
Lift 773 really loved the service ta 😭 ,4,10/16/2025,code_mixed,0,0,hotel_restaurant
Sugar paisa vasool deal ho yaar I liked the atmosphere there ramailo thyo.,4,11/13/2022,code_mixed,1,1,hotel_restaurant
Salon loved it tbh It was quite a busy day there. And the quality was also something I noticed. The staff were helpful.,4,4/7/2025,english,0,0,services
taxi driver rash driving unsafe feel,2,12/9/2023,code_mixed,0,0,transportation
Yoga class helpful instructor patient beginners lai ramro,5,6/12/2024,code_mixed,1,1,services
Fries crispy ramro,4,4/5/2023,romanized_nepali,1,1,food
"Ncell customer care is hard to reach, kept me on hold twice for over fifteen minutes each time",2,11/14/2023,english,0,0,services
nike shoes online kine size chart herna parne sano aayo 2 weeks ma aayo return garna garo bhayo,2,6/7/2023,code_mixed,0,0,product
Rider 814 babbal quality raixa yaar Staff behavior was polite and ramro. Price ali high thyo but worth it. The product is babbal and works fine. The product is babbal and works fine. The food was tasty and mitho thyo. ✨🤔,5,4/27/2022,code_mixed,1,3,transportation
Dinner thikai thyo but could be better ho The food was tasty and mitho thyo. Will visit again pheri. Service kasto slow thyo but okay. Battery backup is dami ngl.,3,6/28/2022,code_mixed,1,2,hotel_restaurant
"Yak & Yeti budget friendly cha tara amenities chai basic matra cha, upscale expect garne bhaye jana nau. thik thyo for the price",3,12/19/2022,romanized_nepali,0,0,hotel_restaurant
"Chatamari ekdum mitho thyo, egg wala version order gareko thyo, filling ramro thyo ani crispy pani thyo. will try other varieties next visit",5,2/14/2023,code_mixed,1,1,food
"TVS Jupiter scooter dami cha city ko lagi, fuel efficient ani seat comfortable ekdum cha Regular customer yahan. Service consistency appreciated. New options cha in the market tara haven't felt the need to switch. If something specific needed to be improved it would be wait times on busy days.",5,11/16/2023,romanized_nepali,1,1,transportation
"Pizza at this Italian-themed place in Thamel — went with high expectations and left feeling mixed. The crust was properly thin and crispy which was good. Toppings were generous on one half but sparse on the other, which seemed like an accident. Sauce was tangy and nicely seasoned. Price was steep at Rs 1100 for a medium. Ambience was cozy with dim lighting and wooden furniture. Decent but too expensive for what you get honestly.",3,3/22/2023,english,0,0,food
"Front desk staff rude thyo, felt unwelcome on arrival. room was fine tara first impression nai kharab thyo, jo kasailai ni thik lagdaina",3,12/8/2022,code_mixed,0,0,hotel_restaurant
Keema noodles 611 roll waste of money tbh Actually I dont know.,2,10/17/2023,english,0,0,food
scooty storage compartment sano helmet rakhna garo,3,8/7/2023,code_mixed,0,0,transportation
Agent really liked the quality babbal hai The food was tasty and mitho thyo. Delivery was fast and safe thyo. I liked the atmosphere there ramailo thyo.,4,10/24/2023,code_mixed,1,2,services
iPhone 13 141 ekdam ramro lagyo yaar Ani bholi pheri janchu. Sathi haru sanga gako thyo. Dhilo aayo tara mitho thyo. Pachi pheri try garchu. Dhilo aayo tara mitho thyo.,4,12/15/2022,romanized_nepali,1,2,product
Receptionist paisa vasool vayo k yaar,4,6/1/2025,romanized_nepali,1,1,hotel_restaurant
"Momos khayo Boudha tiir, 20 wota fried momo Rs 150 ma — lastai paisa vasool. Crispy outside, juicy inside, achar spicy. Oil thoda dherai thyo. Quick service, 10 minute ma aayo. Locals nai packed thya.",4,10/19/2022,romanized_nepali,1,1,food
"Realme C55 budget phone ko lagi dami cha, camera decent cha, performance thik thyo daily use ko lagi — value buy",4,4/27/2023,code_mixed,1,1,product
Plumber 721 kasto ramailo vayo ta Paisa dherai liyo tara thikai thyo.,4,7/7/2023,romanized_nepali,1,1,services
"Two-wheeler peak time ma driver milena, 20 min wait gareko. rate ni dherai hunxa surge ma",2,6/9/2024,romanized_nepali,0,0,transportation
drinks overprice atmosphere thik,3,9/22/2023,code_mixed,1,1,hotel_restaurant
Spa loved it tho Shipping was fast. Actually I dont know. The color was nice. Battery life is good.,5,2/26/2023,english,0,0,services
Gym ramro experience vayo hai k,5,2/19/2022,romanized_nepali,1,1,services
Momo steamed jhyau paisa vasool,5,6/19/2023,romanized_nepali,1,2,food
Keema noodles 601 set paisa vasool thyo cha Pachi pheri try garchu. Malai ta man paryo.,5,9/24/2023,romanized_nepali,1,1,food
"Cab driver through InDrive — arrived 6 minutes early, helped with luggage, clean car, good AC. No unnecessary conversation, polite. Route optimized avoiding traffic. Bill matched app estimate exactly. Would request same driver again.",5,9/4/2023,english,0,0,transportation
Driver took a longer route and charged accordingly. only noticed when I compared on maps later Experience average but acceptable. 🤩,5,6/12/2024,english,0,0,transportation
Vianet 243 thikai thyo but could be better ni ta Service kasto slow thyo but okay. Service kasto slow thyo but okay. Overall experience was thikai. The product is babbal and works fine.,3,6/9/2025,code_mixed,1,1,services
"AC bhandai thyo tara kaam garena properly, garam thyo raat bhar. complaint garey tara staff aayena. terrible Could be better but okay.",1,8/4/2024,romanized_nepali,0,0,hotel_restaurant
Pathao Bike driver cancelled after making me wait half an hour. complete waste of time honestly,4,3/28/2023,english,0,0,transportation
Pharmacy 223 babbal quality raixa cha Service kasto slow thyo but okay. Will visit again pheri. The product is babbal and works fine. The food was tasty and mitho thyo. Delivery was fast and safe thyo. Price ali high thyo but worth it. Will visit again pheri. The product is babbal and works fine.,5,8/29/2025,code_mixed,1,2,services
valet smooth safe park,5,7/15/2024,code_mixed,0,0,hotel_restaurant
"Ncell data lagged badly during streaming, switched to NTC and immediately it was much better",3,4/5/2024,code_mixed,0,0,services
"The mango lassi was thick and not overly sweet, exactly how I like it. definitely worth ordering, got two glasses Long detailed experience to share here. Initially had doubts but the first visit changed perception. Multiple return visits confirmed the initial positive impression. Few small negatives exist but overall consistently delivers on its promise.",5,5/17/2022,english,0,0,food
laphing spicy paisa vasul 🔥 👎🙂,4,1/7/2024,romanized_nepali,1,1,food
Lock dami thyo experience hai Delivery was fast and safe thyo. Service kasto slow thyo but okay.,5,5/26/2023,code_mixed,1,1,transportation
"bank customer service ma call gareko, hold ma 30 min rakhyo, end ma disconnect bhayo. kharab",4,6/29/2022,code_mixed,0,0,services
redmi phone leko 15k ma camera babbal battery ramrai xa 6 months pachhi charging port loose bhayo tyo bahek sab thik,5,5/26/2024,code_mixed,1,1,product
"Room service gareko thyo tara aaucha bhaneko 1 ghanta pachi aayo, phone ni receive garena 2 palta. management dherai pathetic thiyo",1,6/13/2024,romanized_nepali,0,0,hotel_restaurant
pool ramro room service call gareko aaudainan 💯,3,11/26/2023,code_mixed,1,1,hotel_restaurant
"Bar area ko cocktails dami thiye, bartender le suggest gareko mojito try gareko thyo — hit thyo. will come back just for drinks",4,5/16/2024,code_mixed,1,1,hotel_restaurant
cello flask insulate cold,4,12/19/2023,english,0,0,product
Check-in not good at all k ni Delivery was fast and safe thyo. The product is babbal and works fine. Staff behavior was polite and ramro. Battery backup is dami ngl. Delivery was fast and safe thyo. Will visit again pheri.,2,10/30/2025,code_mixed,1,3,hotel_restaurant
Salon was very good ngl Delivery was prompt. Staf was bit slow. Price was high.,5,5/2/2024,english,0,0,services
pani puri ali mehengo lagyo taste chai ramro spicy 🙂🤔😭,4,5/17/2022,code_mixed,1,1,food
Cafe dami thyo experience cha Overall experience was thikai. The product is babbal and works fine.,4,3/24/2025,code_mixed,1,2,hotel_restaurant
Sajha Yatayat driver was rude when I asked to adjust the AC. basic common courtesy was completely missing Overall thik experience thyo.,4,8/14/2024,english,0,0,transportation
Helmet thikai thyo but could be better bro Will visit again pheri. The product is babbal and works fine. Delivery was fast and safe thyo. The product is babbal and works fine. I liked the atmosphere there ramailo thyo. Staff behavior was polite and ramro. Overall experience was thikai.,3,5/12/2022,code_mixed,1,2,transportation
Router paisa kher gayo ni ta Pachi pheri try garchu. Ani bholi pheri janchu. Tara pani thik thyo. Dherai kura haru ramro thyo. Dherai kura haru ramro thyo. Malai ta man paryo.,1,10/1/2025,romanized_nepali,1,1,product
dental thorough gentle,5,7/11/2023,code_mixed,0,0,services
Router 887 mitho thyo hai Pachi pheri try garchu. Paisa dherai liyo tara thikai thyo. Sathi haru sanga gako thyo.,4,10/26/2023,romanized_nepali,1,1,product
Salon 536 paisa vasool thyo ni ta Ani bholi pheri janchu. Dhilo aayo tara mitho thyo. Dherai kura haru ramro thyo. Dhilo aayo tara mitho thyo. Dherai kura haru ramro thyo. Ani bholi pheri janchu. Khana pakauna time lagyo. Ani bholi pheri janchu.,4,2/11/2022,romanized_nepali,1,3,services
Sandwich 97 mitho thyo k Khana pakauna time lagyo. Malai ta man paryo. Sathi haru sanga gako thyo. Malai ta man paryo.,5,1/24/2022,romanized_nepali,1,1,food
"Stayed at a homestay in Bandipur for 2 nights. The host family was wonderful — warm and genuinely hospitable without being intrusive. Home-cooked meals were the highlight: fresh vegetables from their garden, local beans, achaar made from foraged ingredients. Morning mist over the valley was incredible. Room was simple but clean, shared bathroom was always tidy. The children of the family spoke English and were charmingly curious about our travels. Deeply recommended for anyone wanting authentic Nepal experience.",5,3/5/2023,english,0,0,hotel_restaurant
Lift was very good tbh Staf was bit slow. Delivery was prompt. Recived it late.,5,9/26/2024,english,0,0,hotel_restaurant
"AC ko remote missing thyo room bata, told the staff and they brought it after 40 mins. raat garam thyo sarai",2,6/30/2024,code_mixed,0,0,hotel_restaurant
Pasta was okay but portion size too small for the price. expected more honestly Decent but room for improvement.,3,11/22/2023,english,0,0,food
"Book shop visit gareko thyo Mandala Book Point ma — used books section cha which is the main draw. Found 4 books in good condition at 40-60% discount to new price. Staff knew inventory well, suggested alternatives when one title wasn't available. Air-conditioned comfortable browsing environment. Rs 850 total for 4 books was a steal. Rare Nepali literature section also exists. Wish they had more organized genre labeling. Spent an hour there without noticing. This is a gem for readers.",5,9/8/2022,english,0,0,services
"Boat Airdopes lastai ramro cha for the price — call quality clear, bass dami, no complaints after 4 months",5,1/28/2024,code_mixed,1,1,product
"Biriyani order gareko thyo here for the first time. rice well-cooked thyo, spices balance dami thyo, raita pani sanga aako thyo. price reasonable cha for the quality they serve. dekhi nai book garchhu aafno birthday dinner ko lagi",5,3/17/2023,code_mixed,1,1,food
Business center computer printer internet video conference sabai facility available,4,12/9/2022,code_mixed,0,0,hotel_restaurant
hero bike fuel efficient long ride comfortable,5,11/15/2023,code_mixed,0,0,transportation
Art highly satisfied tho Delivery was prompt. Delivery was prompt. Recived it late. Staf was bit slow.,5,9/6/2024,english,0,0,hotel_restaurant
"pool ko facilities ramro thyo, paani clean thyo ani timing convenient thyo. bistaarai swim garnu milthyo, paisa vasool lagyo",5,8/17/2022,romanized_nepali,1,1,hotel_restaurant
alutama jhol authentic dherai man paryo,5,6/28/2023,romanized_nepali,0,0,food
"Pulsar NS200 liye ko 6 mahina bhayo — handling dami xa, corners ma confident feel. Mileage 38 km/l highway paako chu, city ma 33-35 around. Engine smooth xa, vibration kam xa at highway speeds. Tara service center wait time dherai hunxa Kathmandu ma — 2-3 hours minimum. Parts availability fast xa which is good. Seat comfortable enough for 2-hour rides. Overall paisa vasool ho, sporty feel ra daily use both balance garcha.",4,8/5/2024,romanized_nepali,1,1,transportation
"AC hotel ma book gareko thyo Chitwan ma, arrived late night at 10pm. Check-in process fast thyo, room key immediately diye. Room cleaned properly thyo, no dusty corners. AC works silently which matters for sleep. Tara mosquito issue thyo — found 2-3 inside room despite screen on windows. Complained front desk, they sent someone with mosquito spray. After that okay thyo. Breakfast next morning was good, fresh fruit included. Staff cooperative throughout the stay.",3,8/19/2023,romanized_nepali,0,0,hotel_restaurant
Driver 280 dami thyo experience ni ta The product is babbal and works fine. Service kasto slow thyo but okay. The product is babbal and works fine. Staff behavior was polite and ramro. I liked the atmosphere there ramailo thyo.,4,10/8/2024,code_mixed,1,3,transportation
Mechanic diagnosis accurate solution aftermarket warranty professional recommend garchu satisfied service quality ramro ❤️,4,4/18/2024,code_mixed,1,1,services
"Sahayatri bata raat ko cab liyeko thyo, driver professional thyo, got home safely without any issue Nothing extraordinary but solid.",5,7/9/2024,code_mixed,0,0,transportation
"Bank visit smooth today, teller was helpful and the queue moved faster than usual Good enough for regular use.",4,6/5/2022,english,0,0,services
Wifi thikai thyo but slow thyo yaar Delivery was fast and safe thyo. Delivery was fast and safe thyo.,3,5/24/2022,code_mixed,0,0,hotel_restaurant
Milkshake average performance thyo tho yaar,3,12/16/2024,code_mixed,0,0,food
Gaming gear babbal thyo sabai kura yaar Pachi pheri try garchu. Hijo gako thyo rati. Bholi pani janchu hola. Hijo gako thyo rati. Sathi haru lai pani vanchu. Pachi pheri try garchu. Sathi haru lai pani vanchu. Pachi pheri try garchu. Sathi haru lai pani vanchu.,4,10/19/2023,romanized_nepali,1,1,product
boAt earphones thikai thyo but could be better yaar The food was tasty and mitho thyo. I liked the atmosphere there ramailo thyo.,3,4/11/2025,code_mixed,1,1,product
"Newari khaja set at this place near Patan Durbar — absolutely worth visiting. The bara was freshly made, you could tell because it was crispy outside and soft inside. Chatamari with egg topping was flavorful. The chiura was a little too dry though, needed more achar. Atmosphere felt authentic, sitting on traditional low tables adds to the experience. Priced reasonably for the quality and quantity you get. Will come back.",4,12/8/2022,english,0,0,food
Thakali set 140 lastai kharab thyo ho Khana pakauna time lagyo. 😍🙂,2,1/30/2022,romanized_nepali,1,1,food
"Pathao car experience this time was actually good — usually I have complaints but today's driver was professional. Arrived on time, greeted properly, took the right route without being asked. Car had air freshener, clean seats. Music was off which I preferred. He didn't use phone while driving. Reached destination 3 minutes ahead of estimated time. Bill matched app estimate exactly. This is what the service should consistently be, not just occasionally. Kudos to this driver.",5,6/18/2024,english,0,0,transportation
"Stayed 3 nights, khana chai baira nai khayo because hotel restaurant was too pricey relative to the food quality Yo service use gareko 3 month bhayo. Mostly positive experience cha day to day. Occasional hiccups cha tara nothing major enough to make me switch. Price reasonable cha relative to what is offered. Recommend garna sakchu safely.",3,7/4/2023,code_mixed,0,0,hotel_restaurant
Nagarkot Scenery 564 XYZ was great tbh Maybe it will improve later. Shipping was fast. And the quality was also something I noticed.,4,4/18/2023,english,0,0,hotel_restaurant
Teacher dami thyo experience hai The food was tasty and mitho thyo. Delivery was fast and safe thyo. Battery backup is dami ngl. Battery backup is dami ngl. I liked the atmosphere there ramailo thyo. Service kasto slow thyo but okay. Delivery was fast and safe thyo. The food was tasty and mitho thyo. The food was tasty and mitho thyo. The food was tasty and mitho thyo.,4,9/21/2022,code_mixed,1,2,services
music teacher patient fundamental sikaayo,5,6/17/2023,code_mixed,1,1,services
Location lastai kharab thyo yaar Dherai kura haru ramro thyo. Pachi pheri try garchu. Ani bholi pheri janchu. Dhilo aayo tara mitho thyo. Sathi haru sanga gako thyo. Khana pakauna time lagyo. Pachi pheri try garchu. Tara pani thik thyo. Paisa dherai liyo tara thikai thyo. Tara pani thik thyo.,1,9/20/2024,romanized_nepali,1,3,hotel_restaurant
Spa 418 dami experience vayo ho Kasto ramro thyo tyo thau. Sathi haru sanga gako thyo. Sathi haru sanga gako thyo.,5,6/5/2022,romanized_nepali,1,2,services
Router 651 average performance thyo hai I liked the atmosphere there ramailo thyo. I liked the atmosphere there ramailo thyo.,3,12/2/2023,code_mixed,0,0,product
Bed 271 babbal thyo k k Ani bholi pheri janchu. Ani bholi pheri janchu. Sathi haru sanga gako thyo. Kasto ramro thyo tyo thau. Kasto ramro thyo tyo thau. Pachi pheri try garchu. Paisa dherai liyo tara thikai thyo. Pachi pheri try garchu. Pachi pheri try garchu. Dherai kura haru ramro thyo. Kasto ramro thyo tyo thau. Malai ta man paryo. Ani bholi pheri janchu. Malai ta man paryo. 😐💯😡,5,6/17/2022,romanized_nepali,1,2,hotel_restaurant
Jabaan jhyau vayo service yaar Will visit again pheri. The food was tasty and mitho thyo.,2,11/25/2022,code_mixed,1,2,transportation
Music loud thyo request reduce gareko,3,7/29/2023,code_mixed,0,0,transportation
Scooter great quality overall tho Price was high. Delivery was prompt. Staf was bit slow. Price was high. Price was high. The color looks nice. The color looks nice. Recived it late. Recived it late. Price was high. Recived it late. Delivery was prompt. Staf was bit slow. Price was high. Recived it late. Staf was bit slow. The color looks nice. The color looks nice. Staf was bit slow. Staf was bit slow. Price was high. Price was high. 🤩,4,11/21/2022,english,0,0,transportation
Lobby thik chai thik thyo tho k Overall experience was thikai. Service kasto slow thyo but okay.,3,9/2/2025,code_mixed,1,1,hotel_restaurant
Tea 917 momo was great tho Battery life is good. And the quality was also something I noticed.,5,7/11/2025,english,0,0,food
"tailor ma kurta order gareko thyo, size slightly off aayo. re-alteration garna resist garo initially but finally fixed",2,10/18/2023,code_mixed,0,0,services
momo steam ramro sauce mitho,5,3/8/2024,code_mixed,1,1,food
Parking 707 kasto naramro ho Kasto ramro thyo tyo thau. Paisa dherai liyo tara thikai thyo.,2,4/13/2025,romanized_nepali,1,1,hotel_restaurant
"Bajaj Pulsar NS200 liyeko 8 mahina bhayo, mileage 36-38 km/l paako chu, handling dami cha corners ma Recent positive experience worth sharing. Expectations were modest going in but 👎 the delivery exceeded them noticeably. Small details were handled well which made the overall experience better than anticipated.",4,9/28/2022,romanized_nepali,1,1,transportation
Brake dami thyo experience hai The food was tasty and mitho thyo. Staff behavior was polite and ramro.,5,1/13/2025,code_mixed,1,3,transportation
"Easy Ride experience was dami, driver came early ani helmet pani diye. smooth ride thyo throughout",5,4/8/2023,code_mixed,1,1,transportation
"khana thik cha yahan ko tara wait time dheraiii hunxa, 45 min jati kurai garnu parne bhayo order ko lagi. service improve garnai parne cha",3,6/25/2024,romanized_nepali,0,0,food
Chair paisa vasool deal ho ni,5,10/5/2022,code_mixed,1,1,hotel_restaurant
Charger 386 thik chai thik thyo ni ta Kasto ramro thyo tyo thau. Malai ta man paryo.,3,9/17/2024,romanized_nepali,1,2,product
Spring roll bland sauce ok 🙃🤮,3,8/7/2023,english,0,0,food
everest thamel location tourist room staff multilingual roof view wifi shower laundry airport value budget recommend,4,12/1/2023,code_mixed,0,0,hotel_restaurant
Workshop 649 was great idk Actually I dont know. Price was high but fine. Shipping was fast. Shipping was fast. And the quality was also something I noticed.,4,1/19/2025,english,0,0,services
"Wai wai sadeko is their specialty apparently, tried it and it was actually decent. not life-changing but solid snack",3,6/29/2023,english,0,0,food
clinic ma nurse very attentive thyo ani doctor le patiently explain garyo everything. felt genuinely cared for Standard quality maintained. Reasonable quality for the price.,5,7/4/2024,code_mixed,0,0,services
"Room saaf thyo,babbal 😠 😊😐",4,3/15/2023,romanized_nepali,0,0,hotel_restaurant
Prabhu Pay ma transfer gareko thyo tara server down thyo during the whole evening. frustrating cha repeat issue Decent option in this price range. 🔥🙂,5,9/10/2022,code_mixed,0,0,services
"Staff helpful thyo, extra blanket maageko bittikai le diye. small gesture but really appreciated Compared several options before choosing this one. The decision paid off. Key features work as advertised and the build has held up well. Minor complaints about one or two things but they don't affect daily use significantly.",4,4/29/2022,code_mixed,0,0,hotel_restaurant
stand stable park convenient,4,11/29/2023,code_mixed,0,0,transportation
duke stylish parts mahango design premium highway performance fuel city 30 seat comfortable digital abs service expensive honda yamaha compare good budget bhaye,3,8/15/2023,code_mixed,1,1,transportation
Himalayan View 799 thik chai thik thyo tho bro Service kasto slow thyo but okay. Delivery was fast and safe thyo. Will visit again pheri.,3,11/5/2023,code_mixed,1,1,hotel_restaurant
Path was very disappointing idk The color looks nice. Recived it late. Recived it late. Staf was bit slow.,1,5/27/2024,english,0,0,transportation
Electrician 951 kasto ramailo vayo ho Paisa dherai liyo tara thikai thyo. Sathi haru sanga gako thyo. Pachi pheri try garchu. Pachi pheri try garchu.,5,9/22/2022,romanized_nepali,1,1,services
"Bed comfortable thyo tara WiFi ekdum slow thyo yaar, YouTube ni chalena properly raat bhar Team professional thyo sab bhanda.",3,7/30/2023,romanized_nepali,0,0,hotel_restaurant
"Buff momo order gareko thyo — fried version. outer cover crispy thyo ra filling juicy thyo. tara sanga ko achaar thoda miss thyo, garneko bhaye perfect hunthyo. feri aaera order garchu next time",5,9/1/2024,code_mixed,0,0,food
dwarikas heritage newari courtyard peaceful luxury staff breakfast location battisputali spa ayurvedic culture evening premium experience anniversary memorable recommend,5,6/9/2024,code_mixed,0,0,hotel_restaurant
Speaker 371 just fine ... The staff were helpful. The staff were helpful. Battery life is good. Service was a bit slow but okay. Maybe it will improve later. And the quality was also something I noticed. Shipping was fast. Shipping was fast. And the quality was also something I noticed. Maybe it will improve later. Battery life is good. And the quality was also something I noticed. It was quite a busy day there.,3,1/30/2025,english,0,0,product
"Salon experience professional, request understood and executed exactly as I wanted",5,5/29/2024,english,0,0,services
pulsar leko 6 months vayo smooth xa milage pani ramro dinxa 😤 😴,5,7/22/2023,code_mixed,1,1,transportation
Sel roti crispy dami,5,4/12/2023,romanized_nepali,1,1,food
Achar paisa vasool deal ho bro Delivery was fast and safe thyo. The food was tasty and mitho thyo.,5,4/30/2024,code_mixed,1,2,food
fries crispy ketchup free diyena,3,4/2/2024,code_mixed,0,0,food
"The set lunch they offer on weekdays is a great deal. three items plus rice for 280, hard to beat that in this area",5,4/14/2024,english,0,0,food
Clinic 231 kasto ramailo vayo k Dhilo aayo tara mitho thyo. Dhilo aayo tara mitho thyo.,4,1/22/2022,romanized_nepali,1,2,services
Pork dami thyo experience bro The food was tasty and mitho thyo. I liked the atmosphere there ramailo thyo. The food was tasty and mitho thyo.,4,6/17/2023,code_mixed,1,2,food
Lo Re Bus 581 paisa vasool deal ho hai Will visit again pheri. I liked the atmosphere there ramailo thyo. Overall experience was thikai. Delivery was fast and safe thyo. Overall experience was thikai. The product is babbal and works fine. Staff behavior was polite and ramro.,5,1/27/2025,code_mixed,1,3,transportation
Bike Ride 572 tasty enough ngl And the quality was also something I noticed. Battery life is good.,5,2/19/2022,english,0,0,transportation
Pharmacy 436 thik chai thik thyo ho Ani bholi pheri janchu. Khana pakauna time lagyo. Kasto ramro thyo tyo thau.,3,3/15/2024,romanized_nepali,1,2,services
Driver babbal quality raixa cha,5,10/28/2024,code_mixed,1,1,transportation
Jerry paisa vasool vayo k ni Sathi haru lai pani vanchu. Bholi pani janchu hola.,5,11/3/2024,romanized_nepali,1,1,food
"Room clean thyo tara the hallway smelled musty the whole stay. hotel building is old, needs renovation tbh",3,8/16/2023,code_mixed,0,0,hotel_restaurant
Plumber mitho thyo bro Sathi haru sanga gako thyo. Khana pakauna time lagyo. Malai ta man paryo. Kasto ramro thyo tyo thau. Paisa dherai liyo tara thikai thyo. Khana pakauna time lagyo. Kasto ramro thyo tyo thau. Pachi pheri try garchu.,5,4/13/2022,romanized_nepali,1,2,services
"Ncell SIM port gareko thyo other network bata, process smooth thyo and completed within 24 hours. happy Fine for regular use.",4,8/21/2024,code_mixed,0,0,services
salon gako cutting ramrai garyo satisfied xu,5,5/3/2024,code_mixed,1,1,services
Bike ride with Pathao saved me a solid forty minutes compared to the cab option. app is functional and easy Reasonable expectations met here.,4,6/11/2023,english,0,0,transportation
Kachila taste mitho,4,8/3/2023,romanized_nepali,1,1,food
Library babbal quality raixa ni Delivery was fast and safe thyo. The food was tasty and mitho thyo. Service kasto slow thyo but okay. The product is babbal and works fine. Will visit again pheri. Service kasto slow thyo but okay. I liked the atmosphere there ramailo thyo. Delivery was fast and safe thyo.,5,8/9/2023,code_mixed,1,2,services
Crab great quality overall tbh Delivery was prompt. Staf was bit slow. Staf was bit slow. Recived it late. The color looks nice.,4,6/21/2022,english,0,0,food
"Dessert section was limited but the kheer they had was creamy, not overly sweet, and served at the right temperature. small details like that matter 😎🤔",4,8/14/2023,english,0,0,food
Bike was very good idk The color looks nice. Delivery was prompt. The color looks nice. Staf was bit slow. Staf was bit slow. The color looks nice. The color looks nice. Staf was bit slow. Staf was bit slow. Recived it late. The color looks nice.,5,4/4/2025,english,0,0,transportation
Pathao paisa kher gayo k yaar Malai ta ekdam man paryo. Sathi haru lai pani vanchu. Malai ta ekdam man paryo. Pachi pheri try garchu. Pachi pheri try garchu. Sathi haru lai pani vanchu. Malai ta ekdam man paryo. Pachi pheri try garchu. Hijo gako thyo rati. Hijo gako thyo rati. Pachi pheri try garchu. Hijo gako thyo rati. Bholi pani janchu hola. Pachi pheri try garchu. Sathi haru lai pani vanchu. Sathi haru lai pani vanchu.,1,1/17/2024,romanized_nepali,0,0,transportation
Case 631 dami experience vayo cha Pachi pheri try garchu. Pachi pheri try garchu. Dhilo aayo tara mitho thyo. Paisa dherai liyo tara thikai thyo. Pachi pheri try garchu.,5,6/23/2025,romanized_nepali,1,2,product
"iPad kineko thyo for college, productivity ko lagi dami cha. Apple Pencil sanga use gareko chai note-taking ekdum helpful bhayo Tried this after seeing consistent positive feedback from others. My experience matched the general sentiment. Nothing extraordinary but consistently good which is actually quite rare to find. Worth trying for anyone on the fence.",5,3/14/2024,code_mixed,1,1,product
electrician time ma aye light fixture change garyeo professional,5,5/29/2023,code_mixed,0,0,services
"Noodle maker machine kineko thyo online bata, use gareko thyo tara motor sound dheraiii thyo ra pasta consistently uneven aautha. return gardina hola tara packaging already fadeko thyo, refund process gahro bhayo. yesto product sale garnu hune ho tara quality check sahi garnai parne cha pehile",3,3/24/2024,romanized_nepali,0,0,product
Handle grip chiryeko,2,10/25/2023,romanized_nepali,0,0,transportation
Speedometer lastai jhyau vayo k Hijo gako thyo rati. Hijo gako thyo rati. Pachi pheri try garchu. Bholi pani janchu hola. Hijo gako thyo rati. Pachi pheri try garchu. Malai ta ekdam man paryo.,1,8/26/2025,romanized_nepali,1,2,transportation
"Taas order gareko, aayo chai dry thyo — probably overcooked. masala pani thiyena properly. expected much better honestly Nothing extraordinary but fine. 😢😠😴",2,7/7/2023,code_mixed,0,0,food
"Chicken wings here are solid, crispy outside and juicy inside. the dipping sauce is also good. coming back for sure Next time pani visit garnu mann cha.",4,7/4/2022,english,0,0,food
MoMo 371 set waste of money !!! Service was a bit slow but okay. It was quite a busy day there.,2,10/16/2022,english,0,0,food
"Sajha Yatayat driver ramro thyo, punctual",5,5/26/2023,romanized_nepali,0,0,transportation
Workshop waste of money idk Maybe it will improve later. The color was nice. The staff were helpful. The staff were helpful.,1,9/27/2025,english,0,0,services
carpet deep clean stain gayab,5,11/16/2023,code_mixed,0,0,services
"NTC SIM liyeko thyo naya, activation 2 din pachi bhayo. helpline pani hold ma rakhcha sadhai",2,6/17/2023,romanized_nepali,0,0,services
Powerbank thik chai thik thyo tho ni The product is babbal and works fine. I liked the atmosphere there ramailo thyo.,3,9/23/2022,code_mixed,1,2,product
"Pathao bike bro, ordered at 7pm ani driver aako thyo 7:42 ma — 42 minutes wait garnu paryo. Driver ko phone ma GPS lageko thiyena jasto, wrong lane ma thyo ani malai nai call garyo 'dai kaha hunu huncha?' type. App ma show thyo 5 min away but actually 20 min away thyo. Honestly InDrive try garchu next time, yaha ko experience ekdum disappoint garyo. 😐 🤮",1,8/20/2023,romanized_nepali,0,0,transportation
"Pathao car cancel garyo bina kei reason. Accept garyo, waited 8 minute phir cancelled. Second request gareko, 15 minute wait garda ek driver aayo who then took a completely wrong route adding 25 minutes to journey. Redirecting attempts ignored. Complained through app — standard apology template received. Rs 180 extra charge lagyo due to distance. No compensation offered. Two back-to-back poor experiences suggest systemic issue not one-off. Will use InDrive exclusively for now.",1,9/11/2023,english,0,0,transportation
Router 677 tasty enough ... It was quite a busy day there. It was quite a busy day there. And the quality was also something I noticed.,4,5/2/2025,english,0,0,product
"gorkhali mutton khayeko 🤯 thyo — jhyau, dherai oily thyo ani masala pani over thyo. lastai disappointing raicha yo place",1,8/9/2023,romanized_nepali,1,2,food
Chowmein 324 really loved the service ta Service kasto slow thyo but okay. Battery backup is dami ngl. Overall experience was thikai.,4,7/29/2022,code_mixed,1,1,food
"Sandwich here paisa vasool cha, fresh ingredients ra service fast thyo. lunch time ma crowded cha tara worth the wait",4,4/11/2023,code_mixed,1,1,food
Salad highly satisfied ngl Recived it late. Delivery was prompt. Price was high. Delivery was prompt. Recived it late.,5,3/12/2022,english,0,0,food
"Pillows comfortable thiye, dark-out curtains dami thiye. slept really well, well-rested feel aayo bihaana. simple things done right",5,3/31/2023,code_mixed,1,1,hotel_restaurant
Tailor 364 paisa vasool thyo k Paisa dherai liyo tara thikai thyo. Tara pani thik thyo. Tara pani thik thyo. Ani bholi pheri janchu. Kasto ramro thyo tyo thau. Dhilo aayo tara mitho thyo. Pachi pheri try garchu. Sathi haru sanga gako thyo. Ani bholi pheri janchu. Malai ta man paryo. Tara pani thik thyo. Tara pani thik thyo. Khana pakauna time lagyo. Kasto ramro thyo tyo thau. Sathi haru sanga gako thyo. Sathi haru sanga gako thyo.,4,1/6/2023,romanized_nepali,1,3,services
"scooter ride gako thyo rain ma, driver careful thyo ra slow gayo deliberately. appreciated the caution honestly",4,5/4/2024,code_mixed,0,0,transportation
Camera good quality clear zoom,5,4/16/2024,english,0,0,product
"Eye checkup clinic service thik thyo tara almost 2 ghanta wait garnu paro doctor dekhna. appointment system improve garnai parne cha, queue management kharab cha sarai",3,8/28/2023,romanized_nepali,0,0,services
"Daraz customer service chat support tried gareko thyo, bot jastai responses diye, helpful thiyena at all Quality consistent cha.",1,2/8/2024,code_mixed,0,0,services
breakfast variety xa coffee weak,3,11/12/2023,code_mixed,0,0,hotel_restaurant
bajaj blender motor blade sharp,5,10/20/2023,english,0,0,product
"Himalayan View dekhi nai book gareko thyo this time, and it did not disappoint at all. Himalaya herne aafno kotha bata — wow",5,12/20/2023,code_mixed,0,0,hotel_restaurant
Electrician switch board wiring circuit breaker safety shock prevent professional kaam measure voltage current accurate ramro service,5,11/9/2024,code_mixed,1,1,services
earphone kineko sound ok cha tara tanyo cable,3,8/22/2022,code_mixed,0,0,product
Kalo Taxi 531 not good at all k ta Will visit again pheri. The product is babbal and works fine. Battery backup is dami ngl. Service kasto slow thyo but okay. Battery backup is dami ngl. Will visit again pheri. Will visit again pheri. Overall experience was thikai. The product is babbal and works fine. Will visit again pheri. Service kasto slow thyo but okay. 🔥 ,2,1/27/2022,code_mixed,1,2,transportation
headphone leko battery chalda nai sakinxa waste,3,11/19/2023,english,0,0,product
Sofa recover gareko fabric quality ramro tara paisa ali dherai,2,11/14/2024,code_mixed,1,1,services
Local Rider service inconsistent. sometimes excellent and sometimes impossible to get a driver even in central areas,3,3/25/2024,english,0,0,transportation
Tikka spicy lastai mitho,5,2/11/2023,romanized_nepali,1,2,food
Milk lastai slow thyo yaar ni I liked the atmosphere there ramailo thyo. Battery backup is dami ngl. Delivery was fast and safe thyo.,1,8/15/2025,code_mixed,1,2,hotel_restaurant
"Redmi Note 13 — smooth, no lag 🙂😠🤮",5,6/4/2024,code_mixed,0,0,product
boat earbuds leko sound average bass weak battery 4-5 hours price ok higher expectations thiye,3,3/10/2024,code_mixed,0,0,product
"Biryani ek Mughlai restaurant Putalisadak tiir — dum style, each rice grain separate. Chicken juicy, well-marinated. Raita fresh cucumber wala. Dum sealed with dough cut at table — theatrical. Rs 580 good value. 😍",5,3/19/2024,romanized_nepali,0,0,food
Emergency ma aayo 30min ma lock khulayo professional,5,9/29/2024,code_mixed,0,0,services
Ruler paisa vasool deal ho ni The food was tasty and mitho thyo. Battery backup is dami ngl. Service kasto slow thyo but okay. I liked the atmosphere there ramailo thyo.,4,4/2/2025,code_mixed,1,3,product
lassi thick creamy nepali authentic,5,3/19/2024,code_mixed,0,0,food
Phone battery dies too fast,2,11/9/2024,english,0,0,product
Notebook really loved it ngl Price was high. Staf was bit slow. The color looks nice. Recived it late. The color looks nice.,4,8/1/2022,english,0,0,product
Test ride demo diyeko,5,12/7/2023,romanized_nepali,0,0,transportation
Tea 145 momo really loved the service ni The product is babbal and works fine. Will visit again pheri. The product is babbal and works fine. Price ali high thyo but worth it. Delivery was fast and safe thyo. Will visit again pheri. The food was tasty and mitho thyo.,4,1/8/2022,code_mixed,1,2,food
Fireman ali 🤯👎💔 dhilo aayo ni k Hijo gako thyo rati. Sathi haru lai pani vanchu. Malai ta ekdam man paryo. Malai ta ekdam man paryo.,3,8/5/2024,romanized_nepali,0,0,services
dio bike ali purano feel hunxa tara chalaudai xa problem chaina maintenance kam,4,6/8/2022,code_mixed,1,1,transportation
milton thermos hot leakproof,5,6/21/2023,english,0,0,product
Mouse 581 earphones really loved the service hai Service kasto slow thyo but okay. Price ali high thyo but worth it. Price ali high thyo but worth it. Staff behavior was polite and ramro. Service kasto slow thyo but okay. Will visit again pheri. Price ali high thyo but worth it.,4,12/1/2025,code_mixed,1,1,product
Luggage carrier ramro,4,11/25/2023,romanized_nepali,1,1,transportation
Mug mithooooo khana thyo ni Malai ta ekdam man paryo. Hijo gako 😠 thyo rati. Sathi haru lai pani vanchu.,5,1/5/2024,romanized_nepali,1,1,hotel_restaurant
Keema noodles 18 tasty enough ?? Service was a bit slow but okay. The staff were helpful. The staff were helpful. Actually I dont know. Shipping was fast. Service was a bit slow but okay. Actually I dont know.,5,7/28/2024,english,0,0,food
Biryani 994 never again ngl Service was a bit slow but okay. Service was a bit slow but okay.,1,11/19/2024,english,0,0,food
hyatt pool clean gym spa breakfast international parking conference room price expensive luxury staff good business stay lai ✨ ,5,7/18/2024,code_mixed,0,0,hotel_restaurant
Nepal Taxi dami experience vayo bro Khana pakauna time lagyo. Ani bholi pheri janchu. Paisa dherai liyo tara thikai thyo. Ani bholi pheri janchu. Malai ta man paryo. Dhilo aayo tara mitho thyo. Dherai kura haru ramro thyo. Paisa dherai liyo tara thikai thyo. Tara pani thik thyo.,5,11/30/2024,romanized_nepali,1,3,transportation
Play area safe kids,4,8/1/2022,english,0,0,hotel_restaurant
"laundry service good cha, clothes clean ra pressed return garyo, on time pani deliver garyo Came with specific expectations based on reviews I had read. Most of them were accurate. A few things surprised me positively and nothing was a major disappointment. Would say it is a safe and reliable choice overall.",4,7/25/2022,code_mixed,0,0,services
"Chicken chilli dry order gareko thyo Newa restaurant ma — aayo presentation nice thyo, capsicum and onion colorful. First bite ma spice hit immediately which was welcome. Chicken tender, not overcooked. Sauce coating uniform. Served sizzling on hot plate. Chatpat taste consistent throughout — not uneven like some places where first half spicy then middle bland. Rs 380 thyo fair. Portion size thik thyo, satisfying for one. With rice it would be even better. Next time try garchu rice sanga.",4,7/3/2023,code_mixed,1,1,food
AC kaam gardaina window kholera drive garna paryo,1,4/28/2023,code_mixed,0,0,transportation
meter tamper extra charge liyeko,1,3/22/2024,code_mixed,0,0,transportation
Bought Vivo Y series for my mom. she loves the big screen and simple interface. really good choice for older users 🙌😊,4,8/22/2023,english,0,0,product
"iPhone 14 liyeko, camera ekdum babbal cha, night mode dami cha sarai — worth the price Yahan aauney plan dherai time bata thiyo. Finally aako experience solid thyo. Highlight kehi specific thiye jo memorable cha. Low points pani thiye tara tolerable. Net positive experience overall, will share with others.",5,3/27/2023,romanized_nepali,1,1,product
Bajaj Pulsar 220 is comfortable on long rides and handles well at higher speeds consistently Would give another chance.,4,11/17/2022,english,0,0,transportation
Engine loved it !!! And the quality was also something I noticed. Battery life is good. Maybe it will improve later. Shipping was fast. The staff were helpful. The staff were helpful. Actually I dont know. Service was a bit slow but okay. Maybe it will improve later. And the quality was also something I noticed. The color was nice. Service was a bit slow but okay. The staff were helpful. Service was a bit slow but okay.,5,5/19/2023,english,0,0,transportation
Software virus scan antivirus firewall backup professional kaam ramro,5,3/12/2024,code_mixed,1,1,services
Cafe 🔥 kasto naramro quality ni Hijo gako thyo rati. Pachi pheri try garchu. Sathi haru lai pani vanchu.,2,7/17/2023,romanized_nepali,1,1,hotel_restaurant
"Chicken roll order gareko, veggies fresh thiyo and sauce was on point. sanga ko fries ni babbal thyo, will order again",5,6/1/2024,code_mixed,1,1,food
Pool 385 disappointing tho Maybe it will improve later. Service was a bit slow but okay. Price was high but fine. The color was nice. Shipping was fast. The staff were helpful. And the quality was also something I noticed.,1,11/19/2022,english,0,0,hotel_restaurant
"Staff at Hotel Garden Pokhara were super accommodating when room wasn't ready. Stored luggage, gave tea, arranged early room free. Pool clean on weekdays. Fish curry fresh at restaurant. Hot water inconsistent morning only.",4,5/8/2023,english,0,0,hotel_restaurant
Salon 588 dami experience vayo ho Pachi pheri try garchu. Sathi haru sanga gako thyo.,4,4/23/2023,romanized_nepali,1,1,services
Optical shop gave me the wrong prescription initially. had to come back after developing a bad headache from the glasses First time tried this specific option. Was pleasantly surprised by the quality. Had lower expectations based on price but it delivered well. Will definitely try again and explore other options from the same provider.,4,9/8/2022,english,0,0,services
Honda Activa 274 paisa vasool thyo hai Malai ta man paryo. Paisa dherai liyo tara thikai thyo. Kasto ramro thyo tyo thau. Khana pakauna time lagyo. Sathi haru sanga gako thyo. Khana pakauna time lagyo. Dherai kura haru ramro thyo. Dherai kura haru ramro thyo. Pachi pheri try garchu. Sathi haru sanga gako thyo. Pachi pheri try 😢🤔 garchu. Dhilo aayo tara mitho thyo. Paisa dherai liyo tara thikai thyo.,5,10/12/2023,romanized_nepali,1,3,transportation
Watch fitness tracker step calorie heart sleep notification waterproof 😡🤔🔥,4,12/11/2024,english,0,0,product
Processor ramro experience vayo hai hai Pachi pheri try garchu. Sathi haru lai pani vanchu.,5,7/12/2024,romanized_nepali,1,1,product
Bank lastai jhyau vayo yaar Sathi haru lai pani vanchu. Malai ta ekdam man paryo.,1,5/22/2022,romanized_nepali,1,2,services
Parking could be better ngl Maybe it will improve later. And the quality was also something I noticed.,3,11/30/2025,english,0,0,hotel_restaurant
aina clear frame elegant,4,11/24/2023,english,0,0,product
Bar premium brands,5,9/25/2022,english,0,0,hotel_restaurant
Room babbal ❤️ thyo sabai kura hai Pachi pheri try garchu.,4,1/3/2025,romanized_nepali,1,1,hotel_restaurant
"Hotel View Nagarkot check-in gareko thyo, reception staff friendly thyo. Room aakarshak thyo — wooden ceiling, warm lights, cozy blanket. Sunset view dekh-bata was stunning — Himalaya range visible clearly. Dinner buffet was organized well, variety thyo 15+ items. Tara wifi signal kaamzor thyo in room, only worked near corridor. Morning sunrise missed it due to clouds but afternoon clearing garyo. Trekking trail suggestions staff le diye which was helpful. Good overall. 😍😎✨",4,1/14/2023,code_mixed,0,0,hotel_restaurant
"Chicken momo at this place near my office — ordered steamed version, came out soft and juicy. The filling was well-seasoned, ginger garlic balance was good. Soup that came with it was also flavorful, not the bland type. They have a chilli sauce that's genuinely spicy, appreciated that. Seating area is a bit cramped on busy lunch hours but the food makes up for it. Price is fair for Kathmandu standards.",5,4/26/2023,english,0,0,food
icecream mitho price thorai mahango,4,1/14/2024,code_mixed,1,2,food
Courier 250 loved it tho Service was a bit slow but okay. Battery life is good. Price was high but fine. The staff were helpful. Maybe it will improve later. The staff were helpful.,5,8/29/2024,english,0,0,services
Webcam 13 loved it idk The color was nice. Maybe it will improve later. Service was a bit slow but okay. The color was nice. And the quality was also something I noticed. And the quality was also something I noticed. Shipping was fast. And the quality was also something I noticed. Battery life is good. The staff were helpful. Price was high but fine. Price was high but fine.,4,4/30/2024,english,0,0,product
Bike Ride 839 Pulsar babbal thyo k cha Paisa dherai liyo tara thikai thyo. Pachi pheri try garchu. Malai ta man paryo. Kasto ramro thyo tyo thau. Malai ta man paryo. Dherai kura haru ramro thyo. Dhilo aayo tara mitho thyo. Paisa dherai liyo tara thikai thyo. Khana pakauna time lagyo. Ani bholi pheri janchu. Dherai kura haru ramro thyo. Tara pani thik thyo. Paisa dherai liyo tara thikai thyo.,5,2/27/2022,romanized_nepali,1,3,transportation
Tattoo really liked the quality babbal ni Delivery was fast and safe thyo. The food was tasty and mitho thyo. Battery backup is dami ngl. Delivery was fast and safe thyo. Service kasto slow thyo but okay. The food was tasty and mitho thyo. The food was tasty and mitho thyo. Delivery was fast and safe thyo. Service kasto slow thyo but okay. The food was tasty and mitho thyo.,5,5/30/2025,code_mixed,1,3,services
checkin fast staff welcoming,5,7/11/2024,english,0,0,hotel_restaurant
chiya ramrai kasto mitho biscuit sanga khayo ❤️✨😠,5,3/18/2022,romanized_nepali,1,2,food
"NTC fibre liyeko thyo, speed ramrooo thyo, 100 mbps consistently reliable cha — satisfied chu ekdum",5,8/23/2022,romanized_nepali,0,0,services
Sarathi from thamel to airport ma driver le extra charge garo claiming festival rate. no prior notice given,4,7/31/2022,code_mixed,0,0,transportation
Samosa 160 dami experience vayo ta Kasto ramro thyo tyo thau. Malai ta man paryo. Tara pani thik thyo.,4,6/2/2025,romanized_nepali,1,2,food
Yomari dami thyo experience bro Delivery was fast and safe thyo. Delivery was fast and safe thyo.,5,9/6/2025,code_mixed,1,1,food
Wireless keyboard stopped working after three weeks. contacted support but no resolution has come through yet,4,3/18/2024,english,0,0,product
SSD 590 thikai thyo ni ta Ani bholi pheri janchu. Sathi haru sanga gako thyo. Paisa dherai liyo tara thikai thyo. Paisa dherai liyo tara thikai thyo. 🤩 ✨👎,3,12/2/2022,romanized_nepali,0,0,product
"OnePlus 12 is legitimately fast, no complaints after three months of daily use",5,4/16/2022,english,0,0,product
Dry cleaning stain remove press delivery pickup reliable price reasonable quality professional service ramro,5,7/31/2024,code_mixed,1,1,services
Daraz delivery man came to a wrong,1,2/10/2023,code_mixed,0,0,product
Onver Cab 686 was great tho The color was nice. And the quality was also something I noticed. It was quite a busy day there. It was quite a busy day there. And the quality was also something I noticed. And the quality was also something I noticed. The staff were helpful. The staff were helpful. Shipping was fast. The staff were helpful. It was quite a busy day there. The staff were helpful. Price was high but fine.,5,1/21/2025,english,0,0,transportation
Buff momo 125 momo feeling happy today k Will visit again pheri. I liked the atmosphere there ramailo thyo. Battery backup is dami ngl.,5,9/6/2025,code_mixed,1,1,food
Pool jhyau vayo ho Dhilo aayo tara mitho thyo. Paisa dherai liyo tara thikai thyo. Malai ta man paryo. Dhilo aayo tara mitho thyo. Khana pakauna time lagyo. Sathi haru sanga gako thyo. Ani bholi pheri janchu. Tara pani thik thyo. Kasto ramro thyo tyo thau. Tara pani thik thyo. Ani bholi pheri janchu. Dherai kura haru ramro thyo. Paisa dherai liyo tara thikai thyo. Pachi pheri try garchu.,2,9/17/2022,romanized_nepali,1,3,hotel_restaurant
Speed paisa vasool deal ho yaar I liked the atmosphere there ramailo thyo. The food was tasty and mitho thyo. The food was tasty and mitho thyo. Delivery was fast and safe thyo. The food was tasty and mitho thyo. I liked the atmosphere there ramailo thyo. Delivery was fast and safe thyo. 😊,5,10/8/2024,code_mixed,1,2,transportation
"Jabaan ma driver le cancel garyo last minute, 40 min wait gareko waste bhayo",4,2/12/2024,romanized_nepali,0,0,transportation
Airport shuttle on time driver helpful luggage help garyo,5,6/24/2022,code_mixed,0,0,hotel_restaurant
Parking 36 worth it !!! Service was a bit slow but okay. Maybe it will improve later. Price was high but fine. Service was a bit slow but okay. And the quality was also something I noticed. Actually I dont know. And the quality was also something I noticed. It was quite a busy day there. Battery life is good. Actually I dont know.,5,3/11/2025,english,0,0,hotel_restaurant
Headlight dim replacement needed,3,6/30/2023,english,0,0,transportation
Gym could be better tho Maybe it will improve later. It was quite a busy day there. Service was a bit slow but okay. Battery life is good. Maybe it will improve later. And the quality was also something I noticed. Battery life is good. Actually I dont know.,3,9/18/2025,english,0,0,services
Staff 492 babbal quality raixa ni ta Overall experience was thikai. Price ali high thyo but worth it.,4,7/6/2025,code_mixed,1,1,hotel_restaurant
design creative revise quick,5,2/24/2024,code_mixed,0,0,services
"Breakfast at Hotel Shambala Nagarkot — came for sunrise view and the experience delivered. Woke up early, fog was low, mountains were visible clearly including Langtang range. Breakfast was served at 7am on time, scrambled eggs, toast, jam, and tea. Staff remembered my tea preference from the previous evening which was a nice touch. Room was cold but enough blankets provided. Sunset from rooftop the previous evening was also beautiful. Good value for what you experience.",5,11/25/2023,english,0,0,hotel_restaurant
Towels were stained and the room smelled like cigarette. not acceptable at all for what they charge per night Service time ma aayo.,1,8/3/2023,english,0,0,hotel_restaurant
Helmet 29 mitho thyo k Paisa dherai liyo tara thikai thyo. Tara pani thik thyo. Dherai kura haru ramro thyo.,5,10/16/2022,romanized_nepali,1,2,transportation
"sekuwa dami chha yahan ko, masala ramro lagako thyo ani charcoal ko smell ni aauxa. feri aauchu pakkai",5,11/5/2022,romanized_nepali,1,1,food
"NTC broadband internet connection liyeko thyo ghar ma — installation team 2 days pachi aayo as scheduled. Setup 30 minute ma complete garyo. Speed tested 40 Mbps fiber plan against, getting consistent 38-39 Mbps which is good. Ping low xa — gaming ra video calls smooth xa. Tara 2 patak last month connectivity drop bhayo for 1-2 hours each. Technical team 4 hours bhitra aauchha response time bhaneko thyo, aayo pani roughly 5 hours ma. Issue resolved both times. Mostly reliable but not perfect.",3,9/16/2024,romanized_nepali,0,0,services
Rice cooker pot non stick metal spoon scratch,3,4/1/2024,english,0,0,product
levis jeans fit ramro quality pani good,5,5/13/2024,english,0,0,product
Hotel Himalaya shanker baseko room ta thik but wifi kaam nai gardaina arko patak jadina 💯🤩🔥,3,2/8/2024,code_mixed,1,1,hotel_restaurant
Doctor was very disappointing tho Recived it late. The color looks nice. Recived it late. The color looks nice. Staf was bit slow. Recived it late. Price was high.,2,11/22/2024,english,0,0,services
"NMB Bank ko online banking setup garna gako thyo, process dheraiii complicated thyo yaar. Token number, OTP, then security question — 3 layer paar garnu paryo. Counter ma bhaako dai le clearly explain garena, malai 2 patak bhannu paryo same instruction. Tara once setup bhayesi app chai smooth xa, transactions fast hunxa. Internet banking feature pani okay xa. Initial setup process matrai frustrating, rest is fine.",3,7/9/2024,romanized_nepali,0,0,services
Himalayan View ramro peaceful tara garam pani time ma aaudaina,3,6/23/2024,code_mixed,1,1,hotel_restaurant
Dinner 989 ekdam ramro lagyo ta Kasto ramro thyo tyo thau. Khana pakauna time lagyo. Kasto ramro thyo tyo thau. Pachi pheri try garchu. Sathi haru sanga gako thyo. Dherai kura haru ramro thyo. Khana pakauna time lagyo. Paisa dherai liyo tara thikai thyo. Dherai kura haru ramro thyo. Ani bholi pheri janchu. Pachi pheri try garchu. Kasto ramro thyo tyo thau. Tara pani thik thyo. Ani bholi pheri janchu. Tara pani thik thyo. Malai ta man paryo. Dherai kura haru ramro thyo.,5,9/9/2023,romanized_nepali,1,1,hotel_restaurant
Scooter ekdam ramro lagyo ni ta Sathi haru sanga gako thyo. Pachi pheri try garchu. Paisa dherai liyo tara thikai thyo. Pachi pheri try garchu. Dhilo aayo tara mitho thyo. Ani bholi pheri janchu. Pachi pheri try garchu. Khana pakauna time lagyo. Paisa dherai liyo tara thikai thyo. Tara pani thik thyo. Malai ta man paryo. Tara pani thik thyo. Tara pani thik thyo.,5,12/7/2022,romanized_nepali,1,2,transportation
iPhone 13 129 worth it tbh Price was high but fine. Service was a bit slow but okay.,5,12/7/2024,english,0,0,product
Ereader okay for the price ngl Price was high. Delivery was prompt.,3,3/11/2023,english,0,0,product
"Khalti ma Rs 200 recharge gareko, balance reflect bhayena 10 minute pachi pani. App restart, phone restart — kei bhayena. Chat support le 30 minute wait garaayo. Finally aayo. Convenient xa but delay frustrating.",2,12/3/2023,romanized_nepali,0,0,services
Pani puri 769 latte just fine ... It was quite a busy day there. The staff were helpful. The color was nice.,3,4/12/2023,english,0,0,food
Pool 826 feeling happy today bro Delivery was fast and safe thyo. Battery backup is dami ngl.,5,1/22/2023,code_mixed,1,1,hotel_restaurant
"Samsung TV liyeko thyo, screen quality babbal cha, streaming smooth. remote simple and easy to use — loving it",5,10/4/2023,code_mixed,1,1,product
Engine 274 best experience idk The color was nice. Service was a bit slow but okay. Shipping was fast. Actually I dont know. Actually I dont know. Price was high but fine. Price was high but fine.,5,1/20/2024,english,0,0,transportation
Jacket waste of money tho The color looks nice. Delivery was prompt. Recived it late. Price was high. Staf was bit slow. The color looks nice.,2,6/20/2022,english,0,0,transportation
tvs scooty kineko petrol kharch kam xa ladies lai ekdam ramro,5,6/11/2024,code_mixed,1,1,transportation
ac thik garna aaye kei solution diyena paisa liyera gaye,2,7/14/2024,code_mixed,0,0,services
TVS Jupiter 185 babbal thyo k ni ta Malai ta man paryo. Dhilo aayo tara mitho thyo.,5,7/12/2023,romanized_nepali,1,2,transportation
Cleaning lastai slow thyo yaar bro Service kasto slow thyo but okay. I liked the atmosphere there ramailo thyo. Delivery was fast and safe thyo.,2,4/12/2024,code_mixed,1,1,services
"Redmi earbuds connection stable, battery life decent. no issues after three months of daily use Recently switched to this after disappointment with a competitor. The transition was smooth and the experience has been noticeably better. Regret not switching sooner. Will continue using for the foreseeable future.",4,4/8/2024,english,0,0,product
"spa gareko thyo full body, therapist skilled thyo, ambience calm ra relaxing thyo. one of the better me-time experiences Aaunu bhayo tara worth thyo.",5,4/16/2024,code_mixed,0,0,services
"Daraz ko delivery Kathmandu bhitra quick cha, same day delivery pani milyo twice. product packaging ramro thyo ani condition perfect thyo aauney bela. customer experience overall positive thiyo yo order ma, compared to previous orders which had issues. paisa vasool feel bhayo yo palta",4,6/25/2024,romanized_nepali,1,1,services
"scooter bata ghar bata office same time ma pug hunxa, traffic ma cycle lane use pani milcha. socheko bhanda dami raicha",4,11/9/2022,romanized_nepali,1,1,transportation
Laundry 238 thik chai thik thyo yaar Dherai kura haru ramro thyo. Sathi haru sanga gako thyo. Sathi haru sanga gako thyo. Paisa dherai liyo tara thikai thyo. Dhilo aayo tara mitho thyo. Ani bholi pheri janchu. Sathi haru sanga gako thyo.,3,8/10/2024,romanized_nepali,1,3,services
Balcony 78 worth it tbh Maybe it will improve later. Shipping was fast. Maybe it will improve later. It was quite a busy day there. Actually I dont know. The staff were helpful. And the quality was also something I noticed.,4,5/11/2023,english,0,0,hotel_restaurant
"Visited Hotel Riverside Chitwan for a 2-night stay. The jungle view from balcony was absolutely worth the price. Staff was attentive — they arranged a jungle safari package without us asking twice. Food was buffet style, decent variety but curry was too oily on both days. Wi-Fi was inconsistent in the room but worked fine in the lobby area. Overall a relaxing experience, perfect for a weekend getaway from Kathmandu's chaos.",4,1/28/2024,english,0,0,hotel_restaurant
Clear copies fast service,4,12/3/2024,english,0,0,services
Spa massage facial scrub therapist trained certificate relaxation stress relief tension muscle dami service professional quality treatment ramro feel bhayo,5,7/6/2024,code_mixed,1,1,services
Nice quality bag,4,6/14/2024,english,0,0,product
Pencil price ali dherai thyo hai Pachi pheri try garchu. Bholi pani janchu hola. Pachi pheri try garchu. Malai ta ekdam man paryo. Bholi pani janchu hola.,3,1/1/2025,romanized_nepali,0,0,product
"Realme narzo series budget ma dami cha yaar, performance smooth cha ra gaming pani sanga hunxa — recommend garchu Neither great nor bad.",4,4/15/2023,romanized_nepali,1,1,product
Window cleaning spray cloth microfiber lint dust stain fingerprint clean professional service quality ramro,4,2/9/2024,code_mixed,1,1,services
GPS wrong route lagyo,2,10/30/2023,code_mixed,0,0,transportation
Makeup paisa vasool deal ho bro The food was tasty and mitho thyo. Delivery was fast and safe thyo.,5,10/15/2025,code_mixed,1,2,services
"Choila and beaten rice combo was dami, tara seating area cramped thyo yaar. next visit ma outdoor seating try garchu Been using this for work regularly. Reliability has been solid overall with minimal disruptions. Interface could be more intuitive but usable. Customer support responsive when needed. Good option for regular users in this category.",4,10/16/2022,code_mixed,1,1,food
Case thikai thyo thik chai yaar Hijo gako thyo rati. Pachi pheri try garchu. Sathi haru lai pani vanchu. Bholi pani janchu hola.,3,12/15/2023,romanized_nepali,1,1,product
Driving license renewal — online appointment helped skip queue. Documents processed quickly. Medical form and photo done on site. Rs 1500 fee paid. License came in exactly 3 working days. Government process has improved.,4,11/2/2024,english,0,0,services
Laundry 225 paisa vasool deal ho ni Price ali high thyo but worth it. Staff behavior was polite and ramro. Price ali high thyo but worth it.,5,11/30/2024,code_mixed,1,2,services
Salon 982 feeling happy today k Service kasto slow thyo but okay. Staff behavior was polite and ramro.,5,12/15/2022,code_mixed,1,1,services
Clinic 933 could be better tbh,3,1/12/2023,english,0,0,services
"Got overcharged at the end of the ride and when I questioned it, the driver became argumentative. ended the trip on a very sour note",2,7/3/2024,english,0,0,transportation
Paratha stuffing dherai butter layered mitho,5,3/8/2023,code_mixed,1,1,food
Sony headphones earphones paisa vasool deal ho k Overall experience was thikai. Delivery was fast and safe thyo. Battery backup is dami ngl. Overall experience was thikai. The product is babbal and works fine. Delivery was fast and safe thyo. I liked the atmosphere there ramailo thyo. Staff behavior was polite and ramro. I liked the atmosphere there ramailo thyo. Delivery was fast and safe thyo. Overall experience was thikai.,4,1/5/2022,code_mixed,1,4,product
rayban scratch sajilai hunxa,3,5/29/2024,english,0,0,product
Laphing paisa vasool deal ho cha Overall experience was thikai.,4,8/30/2022,code_mixed,1,1,food
